id,agr,bgr,norm,mags,rates
69.0,5.134694554011632,0.9386903777911739,0.03014856053136785,"[6.05, 6.15, 6.25, 6.35, 6.45, 6.55, 6.65, 6.75, 6.85, 6.95, 7.05, 7.15]","[0.09523809523809523, 0.0, 0.09523809523809523, 0.0, 0.047619047619047616, 0.0, 0.047619047619047616, 0.0, 0.0, 0.0, 0.008620689655172414, 0.008620689655172414]"
74.0,5.014190901990867,0.9232380573844378,0.016046108763392637,"[6.05, 6.15, 6.25, 6.35, 6.45, 6.55, 6.65, 6.75, 6.85, 6.95, 7.05, 7.15]","[0.09523809523809523, 0.0, 0.09523809523809523, 0.0, 0.047619047619047616, 0.0, 0.024390243902439025, 0.0, 0.024390243902439025, 0.0, 0.008620689655172414, 0.008620689655172414]"
78.0,4.617816139920152,0.862328879403038,0.01724950382098996,"[6.05, 6.15, 6.25, 6.35, 6.45, 6.55, 6.65, 6.75, 6.85, 6.95, 7.05, 7.15]","[0.09523809523809523, 0.0, 0.09523809523809523, 0.0, 0.047619047619047616, 0.0, 0.01639344262295082, 0.0, 0.01639344262295082, 0.01639344262295082, 0.008620689655172414, 0.008620689655172414]"
81.0,4.988142534284094,0.9313787215279377,0.014864149289586496,"[6.05, 6.15, 6.25, 6.35, 6.45, 6.55, 6.65, 6.75, 6.85, 6.95, 7.05, 7.15]","[0.09523809523809523, 0.0, 0.09523809523809523, 0.0, 0.047619047619047616, 0.0, 0.012345679012345678, 0.0, 0.012345679012345678, 0.012345679012345678, 0.008620689655172414, 0.008620689655172414]"
83.0,5.280738263908872,0.9737835710046112,0.013715180586592953,"[6.05, 6.15, 6.25, 6.35, 6.45, 6.55, 6.65, 6.75, 6.85, 6.95, 7.05, 7.15]","[0.09523809523809523, 0.0, 0.09523809523809523, 0.0, 0.047619047619047616, 0.009900990099009901, 0.019801980198019802, 0.0, 0.009900990099009901, 0.009900990099009901, 0.008620689655172414, 0.008620689655172414]"
84.0,4.455454970579704,0.8310771510835966,0.04322315033517038,"[6.05, 6.15, 6.25, 6.35, 6.45, 6.55, 6.65, 6.75, 6.85, 6.95, 7.05, 7.15]","[0.09523809523809523, 0.0, 0.09523809523809523, 0.0, 0.047619047619047616, 0.008620689655172414, 0.02586206896551724, 0.008620689655172414, 0.008620689655172414, 0.017241379310344827, 0.008620689655172414, 0.008620689655172414]"
89.0,2.7620676439211844,0.5796675306442001,0.04443081307826432,"[6.05, 6.15, 6.25, 6.35, 6.45, 6.55, 6.65, 6.75, 6.85, 6.95, 7.05, 7.15]","[0.04878048780487805, 0.0, 0.04878048780487805, 0.0, 0.024390243902439025, 0.0, 0.024390243902439025, 0.0, 0.024390243902439025, 0.0, 0.008620689655172414, 0.008620689655172414]"
93.0,2.3593555852613908,0.5151386828833949,0.019744015791820283,"[6.05, 6.15, 6.25, 6.35, 6.45, 6.55, 6.65, 6.75, 6.85, 6.95, 7.05, 7.15]","[0.04878048780487805, 0.0, 0.04878048780487805, 0.0, 0.024390243902439025, 0.0, 0.01639344262295082, 0.0, 0.01639344262295082, 0.01639344262295082, 0.008620689655172414, 0.008620689655172414]"
96.0,2.6844899774217574,0.576335727312206,0.017365648004195794,"[6.05, 6.15, 6.25, 6.35, 6.45, 6.55, 6.65, 6.75, 6.85, 6.95, 7.05, 7.15]","[0.04878048780487805, 0.0, 0.04878048780487805, 0.0, 0.024390243902439025, 0.0, 0.012345679012345678, 0.0, 0.012345679012345678, 0.012345679012345678, 0.008620689655172414, 0.008620689655172414]"
98.0,2.9502199586608775,0.6138448578792594,0.01684986650738694,"[6.05, 6.15, 6.25, 6.35, 6.45, 6.55, 6.65, 6.75, 6.85, 6.95, 7.05, 7.15]","[0.04878048780487805, 0.0, 0.04878048780487805, 0.0, 0.024390243902439025, 0.009900990099009901, 0.019801980198019802, 0.0, 0.009900990099009901, 0.009900990099009901, 0.008620689655172414, 0.008620689655172414]"
103.0,3.871201658526844,0.7458700409344272,0.04085564522700093,"[6.05, 6.15, 6.25, 6.35, 6.45, 6.55, 6.65, 6.75, 6.85, 6.95, 7.05, 7.15]","[0.06557377049180328, 0.01639344262295082, 0.04918032786885246, 0.0, 0.04918032786885246, 0.0, 0.01639344262295082, 0.0, 0.01639344262295082, 0.01639344262295082, 0.008620689655172414, 0.008620689655172414]"
106.0,4.350016241512689,0.8309285247208898,0.015353154109930158,"[6.05, 6.15, 6.25, 6.35, 6.45, 6.55, 6.65, 6.75, 6.85, 6.95, 7.05, 7.15]","[0.06557377049180328, 0.01639344262295082, 0.04918032786885246, 0.0, 0.04918032786885246, 0.0, 0.012345679012345678, 0.0, 0.012345679012345678, 0.012345679012345678, 0.008620689655172414, 0.008620689655172414]"
108.0,4.409353755498694,0.8375220261119858,0.014775397788388904,"[6.05, 6.15, 6.25, 6.35, 6.45, 6.55, 6.65, 6.75, 6.85, 6.95, 7.05, 7.15]","[0.06557377049180328, 0.01639344262295082, 0.04918032786885246, 0.0, 0.04918032786885246, 0.009900990099009901, 0.019801980198019802, 0.0, 0.009900990099009901, 0.009900990099009901, 0.008620689655172414, 0.008620689655172414]"
109.0,3.634114072540988,0.7028394089786575,0.043583946526525266,"[6.05, 6.15, 6.25, 6.35, 6.45, 6.55, 6.65, 6.75, 6.85, 6.95, 7.05, 7.15]","[0.06557377049180328, 0.01639344262295082, 0.04918032786885246, 0.0, 0.04918032786885246, 0.008620689655172414, 0.02586206896551724, 0.008620689655172414, 0.008620689655172414, 0.017241379310344827, 0.008620689655172414, 0.008620689655172414]"
112.0,3.6290615129770023,0.7197728226561622,0.03625081650257313,"[6.05, 6.15, 6.25, 6.35, 6.45, 6.55, 6.65, 6.75, 6.85, 6.95, 7.05, 7.15]","[0.04938271604938271, 0.012345679012345678, 0.04938271604938271, 0.0, 0.037037037037037035, 0.0, 0.012345679012345678, 0.0, 0.012345679012345678, 0.012345679012345678, 0.008620689655172414, 0.008620689655172414]"
114.0,3.6638047121074164,0.7222946543475428,0.01570832799187661,"[6.05, 6.15, 6.25, 6.35, 6.45, 6.55, 6.65, 6.75, 6.85, 6.95, 7.05, 7.15]","[0.04938271604938271, 0.012345679012345678, 0.04938271604938271, 0.0, 0.037037037037037035, 0.009900990099009901, 0.019801980198019802, 0.0, 0.009900990099009901, 0.009900990099009901, 0.008620689655172414, 0.008620689655172414]"
115.0,2.9021189760186217,0.5892260912979257,0.04414016124020368,"[6.05, 6.15, 6.25, 6.35, 6.45, 6.55, 6.65, 6.75, 6.85, 6.95, 7.05, 7.15]","[0.04938271604938271, 0.012345679012345678, 0.04938271604938271, 0.0, 0.037037037037037035, 0.008620689655172414, 0.02586206896551724, 0.008620689655172414, 0.008620689655172414, 0.017241379310344827, 0.008620689655172414, 0.008620689655172414]"
117.0,4.345207696641619,0.8287803606979729,0.03303810749020138,"[6.05, 6.15, 6.25, 6.35, 6.45, 6.55, 6.65, 6.75, 6.85, 6.95, 7.05, 7.15]","[0.0594059405940594, 0.019801980198019802, 0.04950495049504951, 0.0, 0.039603960396039604, 0.009900990099009901, 0.019801980198019802, 0.0, 0.009900990099009901, 0.009900990099009901, 0.008620689655172414, 0.008620689655172414]"
118.0,3.5655229329197318,0.693467278070828,0.041665326855207296,"[6.05, 6.15, 6.25, 6.35, 6.45, 6.55, 6.65, 6.75, 6.85, 6.95, 7.05, 7.15]","[0.0594059405940594, 0.019801980198019802, 0.04950495049504951, 0.0, 0.039603960396039604, 0.008620689655172414, 0.02586206896551724, 0.008620689655172414, 0.008620689655172414, 0.017241379310344827, 0.008620689655172414, 0.008620689655172414]"
119.0,4.286199788119014,0.8053573062446742,0.013071136887721563,"[6.05, 6.15, 6.25, 6.35, 6.45, 6.55, 6.65, 6.75, 6.85, 6.95, 7.05, 7.15]","[0.06896551724137931, 0.02586206896551724, 0.05172413793103448, 0.017241379310344827, 0.034482758620689655, 0.008620689655172414, 0.02586206896551724, 0.008620689655172414, 0.008620689655172414, 0.017241379310344827, 0.008620689655172414, 0.008620689655172414]"
127.0,,,0.013071136887721563,"[5.55, 5.65, 5.75, 5.85, 5.95, 6.05, 6.15, 6.25, 6.35, 6.45, 6.55, 6.65]","[0.0, 0.0, 0.0, 0.0, 0.0, 0.0, 0.0, 0.0, 0.0, 0.0, 0.0, 0.047619047619047616]"
128.0,,,0.013071136887721563,"[5.55, 5.65, 5.75, 5.85, 5.95, 6.05, 6.15, 6.25, 6.35, 6.45, 6.55, 6.65]","[0.0, 0.0, 0.0, 0.0, 0.0, 0.0, 0.0, 0.0, 0.0, 0.0, 0.0, 0.047619047619047616]"
129.0,,,0.013071136887721563,"[5.55, 5.65, 5.75, 5.85, 5.95, 6.05, 6.15, 6.25, 6.35, 6.45, 6.55, 6.65]","[0.0, 0.0, 0.0, 0.0, 0.0, 0.0, 0.0, 0.0, 0.0, 0.0, 0.0, 0.047619047619047616]"
130.0,,,0.013071136887721563,"[5.55, 5.65, 5.75, 5.85, 5.95, 6.05, 6.15, 6.25, 6.35, 6.45, 6.55, 6.65]","[0.0, 0.0, 0.0, 0.0, 0.0, 0.0, 0.0, 0.0, 0.0, 0.0, 0.0, 0.047619047619047616]"
131.0,,,0.013071136887721563,"[5.55, 5.65, 5.75, 5.85, 5.95, 6.05, 6.15, 6.25, 6.35, 6.45, 6.55, 6.65]","[0.0, 0.0, 0.0, 0.0, 0.0, 0.0, 0.0, 0.0, 0.0, 0.0, 0.0, 0.047619047619047616]"
153.0,4.2607764488631865,0.7954117699508246,0.02567903263605792,"[5.55, 5.65, 5.75, 5.85, 5.95, 6.05, 6.15, 6.25, 6.35, 6.45, 6.55, 6.65, 6.75, 6.85, 6.95, 7.05, 7.15]","[0.0, 0.0, 0.0, 0.0, 0.0, 0.09523809523809523, 0.0, 0.09523809523809523, 0.0, 0.047619047619047616, 0.0, 0.047619047619047616, 0.0, 0.0, 0.0, 0.008620689655172414, 0.008620689655172414]"
154.0,3.9836221198485093,0.7540936386304605,0.014392018728080038,"[5.55, 5.65, 5.75, 5.85, 5.95, 6.05, 6.15, 6.25, 6.35, 6.45, 6.55, 6.65, 6.75, 6.85]","[0.0, 0.0, 0.0, 0.0, 0.0, 0.09523809523809523, 0.0, 0.09523809523809523, 0.0, 0.047619047619047616, 0.0, 0.024390243902439025, 0.0, 0.024390243902439025]"
155.0,3.9836221198485093,0.7540936386304605,0.008619957081727588,"[5.55, 5.65, 5.75, 5.85, 5.95, 6.05, 6.15, 6.25, 6.35, 6.45, 6.55, 6.65, 6.75, 6.85]","[0.0, 0.0, 0.0, 0.0, 0.0, 0.09523809523809523, 0.0, 0.09523809523809523, 0.0, 0.047619047619047616, 0.0, 0.024390243902439025, 0.0, 0.024390243902439025]"
156.0,3.9836221198485093,0.7540936386304605,0.008619957081727588,"[5.55, 5.65, 5.75, 5.85, 5.95, 6.05, 6.15, 6.25, 6.35, 6.45, 6.55, 6.65, 6.75, 6.85]","[0.0, 0.0, 0.0, 0.0, 0.0, 0.09523809523809523, 0.0, 0.09523809523809523, 0.0, 0.047619047619047616, 0.0, 0.024390243902439025, 0.0, 0.024390243902439025]"
157.0,3.9836221198485093,0.7540936386304605,0.008619957081727588,"[5.55, 5.65, 5.75, 5.85, 5.95, 6.05, 6.15, 6.25, 6.35, 6.45, 6.55, 6.65, 6.75, 6.85]","[0.0, 0.0, 0.0, 0.0, 0.0, 0.09523809523809523, 0.0, 0.09523809523809523, 0.0, 0.047619047619047616, 0.0, 0.024390243902439025, 0.0, 0.024390243902439025]"
158.0,4.177661663677386,0.7859149595947564,0.014537471751344974,"[5.55, 5.65, 5.75, 5.85, 5.95, 6.05, 6.15, 6.25, 6.35, 6.45, 6.55, 6.65, 6.75, 6.85, 6.95, 7.05, 7.15]","[0.0, 0.0, 0.0, 0.0, 0.0, 0.09523809523809523, 0.0, 0.09523809523809523, 0.0, 0.047619047619047616, 0.0, 0.024390243902439025, 0.0, 0.024390243902439025, 0.0, 0.008620689655172414, 0.008620689655172414]"
159.0,4.311523753487401,0.8159459172274717,0.013367686485510242,"[5.55, 5.65, 5.75, 5.85, 5.95, 6.05, 6.15, 6.25, 6.35, 6.45, 6.55, 6.65, 6.75, 6.85, 6.95]","[0.0, 0.0, 0.0, 0.0, 0.0, 0.09523809523809523, 0.0, 0.09523809523809523, 0.0, 0.047619047619047616, 0.0, 0.01639344262295082, 0.0, 0.01639344262295082, 0.01639344262295082]"
160.0,4.311523753487401,0.8159459172274717,0.008039173073498183,"[5.55, 5.65, 5.75, 5.85, 5.95, 6.05, 6.15, 6.25, 6.35, 6.45, 6.55, 6.65, 6.75, 6.85, 6.95]","[0.0, 0.0, 0.0, 0.0, 0.0, 0.09523809523809523, 0.0, 0.09523809523809523, 0.0, 0.047619047619047616, 0.0, 0.01639344262295082, 0.0, 0.01639344262295082, 0.01639344262295082]"
161.0,4.311523753487401,0.8159459172274717,0.008039173073498183,"[5.55, 5.65, 5.75, 5.85, 5.95, 6.05, 6.15, 6.25, 6.35, 6.45, 6.55, 6.65, 6.75, 6.85, 6.95]","[0.0, 0.0, 0.0, 0.0, 0.0, 0.09523809523809523, 0.0, 0.09523809523809523, 0.0, 0.047619047619047616, 0.0, 0.01639344262295082, 0.0, 0.01639344262295082, 0.01639344262295082]"
162.0,3.869499317776033,0.7384801141472438,0.014640735007768123,"[5.55, 5.65, 5.75, 5.85, 5.95, 6.05, 6.15, 6.25, 6.35, 6.45, 6.55, 6.65, 6.75, 6.85, 6.95, 7.05, 7.15]","[0.0, 0.0, 0.0, 0.0, 0.0, 0.09523809523809523, 0.0, 0.09523809523809523, 0.0, 0.047619047619047616, 0.0, 0.01639344262295082, 0.0, 0.01639344262295082, 0.01639344262295082, 0.008620689655172414, 0.008620689655172414]"
163.0,5.192947863203554,0.9728210946078022,0.01222944890806548,"[5.55, 5.65, 5.75, 5.85, 5.95, 6.05, 6.15, 6.25, 6.35, 6.45, 6.55, 6.65, 6.75, 6.85, 6.95]","[0.0, 0.0, 0.0, 0.0, 0.0, 0.09523809523809523, 0.0, 0.09523809523809523, 0.0, 0.047619047619047616, 0.0, 0.012345679012345678, 0.0, 0.012345679012345678, 0.012345679012345678]"
164.0,5.192947863203554,0.9728210946078022,0.007380543646138179,"[5.55, 5.65, 5.75, 5.85, 5.95, 6.05, 6.15, 6.25, 6.35, 6.45, 6.55, 6.65, 6.75, 6.85, 6.95]","[0.0, 0.0, 0.0, 0.0, 0.0, 0.09523809523809523, 0.0, 0.09523809523809523, 0.0, 0.047619047619047616, 0.0, 0.012345679012345678, 0.0, 0.012345679012345678, 0.012345679012345678]"
165.0,4.1707959807013575,0.7973382380414119,0.013426584144530733,"[5.55, 5.65, 5.75, 5.85, 5.95, 6.05, 6.15, 6.25, 6.35, 6.45, 6.55, 6.65, 6.75, 6.85, 6.95, 7.05, 7.15]","[0.0, 0.0, 0.0, 0.0, 0.0, 0.09523809523809523, 0.0, 0.09523809523809523, 0.0, 0.047619047619047616, 0.0, 0.012345679012345678, 0.0, 0.012345679012345678, 0.012345679012345678, 0.008620689655172414, 0.008620689655172414]"
166.0,5.1941414561474,0.9657528473825264,0.01223445368491739,"[5.55, 5.65, 5.75, 5.85, 5.95, 6.05, 6.15, 6.25, 6.35, 6.45, 6.55, 6.65, 6.75, 6.85, 6.95]","[0.0, 0.0, 0.0, 0.0, 0.0, 0.09523809523809523, 0.0, 0.09523809523809523, 0.0, 0.047619047619047616, 0.009900990099009901, 0.019801980198019802, 0.0, 0.009900990099009901, 0.009900990099009901]"
167.0,4.424753478573779,0.8340877719547889,0.01328200456112254,"[5.55, 5.65, 5.75, 5.85, 5.95, 6.05, 6.15, 6.25, 6.35, 6.45, 6.55, 6.65, 6.75, 6.85, 6.95, 7.05, 7.15]","[0.0, 0.0, 0.0, 0.0, 0.0, 0.09523809523809523, 0.0, 0.09523809523809523, 0.0, 0.047619047619047616, 0.009900990099009901, 0.019801980198019802, 0.0, 0.009900990099009901, 0.009900990099009901, 0.008620689655172414, 0.008620689655172414]"
168.0,3.7748920754275637,0.7176825877405145,0.02867265562348338,"[5.55, 5.65, 5.75, 5.85, 5.95, 6.05, 6.15, 6.25, 6.35, 6.45, 6.55, 6.65, 6.75, 6.85, 6.95, 7.05, 7.15]","[0.0, 0.0, 0.0, 0.0, 0.0, 0.09523809523809523, 0.0, 0.09523809523809523, 0.0, 0.047619047619047616, 0.008620689655172414, 0.02586206896551724, 0.008620689655172414, 0.008620689655172414, 0.017241379310344827, 0.008620689655172414, 0.008620689655172414]"
173.0,2.4618823172163453,0.5225943677146829,0.02451402067169765,"[5.55, 5.65, 5.75, 5.85, 5.95, 6.05, 6.15, 6.25, 6.35, 6.45, 6.55, 6.65, 6.75, 6.85, 6.95, 7.05, 7.15]","[0.0, 0.0, 0.0, 0.0, 0.0, 0.04878048780487805, 0.0, 0.04878048780487805, 0.0, 0.024390243902439025, 0.0, 0.024390243902439025, 0.0, 0.024390243902439025, 0.0, 0.008620689655172414, 0.008620689655172414]"
174.0,2.3061146229440133,0.502739608033058,0.012517161860180086,"[5.55, 5.65, 5.75, 5.85, 5.95, 6.05, 6.15, 6.25, 6.35, 6.45, 6.55, 6.65, 6.75, 6.85, 6.95]","[0.0, 0.0, 0.0, 0.0, 0.0, 0.04878048780487805, 0.0, 0.04878048780487805, 0.0, 0.024390243902439025, 0.0, 0.01639344262295082, 0.0, 0.01639344262295082, 0.01639344262295082]"
175.0,2.3061146229440133,0.502739608033058,0.007467468919675813,"[5.55, 5.65, 5.75, 5.85, 5.95, 6.05, 6.15, 6.25, 6.35, 6.45, 6.55, 6.65, 6.75, 6.85, 6.95]","[0.0, 0.0, 0.0, 0.0, 0.0, 0.04878048780487805, 0.0, 0.04878048780487805, 0.0, 0.024390243902439025, 0.0, 0.01639344262295082, 0.0, 0.01639344262295082, 0.01639344262295082]"
176.0,2.3061146229440133,0.502739608033058,0.007467468919675813,"[5.55, 5.65, 5.75, 5.85, 5.95, 6.05, 6.15, 6.25, 6.35, 6.45, 6.55, 6.65, 6.75, 6.85, 6.95]","[0.0, 0.0, 0.0, 0.0, 0.0, 0.04878048780487805, 0.0, 0.04878048780487805, 0.0, 0.024390243902439025, 0.0, 0.01639344262295082, 0.0, 0.01639344262295082, 0.01639344262295082]"
178.0,3.2639621647686785,0.6738583464806058,0.01080787829758677,"[5.55, 5.65, 5.75, 5.85, 5.95, 6.05, 6.15, 6.25, 6.35, 6.45, 6.55, 6.65, 6.75, 6.85, 6.95]","[0.0, 0.0, 0.0, 0.0, 0.0, 0.04878048780487805, 0.0, 0.04878048780487805, 0.0, 0.024390243902439025, 0.0, 0.012345679012345678, 0.0, 0.012345679012345678, 0.012345679012345678]"
179.0,3.2639621647686785,0.6738583464806058,0.006463940690940277,"[5.55, 5.65, 5.75, 5.85, 5.95, 6.05, 6.15, 6.25, 6.35, 6.45, 6.55, 6.65, 6.75, 6.85, 6.95]","[0.0, 0.0, 0.0, 0.0, 0.0, 0.04878048780487805, 0.0, 0.04878048780487805, 0.0, 0.024390243902439025, 0.0, 0.012345679012345678, 0.0, 0.012345679012345678, 0.012345679012345678]"
180.0,2.3984562780244967,0.5215842450700846,0.012756950517399541,"[5.55, 5.65, 5.75, 5.85, 5.95, 6.05, 6.15, 6.25, 6.35, 6.45, 6.55, 6.65, 6.75, 6.85, 6.95, 7.05, 7.15]","[0.0, 0.0, 0.0, 0.0, 0.0, 0.04878048780487805, 0.0, 0.04878048780487805, 0.0, 0.024390243902439025, 0.0, 0.012345679012345678, 0.0, 0.012345679012345678, 0.012345679012345678, 0.008620689655172414, 0.008620689655172414]"
181.0,3.2150776314394243,0.6573510859931494,0.010910222086146571,"[5.55, 5.65, 5.75, 5.85, 5.95, 6.05, 6.15, 6.25, 6.35, 6.45, 6.55, 6.65, 6.75, 6.85, 6.95]","[0.0, 0.0, 0.0, 0.0, 0.0, 0.04878048780487805, 0.0, 0.04878048780487805, 0.0, 0.024390243902439025, 0.009900990099009901, 0.019801980198019802, 0.0, 0.009900990099009901, 0.009900990099009901]"
182.0,2.6452924138363105,0.556755602721674,0.012353532629518002,"[5.55, 5.65, 5.75, 5.85, 5.95, 6.05, 6.15, 6.25, 6.35, 6.45, 6.55, 6.65, 6.75, 6.85, 6.95, 7.05, 7.15]","[0.0, 0.0, 0.0, 0.0, 0.0, 0.04878048780487805, 0.0, 0.04878048780487805, 0.0, 0.024390243902439025, 0.009900990099009901, 0.019801980198019802, 0.0, 0.009900990099009901, 0.009900990099009901, 0.008620689655172414, 0.008620689655172414]"
184.0,3.804098689882332,0.7336643838623881,0.017803960667830174,"[5.55, 5.65, 5.75, 5.85, 5.95, 6.05, 6.15, 6.25, 6.35, 6.45, 6.55, 6.65, 6.75, 6.85, 6.95]","[0.0, 0.0, 0.0, 0.0, 0.0, 0.06557377049180328, 0.01639344262295082, 0.04918032786885246, 0.0, 0.04918032786885246, 0.0, 0.01639344262295082, 0.0, 0.01639344262295082, 0.01639344262295082]"
185.0,3.804098689882332,0.7336643838623881,0.012167449425138173,"[5.55, 5.65, 5.75, 5.85, 5.95, 6.05, 6.15, 6.25, 6.35, 6.45, 6.55, 6.65, 6.75, 6.85, 6.95]","[0.0, 0.0, 0.0, 0.0, 0.0, 0.06557377049180328, 0.01639344262295082, 0.04918032786885246, 0.0, 0.04918032786885246, 0.0, 0.01639344262295082, 0.0, 0.01639344262295082, 0.01639344262295082]"
186.0,3.804098689882332,0.7336643838623881,0.012167449425138173,"[5.55, 5.65, 5.75, 5.85, 5.95, 6.05, 6.15, 6.25, 6.35, 6.45, 6.55, 6.65, 6.75, 6.85, 6.95]","[0.0, 0.0, 0.0, 0.0, 0.0, 0.06557377049180328, 0.01639344262295082, 0.04918032786885246, 0.0, 0.04918032786885246, 0.0, 0.01639344262295082, 0.0, 0.01639344262295082, 0.01639344262295082]"
187.0,3.5457109816978316,0.6868921347735024,0.02457353536855324,"[5.55, 5.65, 5.75, 5.85, 5.95, 6.05, 6.15, 6.25, 6.35, 6.45, 6.55, 6.65, 6.75, 6.85, 6.95, 7.05, 7.15]","[0.0, 0.0, 0.0, 0.0, 0.0, 0.06557377049180328, 0.01639344262295082, 0.04918032786885246, 0.0, 0.04918032786885246, 0.0, 0.01639344262295082, 0.0, 0.01639344262295082, 0.01639344262295082, 0.008620689655172414, 0.008620689655172414]"
188.0,4.729872711098905,0.8965781401034428,0.011732391266104404,"[5.55, 5.65, 5.75, 5.85, 5.95, 6.05, 6.15, 6.25, 6.35, 6.45, 6.55, 6.65, 6.75, 6.85, 6.95]","[0.0, 0.0, 0.0, 0.0, 0.0, 0.06557377049180328, 0.01639344262295082, 0.04918032786885246, 0.0, 0.04918032786885246, 0.0, 0.012345679012345678, 0.0, 0.012345679012345678, 0.012345679012345678]"
189.0,4.729872711098905,0.8965781401034428,0.007036167339399398,"[5.55, 5.65, 5.75, 5.85, 5.95, 6.05, 6.15, 6.25, 6.35, 6.45, 6.55, 6.65, 6.75, 6.85, 6.95]","[0.0, 0.0, 0.0, 0.0, 0.0, 0.06557377049180328, 0.01639344262295082, 0.04918032786885246, 0.0, 0.04918032786885246, 0.0, 0.012345679012345678, 0.0, 0.012345679012345678, 0.012345679012345678]"
190.0,3.975479477230309,0.7651610929789531,0.012927952011276885,"[5.55, 5.65, 5.75, 5.85, 5.95, 6.05, 6.15, 6.25, 6.35, 6.45, 6.55, 6.65, 6.75, 6.85, 6.95, 7.05, 7.15]","[0.0, 0.0, 0.0, 0.0, 0.0, 0.06557377049180328, 0.01639344262295082, 0.04918032786885246, 0.0, 0.04918032786885246, 0.0, 0.012345679012345678, 0.0, 0.012345679012345678, 0.012345679012345678, 0.008620689655172414, 0.008620689655172414]"
191.0,4.592479784003718,0.8691905936337302,0.011659815113706574,"[5.55, 5.65, 5.75, 5.85, 5.95, 6.05, 6.15, 6.25, 6.35, 6.45, 6.55, 6.65, 6.75, 6.85, 6.95]","[0.0, 0.0, 0.0, 0.0, 0.0, 0.06557377049180328, 0.01639344262295082, 0.04918032786885246, 0.0, 0.04918032786885246, 0.009900990099009901, 0.019801980198019802, 0.0, 0.009900990099009901, 0.009900990099009901]"
192.0,4.040652578348187,0.7729147809191215,0.012782672429262136,"[5.55, 5.65, 5.75, 5.85, 5.95, 6.05, 6.15, 6.25, 6.35, 6.45, 6.55, 6.65, 6.75, 6.85, 6.95, 7.05, 7.15]","[0.0, 0.0, 0.0, 0.0, 0.0, 0.06557377049180328, 0.01639344262295082, 0.04918032786885246, 0.0, 0.04918032786885246, 0.009900990099009901, 0.019801980198019802, 0.0, 0.009900990099009901, 0.009900990099009901, 0.008620689655172414, 0.008620689655172414]"
193.0,3.35810980117958,0.6515937997929044,0.027614953027138275,"[5.55, 5.65, 5.75, 5.85, 5.95, 6.05, 6.15, 6.25, 6.35, 6.45, 6.55, 6.65, 6.75, 6.85, 6.95, 7.05, 7.15]","[0.0, 0.0, 0.0, 0.0, 0.0, 0.06557377049180328, 0.01639344262295082, 0.04918032786885246, 0.0, 0.04918032786885246, 0.008620689655172414, 0.02586206896551724, 0.008620689655172414, 0.008620689655172414, 0.017241379310344827, 0.008620689655172414, 0.008620689655172414]"
194.0,4.064890754177028,0.793248614560769,0.01607313274437387,"[5.55, 5.65, 5.75, 5.85, 5.95, 6.05, 6.15, 6.25, 6.35, 6.45, 6.55, 6.65, 6.75, 6.85, 6.95]","[0.0, 0.0, 0.0, 0.0, 0.0, 0.04938271604938271, 0.012345679012345678, 0.04938271604938271, 0.0, 0.037037037037037035, 0.0, 0.012345679012345678, 0.0, 0.012345679012345678, 0.012345679012345678]"
195.0,4.064890754177028,0.793248614560769,0.0104670391876988,"[5.55, 5.65, 5.75, 5.85, 5.95, 6.05, 6.15, 6.25, 6.35, 6.45, 6.55, 6.65, 6.75, 6.85, 6.95]","[0.0, 0.0, 0.0, 0.0, 0.0, 0.04938271604938271, 0.012345679012345678, 0.04938271604938271, 0.0, 0.037037037037037035, 0.0, 0.012345679012345678, 0.0, 0.012345679012345678, 0.012345679012345678]"
196.0,3.3796660024731935,0.6726757073846504,0.021567492300383597,"[5.55, 5.65, 5.75, 5.85, 5.95, 6.05, 6.15, 6.25, 6.35, 6.45, 6.55, 6.65, 6.75, 6.85, 6.95, 7.05, 7.15]","[0.0, 0.0, 0.0, 0.0, 0.0, 0.04938271604938271, 0.012345679012345678, 0.04938271604938271, 0.0, 0.037037037037037035, 0.0, 0.012345679012345678, 0.0, 0.012345679012345678, 0.012345679012345678, 0.008620689655172414, 0.008620689655172414]"
197.0,3.8968202481650716,0.7605831566353647,0.01134273715250638,"[5.55, 5.65, 5.75, 5.85, 5.95, 6.05, 6.15, 6.25, 6.35, 6.45, 6.55, 6.65, 6.75, 6.85, 6.95]","[0.0, 0.0, 0.0, 0.0, 0.0, 0.04938271604938271, 0.012345679012345678, 0.04938271604938271, 0.0, 0.037037037037037035, 0.009900990099009901, 0.019801980198019802, 0.0, 0.009900990099009901, 0.009900990099009901]"
198.0,3.420955375495598,0.6764084595776295,0.012610963123686904,"[5.55, 5.65, 5.75, 5.85, 5.95, 6.05, 6.15, 6.25, 6.35, 6.45, 6.55, 6.65, 6.75, 6.85, 6.95, 7.05, 7.15]","[0.0, 0.0, 0.0, 0.0, 0.0, 0.04938271604938271, 0.012345679012345678, 0.04938271604938271, 0.0, 0.037037037037037035, 0.009900990099009901, 0.019801980198019802, 0.0, 0.009900990099009901, 0.009900990099009901, 0.008620689655172414, 0.008620689655172414]"
199.0,2.7315196003734936,0.5530826904971511,0.02708164719508534,"[5.55, 5.65, 5.75, 5.85, 5.95, 6.05, 6.15, 6.25, 6.35, 6.45, 6.55, 6.65, 6.75, 6.85, 6.95, 7.05, 7.15]","[0.0, 0.0, 0.0, 0.0, 0.0, 0.04938271604938271, 0.012345679012345678, 0.04938271604938271, 0.0, 0.037037037037037035, 0.008620689655172414, 0.02586206896551724, 0.008620689655172414, 0.008620689655172414, 0.017241379310344827, 0.008620689655172414, 0.008620689655172414]"
200.0,4.619472220165469,0.8749045274734786,0.017128216755911255,"[5.55, 5.65, 5.75, 5.85, 5.95, 6.05, 6.15, 6.25, 6.35, 6.45, 6.55, 6.65, 6.75, 6.85, 6.95]","[0.0, 0.0, 0.0, 0.0, 0.0, 0.0594059405940594, 0.019801980198019802, 0.04950495049504951, 0.0, 0.039603960396039604, 0.009900990099009901, 0.019801980198019802, 0.0, 0.009900990099009901, 0.009900990099009901]"
201.0,4.076821459632532,0.7798384289819651,0.021326168979316704,"[5.55, 5.65, 5.75, 5.85, 5.95, 6.05, 6.15, 6.25, 6.35, 6.45, 6.55, 6.65, 6.75, 6.85, 6.95, 7.05, 7.15]","[0.0, 0.0, 0.0, 0.0, 0.0, 0.0594059405940594, 0.019801980198019802, 0.04950495049504951, 0.0, 0.039603960396039604, 0.009900990099009901, 0.019801980198019802, 0.0, 0.009900990099009901, 0.009900990099009901, 0.008620689655172414, 0.008620689655172414]"
202.0,3.3744913831316445,0.6555256201765455,0.026642417811595764,"[5.55, 5.65, 5.75, 5.85, 5.95, 6.05, 6.15, 6.25, 6.35, 6.45, 6.55, 6.65, 6.75, 6.85, 6.95, 7.05, 7.15]","[0.0, 0.0, 0.0, 0.0, 0.0, 0.0594059405940594, 0.019801980198019802, 0.04950495049504951, 0.0, 0.039603960396039604, 0.008620689655172414, 0.02586206896551724, 0.008620689655172414, 0.008620689655172414, 0.017241379310344827, 0.008620689655172414, 0.008620689655172414]"
203.0,4.057940267180863,0.7626771148632328,0.048408286426322174,"[5.55, 5.65, 5.75, 5.85, 5.95, 6.05, 6.15, 6.25, 6.35, 6.45, 6.55, 6.65, 6.75, 6.85, 6.95, 7.05, 7.15]","[0.0, 0.0, 0.0, 0.0, 0.0, 0.06896551724137931, 0.02586206896551724, 0.05172413793103448, 0.017241379310344827, 0.034482758620689655, 0.008620689655172414, 0.02586206896551724, 0.008620689655172414, 0.008620689655172414, 0.017241379310344827, 0.008620689655172414, 0.008620689655172414]"
204.0,4.529988970791674,0.8358065018949612,0.033703524652640385,"[5.55, 5.65, 5.75, 5.85, 5.95, 6.05, 6.15, 6.25, 6.35, 6.45, 6.55, 6.65]","[0.23809523809523808, 0.047619047619047616, 0.19047619047619047, 0.0, 0.09523809523809523, 0.09523809523809523, 0.0, 0.09523809523809523, 0.0, 0.047619047619047616, 0.0, 0.047619047619047616]"
205.0,4.529988970791674,0.8358065018949612,0.018525077762028098,"[5.55, 5.65, 5.75, 5.85, 5.95, 6.05, 6.15, 6.25, 6.35, 6.45, 6.55, 6.65]","[0.23809523809523808, 0.047619047619047616, 0.19047619047619047, 0.0, 0.09523809523809523, 0.09523809523809523, 0.0, 0.09523809523809523, 0.0, 0.047619047619047616, 0.0, 0.047619047619047616]"
206.0,4.529988970791674,0.8358065018949612,0.018525077762028098,"[5.55, 5.65, 5.75, 5.85, 5.95, 6.05, 6.15, 6.25, 6.35, 6.45, 6.55, 6.65]","[0.23809523809523808, 0.047619047619047616, 0.19047619047619047, 0.0, 0.09523809523809523, 0.09523809523809523, 0.0, 0.09523809523809523, 0.0, 0.047619047619047616, 0.0, 0.047619047619047616]"
207.0,4.529988970791674,0.8358065018949612,0.018525077762028098,"[5.55, 5.65, 5.75, 5.85, 5.95, 6.05, 6.15, 6.25, 6.35, 6.45, 6.55, 6.65]","[0.23809523809523808, 0.047619047619047616, 0.19047619047619047, 0.0, 0.09523809523809523, 0.09523809523809523, 0.0, 0.09523809523809523, 0.0, 0.047619047619047616, 0.0, 0.047619047619047616]"
208.0,4.529988970791674,0.8358065018949612,0.018525077762028098,"[5.55, 5.65, 5.75, 5.85, 5.95, 6.05, 6.15, 6.25, 6.35, 6.45, 6.55, 6.65]","[0.23809523809523808, 0.047619047619047616, 0.19047619047619047, 0.0, 0.09523809523809523, 0.09523809523809523, 0.0, 0.09523809523809523, 0.0, 0.047619047619047616, 0.0, 0.047619047619047616]"
209.0,4.891002313788673,0.8985365771491984,0.03239923143501192,"[5.55, 5.65, 5.75, 5.85, 5.95, 6.05, 6.15, 6.25, 6.35, 6.45, 6.55, 6.65, 6.75, 6.85, 6.95, 7.05, 7.15]","[0.23809523809523808, 0.047619047619047616, 0.19047619047619047, 0.0, 0.09523809523809523, 0.09523809523809523, 0.0, 0.09523809523809523, 0.0, 0.047619047619047616, 0.0, 0.047619047619047616, 0.0, 0.0, 0.0, 0.008620689655172414, 0.008620689655172414]"
210.0,5.13348074557376,0.9462955331827391,0.01701268332108811,"[5.55, 5.65, 5.75, 5.85, 5.95, 6.05, 6.15, 6.25, 6.35, 6.45, 6.55, 6.65, 6.75, 6.85]","[0.23809523809523808, 0.047619047619047616, 0.19047619047619047, 0.0, 0.09523809523809523, 0.09523809523809523, 0.0, 0.09523809523809523, 0.0, 0.047619047619047616, 0.0, 0.024390243902439025, 0.0, 0.024390243902439025]"
211.0,5.13348074557376,0.9462955331827391,0.00878589761753103,"[5.55, 5.65, 5.75, 5.85, 5.95, 6.05, 6.15, 6.25, 6.35, 6.45, 6.55, 6.65, 6.75, 6.85]","[0.23809523809523808, 0.047619047619047616, 0.19047619047619047, 0.0, 0.09523809523809523, 0.09523809523809523, 0.0, 0.09523809523809523, 0.0, 0.047619047619047616, 0.0, 0.024390243902439025, 0.0, 0.024390243902439025]"
212.0,5.13348074557376,0.9462955331827391,0.00878589761753103,"[5.55, 5.65, 5.75, 5.85, 5.95, 6.05, 6.15, 6.25, 6.35, 6.45, 6.55, 6.65, 6.75, 6.85]","[0.23809523809523808, 0.047619047619047616, 0.19047619047619047, 0.0, 0.09523809523809523, 0.09523809523809523, 0.0, 0.09523809523809523, 0.0, 0.047619047619047616, 0.0, 0.024390243902439025, 0.0, 0.024390243902439025]"
213.0,5.13348074557376,0.9462955331827391,0.00878589761753103,"[5.55, 5.65, 5.75, 5.85, 5.95, 6.05, 6.15, 6.25, 6.35, 6.45, 6.55, 6.65, 6.75, 6.85]","[0.23809523809523808, 0.047619047619047616, 0.19047619047619047, 0.0, 0.09523809523809523, 0.09523809523809523, 0.0, 0.09523809523809523, 0.0, 0.047619047619047616, 0.0, 0.024390243902439025, 0.0, 0.024390243902439025]"
214.0,4.971085538395318,0.9145667496513895,0.017292110304132982,"[5.55, 5.65, 5.75, 5.85, 5.95, 6.05, 6.15, 6.25, 6.35, 6.45, 6.55, 6.65, 6.75, 6.85, 6.95, 7.05, 7.15]","[0.23809523809523808, 0.047619047619047616, 0.19047619047619047, 0.0, 0.09523809523809523, 0.09523809523809523, 0.0, 0.09523809523809523, 0.0, 0.047619047619047616, 0.0, 0.024390243902439025, 0.0, 0.024390243902439025, 0.0, 0.008620689655172414, 0.008620689655172414]"
215.0,5.341502030601597,0.9852613941454295,0.016011253456678358,"[5.55, 5.65, 5.75, 5.85, 5.95, 6.05, 6.15, 6.25, 6.35, 6.45, 6.55, 6.65, 6.75, 6.85, 6.95]","[0.23809523809523808, 0.047619047619047616, 0.19047619047619047, 0.0, 0.09523809523809523, 0.09523809523809523, 0.0, 0.09523809523809523, 0.0, 0.047619047619047616, 0.0, 0.01639344262295082, 0.0, 0.01639344262295082, 0.01639344262295082]"
216.0,5.341502030601597,0.9852613941454295,0.00829731948342639,"[5.55, 5.65, 5.75, 5.85, 5.95, 6.05, 6.15, 6.25, 6.35, 6.45, 6.55, 6.65, 6.75, 6.85, 6.95]","[0.23809523809523808, 0.047619047619047616, 0.19047619047619047, 0.0, 0.09523809523809523, 0.09523809523809523, 0.0, 0.09523809523809523, 0.0, 0.047619047619047616, 0.0, 0.01639344262295082, 0.0, 0.01639344262295082, 0.01639344262295082]"
217.0,5.341502030601597,0.9852613941454295,0.00829731948342639,"[5.55, 5.65, 5.75, 5.85, 5.95, 6.05, 6.15, 6.25, 6.35, 6.45, 6.55, 6.65, 6.75, 6.85, 6.95]","[0.23809523809523808, 0.047619047619047616, 0.19047619047619047, 0.0, 0.09523809523809523, 0.09523809523809523, 0.0, 0.09523809523809523, 0.0, 0.047619047619047616, 0.0, 0.01639344262295082, 0.0, 0.01639344262295082, 0.01639344262295082]"
218.0,4.9719767648255395,0.9161861775586161,0.017732827736860583,"[5.55, 5.65, 5.75, 5.85, 5.95, 6.05, 6.15, 6.25, 6.35, 6.45, 6.55, 6.65, 6.75, 6.85, 6.95, 7.05, 7.15]","[0.23809523809523808, 0.047619047619047616, 0.19047619047619047, 0.0, 0.09523809523809523, 0.09523809523809523, 0.0, 0.09523809523809523, 0.0, 0.047619047619047616, 0.0, 0.01639344262295082, 0.0, 0.01639344262295082, 0.01639344262295082, 0.008620689655172414, 0.008620689655172414]"
219.0,5.856557714796897,1.081270367478831,0.014778254076505125,"[5.55, 5.65, 5.75, 5.85, 5.95, 6.05, 6.15, 6.25, 6.35, 6.45, 6.55, 6.65, 6.75, 6.85, 6.95]","[0.23809523809523808, 0.047619047619047616, 0.19047619047619047, 0.0, 0.09523809523809523, 0.09523809523809523, 0.0, 0.09523809523809523, 0.0, 0.047619047619047616, 0.0, 0.012345679012345678, 0.0, 0.012345679012345678, 0.012345679012345678]"
220.0,5.856557714796897,1.081270367478831,0.007670492443209291,"[5.55, 5.65, 5.75, 5.85, 5.95, 6.05, 6.15, 6.25, 6.35, 6.45, 6.55, 6.65, 6.75, 6.85, 6.95]","[0.23809523809523808, 0.047619047619047616, 0.19047619047619047, 0.0, 0.09523809523809523, 0.09523809523809523, 0.0, 0.09523809523809523, 0.0, 0.047619047619047616, 0.0, 0.012345679012345678, 0.0, 0.012345679012345678, 0.012345679012345678]"
221.0,5.3160479374856235,0.9813194303889451,0.01585242098373473,"[5.55, 5.65, 5.75, 5.85, 5.95, 6.05, 6.15, 6.25, 6.35, 6.45, 6.55, 6.65, 6.75, 6.85, 6.95, 7.05, 7.15]","[0.23809523809523808, 0.047619047619047616, 0.19047619047619047, 0.0, 0.09523809523809523, 0.09523809523809523, 0.0, 0.09523809523809523, 0.0, 0.047619047619047616, 0.0, 0.012345679012345678, 0.0, 0.012345679012345678, 0.012345679012345678, 0.008620689655172414, 0.008620689655172414]"
222.0,5.600976945925893,1.0324929666902376,0.014374263673032905,"[5.55, 5.65, 5.75, 5.85, 5.95, 6.05, 6.15, 6.25, 6.35, 6.45, 6.55, 6.65, 6.75, 6.85, 6.95]","[0.23809523809523808, 0.047619047619047616, 0.19047619047619047, 0.0, 0.09523809523809523, 0.09523809523809523, 0.0, 0.09523809523809523, 0.0, 0.047619047619047616, 0.009900990099009901, 0.019801980198019802, 0.0, 0.009900990099009901, 0.009900990099009901]"
223.0,5.224104383429846,0.9626583181479446,0.015559884374927937,"[5.55, 5.65, 5.75, 5.85, 5.95, 6.05, 6.15, 6.25, 6.35, 6.45, 6.55, 6.65, 6.75, 6.85, 6.95, 7.05, 7.15]","[0.23809523809523808, 0.047619047619047616, 0.19047619047619047, 0.0, 0.09523809523809523, 0.09523809523809523, 0.0, 0.09523809523809523, 0.0, 0.047619047619047616, 0.009900990099009901, 0.019801980198019802, 0.0, 0.009900990099009901, 0.009900990099009901, 0.008620689655172414, 0.008620689655172414]"
224.0,4.768810457197434,0.8775820114328059,0.045981953072599606,"[5.55, 5.65, 5.75, 5.85, 5.95, 6.05, 6.15, 6.25, 6.35, 6.45, 6.55, 6.65, 6.75, 6.85, 6.95, 7.05, 7.15]","[0.23809523809523808, 0.047619047619047616, 0.19047619047619047, 0.0, 0.09523809523809523, 0.09523809523809523, 0.0, 0.09523809523809523, 0.0, 0.047619047619047616, 0.008620689655172414, 0.02586206896551724, 0.008620689655172414, 0.008620689655172414, 0.017241379310344827, 0.008620689655172414, 0.008620689655172414]"
225.0,5.975371487296262,1.1116501291482752,0.012822138853540372,"[5.55, 5.65, 5.75, 5.85, 5.95, 6.05, 6.15, 6.25, 6.35, 6.45, 6.55, 6.65, 6.75, 6.85]","[0.23809523809523808, 0.047619047619047616, 0.19047619047619047, 0.0, 0.09523809523809523, 0.04878048780487805, 0.0, 0.04878048780487805, 0.0, 0.024390243902439025, 0.0, 0.024390243902439025, 0.0, 0.024390243902439025]"
226.0,5.975371487296262,1.1116501291482752,0.006268289850582466,"[5.55, 5.65, 5.75, 5.85, 5.95, 6.05, 6.15, 6.25, 6.35, 6.45, 6.55, 6.65, 6.75, 6.85]","[0.23809523809523808, 0.047619047619047616, 0.19047619047619047, 0.0, 0.09523809523809523, 0.04878048780487805, 0.0, 0.04878048780487805, 0.0, 0.024390243902439025, 0.0, 0.024390243902439025, 0.0, 0.024390243902439025]"
227.0,5.975371487296262,1.1116501291482752,0.006268289850582466,"[5.55, 5.65, 5.75, 5.85, 5.95, 6.05, 6.15, 6.25, 6.35, 6.45, 6.55, 6.65, 6.75, 6.85]","[0.23809523809523808, 0.047619047619047616, 0.19047619047619047, 0.0, 0.09523809523809523, 0.04878048780487805, 0.0, 0.04878048780487805, 0.0, 0.024390243902439025, 0.0, 0.024390243902439025, 0.0, 0.024390243902439025]"
228.0,5.975371487296262,1.1116501291482752,0.006268289850582466,"[5.55, 5.65, 5.75, 5.85, 5.95, 6.05, 6.15, 6.25, 6.35, 6.45, 6.55, 6.65, 6.75, 6.85]","[0.23809523809523808, 0.047619047619047616, 0.19047619047619047, 0.0, 0.09523809523809523, 0.04878048780487805, 0.0, 0.04878048780487805, 0.0, 0.024390243902439025, 0.0, 0.024390243902439025, 0.0, 0.024390243902439025]"
229.0,5.218779833245643,0.9721142848044156,0.015486127337760535,"[5.55, 5.65, 5.75, 5.85, 5.95, 6.05, 6.15, 6.25, 6.35, 6.45, 6.55, 6.65, 6.75, 6.85, 6.95, 7.05, 7.15]","[0.23809523809523808, 0.047619047619047616, 0.19047619047619047, 0.0, 0.09523809523809523, 0.04878048780487805, 0.0, 0.04878048780487805, 0.0, 0.024390243902439025, 0.0, 0.024390243902439025, 0.0, 0.024390243902439025, 0.0, 0.008620689655172414, 0.008620689655172414]"
230.0,5.8235541760916645,1.0842537985688183,0.006222503159389913,"[5.55, 5.65, 5.75, 5.85, 5.95, 6.05, 6.15, 6.25, 6.35, 6.45, 6.55, 6.65, 6.75, 6.85, 6.95]","[0.23809523809523808, 0.047619047619047616, 0.19047619047619047, 0.0, 0.09523809523809523, 0.04878048780487805, 0.0, 0.04878048780487805, 0.0, 0.024390243902439025, 0.0, 0.01639344262295082, 0.0, 0.01639344262295082, 0.01639344262295082]"
231.0,5.8235541760916645,1.0842537985688183,0.004170425372347115,"[5.55, 5.65, 5.75, 5.85, 5.95, 6.05, 6.15, 6.25, 6.35, 6.45, 6.55, 6.65, 6.75, 6.85, 6.95]","[0.23809523809523808, 0.047619047619047616, 0.19047619047619047, 0.0, 0.09523809523809523, 0.04878048780487805, 0.0, 0.04878048780487805, 0.0, 0.024390243902439025, 0.0, 0.01639344262295082, 0.0, 0.01639344262295082, 0.01639344262295082]"
232.0,5.8235541760916645,1.0842537985688183,0.004170425372347115,"[5.55, 5.65, 5.75, 5.85, 5.95, 6.05, 6.15, 6.25, 6.35, 6.45, 6.55, 6.65, 6.75, 6.85, 6.95]","[0.23809523809523808, 0.047619047619047616, 0.19047619047619047, 0.0, 0.09523809523809523, 0.04878048780487805, 0.0, 0.04878048780487805, 0.0, 0.024390243902439025, 0.0, 0.01639344262295082, 0.0, 0.01639344262295082, 0.01639344262295082]"
233.0,5.1149886223149625,0.9541494777989841,0.008066022660428706,"[5.55, 5.65, 5.75, 5.85, 5.95, 6.05, 6.15, 6.25, 6.35, 6.45, 6.55, 6.65, 6.75, 6.85, 6.95, 7.05, 7.15]","[0.23809523809523808, 0.047619047619047616, 0.19047619047619047, 0.0, 0.09523809523809523, 0.04878048780487805, 0.0, 0.04878048780487805, 0.0, 0.024390243902439025, 0.0, 0.01639344262295082, 0.0, 0.01639344262295082, 0.01639344262295082, 0.008620689655172414, 0.008620689655172414]"
234.0,6.269071248076881,1.1664149923830123,0.005592343414516851,"[5.55, 5.65, 5.75, 5.85, 5.95, 6.05, 6.15, 6.25, 6.35, 6.45, 6.55, 6.65, 6.75, 6.85, 6.95]","[0.23809523809523808, 0.047619047619047616, 0.19047619047619047, 0.0, 0.09523809523809523, 0.04878048780487805, 0.0, 0.04878048780487805, 0.0, 0.024390243902439025, 0.0, 0.012345679012345678, 0.0, 0.012345679012345678, 0.012345679012345678]"
235.0,6.269071248076881,1.1664149923830123,0.0033437356665993053,"[5.55, 5.65, 5.75, 5.85, 5.95, 6.05, 6.15, 6.25, 6.35, 6.45, 6.55, 6.65, 6.75, 6.85, 6.95]","[0.23809523809523808, 0.047619047619047616, 0.19047619047619047, 0.0, 0.09523809523809523, 0.04878048780487805, 0.0, 0.04878048780487805, 0.0, 0.024390243902439025, 0.0, 0.012345679012345678, 0.0, 0.012345679012345678, 0.012345679012345678]"
236.0,5.44594680811303,1.0159928981382829,0.006604174386765708,"[5.55, 5.65, 5.75, 5.85, 5.95, 6.05, 6.15, 6.25, 6.35, 6.45, 6.55, 6.65, 6.75, 6.85, 6.95, 7.05, 7.15]","[0.23809523809523808, 0.047619047619047616, 0.19047619047619047, 0.0, 0.09523809523809523, 0.04878048780487805, 0.0, 0.04878048780487805, 0.0, 0.024390243902439025, 0.0, 0.012345679012345678, 0.0, 0.012345679012345678, 0.012345679012345678, 0.008620689655172414, 0.008620689655172414]"
237.0,5.851326607936275,1.088246674685837,0.006122982864413848,"[5.55, 5.65, 5.75, 5.85, 5.95, 6.05, 6.15, 6.25, 6.35, 6.45, 6.55, 6.65, 6.75, 6.85, 6.95]","[0.23809523809523808, 0.047619047619047616, 0.19047619047619047, 0.0, 0.09523809523809523, 0.04878048780487805, 0.0, 0.04878048780487805, 0.0, 0.024390243902439025, 0.009900990099009901, 0.019801980198019802, 0.0, 0.009900990099009901, 0.009900990099009901]"
238.0,5.275409766949553,0.9828901235836365,0.007205524080829495,"[5.55, 5.65, 5.75, 5.85, 5.95, 6.05, 6.15, 6.25, 6.35, 6.45, 6.55, 6.65, 6.75, 6.85, 6.95, 7.05, 7.15]","[0.23809523809523808, 0.047619047619047616, 0.19047619047619047, 0.0, 0.09523809523809523, 0.04878048780487805, 0.0, 0.04878048780487805, 0.0, 0.024390243902439025, 0.009900990099009901, 0.019801980198019802, 0.0, 0.009900990099009901, 0.009900990099009901, 0.008620689655172414, 0.008620689655172414]"
239.0,4.713166204217108,0.8787915113895007,0.01674085702033534,"[5.55, 5.65, 5.75, 5.85, 5.95, 6.05, 6.15, 6.25, 6.35, 6.45, 6.55, 6.65, 6.75, 6.85, 6.95, 7.05, 7.15]","[0.23809523809523808, 0.047619047619047616, 0.19047619047619047, 0.0, 0.09523809523809523, 0.04878048780487805, 0.0, 0.04878048780487805, 0.0, 0.024390243902439025, 0.008620689655172414, 0.02586206896551724, 0.008620689655172414, 0.008620689655172414, 0.017241379310344827, 0.008620689655172414, 0.008620689655172414]"
240.0,5.36832534190512,0.994457142060604,0.012197770979431,"[5.55, 5.65, 5.75, 5.85, 5.95, 6.05, 6.15, 6.25, 6.35, 6.45, 6.55, 6.65, 6.75, 6.85, 6.95]","[0.23809523809523808, 0.047619047619047616, 0.19047619047619047, 0.0, 0.09523809523809523, 0.06557377049180328, 0.01639344262295082, 0.04918032786885246, 0.0, 0.04918032786885246, 0.0, 0.01639344262295082, 0.0, 0.01639344262295082, 0.01639344262295082]"
241.0,5.36832534190512,0.994457142060604,0.006024027305429288,"[5.55, 5.65, 5.75, 5.85, 5.95, 6.05, 6.15, 6.25, 6.35, 6.45, 6.55, 6.65, 6.75, 6.85, 6.95]","[0.23809523809523808, 0.047619047619047616, 0.19047619047619047, 0.0, 0.09523809523809523, 0.06557377049180328, 0.01639344262295082, 0.04918032786885246, 0.0, 0.04918032786885246, 0.0, 0.01639344262295082, 0.0, 0.01639344262295082, 0.01639344262295082]"
242.0,5.36832534190512,0.994457142060604,0.006024027305429288,"[5.55, 5.65, 5.75, 5.85, 5.95, 6.05, 6.15, 6.25, 6.35, 6.45, 6.55, 6.65, 6.75, 6.85, 6.95]","[0.23809523809523808, 0.047619047619047616, 0.19047619047619047, 0.0, 0.09523809523809523, 0.06557377049180328, 0.01639344262295082, 0.04918032786885246, 0.0, 0.04918032786885246, 0.0, 0.01639344262295082, 0.0, 0.01639344262295082, 0.01639344262295082]"
243.0,4.953600120792442,0.9182254959404904,0.0152131007157491,"[5.55, 5.65, 5.75, 5.85, 5.95, 6.05, 6.15, 6.25, 6.35, 6.45, 6.55, 6.65, 6.75, 6.85, 6.95, 7.05, 7.15]","[0.23809523809523808, 0.047619047619047616, 0.19047619047619047, 0.0, 0.09523809523809523, 0.06557377049180328, 0.01639344262295082, 0.04918032786885246, 0.0, 0.04918032786885246, 0.0, 0.01639344262295082, 0.0, 0.01639344262295082, 0.01639344262295082, 0.008620689655172414, 0.008620689655172414]"
244.0,5.803488132661921,1.0743067468300247,0.006501429146364875,"[5.55, 5.65, 5.75, 5.85, 5.95, 6.05, 6.15, 6.25, 6.35, 6.45, 6.55, 6.65, 6.75, 6.85, 6.95]","[0.23809523809523808, 0.047619047619047616, 0.19047619047619047, 0.0, 0.09523809523809523, 0.06557377049180328, 0.01639344262295082, 0.04918032786885246, 0.0, 0.04918032786885246, 0.0, 0.012345679012345678, 0.0, 0.012345679012345678, 0.012345679012345678]"
245.0,5.803488132661921,1.0743067468300247,0.003758485594727018,"[5.55, 5.65, 5.75, 5.85, 5.95, 6.05, 6.15, 6.25, 6.35, 6.45, 6.55, 6.65, 6.75, 6.85, 6.95]","[0.23809523809523808, 0.047619047619047616, 0.19047619047619047, 0.0, 0.09523809523809523, 0.06557377049180328, 0.01639344262295082, 0.04918032786885246, 0.0, 0.04918032786885246, 0.0, 0.012345679012345678, 0.0, 0.012345679012345678, 0.012345679012345678]"
246.0,5.273898529417039,0.9776905367632786,0.007026107175213621,"[5.55, 5.65, 5.75, 5.85, 5.95, 6.05, 6.15, 6.25, 6.35, 6.45, 6.55, 6.65, 6.75, 6.85, 6.95, 7.05, 7.15]","[0.23809523809523808, 0.047619047619047616, 0.19047619047619047, 0.0, 0.09523809523809523, 0.06557377049180328, 0.01639344262295082, 0.04918032786885246, 0.0, 0.04918032786885246, 0.0, 0.012345679012345678, 0.0, 0.012345679012345678, 0.012345679012345678, 0.008620689655172414, 0.008620689655172414]"
247.0,5.567406164341328,1.0300389864665247,0.00638785941345622,"[5.55, 5.65, 5.75, 5.85, 5.95, 6.05, 6.15, 6.25, 6.35, 6.45, 6.55, 6.65, 6.75, 6.85, 6.95]","[0.23809523809523808, 0.047619047619047616, 0.19047619047619047, 0.0, 0.09523809523809523, 0.06557377049180328, 0.01639344262295082, 0.04918032786885246, 0.0, 0.04918032786885246, 0.009900990099009901, 0.019801980198019802, 0.0, 0.009900990099009901, 0.009900990099009901]"
248.0,5.171899972891868,0.9577271330205682,0.006904651409415695,"[5.55, 5.65, 5.75, 5.85, 5.95, 6.05, 6.15, 6.25, 6.35, 6.45, 6.55, 6.65, 6.75, 6.85, 6.95, 7.05, 7.15]","[0.23809523809523808, 0.047619047619047616, 0.19047619047619047, 0.0, 0.09523809523809523, 0.06557377049180328, 0.01639344262295082, 0.04918032786885246, 0.0, 0.04918032786885246, 0.009900990099009901, 0.019801980198019802, 0.0, 0.009900990099009901, 0.009900990099009901, 0.008620689655172414, 0.008620689655172414]"
249.0,4.690236322181425,0.8691917769576641,0.017343973186565113,"[5.55, 5.65, 5.75, 5.85, 5.95, 6.05, 6.15, 6.25, 6.35, 6.45, 6.55, 6.65, 6.75, 6.85, 6.95, 7.05, 7.15]","[0.23809523809523808, 0.047619047619047616, 0.19047619047619047, 0.0, 0.09523809523809523, 0.06557377049180328, 0.01639344262295082, 0.04918032786885246, 0.0, 0.04918032786885246, 0.008620689655172414, 0.02586206896551724, 0.008620689655172414, 0.008620689655172414, 0.017241379310344827, 0.008620689655172414, 0.008620689655172414]"
250.0,5.952853137454332,1.1068141586036022,0.011293363133708172,"[5.55, 5.65, 5.75, 5.85, 5.95, 6.05, 6.15, 6.25, 6.35, 6.45, 6.55, 6.65, 6.75, 6.85, 6.95]","[0.23809523809523808, 0.047619047619047616, 0.19047619047619047, 0.0, 0.09523809523809523, 0.04938271604938271, 0.012345679012345678, 0.04938271604938271, 0.0, 0.037037037037037035, 0.0, 0.012345679012345678, 0.0, 0.012345679012345678, 0.012345679012345678]"
251.0,5.952853137454332,1.1068141586036022,0.0053758818123743595,"[5.55, 5.65, 5.75, 5.85, 5.95, 6.05, 6.15, 6.25, 6.35, 6.45, 6.55, 6.65, 6.75, 6.85, 6.95]","[0.23809523809523808, 0.047619047619047616, 0.19047619047619047, 0.0, 0.09523809523809523, 0.04938271604938271, 0.012345679012345678, 0.04938271604938271, 0.0, 0.037037037037037035, 0.0, 0.012345679012345678, 0.0, 0.012345679012345678, 0.012345679012345678]"
252.0,5.311796822241464,0.9906664995364935,0.013224713782941155,"[5.55, 5.65, 5.75, 5.85, 5.95, 6.05, 6.15, 6.25, 6.35, 6.45, 6.55, 6.65, 6.75, 6.85, 6.95, 7.05, 7.15]","[0.23809523809523808, 0.047619047619047616, 0.19047619047619047, 0.0, 0.09523809523809523, 0.04938271604938271, 0.012345679012345678, 0.04938271604938271, 0.0, 0.037037037037037035, 0.0, 0.012345679012345678, 0.0, 0.012345679012345678, 0.012345679012345678, 0.008620689655172414, 0.008620689655172414]"
253.0,5.658340512245532,1.0521903910340864,0.006217294336344613,"[5.55, 5.65, 5.75, 5.85, 5.95, 6.05, 6.15, 6.25, 6.35, 6.45, 6.55, 6.65, 6.75, 6.85, 6.95]","[0.23809523809523808, 0.047619047619047616, 0.19047619047619047, 0.0, 0.09523809523809523, 0.04938271604938271, 0.012345679012345678, 0.04938271604938271, 0.0, 0.037037037037037035, 0.009900990099009901, 0.019801980198019802, 0.0, 0.009900990099009901, 0.009900990099009901]"
254.0,5.17426337465083,0.964328516579606,0.0072378582709595185,"[5.55, 5.65, 5.75, 5.85, 5.95, 6.05, 6.15, 6.25, 6.35, 6.45, 6.55, 6.65, 6.75, 6.85, 6.95, 7.05, 7.15]","[0.23809523809523808, 0.047619047619047616, 0.19047619047619047, 0.0, 0.09523809523809523, 0.04938271604938271, 0.012345679012345678, 0.04938271604938271, 0.0, 0.037037037037037035, 0.009900990099009901, 0.019801980198019802, 0.0, 0.009900990099009901, 0.009900990099009901, 0.008620689655172414, 0.008620689655172414]"
255.0,4.638919075111934,0.8664711697967814,0.016568916663396587,"[5.55, 5.65, 5.75, 5.85, 5.95, 6.05, 6.15, 6.25, 6.35, 6.45, 6.55, 6.65, 6.75, 6.85, 6.95, 7.05, 7.15]","[0.23809523809523808, 0.047619047619047616, 0.19047619047619047, 0.0, 0.09523809523809523, 0.04938271604938271, 0.012345679012345678, 0.04938271604938271, 0.0, 0.037037037037037035, 0.008620689655172414, 0.02586206896551724, 0.008620689655172414, 0.008620689655172414, 0.017241379310344827, 0.008620689655172414, 0.008620689655172414]"
256.0,5.617596031634958,1.040939988657316,0.010878322835504411,"[5.55, 5.65, 5.75, 5.85, 5.95, 6.05, 6.15, 6.25, 6.35, 6.45, 6.55, 6.65, 6.75, 6.85, 6.95]","[0.23809523809523808, 0.047619047619047616, 0.19047619047619047, 0.0, 0.09523809523809523, 0.0594059405940594, 0.019801980198019802, 0.04950495049504951, 0.0, 0.039603960396039604, 0.009900990099009901, 0.019801980198019802, 0.0, 0.009900990099009901, 0.009900990099009901]"
257.0,5.198148671883538,0.9649519751558897,0.01287081922167361,"[5.55, 5.65, 5.75, 5.85, 5.95, 6.05, 6.15, 6.25, 6.35, 6.45, 6.55, 6.65, 6.75, 6.85, 6.95, 7.05, 7.15]","[0.23809523809523808, 0.047619047619047616, 0.19047619047619047, 0.0, 0.09523809523809523, 0.0594059405940594, 0.019801980198019802, 0.04950495049504951, 0.0, 0.039603960396039604, 0.009900990099009901, 0.019801980198019802, 0.0, 0.009900990099009901, 0.009900990099009901, 0.008620689655172414, 0.008620689655172414]"
258.0,4.694921617481546,0.8734258258708628,0.016357488332867993,"[5.55, 5.65, 5.75, 5.85, 5.95, 6.05, 6.15, 6.25, 6.35, 6.45, 6.55, 6.65, 6.75, 6.85, 6.95, 7.05, 7.15]","[0.23809523809523808, 0.047619047619047616, 0.19047619047619047, 0.0, 0.09523809523809523, 0.0594059405940594, 0.019801980198019802, 0.04950495049504951, 0.0, 0.039603960396039604, 0.008620689655172414, 0.02586206896551724, 0.008620689655172414, 0.008620689655172414, 0.017241379310344827, 0.008620689655172414, 0.008620689655172414]"
259.0,4.747501175176064,0.8769871777920147,0.03784402073159769,"[5.55, 5.65, 5.75, 5.85, 5.95, 6.05, 6.15, 6.25, 6.35, 6.45, 6.55, 6.65, 6.75, 6.85, 6.95, 7.05, 7.15]","[0.23809523809523808, 0.047619047619047616, 0.19047619047619047, 0.0, 0.09523809523809523, 0.06896551724137931, 0.02586206896551724, 0.05172413793103448, 0.017241379310344827, 0.034482758620689655, 0.008620689655172414, 0.02586206896551724, 0.008620689655172414, 0.008620689655172414, 0.017241379310344827, 0.008620689655172414, 0.008620689655172414]"
260.0,6.158603614771641,1.1393159078493582,0.01601902171253318,"[5.55, 5.65, 5.75, 5.85, 5.95, 6.05, 6.15, 6.25, 6.35, 6.45, 6.55, 6.65, 6.75, 6.85]","[0.17073170731707318, 0.17073170731707318, 0.14634146341463414, 0.024390243902439025, 0.0975609756097561, 0.04878048780487805, 0.0, 0.04878048780487805, 0.0, 0.024390243902439025, 0.0, 0.024390243902439025, 0.0, 0.024390243902439025]"
261.0,6.158603614771641,1.1393159078493582,0.00983179832731602,"[5.55, 5.65, 5.75, 5.85, 5.95, 6.05, 6.15, 6.25, 6.35, 6.45, 6.55, 6.65, 6.75, 6.85]","[0.17073170731707318, 0.17073170731707318, 0.14634146341463414, 0.024390243902439025, 0.0975609756097561, 0.04878048780487805, 0.0, 0.04878048780487805, 0.0, 0.024390243902439025, 0.0, 0.024390243902439025, 0.0, 0.024390243902439025]"
262.0,6.158603614771641,1.1393159078493582,0.00983179832731602,"[5.55, 5.65, 5.75, 5.85, 5.95, 6.05, 6.15, 6.25, 6.35, 6.45, 6.55, 6.65, 6.75, 6.85]","[0.17073170731707318, 0.17073170731707318, 0.14634146341463414, 0.024390243902439025, 0.0975609756097561, 0.04878048780487805, 0.0, 0.04878048780487805, 0.0, 0.024390243902439025, 0.0, 0.024390243902439025, 0.0, 0.024390243902439025]"
263.0,6.158603614771641,1.1393159078493582,0.00983179832731602,"[5.55, 5.65, 5.75, 5.85, 5.95, 6.05, 6.15, 6.25, 6.35, 6.45, 6.55, 6.65, 6.75, 6.85]","[0.17073170731707318, 0.17073170731707318, 0.14634146341463414, 0.024390243902439025, 0.0975609756097561, 0.04878048780487805, 0.0, 0.04878048780487805, 0.0, 0.024390243902439025, 0.0, 0.024390243902439025, 0.0, 0.024390243902439025]"
264.0,5.510273108747127,1.0182694973785889,0.02117640737380163,"[5.55, 5.65, 5.75, 5.85, 5.95, 6.05, 6.15, 6.25, 6.35, 6.45, 6.55, 6.65, 6.75, 6.85, 6.95, 7.05, 7.15]","[0.17073170731707318, 0.17073170731707318, 0.14634146341463414, 0.024390243902439025, 0.0975609756097561, 0.04878048780487805, 0.0, 0.04878048780487805, 0.0, 0.024390243902439025, 0.0, 0.024390243902439025, 0.0, 0.024390243902439025, 0.0, 0.008620689655172414, 0.008620689655172414]"
265.0,6.054820086906955,1.1201490103184297,0.008172549550472974,"[5.55, 5.65, 5.75, 5.85, 5.95, 6.05, 6.15, 6.25, 6.35, 6.45, 6.55, 6.65, 6.75, 6.85, 6.95]","[0.17073170731707318, 0.17073170731707318, 0.14634146341463414, 0.024390243902439025, 0.0975609756097561, 0.04878048780487805, 0.0, 0.04878048780487805, 0.0, 0.024390243902439025, 0.0, 0.01639344262295082, 0.0, 0.01639344262295082, 0.01639344262295082]"
266.0,6.054820086906955,1.1201490103184297,0.004846181234905401,"[5.55, 5.65, 5.75, 5.85, 5.95, 6.05, 6.15, 6.25, 6.35, 6.45, 6.55, 6.65, 6.75, 6.85, 6.95]","[0.17073170731707318, 0.17073170731707318, 0.14634146341463414, 0.024390243902439025, 0.0975609756097561, 0.04878048780487805, 0.0, 0.04878048780487805, 0.0, 0.024390243902439025, 0.0, 0.01639344262295082, 0.0, 0.01639344262295082, 0.01639344262295082]"
267.0,6.054820086906955,1.1201490103184297,0.004846181234905401,"[5.55, 5.65, 5.75, 5.85, 5.95, 6.05, 6.15, 6.25, 6.35, 6.45, 6.55, 6.65, 6.75, 6.85, 6.95]","[0.17073170731707318, 0.17073170731707318, 0.14634146341463414, 0.024390243902439025, 0.0975609756097561, 0.04878048780487805, 0.0, 0.04878048780487805, 0.0, 0.024390243902439025, 0.0, 0.01639344262295082, 0.0, 0.01639344262295082, 0.01639344262295082]"
268.0,5.437749353311452,1.0054148094043807,0.008737702519338636,"[5.55, 5.65, 5.75, 5.85, 5.95, 6.05, 6.15, 6.25, 6.35, 6.45, 6.55, 6.65, 6.75, 6.85, 6.95, 7.05, 7.15]","[0.17073170731707318, 0.17073170731707318, 0.14634146341463414, 0.024390243902439025, 0.0975609756097561, 0.04878048780487805, 0.0, 0.04878048780487805, 0.0, 0.024390243902439025, 0.0, 0.01639344262295082, 0.0, 0.01639344262295082, 0.01639344262295082, 0.008620689655172414, 0.008620689655172414]"
269.0,6.4477201492065515,1.1931153390454965,0.008585437564855603,"[5.55, 5.65, 5.75, 5.85, 5.95, 6.05, 6.15, 6.25, 6.35, 6.45, 6.55, 6.65, 6.75, 6.85, 6.95]","[0.17073170731707318, 0.17073170731707318, 0.14634146341463414, 0.024390243902439025, 0.0975609756097561, 0.04878048780487805, 0.0, 0.04878048780487805, 0.0, 0.024390243902439025, 0.0, 0.012345679012345678, 0.0, 0.012345679012345678, 0.012345679012345678]"
270.0,6.4477201492065515,1.1931153390454965,0.004287346137700157,"[5.55, 5.65, 5.75, 5.85, 5.95, 6.05, 6.15, 6.25, 6.35, 6.45, 6.55, 6.65, 6.75, 6.85, 6.95]","[0.17073170731707318, 0.17073170731707318, 0.14634146341463414, 0.024390243902439025, 0.0975609756097561, 0.04878048780487805, 0.0, 0.04878048780487805, 0.0, 0.024390243902439025, 0.0, 0.012345679012345678, 0.0, 0.012345679012345678, 0.012345679012345678]"
271.0,5.746424889926054,1.0632849119308891,0.007582263444917738,"[5.55, 5.65, 5.75, 5.85, 5.95, 6.05, 6.15, 6.25, 6.35, 6.45, 6.55, 6.65, 6.75, 6.85, 6.95, 7.05, 7.15]","[0.17073170731707318, 0.17073170731707318, 0.14634146341463414, 0.024390243902439025, 0.0975609756097561, 0.04878048780487805, 0.0, 0.04878048780487805, 0.0, 0.024390243902439025, 0.0, 0.012345679012345678, 0.0, 0.012345679012345678, 0.012345679012345678, 0.008620689655172414, 0.008620689655172414]"
272.0,6.063550473022072,1.1211781091906148,0.007215173384664235,"[5.55, 5.65, 5.75, 5.85, 5.95, 6.05, 6.15, 6.25, 6.35, 6.45, 6.55, 6.65, 6.75, 6.85, 6.95]","[0.17073170731707318, 0.17073170731707318, 0.14634146341463414, 0.024390243902439025, 0.0975609756097561, 0.04878048780487805, 0.0, 0.04878048780487805, 0.0, 0.024390243902439025, 0.009900990099009901, 0.019801980198019802, 0.0, 0.009900990099009901, 0.009900990099009901]"
273.0,5.565584042412917,1.0287608737252163,0.00698068445884371,"[5.55, 5.65, 5.75, 5.85, 5.95, 6.05, 6.15, 6.25, 6.35, 6.45, 6.55, 6.65, 6.75, 6.85, 6.95, 7.05, 7.15]","[0.17073170731707318, 0.17073170731707318, 0.14634146341463414, 0.024390243902439025, 0.0975609756097561, 0.04878048780487805, 0.0, 0.04878048780487805, 0.0, 0.024390243902439025, 0.009900990099009901, 0.019801980198019802, 0.0, 0.009900990099009901, 0.009900990099009901, 0.008620689655172414, 0.008620689655172414]"
274.0,5.053243164711283,0.933143673372153,0.024156942026236583,"[5.55, 5.65, 5.75, 5.85, 5.95, 6.05, 6.15, 6.25, 6.35, 6.45, 6.55, 6.65, 6.75, 6.85, 6.95, 7.05, 7.15]","[0.17073170731707318, 0.17073170731707318, 0.14634146341463414, 0.024390243902439025, 0.0975609756097561, 0.04878048780487805, 0.0, 0.04878048780487805, 0.0, 0.024390243902439025, 0.008620689655172414, 0.02586206896551724, 0.008620689655172414, 0.008620689655172414, 0.017241379310344827, 0.008620689655172414, 0.008620689655172414]"
275.0,5.564240024695265,1.0259511256207476,0.0126280720084823,"[5.55, 5.65, 5.75, 5.85, 5.95, 6.05, 6.15, 6.25, 6.35, 6.45, 6.55, 6.65, 6.75, 6.85, 6.95]","[0.17073170731707318, 0.17073170731707318, 0.14634146341463414, 0.024390243902439025, 0.0975609756097561, 0.06557377049180328, 0.01639344262295082, 0.04918032786885246, 0.0, 0.04918032786885246, 0.0, 0.01639344262295082, 0.0, 0.01639344262295082, 0.01639344262295082]"
276.0,5.564240024695265,1.0259511256207476,0.005809310578094366,"[5.55, 5.65, 5.75, 5.85, 5.95, 6.05, 6.15, 6.25, 6.35, 6.45, 6.55, 6.65, 6.75, 6.85, 6.95]","[0.17073170731707318, 0.17073170731707318, 0.14634146341463414, 0.024390243902439025, 0.0975609756097561, 0.06557377049180328, 0.01639344262295082, 0.04918032786885246, 0.0, 0.04918032786885246, 0.0, 0.01639344262295082, 0.0, 0.01639344262295082, 0.01639344262295082]"
277.0,5.564240024695265,1.0259511256207476,0.005809310578094366,"[5.55, 5.65, 5.75, 5.85, 5.95, 6.05, 6.15, 6.25, 6.35, 6.45, 6.55, 6.65, 6.75, 6.85, 6.95]","[0.17073170731707318, 0.17073170731707318, 0.14634146341463414, 0.024390243902439025, 0.0975609756097561, 0.06557377049180328, 0.01639344262295082, 0.04918032786885246, 0.0, 0.04918032786885246, 0.0, 0.01639344262295082, 0.0, 0.01639344262295082, 0.01639344262295082]"
278.0,5.198388687761231,0.957695888495454,0.01491737640272177,"[5.55, 5.65, 5.75, 5.85, 5.95, 6.05, 6.15, 6.25, 6.35, 6.45, 6.55, 6.65, 6.75, 6.85, 6.95, 7.05, 7.15]","[0.17073170731707318, 0.17073170731707318, 0.14634146341463414, 0.024390243902439025, 0.0975609756097561, 0.06557377049180328, 0.01639344262295082, 0.04918032786885246, 0.0, 0.04918032786885246, 0.0, 0.01639344262295082, 0.0, 0.01639344262295082, 0.01639344262295082, 0.008620689655172414, 0.008620689655172414]"
279.0,5.939678724556908,1.0955264128416837,0.006482056346335583,"[5.55, 5.65, 5.75, 5.85, 5.95, 6.05, 6.15, 6.25, 6.35, 6.45, 6.55, 6.65, 6.75, 6.85, 6.95]","[0.17073170731707318, 0.17073170731707318, 0.14634146341463414, 0.024390243902439025, 0.0975609756097561, 0.06557377049180328, 0.01639344262295082, 0.04918032786885246, 0.0, 0.04918032786885246, 0.0, 0.012345679012345678, 0.0, 0.012345679012345678, 0.012345679012345678]"
280.0,5.939678724556908,1.0955264128416837,0.003746697561769425,"[5.55, 5.65, 5.75, 5.85, 5.95, 6.05, 6.15, 6.25, 6.35, 6.45, 6.55, 6.65, 6.75, 6.85, 6.95]","[0.17073170731707318, 0.17073170731707318, 0.14634146341463414, 0.024390243902439025, 0.0975609756097561, 0.06557377049180328, 0.01639344262295082, 0.04918032786885246, 0.0, 0.04918032786885246, 0.0, 0.012345679012345678, 0.0, 0.012345679012345678, 0.012345679012345678]"
281.0,5.489659098442645,1.012142495662454,0.006162202493293792,"[5.55, 5.65, 5.75, 5.85, 5.95, 6.05, 6.15, 6.25, 6.35, 6.45, 6.55, 6.65, 6.75, 6.85, 6.95, 7.05, 7.15]","[0.17073170731707318, 0.17073170731707318, 0.14634146341463414, 0.024390243902439025, 0.0975609756097561, 0.06557377049180328, 0.01639344262295082, 0.04918032786885246, 0.0, 0.04918032786885246, 0.0, 0.012345679012345678, 0.0, 0.012345679012345678, 0.012345679012345678, 0.008620689655172414, 0.008620689655172414]"
282.0,5.716200770057144,1.0535749746509084,0.006244952777362238,"[5.55, 5.65, 5.75, 5.85, 5.95, 6.05, 6.15, 6.25, 6.35, 6.45, 6.55, 6.65, 6.75, 6.85, 6.95]","[0.17073170731707318, 0.17073170731707318, 0.14634146341463414, 0.024390243902439025, 0.0975609756097561, 0.06557377049180328, 0.01639344262295082, 0.04918032786885246, 0.0, 0.04918032786885246, 0.009900990099009901, 0.019801980198019802, 0.0, 0.009900990099009901, 0.009900990099009901]"
283.0,5.37709695259106,0.9905338712020649,0.006646796972085074,"[5.55, 5.65, 5.75, 5.85, 5.95, 6.05, 6.15, 6.25, 6.35, 6.45, 6.55, 6.65, 6.75, 6.85, 6.95, 7.05, 7.15]","[0.17073170731707318, 0.17073170731707318, 0.14634146341463414, 0.024390243902439025, 0.0975609756097561, 0.06557377049180328, 0.01639344262295082, 0.04918032786885246, 0.0, 0.04918032786885246, 0.009900990099009901, 0.019801980198019802, 0.0, 0.009900990099009901, 0.009900990099009901, 0.008620689655172414, 0.008620689655172414]"
284.0,4.9468823187380515,0.9105933981233004,0.01660900832351112,"[5.55, 5.65, 5.75, 5.85, 5.95, 6.05, 6.15, 6.25, 6.35, 6.45, 6.55, 6.65, 6.75, 6.85, 6.95, 7.05, 7.15]","[0.17073170731707318, 0.17073170731707318, 0.14634146341463414, 0.024390243902439025, 0.0975609756097561, 0.06557377049180328, 0.01639344262295082, 0.04918032786885246, 0.0, 0.04918032786885246, 0.008620689655172414, 0.02586206896551724, 0.008620689655172414, 0.008620689655172414, 0.017241379310344827, 0.008620689655172414, 0.008620689655172414]"
285.0,6.176704997609897,1.1424662576753661,0.011643640264596257,"[5.55, 5.65, 5.75, 5.85, 5.95, 6.05, 6.15, 6.25, 6.35, 6.45, 6.55, 6.65, 6.75, 6.85, 6.95]","[0.17073170731707318, 0.17073170731707318, 0.14634146341463414, 0.024390243902439025, 0.0975609756097561, 0.04938271604938271, 0.012345679012345678, 0.04938271604938271, 0.0, 0.037037037037037035, 0.0, 0.012345679012345678, 0.0, 0.012345679012345678, 0.012345679012345678]"
286.0,6.176704997609897,1.1424662576753661,0.0056463163015595735,"[5.55, 5.65, 5.75, 5.85, 5.95, 6.05, 6.15, 6.25, 6.35, 6.45, 6.55, 6.65, 6.75, 6.85, 6.95]","[0.17073170731707318, 0.17073170731707318, 0.14634146341463414, 0.024390243902439025, 0.0975609756097561, 0.04938271604938271, 0.012345679012345678, 0.04938271604938271, 0.0, 0.037037037037037035, 0.0, 0.012345679012345678, 0.0, 0.012345679012345678, 0.012345679012345678]"
287.0,5.63671464958418,1.04311709597737,0.012204590647633974,"[5.55, 5.65, 5.75, 5.85, 5.95, 6.05, 6.15, 6.25, 6.35, 6.45, 6.55, 6.65, 6.75, 6.85, 6.95, 7.05, 7.15]","[0.17073170731707318, 0.17073170731707318, 0.14634146341463414, 0.024390243902439025, 0.0975609756097561, 0.04938271604938271, 0.012345679012345678, 0.04938271604938271, 0.0, 0.037037037037037035, 0.0, 0.012345679012345678, 0.0, 0.012345679012345678, 0.012345679012345678, 0.008620689655172414, 0.008620689655172414]"
288.0,5.904569301297805,1.0917653516824934,0.006084994544870136,"[5.55, 5.65, 5.75, 5.85, 5.95, 6.05, 6.15, 6.25, 6.35, 6.45, 6.55, 6.65, 6.75, 6.85, 6.95]","[0.17073170731707318, 0.17073170731707318, 0.14634146341463414, 0.024390243902439025, 0.0975609756097561, 0.04938271604938271, 0.012345679012345678, 0.04938271604938271, 0.0, 0.037037037037037035, 0.009900990099009901, 0.019801980198019802, 0.0, 0.009900990099009901, 0.009900990099009901]"
289.0,5.4907256494870635,1.0154353628695953,0.0066036950683559205,"[5.55, 5.65, 5.75, 5.85, 5.95, 6.05, 6.15, 6.25, 6.35, 6.45, 6.55, 6.65, 6.75, 6.85, 6.95, 7.05, 7.15]","[0.17073170731707318, 0.17073170731707318, 0.14634146341463414, 0.024390243902439025, 0.0975609756097561, 0.04938271604938271, 0.012345679012345678, 0.04938271604938271, 0.0, 0.037037037037037035, 0.009900990099009901, 0.019801980198019802, 0.0, 0.009900990099009901, 0.009900990099009901, 0.008620689655172414, 0.008620689655172414]"
290.0,5.018554823750754,0.9281370893354106,0.014518789563182583,"[5.55, 5.65, 5.75, 5.85, 5.95, 6.05, 6.15, 6.25, 6.35, 6.45, 6.55, 6.65, 6.75, 6.85, 6.95, 7.05, 7.15]","[0.17073170731707318, 0.17073170731707318, 0.14634146341463414, 0.024390243902439025, 0.0975609756097561, 0.04938271604938271, 0.012345679012345678, 0.04938271604938271, 0.0, 0.037037037037037035, 0.008620689655172414, 0.02586206896551724, 0.008620689655172414, 0.008620689655172414, 0.017241379310344827, 0.008620689655172414, 0.008620689655172414]"
291.0,5.802484623777146,1.0707941144206368,0.011388065164551715,"[5.55, 5.65, 5.75, 5.85, 5.95, 6.05, 6.15, 6.25, 6.35, 6.45, 6.55, 6.65, 6.75, 6.85, 6.95]","[0.17073170731707318, 0.17073170731707318, 0.14634146341463414, 0.024390243902439025, 0.0975609756097561, 0.0594059405940594, 0.019801980198019802, 0.04950495049504951, 0.0, 0.039603960396039604, 0.009900990099009901, 0.019801980198019802, 0.0, 0.009900990099009901, 0.009900990099009901]"
292.0,5.449350169745984,1.0057307219417941,0.012493207053495234,"[5.55, 5.65, 5.75, 5.85, 5.95, 6.05, 6.15, 6.25, 6.35, 6.45, 6.55, 6.65, 6.75, 6.85, 6.95, 7.05, 7.15]","[0.17073170731707318, 0.17073170731707318, 0.14634146341463414, 0.024390243902439025, 0.0975609756097561, 0.0594059405940594, 0.019801980198019802, 0.04950495049504951, 0.0, 0.039603960396039604, 0.009900990099009901, 0.019801980198019802, 0.0, 0.009900990099009901, 0.009900990099009901, 0.008620689655172414, 0.008620689655172414]"
293.0,5.012519907926732,0.9252773798831082,0.01479814395361817,"[5.55, 5.65, 5.75, 5.85, 5.95, 6.05, 6.15, 6.25, 6.35, 6.45, 6.55, 6.65, 6.75, 6.85, 6.95, 7.05, 7.15]","[0.17073170731707318, 0.17073170731707318, 0.14634146341463414, 0.024390243902439025, 0.0975609756097561, 0.0594059405940594, 0.019801980198019802, 0.04950495049504951, 0.0, 0.039603960396039604, 0.008620689655172414, 0.02586206896551724, 0.008620689655172414, 0.008620689655172414, 0.017241379310344827, 0.008620689655172414, 0.008620689655172414]"
294.0,4.95684487868993,0.911270006879057,0.039750285294017744,"[5.55, 5.65, 5.75, 5.85, 5.95, 6.05, 6.15, 6.25, 6.35, 6.45, 6.55, 6.65, 6.75, 6.85, 6.95, 7.05, 7.15]","[0.17073170731707318, 0.17073170731707318, 0.14634146341463414, 0.024390243902439025, 0.0975609756097561, 0.06896551724137931, 0.02586206896551724, 0.05172413793103448, 0.017241379310344827, 0.034482758620689655, 0.008620689655172414, 0.02586206896551724, 0.008620689655172414, 0.008620689655172414, 0.017241379310344827, 0.008620689655172414, 0.008620689655172414]"
295.0,5.572361495610254,1.0199096915663308,0.022862244258006776,"[5.55, 5.65, 5.75, 5.85, 5.95, 6.05, 6.15, 6.25, 6.35, 6.45, 6.55, 6.65, 6.75, 6.85, 6.95]","[0.16393442622950818, 0.18032786885245902, 0.13114754098360656, 0.08196721311475409, 0.13114754098360656, 0.06557377049180328, 0.01639344262295082, 0.04918032786885246, 0.0, 0.04918032786885246, 0.0, 0.01639344262295082, 0.0, 0.01639344262295082, 0.01639344262295082]"
296.0,5.572361495610254,1.0199096915663308,0.013428088734144306,"[5.55, 5.65, 5.75, 5.85, 5.95, 6.05, 6.15, 6.25, 6.35, 6.45, 6.55, 6.65, 6.75, 6.85, 6.95]","[0.16393442622950818, 0.18032786885245902, 0.13114754098360656, 0.08196721311475409, 0.13114754098360656, 0.06557377049180328, 0.01639344262295082, 0.04918032786885246, 0.0, 0.04918032786885246, 0.0, 0.01639344262295082, 0.0, 0.01639344262295082, 0.01639344262295082]"
297.0,5.572361495610254,1.0199096915663308,0.013428088734144306,"[5.55, 5.65, 5.75, 5.85, 5.95, 6.05, 6.15, 6.25, 6.35, 6.45, 6.55, 6.65, 6.75, 6.85, 6.95]","[0.16393442622950818, 0.18032786885245902, 0.13114754098360656, 0.08196721311475409, 0.13114754098360656, 0.06557377049180328, 0.01639344262295082, 0.04918032786885246, 0.0, 0.04918032786885246, 0.0, 0.01639344262295082, 0.0, 0.01639344262295082, 0.01639344262295082]"
298.0,5.309138735630861,0.9701946081939787,0.029639973151922936,"[5.55, 5.65, 5.75, 5.85, 5.95, 6.05, 6.15, 6.25, 6.35, 6.45, 6.55, 6.65, 6.75, 6.85, 6.95, 7.05, 7.15]","[0.16393442622950818, 0.18032786885245902, 0.13114754098360656, 0.08196721311475409, 0.13114754098360656, 0.06557377049180328, 0.01639344262295082, 0.04918032786885246, 0.0, 0.04918032786885246, 0.0, 0.01639344262295082, 0.0, 0.01639344262295082, 0.01639344262295082, 0.008620689655172414, 0.008620689655172414]"
299.0,5.924335209697889,1.0854434879068777,0.014232044146677383,"[5.55, 5.65, 5.75, 5.85, 5.95, 6.05, 6.15, 6.25, 6.35, 6.45, 6.55, 6.65, 6.75, 6.85, 6.95]","[0.16393442622950818, 0.18032786885245902, 0.13114754098360656, 0.08196721311475409, 0.13114754098360656, 0.06557377049180328, 0.01639344262295082, 0.04918032786885246, 0.0, 0.04918032786885246, 0.0, 0.012345679012345678, 0.0, 0.012345679012345678, 0.012345679012345678]"
300.0,5.924335209697889,1.0854434879068777,0.007291044667402912,"[5.55, 5.65, 5.75, 5.85, 5.95, 6.05, 6.15, 6.25, 6.35, 6.45, 6.55, 6.65, 6.75, 6.85, 6.95]","[0.16393442622950818, 0.18032786885245902, 0.13114754098360656, 0.08196721311475409, 0.13114754098360656, 0.06557377049180328, 0.01639344262295082, 0.04918032786885246, 0.0, 0.04918032786885246, 0.0, 0.012345679012345678, 0.0, 0.012345679012345678, 0.012345679012345678]"
301.0,5.585636725331456,1.0220444475296868,0.013830326017521625,"[5.55, 5.65, 5.75, 5.85, 5.95, 6.05, 6.15, 6.25, 6.35, 6.45, 6.55, 6.65, 6.75, 6.85, 6.95, 7.05, 7.15]","[0.16393442622950818, 0.18032786885245902, 0.13114754098360656, 0.08196721311475409, 0.13114754098360656, 0.06557377049180328, 0.01639344262295082, 0.04918032786885246, 0.0, 0.04918032786885246, 0.0, 0.012345679012345678, 0.0, 0.012345679012345678, 0.012345679012345678, 0.008620689655172414, 0.008620689655172414]"
302.0,5.757374862954076,1.054010715117408,0.013759326213563993,"[5.55, 5.65, 5.75, 5.85, 5.95, 6.05, 6.15, 6.25, 6.35, 6.45, 6.55, 6.65, 6.75, 6.85, 6.95]","[0.16393442622950818, 0.18032786885245902, 0.13114754098360656, 0.08196721311475409, 0.13114754098360656, 0.06557377049180328, 0.01639344262295082, 0.04918032786885246, 0.0, 0.04918032786885246, 0.009900990099009901, 0.019801980198019802, 0.0, 0.009900990099009901, 0.009900990099009901]"
303.0,5.496467667249036,1.004959755459071,0.013685483527146812,"[5.55, 5.65, 5.75, 5.85, 5.95, 6.05, 6.15, 6.25, 6.35, 6.45, 6.55, 6.65, 6.75, 6.85, 6.95, 7.05, 7.15]","[0.16393442622950818, 0.18032786885245902, 0.13114754098360656, 0.08196721311475409, 0.13114754098360656, 0.06557377049180328, 0.01639344262295082, 0.04918032786885246, 0.0, 0.04918032786885246, 0.009900990099009901, 0.019801980198019802, 0.0, 0.009900990099009901, 0.009900990099009901, 0.008620689655172414, 0.008620689655172414]"
304.0,5.123804195935117,0.9353937431979034,0.03934868464207424,"[5.55, 5.65, 5.75, 5.85, 5.95, 6.05, 6.15, 6.25, 6.35, 6.45, 6.55, 6.65, 6.75, 6.85, 6.95, 7.05, 7.15]","[0.16393442622950818, 0.18032786885245902, 0.13114754098360656, 0.08196721311475409, 0.13114754098360656, 0.06557377049180328, 0.01639344262295082, 0.04918032786885246, 0.0, 0.04918032786885246, 0.008620689655172414, 0.02586206896551724, 0.008620689655172414, 0.008620689655172414, 0.017241379310344827, 0.008620689655172414, 0.008620689655172414]"
305.0,6.195364121052307,1.1381283530348532,0.014827612679453678,"[5.55, 5.65, 5.75, 5.85, 5.95, 6.05, 6.15, 6.25, 6.35, 6.45, 6.55, 6.65, 6.75, 6.85, 6.95]","[0.16393442622950818, 0.18032786885245902, 0.13114754098360656, 0.08196721311475409, 0.13114754098360656, 0.04938271604938271, 0.012345679012345678, 0.04938271604938271, 0.0, 0.037037037037037035, 0.0, 0.012345679012345678, 0.0, 0.012345679012345678, 0.012345679012345678]"
306.0,6.195364121052307,1.1381283530348532,0.007225330450232343,"[5.55, 5.65, 5.75, 5.85, 5.95, 6.05, 6.15, 6.25, 6.35, 6.45, 6.55, 6.65, 6.75, 6.85, 6.95]","[0.16393442622950818, 0.18032786885245902, 0.13114754098360656, 0.08196721311475409, 0.13114754098360656, 0.04938271604938271, 0.012345679012345678, 0.04938271604938271, 0.0, 0.037037037037037035, 0.0, 0.012345679012345678, 0.0, 0.012345679012345678, 0.012345679012345678]"
307.0,5.77656769609125,1.0603573646422941,0.014256447056047871,"[5.55, 5.65, 5.75, 5.85, 5.95, 6.05, 6.15, 6.25, 6.35, 6.45, 6.55, 6.65, 6.75, 6.85, 6.95, 7.05, 7.15]","[0.16393442622950818, 0.18032786885245902, 0.13114754098360656, 0.08196721311475409, 0.13114754098360656, 0.04938271604938271, 0.012345679012345678, 0.04938271604938271, 0.0, 0.037037037037037035, 0.0, 0.012345679012345678, 0.0, 0.012345679012345678, 0.012345679012345678, 0.008620689655172414, 0.008620689655172414]"
308.0,5.983934811890425,1.0985990383303876,0.00716200911775172,"[5.55, 5.65, 5.75, 5.85, 5.95, 6.05, 6.15, 6.25, 6.35, 6.45, 6.55, 6.65, 6.75, 6.85, 6.95]","[0.16393442622950818, 0.18032786885245902, 0.13114754098360656, 0.08196721311475409, 0.13114754098360656, 0.04938271604938271, 0.012345679012345678, 0.04938271604938271, 0.0, 0.037037037037037035, 0.009900990099009901, 0.019801980198019802, 0.0, 0.009900990099009901, 0.009900990099009901]"
309.0,5.656094522454045,1.0375255704477147,0.007395872462408026,"[5.55, 5.65, 5.75, 5.85, 5.95, 6.05, 6.15, 6.25, 6.35, 6.45, 6.55, 6.65, 6.75, 6.85, 6.95, 7.05, 7.15]","[0.16393442622950818, 0.18032786885245902, 0.13114754098360656, 0.08196721311475409, 0.13114754098360656, 0.04938271604938271, 0.012345679012345678, 0.04938271604938271, 0.0, 0.037037037037037035, 0.009900990099009901, 0.019801980198019802, 0.0, 0.009900990099009901, 0.009900990099009901, 0.008620689655172414, 0.008620689655172414]"
310.0,5.248078073829776,0.9616937429722693,0.016211334883706734,"[5.55, 5.65, 5.75, 5.85, 5.95, 6.05, 6.15, 6.25, 6.35, 6.45, 6.55, 6.65, 6.75, 6.85, 6.95, 7.05, 7.15]","[0.16393442622950818, 0.18032786885245902, 0.13114754098360656, 0.08196721311475409, 0.13114754098360656, 0.04938271604938271, 0.012345679012345678, 0.04938271604938271, 0.0, 0.037037037037037035, 0.008620689655172414, 0.02586206896551724, 0.008620689655172414, 0.008620689655172414, 0.017241379310344827, 0.008620689655172414, 0.008620689655172414]"
311.0,5.894810731605257,1.080893846226237,0.0144088169335857,"[5.55, 5.65, 5.75, 5.85, 5.95, 6.05, 6.15, 6.25, 6.35, 6.45, 6.55, 6.65, 6.75, 6.85, 6.95]","[0.16393442622950818, 0.18032786885245902, 0.13114754098360656, 0.08196721311475409, 0.13114754098360656, 0.0594059405940594, 0.019801980198019802, 0.04950495049504951, 0.0, 0.039603960396039604, 0.009900990099009901, 0.019801980198019802, 0.0, 0.009900990099009901, 0.009900990099009901]"
312.0,5.611405346731928,1.0281140846213712,0.014458985951837129,"[5.55, 5.65, 5.75, 5.85, 5.95, 6.05, 6.15, 6.25, 6.35, 6.45, 6.55, 6.65, 6.75, 6.85, 6.95, 7.05, 7.15]","[0.16393442622950818, 0.18032786885245902, 0.13114754098360656, 0.08196721311475409, 0.13114754098360656, 0.0594059405940594, 0.019801980198019802, 0.04950495049504951, 0.0, 0.039603960396039604, 0.009900990099009901, 0.019801980198019802, 0.0, 0.009900990099009901, 0.009900990099009901, 0.008620689655172414, 0.008620689655172414]"
313.0,5.232937982641556,0.9579885078520939,0.016318334190617675,"[5.55, 5.65, 5.75, 5.85, 5.95, 6.05, 6.15, 6.25, 6.35, 6.45, 6.55, 6.65, 6.75, 6.85, 6.95, 7.05, 7.15]","[0.16393442622950818, 0.18032786885245902, 0.13114754098360656, 0.08196721311475409, 0.13114754098360656, 0.0594059405940594, 0.019801980198019802, 0.04950495049504951, 0.0, 0.039603960396039604, 0.008620689655172414, 0.02586206896551724, 0.008620689655172414, 0.008620689655172414, 0.017241379310344827, 0.008620689655172414, 0.008620689655172414]"
314.0,5.145360578254727,0.939329855740962,0.05038970317150195,"[5.55, 5.65, 5.75, 5.85, 5.95, 6.05, 6.15, 6.25, 6.35, 6.45, 6.55, 6.65, 6.75, 6.85, 6.95, 7.05, 7.15]","[0.16393442622950818, 0.18032786885245902, 0.13114754098360656, 0.08196721311475409, 0.13114754098360656, 0.06896551724137931, 0.02586206896551724, 0.05172413793103448, 0.017241379310344827, 0.034482758620689655, 0.008620689655172414, 0.02586206896551724, 0.008620689655172414, 0.008620689655172414, 0.017241379310344827, 0.008620689655172414, 0.008620689655172414]"
315.0,6.2388606838761405,1.1481521436451914,0.016279352749943087,"[5.55, 5.65, 5.75, 5.85, 5.95, 6.05, 6.15, 6.25, 6.35, 6.45, 6.55, 6.65, 6.75, 6.85, 6.95]","[0.1728395061728395, 0.18518518518518517, 0.1111111111111111, 0.08641975308641975, 0.09876543209876543, 0.04938271604938271, 0.012345679012345678, 0.04938271604938271, 0.0, 0.037037037037037035, 0.0, 0.012345679012345678, 0.0, 0.012345679012345678, 0.012345679012345678]"
316.0,6.2388606838761405,1.1481521436451914,0.01002446615350384,"[5.55, 5.65, 5.75, 5.85, 5.95, 6.05, 6.15, 6.25, 6.35, 6.45, 6.55, 6.65, 6.75, 6.85, 6.95]","[0.1728395061728395, 0.18518518518518517, 0.1111111111111111, 0.08641975308641975, 0.09876543209876543, 0.04938271604938271, 0.012345679012345678, 0.04938271604938271, 0.0, 0.037037037037037035, 0.0, 0.012345679012345678, 0.0, 0.012345679012345678, 0.012345679012345678]"
317.0,5.814396512752071,1.0690228153947325,0.012463938485119055,"[5.55, 5.65, 5.75, 5.85, 5.95, 6.05, 6.15, 6.25, 6.35, 6.45, 6.55, 6.65, 6.75, 6.85, 6.95, 7.05, 7.15]","[0.1728395061728395, 0.18518518518518517, 0.1111111111111111, 0.08641975308641975, 0.09876543209876543, 0.04938271604938271, 0.012345679012345678, 0.04938271604938271, 0.0, 0.037037037037037035, 0.0, 0.012345679012345678, 0.0, 0.012345679012345678, 0.012345679012345678, 0.008620689655172414, 0.008620689655172414]"
318.0,6.015418415073909,1.1063532332300945,0.010386943816420998,"[5.55, 5.65, 5.75, 5.85, 5.95, 6.05, 6.15, 6.25, 6.35, 6.45, 6.55, 6.65, 6.75, 6.85, 6.95]","[0.1728395061728395, 0.18518518518518517, 0.1111111111111111, 0.08641975308641975, 0.09876543209876543, 0.04938271604938271, 0.012345679012345678, 0.04938271604938271, 0.0, 0.037037037037037035, 0.009900990099009901, 0.019801980198019802, 0.0, 0.009900990099009901, 0.009900990099009901]"
319.0,5.682969931011466,1.0441640118455937,0.009316022120916772,"[5.55, 5.65, 5.75, 5.85, 5.95, 6.05, 6.15, 6.25, 6.35, 6.45, 6.55, 6.65, 6.75, 6.85, 6.95, 7.05, 7.15]","[0.1728395061728395, 0.18518518518518517, 0.1111111111111111, 0.08641975308641975, 0.09876543209876543, 0.04938271604938271, 0.012345679012345678, 0.04938271604938271, 0.0, 0.037037037037037035, 0.009900990099009901, 0.019801980198019802, 0.0, 0.009900990099009901, 0.009900990099009901, 0.008620689655172414, 0.008620689655172414]"
320.0,5.275828669957451,0.9682312609813921,0.02354985160413896,"[5.55, 5.65, 5.75, 5.85, 5.95, 6.05, 6.15, 6.25, 6.35, 6.45, 6.55, 6.65, 6.75, 6.85, 6.95, 7.05, 7.15]","[0.1728395061728395, 0.18518518518518517, 0.1111111111111111, 0.08641975308641975, 0.09876543209876543, 0.04938271604938271, 0.012345679012345678, 0.04938271604938271, 0.0, 0.037037037037037035, 0.008620689655172414, 0.02586206896551724, 0.008620689655172414, 0.008620689655172414, 0.017241379310344827, 0.008620689655172414, 0.008620689655172414]"
321.0,5.906074768219423,1.0849963042711595,0.012923219623297766,"[5.55, 5.65, 5.75, 5.85, 5.95, 6.05, 6.15, 6.25, 6.35, 6.45, 6.55, 6.65, 6.75, 6.85, 6.95]","[0.1728395061728395, 0.18518518518518517, 0.1111111111111111, 0.08641975308641975, 0.09876543209876543, 0.0594059405940594, 0.019801980198019802, 0.04950495049504951, 0.0, 0.039603960396039604, 0.009900990099009901, 0.019801980198019802, 0.0, 0.009900990099009901, 0.009900990099009901]"
322.0,5.622565219588863,1.0319357562170777,0.01303054084826031,"[5.55, 5.65, 5.75, 5.85, 5.95, 6.05, 6.15, 6.25, 6.35, 6.45, 6.55, 6.65, 6.75, 6.85, 6.95, 7.05, 7.15]","[0.1728395061728395, 0.18518518518518517, 0.1111111111111111, 0.08641975308641975, 0.09876543209876543, 0.0594059405940594, 0.019801980198019802, 0.04950495049504951, 0.0, 0.039603960396039604, 0.009900990099009901, 0.019801980198019802, 0.0, 0.009900990099009901, 0.009900990099009901, 0.008620689655172414, 0.008620689655172414]"
323.0,5.248645073377207,0.9623678964589814,0.014485755664937745,"[5.55, 5.65, 5.75, 5.85, 5.95, 6.05, 6.15, 6.25, 6.35, 6.45, 6.55, 6.65, 6.75, 6.85, 6.95, 7.05, 7.15]","[0.1728395061728395, 0.18518518518518517, 0.1111111111111111, 0.08641975308641975, 0.09876543209876543, 0.0594059405940594, 0.019801980198019802, 0.04950495049504951, 0.0, 0.039603960396039604, 0.008620689655172414, 0.02586206896551724, 0.008620689655172414, 0.008620689655172414, 0.017241379310344827, 0.008620689655172414, 0.008620689655172414]"
324.0,5.1395010980589415,0.9400033181120426,0.04473987222524246,"[5.55, 5.65, 5.75, 5.85, 5.95, 6.05, 6.15, 6.25, 6.35, 6.45, 6.55, 6.65, 6.75, 6.85, 6.95, 7.05, 7.15]","[0.1728395061728395, 0.18518518518518517, 0.1111111111111111, 0.08641975308641975, 0.09876543209876543, 0.06896551724137931, 0.02586206896551724, 0.05172413793103448, 0.017241379310344827, 0.034482758620689655, 0.008620689655172414, 0.02586206896551724, 0.008620689655172414, 0.008620689655172414, 0.017241379310344827, 0.008620689655172414, 0.008620689655172414]"
325.0,5.9895166282329315,1.09467457243925,0.01938417460122177,"[5.55, 5.65, 5.75, 5.85, 5.95, 6.05, 6.15, 6.25, 6.35, 6.45, 6.55, 6.65, 6.75, 6.85, 6.95]","[0.1782178217821782, 0.19801980198019803, 0.09900990099009901, 0.12871287128712872, 0.10891089108910891, 0.0594059405940594, 0.019801980198019802, 0.04950495049504951, 0.0, 0.039603960396039604, 0.009900990099009901, 0.019801980198019802, 0.0, 0.009900990099009901, 0.009900990099009901]"
326.0,5.743449845868424,1.0483948022273224,0.022030296978844677,"[5.55, 5.65, 5.75, 5.85, 5.95, 6.05, 6.15, 6.25, 6.35, 6.45, 6.55, 6.65, 6.75, 6.85, 6.95, 7.05, 7.15]","[0.1782178217821782, 0.19801980198019803, 0.09900990099009901, 0.12871287128712872, 0.10891089108910891, 0.0594059405940594, 0.019801980198019802, 0.04950495049504951, 0.0, 0.039603960396039604, 0.009900990099009901, 0.019801980198019802, 0.0, 0.009900990099009901, 0.009900990099009901, 0.008620689655172414, 0.008620689655172414]"
327.0,5.402667151670436,0.9848632374208285,0.029422658429084085,"[5.55, 5.65, 5.75, 5.85, 5.95, 6.05, 6.15, 6.25, 6.35, 6.45, 6.55, 6.65, 6.75, 6.85, 6.95, 7.05, 7.15]","[0.1782178217821782, 0.19801980198019803, 0.09900990099009901, 0.12871287128712872, 0.10891089108910891, 0.0594059405940594, 0.019801980198019802, 0.04950495049504951, 0.0, 0.039603960396039604, 0.008620689655172414, 0.02586206896551724, 0.008620689655172414, 0.008620689655172414, 0.017241379310344827, 0.008620689655172414, 0.008620689655172414]"
328.0,5.291804483383323,0.9626815084990701,0.05232336001200213,"[5.55, 5.65, 5.75, 5.85, 5.95, 6.05, 6.15, 6.25, 6.35, 6.45, 6.55, 6.65, 6.75, 6.85, 6.95, 7.05, 7.15]","[0.1782178217821782, 0.19801980198019803, 0.09900990099009901, 0.12871287128712872, 0.10891089108910891, 0.06896551724137931, 0.02586206896551724, 0.05172413793103448, 0.017241379310344827, 0.034482758620689655, 0.008620689655172414, 0.02586206896551724, 0.008620689655172414, 0.008620689655172414, 0.017241379310344827, 0.008620689655172414, 0.008620689655172414]"
329.0,5.528752150471066,0.999961537188318,0.005815249991035387,"[5.55, 5.65, 5.75, 5.85, 5.95, 6.05, 6.15, 6.25, 6.35, 6.45, 6.55, 6.65, 6.75, 6.85, 6.95, 7.05, 7.15]","[0.19827586206896552, 0.20689655172413793, 0.1206896551724138, 0.12931034482758622, 0.12931034482758622, 0.06896551724137931, 0.02586206896551724, 0.05172413793103448, 0.017241379310344827, 0.034482758620689655, 0.008620689655172414, 0.02586206896551724, 0.008620689655172414, 0.008620689655172414, 0.017241379310344827, 0.008620689655172414, 0.008620689655172414]"
336.0,3.3986969760497376,0.6631696156697237,0.06884732869556998,"[5.05, 5.15, 5.25, 5.35, 5.45, 5.55, 5.65, 5.75, 5.85, 5.95, 6.05, 6.15, 6.25, 6.35, 6.45, 6.55, 6.65, 6.75, 6.85, 6.95, 7.05, 7.15]","[0.0, 0.0, 1.0, 0.0, 0.0, 0.0, 0.0, 0.0, 0.0, 0.0, 0.0, 0.0, 0.0, 0.0, 0.0, 0.0, 0.0, 0.0, 0.0, 0.0, 0.008620689655172414, 0.008620689655172414]"
337.0,3.189266034071326,0.6205771173152169,0.024884932836786295,"[5.05, 5.15, 5.25, 5.35, 5.45, 5.55, 5.65, 5.75, 5.85, 5.95, 6.05, 6.15, 6.25, 6.35, 6.45, 6.55, 6.65]","[0.0, 0.0, 1.0, 0.0, 0.0, 0.0, 0.0, 0.0, 0.0, 0.0, 0.0, 0.0, 0.0, 0.0, 0.0, 0.0, 0.047619047619047616]"
338.0,3.189266034071326,0.6205771173152169,0.013084426346592718,"[5.05, 5.15, 5.25, 5.35, 5.45, 5.55, 5.65, 5.75, 5.85, 5.95, 6.05, 6.15, 6.25, 6.35, 6.45, 6.55, 6.65]","[0.0, 0.0, 1.0, 0.0, 0.0, 0.0, 0.0, 0.0, 0.0, 0.0, 0.0, 0.0, 0.0, 0.0, 0.0, 0.0, 0.047619047619047616]"
339.0,3.189266034071326,0.6205771173152169,0.013084426346592718,"[5.05, 5.15, 5.25, 5.35, 5.45, 5.55, 5.65, 5.75, 5.85, 5.95, 6.05, 6.15, 6.25, 6.35, 6.45, 6.55, 6.65]","[0.0, 0.0, 1.0, 0.0, 0.0, 0.0, 0.0, 0.0, 0.0, 0.0, 0.0, 0.0, 0.0, 0.0, 0.0, 0.0, 0.047619047619047616]"
340.0,3.189266034071326,0.6205771173152169,0.013084426346592718,"[5.05, 5.15, 5.25, 5.35, 5.45, 5.55, 5.65, 5.75, 5.85, 5.95, 6.05, 6.15, 6.25, 6.35, 6.45, 6.55, 6.65]","[0.0, 0.0, 1.0, 0.0, 0.0, 0.0, 0.0, 0.0, 0.0, 0.0, 0.0, 0.0, 0.0, 0.0, 0.0, 0.0, 0.047619047619047616]"
341.0,3.189266034071326,0.6205771173152169,0.013084426346592718,"[5.05, 5.15, 5.25, 5.35, 5.45, 5.55, 5.65, 5.75, 5.85, 5.95, 6.05, 6.15, 6.25, 6.35, 6.45, 6.55, 6.65]","[0.0, 0.0, 1.0, 0.0, 0.0, 0.0, 0.0, 0.0, 0.0, 0.0, 0.0, 0.0, 0.0, 0.0, 0.0, 0.0, 0.047619047619047616]"
342.0,3.53337106120545,0.6919062263998171,0.02225014399500719,"[5.05, 5.15, 5.25, 5.35, 5.45, 5.55, 5.65, 5.75, 5.85, 5.95, 6.05, 6.15, 6.25, 6.35, 6.45, 6.55, 6.65, 6.75, 6.85, 6.95, 7.05, 7.15]","[0.0, 0.0, 1.0, 0.0, 0.0, 0.0, 0.0, 0.0, 0.0, 0.0, 0.0, 0.0, 0.0, 0.0, 0.0, 0.0, 0.047619047619047616, 0.0, 0.0, 0.0, 0.008620689655172414, 0.008620689655172414]"
343.0,3.631999507444545,0.717178119547249,0.015554361973500677,"[5.05, 5.15, 5.25, 5.35, 5.45, 5.55, 5.65, 5.75, 5.85, 5.95, 6.05, 6.15, 6.25, 6.35, 6.45, 6.55, 6.65, 6.75, 6.85]","[0.0, 0.0, 1.0, 0.0, 0.0, 0.0, 0.0, 0.0, 0.0, 0.0, 0.0, 0.0, 0.0, 0.0, 0.0, 0.0, 0.024390243902439025, 0.0, 0.024390243902439025]"
344.0,3.631999507444545,0.717178119547249,0.008035225438923283,"[5.05, 5.15, 5.25, 5.35, 5.45, 5.55, 5.65, 5.75, 5.85, 5.95, 6.05, 6.15, 6.25, 6.35, 6.45, 6.55, 6.65, 6.75, 6.85]","[0.0, 0.0, 1.0, 0.0, 0.0, 0.0, 0.0, 0.0, 0.0, 0.0, 0.0, 0.0, 0.0, 0.0, 0.0, 0.0, 0.024390243902439025, 0.0, 0.024390243902439025]"
345.0,3.631999507444545,0.717178119547249,0.008035225438923283,"[5.05, 5.15, 5.25, 5.35, 5.45, 5.55, 5.65, 5.75, 5.85, 5.95, 6.05, 6.15, 6.25, 6.35, 6.45, 6.55, 6.65, 6.75, 6.85]","[0.0, 0.0, 1.0, 0.0, 0.0, 0.0, 0.0, 0.0, 0.0, 0.0, 0.0, 0.0, 0.0, 0.0, 0.0, 0.0, 0.024390243902439025, 0.0, 0.024390243902439025]"
346.0,3.631999507444545,0.717178119547249,0.008035225438923283,"[5.05, 5.15, 5.25, 5.35, 5.45, 5.55, 5.65, 5.75, 5.85, 5.95, 6.05, 6.15, 6.25, 6.35, 6.45, 6.55, 6.65, 6.75, 6.85]","[0.0, 0.0, 1.0, 0.0, 0.0, 0.0, 0.0, 0.0, 0.0, 0.0, 0.0, 0.0, 0.0, 0.0, 0.0, 0.0, 0.024390243902439025, 0.0, 0.024390243902439025]"
347.0,3.3801702084984466,0.669678674574781,0.018686156593176555,"[5.05, 5.15, 5.25, 5.35, 5.45, 5.55, 5.65, 5.75, 5.85, 5.95, 6.05, 6.15, 6.25, 6.35, 6.45, 6.55, 6.65, 6.75, 6.85, 6.95, 7.05, 7.15]","[0.0, 0.0, 1.0, 0.0, 0.0, 0.0, 0.0, 0.0, 0.0, 0.0, 0.0, 0.0, 0.0, 0.0, 0.0, 0.0, 0.024390243902439025, 0.0, 0.024390243902439025, 0.0, 0.008620689655172414, 0.008620689655172414]"
348.0,3.5241935489929057,0.7055955448005347,0.020662630292804542,"[5.05, 5.15, 5.25, 5.35, 5.45, 5.55, 5.65, 5.75, 5.85, 5.95, 6.05, 6.15, 6.25, 6.35, 6.45, 6.55, 6.65, 6.75, 6.85, 6.95]","[0.0, 0.0, 1.0, 0.0, 0.0, 0.0, 0.0, 0.0, 0.0, 0.0, 0.0, 0.0, 0.0, 0.0, 0.0, 0.0, 0.01639344262295082, 0.0, 0.01639344262295082, 0.01639344262295082]"
349.0,3.5241935489929057,0.7055955448005347,0.010946771010113095,"[5.05, 5.15, 5.25, 5.35, 5.45, 5.55, 5.65, 5.75, 5.85, 5.95, 6.05, 6.15, 6.25, 6.35, 6.45, 6.55, 6.65, 6.75, 6.85, 6.95]","[0.0, 0.0, 1.0, 0.0, 0.0, 0.0, 0.0, 0.0, 0.0, 0.0, 0.0, 0.0, 0.0, 0.0, 0.0, 0.0, 0.01639344262295082, 0.0, 0.01639344262295082, 0.01639344262295082]"
350.0,3.5241935489929057,0.7055955448005347,0.010946771010113095,"[5.05, 5.15, 5.25, 5.35, 5.45, 5.55, 5.65, 5.75, 5.85, 5.95, 6.05, 6.15, 6.25, 6.35, 6.45, 6.55, 6.65, 6.75, 6.85, 6.95]","[0.0, 0.0, 1.0, 0.0, 0.0, 0.0, 0.0, 0.0, 0.0, 0.0, 0.0, 0.0, 0.0, 0.0, 0.0, 0.0, 0.01639344262295082, 0.0, 0.01639344262295082, 0.01639344262295082]"
351.0,3.0502121565866838,0.6172634709946627,0.027956638137910928,"[5.05, 5.15, 5.25, 5.35, 5.45, 5.55, 5.65, 5.75, 5.85, 5.95, 6.05, 6.15, 6.25, 6.35, 6.45, 6.55, 6.65, 6.75, 6.85, 6.95, 7.05, 7.15]","[0.0, 0.0, 1.0, 0.0, 0.0, 0.0, 0.0, 0.0, 0.0, 0.0, 0.0, 0.0, 0.0, 0.0, 0.0, 0.0, 0.01639344262295082, 0.0, 0.01639344262295082, 0.01639344262295082, 0.008620689655172414, 0.008620689655172414]"
352.0,3.9262867644569663,0.789663638012916,0.01941106508386588,"[5.05, 5.15, 5.25, 5.35, 5.45, 5.55, 5.65, 5.75, 5.85, 5.95, 6.05, 6.15, 6.25, 6.35, 6.45, 6.55, 6.65, 6.75, 6.85, 6.95]","[0.0, 0.0, 1.0, 0.0, 0.0, 0.0, 0.0, 0.0, 0.0, 0.0, 0.0, 0.0, 0.0, 0.0, 0.0, 0.0, 0.012345679012345678, 0.0, 0.012345679012345678, 0.012345679012345678]"
353.0,3.9262867644569663,0.789663638012916,0.010205431705038752,"[5.05, 5.15, 5.25, 5.35, 5.45, 5.55, 5.65, 5.75, 5.85, 5.95, 6.05, 6.15, 6.25, 6.35, 6.45, 6.55, 6.65, 6.75, 6.85, 6.95]","[0.0, 0.0, 1.0, 0.0, 0.0, 0.0, 0.0, 0.0, 0.0, 0.0, 0.0, 0.0, 0.0, 0.0, 0.0, 0.0, 0.012345679012345678, 0.0, 0.012345679012345678, 0.012345679012345678]"
354.0,3.100785586472223,0.6382948588968985,0.029234939297373096,"[5.05, 5.15, 5.25, 5.35, 5.45, 5.55, 5.65, 5.75, 5.85, 5.95, 6.05, 6.15, 6.25, 6.35, 6.45, 6.55, 6.65, 6.75, 6.85, 6.95, 7.05, 7.15]","[0.0, 0.0, 1.0, 0.0, 0.0, 0.0, 0.0, 0.0, 0.0, 0.0, 0.0, 0.0, 0.0, 0.0, 0.0, 0.0, 0.012345679012345678, 0.0, 0.012345679012345678, 0.012345679012345678, 0.008620689655172414, 0.008620689655172414]"
355.0,3.9167526266923973,0.7712791322111837,0.0180859849823516,"[5.05, 5.15, 5.25, 5.35, 5.45, 5.55, 5.65, 5.75, 5.85, 5.95, 6.05, 6.15, 6.25, 6.35, 6.45, 6.55, 6.65, 6.75, 6.85, 6.95]","[0.0, 0.0, 1.0, 0.0, 0.0, 0.0, 0.0, 0.0, 0.0, 0.0, 0.0, 0.0, 0.0, 0.0, 0.0, 0.009900990099009901, 0.019801980198019802, 0.0, 0.009900990099009901, 0.009900990099009901]"
356.0,3.422248326897007,0.6813922217064013,0.02005626589736644,"[5.05, 5.15, 5.25, 5.35, 5.45, 5.55, 5.65, 5.75, 5.85, 5.95, 6.05, 6.15, 6.25, 6.35, 6.45, 6.55, 6.65, 6.75, 6.85, 6.95, 7.05, 7.15]","[0.0, 0.0, 1.0, 0.0, 0.0, 0.0, 0.0, 0.0, 0.0, 0.0, 0.0, 0.0, 0.0, 0.0, 0.0, 0.009900990099009901, 0.019801980198019802, 0.0, 0.009900990099009901, 0.009900990099009901, 0.008620689655172414, 0.008620689655172414]"
357.0,3.095343253556006,0.6118642958302211,0.052639850488624386,"[5.05, 5.15, 5.25, 5.35, 5.45, 5.55, 5.65, 5.75, 5.85, 5.95, 6.05, 6.15, 6.25, 6.35, 6.45, 6.55, 6.65, 6.75, 6.85, 6.95, 7.05, 7.15]","[0.0, 0.0, 1.0, 0.0, 0.0, 0.0, 0.0, 0.0, 0.0, 0.0, 0.0, 0.0, 0.0, 0.0, 0.0, 0.008620689655172414, 0.02586206896551724, 0.008620689655172414, 0.008620689655172414, 0.017241379310344827, 0.008620689655172414, 0.008620689655172414]"
358.0,3.0676365708200977,0.5767359347789323,0.02902160295409466,"[5.05, 5.15, 5.25, 5.35, 5.45, 5.55, 5.65, 5.75, 5.85, 5.95, 6.05, 6.15, 6.25, 6.35, 6.45, 6.55, 6.65]","[0.0, 0.0, 1.0, 0.0, 0.0, 0.0, 0.0, 0.0, 0.0, 0.0, 0.09523809523809523, 0.0, 0.09523809523809523, 0.0, 0.047619047619047616, 0.0, 0.047619047619047616]"
359.0,3.0676365708200977,0.5767359347789323,0.014370486322653244,"[5.05, 5.15, 5.25, 5.35, 5.45, 5.55, 5.65, 5.75, 5.85, 5.95, 6.05, 6.15, 6.25, 6.35, 6.45, 6.55, 6.65]","[0.0, 0.0, 1.0, 0.0, 0.0, 0.0, 0.0, 0.0, 0.0, 0.0, 0.09523809523809523, 0.0, 0.09523809523809523, 0.0, 0.047619047619047616, 0.0, 0.047619047619047616]"
360.0,3.0676365708200977,0.5767359347789323,0.014370486322653244,"[5.05, 5.15, 5.25, 5.35, 5.45, 5.55, 5.65, 5.75, 5.85, 5.95, 6.05, 6.15, 6.25, 6.35, 6.45, 6.55, 6.65]","[0.0, 0.0, 1.0, 0.0, 0.0, 0.0, 0.0, 0.0, 0.0, 0.0, 0.09523809523809523, 0.0, 0.09523809523809523, 0.0, 0.047619047619047616, 0.0, 0.047619047619047616]"
361.0,3.0676365708200977,0.5767359347789323,0.014370486322653244,"[5.05, 5.15, 5.25, 5.35, 5.45, 5.55, 5.65, 5.75, 5.85, 5.95, 6.05, 6.15, 6.25, 6.35, 6.45, 6.55, 6.65]","[0.0, 0.0, 1.0, 0.0, 0.0, 0.0, 0.0, 0.0, 0.0, 0.0, 0.09523809523809523, 0.0, 0.09523809523809523, 0.0, 0.047619047619047616, 0.0, 0.047619047619047616]"
362.0,3.0676365708200977,0.5767359347789323,0.014370486322653244,"[5.05, 5.15, 5.25, 5.35, 5.45, 5.55, 5.65, 5.75, 5.85, 5.95, 6.05, 6.15, 6.25, 6.35, 6.45, 6.55, 6.65]","[0.0, 0.0, 1.0, 0.0, 0.0, 0.0, 0.0, 0.0, 0.0, 0.0, 0.09523809523809523, 0.0, 0.09523809523809523, 0.0, 0.047619047619047616, 0.0, 0.047619047619047616]"
363.0,4.0467867973248755,0.7582730475857076,0.031979681619843284,"[5.05, 5.15, 5.25, 5.35, 5.45, 5.55, 5.65, 5.75, 5.85, 5.95, 6.05, 6.15, 6.25, 6.35, 6.45, 6.55, 6.65, 6.75, 6.85, 6.95, 7.05, 7.15]","[0.0, 0.0, 1.0, 0.0, 0.0, 0.0, 0.0, 0.0, 0.0, 0.0, 0.09523809523809523, 0.0, 0.09523809523809523, 0.0, 0.047619047619047616, 0.0, 0.047619047619047616, 0.0, 0.0, 0.0, 0.008620689655172414, 0.008620689655172414]"
364.0,3.90581221809739,0.7367053266686856,0.016919685061524584,"[5.05, 5.15, 5.25, 5.35, 5.45, 5.55, 5.65, 5.75, 5.85, 5.95, 6.05, 6.15, 6.25, 6.35, 6.45, 6.55, 6.65, 6.75, 6.85]","[0.0, 0.0, 1.0, 0.0, 0.0, 0.0, 0.0, 0.0, 0.0, 0.0, 0.09523809523809523, 0.0, 0.09523809523809523, 0.0, 0.047619047619047616, 0.0, 0.024390243902439025, 0.0, 0.024390243902439025]"
365.0,3.90581221809739,0.7367053266686856,0.010261583313154929,"[5.05, 5.15, 5.25, 5.35, 5.45, 5.55, 5.65, 5.75, 5.85, 5.95, 6.05, 6.15, 6.25, 6.35, 6.45, 6.55, 6.65, 6.75, 6.85]","[0.0, 0.0, 1.0, 0.0, 0.0, 0.0, 0.0, 0.0, 0.0, 0.0, 0.09523809523809523, 0.0, 0.09523809523809523, 0.0, 0.047619047619047616, 0.0, 0.024390243902439025, 0.0, 0.024390243902439025]"
366.0,3.90581221809739,0.7367053266686856,0.010261583313154929,"[5.05, 5.15, 5.25, 5.35, 5.45, 5.55, 5.65, 5.75, 5.85, 5.95, 6.05, 6.15, 6.25, 6.35, 6.45, 6.55, 6.65, 6.75, 6.85]","[0.0, 0.0, 1.0, 0.0, 0.0, 0.0, 0.0, 0.0, 0.0, 0.0, 0.09523809523809523, 0.0, 0.09523809523809523, 0.0, 0.047619047619047616, 0.0, 0.024390243902439025, 0.0, 0.024390243902439025]"
367.0,3.90581221809739,0.7367053266686856,0.010261583313154932,"[5.05, 5.15, 5.25, 5.35, 5.45, 5.55, 5.65, 5.75, 5.85, 5.95, 6.05, 6.15, 6.25, 6.35, 6.45, 6.55, 6.65, 6.75, 6.85]","[0.0, 0.0, 1.0, 0.0, 0.0, 0.0, 0.0, 0.0, 0.0, 0.0, 0.09523809523809523, 0.0, 0.09523809523809523, 0.0, 0.047619047619047616, 0.0, 0.024390243902439025, 0.0, 0.024390243902439025]"
368.0,4.056435751262275,0.7639532088747876,0.017591084690492264,"[5.05, 5.15, 5.25, 5.35, 5.45, 5.55, 5.65, 5.75, 5.85, 5.95, 6.05, 6.15, 6.25, 6.35, 6.45, 6.55, 6.65, 6.75, 6.85, 6.95, 7.05, 7.15]","[0.0, 0.0, 1.0, 0.0, 0.0, 0.0, 0.0, 0.0, 0.0, 0.0, 0.09523809523809523, 0.0, 0.09523809523809523, 0.0, 0.047619047619047616, 0.0, 0.024390243902439025, 0.0, 0.024390243902439025, 0.0, 0.008620689655172414, 0.008620689655172414]"
369.0,4.157203665592398,0.7873885543456733,0.016259806217159795,"[5.05, 5.15, 5.25, 5.35, 5.45, 5.55, 5.65, 5.75, 5.85, 5.95, 6.05, 6.15, 6.25, 6.35, 6.45, 6.55, 6.65, 6.75, 6.85, 6.95]","[0.0, 0.0, 1.0, 0.0, 0.0, 0.0, 0.0, 0.0, 0.0, 0.0, 0.09523809523809523, 0.0, 0.09523809523809523, 0.0, 0.047619047619047616, 0.0, 0.01639344262295082, 0.0, 0.01639344262295082, 0.01639344262295082]"
370.0,4.157203665592398,0.7873885543456733,0.009915022331464714,"[5.05, 5.15, 5.25, 5.35, 5.45, 5.55, 5.65, 5.75, 5.85, 5.95, 6.05, 6.15, 6.25, 6.35, 6.45, 6.55, 6.65, 6.75, 6.85, 6.95]","[0.0, 0.0, 1.0, 0.0, 0.0, 0.0, 0.0, 0.0, 0.0, 0.0, 0.09523809523809523, 0.0, 0.09523809523809523, 0.0, 0.047619047619047616, 0.0, 0.01639344262295082, 0.0, 0.01639344262295082, 0.01639344262295082]"
371.0,4.157203665592398,0.7873885543456733,0.009915022331464714,"[5.05, 5.15, 5.25, 5.35, 5.45, 5.55, 5.65, 5.75, 5.85, 5.95, 6.05, 6.15, 6.25, 6.35, 6.45, 6.55, 6.65, 6.75, 6.85, 6.95]","[0.0, 0.0, 1.0, 0.0, 0.0, 0.0, 0.0, 0.0, 0.0, 0.0, 0.09523809523809523, 0.0, 0.09523809523809523, 0.0, 0.047619047619047616, 0.0, 0.01639344262295082, 0.0, 0.01639344262295082, 0.01639344262295082]"
372.0,3.9513000807547196,0.7492763160006719,0.016472351141693285,"[5.05, 5.15, 5.25, 5.35, 5.45, 5.55, 5.65, 5.75, 5.85, 5.95, 6.05, 6.15, 6.25, 6.35, 6.45, 6.55, 6.65, 6.75, 6.85, 6.95, 7.05, 7.15]","[0.0, 0.0, 1.0, 0.0, 0.0, 0.0, 0.0, 0.0, 0.0, 0.0, 0.09523809523809523, 0.0, 0.09523809523809523, 0.0, 0.047619047619047616, 0.0, 0.01639344262295082, 0.0, 0.01639344262295082, 0.01639344262295082, 0.008620689655172414, 0.008620689655172414]"
373.0,4.630812726928152,0.8785990492675846,0.016353740208688915,"[5.05, 5.15, 5.25, 5.35, 5.45, 5.55, 5.65, 5.75, 5.85, 5.95, 6.05, 6.15, 6.25, 6.35, 6.45, 6.55, 6.65, 6.75, 6.85, 6.95]","[0.0, 0.0, 1.0, 0.0, 0.0, 0.0, 0.0, 0.0, 0.0, 0.0, 0.09523809523809523, 0.0, 0.09523809523809523, 0.0, 0.047619047619047616, 0.0, 0.012345679012345678, 0.0, 0.012345679012345678, 0.012345679012345678]"
374.0,4.630812726928152,0.8785990492675846,0.01002602663167566,"[5.05, 5.15, 5.25, 5.35, 5.45, 5.55, 5.65, 5.75, 5.85, 5.95, 6.05, 6.15, 6.25, 6.35, 6.45, 6.55, 6.65, 6.75, 6.85, 6.95]","[0.0, 0.0, 1.0, 0.0, 0.0, 0.0, 0.0, 0.0, 0.0, 0.0, 0.09523809523809523, 0.0, 0.09523809523809523, 0.0, 0.047619047619047616, 0.0, 0.012345679012345678, 0.0, 0.012345679012345678, 0.012345679012345678]"
375.0,4.195537871651943,0.7992377772220387,0.015612886123932787,"[5.05, 5.15, 5.25, 5.35, 5.45, 5.55, 5.65, 5.75, 5.85, 5.95, 6.05, 6.15, 6.25, 6.35, 6.45, 6.55, 6.65, 6.75, 6.85, 6.95, 7.05, 7.15]","[0.0, 0.0, 1.0, 0.0, 0.0, 0.0, 0.0, 0.0, 0.0, 0.0, 0.09523809523809523, 0.0, 0.09523809523809523, 0.0, 0.047619047619047616, 0.0, 0.012345679012345678, 0.0, 0.012345679012345678, 0.012345679012345678, 0.008620689655172414, 0.008620689655172414]"
376.0,4.564939274275954,0.8609548290971888,0.01692352782890221,"[5.05, 5.15, 5.25, 5.35, 5.45, 5.55, 5.65, 5.75, 5.85, 5.95, 6.05, 6.15, 6.25, 6.35, 6.45, 6.55, 6.65, 6.75, 6.85, 6.95]","[0.0, 0.0, 1.0, 0.0, 0.0, 0.0, 0.0, 0.0, 0.0, 0.0, 0.09523809523809523, 0.0, 0.09523809523809523, 0.0, 0.047619047619047616, 0.009900990099009901, 0.019801980198019802, 0.0, 0.009900990099009901, 0.009900990099009901]"
377.0,4.256416834592816,0.8049685366655693,0.016609785901057335,"[5.05, 5.15, 5.25, 5.35, 5.45, 5.55, 5.65, 5.75, 5.85, 5.95, 6.05, 6.15, 6.25, 6.35, 6.45, 6.55, 6.65, 6.75, 6.85, 6.95, 7.05, 7.15]","[0.0, 0.0, 1.0, 0.0, 0.0, 0.0, 0.0, 0.0, 0.0, 0.0, 0.09523809523809523, 0.0, 0.09523809523809523, 0.0, 0.047619047619047616, 0.009900990099009901, 0.019801980198019802, 0.0, 0.009900990099009901, 0.009900990099009901, 0.008620689655172414, 0.008620689655172414]"
378.0,3.847828492675116,0.7269257201394758,0.032233848862010646,"[5.05, 5.15, 5.25, 5.35, 5.45, 5.55, 5.65, 5.75, 5.85, 5.95, 6.05, 6.15, 6.25, 6.35, 6.45, 6.55, 6.65, 6.75, 6.85, 6.95, 7.05, 7.15]","[0.0, 0.0, 1.0, 0.0, 0.0, 0.0, 0.0, 0.0, 0.0, 0.0, 0.09523809523809523, 0.0, 0.09523809523809523, 0.0, 0.047619047619047616, 0.008620689655172414, 0.02586206896551724, 0.008620689655172414, 0.008620689655172414, 0.017241379310344827, 0.008620689655172414, 0.008620689655172414]"
379.0,3.7020735247362637,0.7295689693096542,0.018506847195224777,"[5.05, 5.15, 5.25, 5.35, 5.45, 5.55, 5.65, 5.75, 5.85, 5.95, 6.05, 6.15, 6.25, 6.35, 6.45, 6.55, 6.65, 6.75, 6.85]","[0.0, 0.0, 1.0, 0.0, 0.0, 0.0, 0.0, 0.0, 0.0, 0.0, 0.04878048780487805, 0.0, 0.04878048780487805, 0.0, 0.024390243902439025, 0.0, 0.024390243902439025, 0.0, 0.024390243902439025]"
380.0,3.7020735247362637,0.7295689693096542,0.008885551675511794,"[5.05, 5.15, 5.25, 5.35, 5.45, 5.55, 5.65, 5.75, 5.85, 5.95, 6.05, 6.15, 6.25, 6.35, 6.45, 6.55, 6.65, 6.75, 6.85]","[0.0, 0.0, 1.0, 0.0, 0.0, 0.0, 0.0, 0.0, 0.0, 0.0, 0.04878048780487805, 0.0, 0.04878048780487805, 0.0, 0.024390243902439025, 0.0, 0.024390243902439025, 0.0, 0.024390243902439025]"
381.0,3.7020735247362637,0.7295689693096542,0.008885551675511794,"[5.05, 5.15, 5.25, 5.35, 5.45, 5.55, 5.65, 5.75, 5.85, 5.95, 6.05, 6.15, 6.25, 6.35, 6.45, 6.55, 6.65, 6.75, 6.85]","[0.0, 0.0, 1.0, 0.0, 0.0, 0.0, 0.0, 0.0, 0.0, 0.0, 0.04878048780487805, 0.0, 0.04878048780487805, 0.0, 0.024390243902439025, 0.0, 0.024390243902439025, 0.0, 0.024390243902439025]"
382.0,3.7020735247362637,0.7295689693096542,0.008885551675511794,"[5.05, 5.15, 5.25, 5.35, 5.45, 5.55, 5.65, 5.75, 5.85, 5.95, 6.05, 6.15, 6.25, 6.35, 6.45, 6.55, 6.65, 6.75, 6.85]","[0.0, 0.0, 1.0, 0.0, 0.0, 0.0, 0.0, 0.0, 0.0, 0.0, 0.04878048780487805, 0.0, 0.04878048780487805, 0.0, 0.024390243902439025, 0.0, 0.024390243902439025, 0.0, 0.024390243902439025]"
383.0,3.402882670648583,0.6744705530732343,0.022356732468262808,"[5.05, 5.15, 5.25, 5.35, 5.45, 5.55, 5.65, 5.75, 5.85, 5.95, 6.05, 6.15, 6.25, 6.35, 6.45, 6.55, 6.65, 6.75, 6.85, 6.95, 7.05, 7.15]","[0.0, 0.0, 1.0, 0.0, 0.0, 0.0, 0.0, 0.0, 0.0, 0.0, 0.04878048780487805, 0.0, 0.04878048780487805, 0.0, 0.024390243902439025, 0.0, 0.024390243902439025, 0.0, 0.024390243902439025, 0.0, 0.008620689655172414, 0.008620689655172414]"
384.0,3.684157271261167,0.7291485058083141,0.010509053248538212,"[5.05, 5.15, 5.25, 5.35, 5.45, 5.55, 5.65, 5.75, 5.85, 5.95, 6.05, 6.15, 6.25, 6.35, 6.45, 6.55, 6.65, 6.75, 6.85, 6.95]","[0.0, 0.0, 1.0, 0.0, 0.0, 0.0, 0.0, 0.0, 0.0, 0.0, 0.04878048780487805, 0.0, 0.04878048780487805, 0.0, 0.024390243902439025, 0.0, 0.01639344262295082, 0.0, 0.01639344262295082, 0.01639344262295082]"
385.0,3.684157271261167,0.7291485058083141,0.00623086330773759,"[5.05, 5.15, 5.25, 5.35, 5.45, 5.55, 5.65, 5.75, 5.85, 5.95, 6.05, 6.15, 6.25, 6.35, 6.45, 6.55, 6.65, 6.75, 6.85, 6.95]","[0.0, 0.0, 1.0, 0.0, 0.0, 0.0, 0.0, 0.0, 0.0, 0.0, 0.04878048780487805, 0.0, 0.04878048780487805, 0.0, 0.024390243902439025, 0.0, 0.01639344262295082, 0.0, 0.01639344262295082, 0.01639344262295082]"
386.0,3.684157271261167,0.7291485058083141,0.006230863307737592,"[5.05, 5.15, 5.25, 5.35, 5.45, 5.55, 5.65, 5.75, 5.85, 5.95, 6.05, 6.15, 6.25, 6.35, 6.45, 6.55, 6.65, 6.75, 6.85, 6.95]","[0.0, 0.0, 1.0, 0.0, 0.0, 0.0, 0.0, 0.0, 0.0, 0.0, 0.04878048780487805, 0.0, 0.04878048780487805, 0.0, 0.024390243902439025, 0.0, 0.01639344262295082, 0.0, 0.01639344262295082, 0.01639344262295082]"
387.0,3.19826242788489,0.6406719709695265,0.013920810811523632,"[5.05, 5.15, 5.25, 5.35, 5.45, 5.55, 5.65, 5.75, 5.85, 5.95, 6.05, 6.15, 6.25, 6.35, 6.45, 6.55, 6.65, 6.75, 6.85, 6.95, 7.05, 7.15]","[0.0, 0.0, 1.0, 0.0, 0.0, 0.0, 0.0, 0.0, 0.0, 0.0, 0.04878048780487805, 0.0, 0.04878048780487805, 0.0, 0.024390243902439025, 0.0, 0.01639344262295082, 0.0, 0.01639344262295082, 0.01639344262295082, 0.008620689655172414, 0.008620689655172414]"
388.0,4.21150060124928,0.8278117688545812,0.006615669902392665,"[5.05, 5.15, 5.25, 5.35, 5.45, 5.55, 5.65, 5.75, 5.85, 5.95, 6.05, 6.15, 6.25, 6.35, 6.45, 6.55, 6.65, 6.75, 6.85, 6.95]","[0.0, 0.0, 1.0, 0.0, 0.0, 0.0, 0.0, 0.0, 0.0, 0.0, 0.04878048780487805, 0.0, 0.04878048780487805, 0.0, 0.024390243902439025, 0.0, 0.012345679012345678, 0.0, 0.012345679012345678, 0.012345679012345678]"
389.0,4.21150060124928,0.8278117688545812,0.003862502486049294,"[5.05, 5.15, 5.25, 5.35, 5.45, 5.55, 5.65, 5.75, 5.85, 5.95, 6.05, 6.15, 6.25, 6.35, 6.45, 6.55, 6.65, 6.75, 6.85, 6.95]","[0.0, 0.0, 1.0, 0.0, 0.0, 0.0, 0.0, 0.0, 0.0, 0.0, 0.04878048780487805, 0.0, 0.04878048780487805, 0.0, 0.024390243902439025, 0.0, 0.012345679012345678, 0.0, 0.012345679012345678, 0.012345679012345678]"
390.0,3.481613973852664,0.6962639577806871,0.012641208982102331,"[5.05, 5.15, 5.25, 5.35, 5.45, 5.55, 5.65, 5.75, 5.85, 5.95, 6.05, 6.15, 6.25, 6.35, 6.45, 6.55, 6.65, 6.75, 6.85, 6.95, 7.05, 7.15]","[0.0, 0.0, 1.0, 0.0, 0.0, 0.0, 0.0, 0.0, 0.0, 0.0, 0.04878048780487805, 0.0, 0.04878048780487805, 0.0, 0.024390243902439025, 0.0, 0.012345679012345678, 0.0, 0.012345679012345678, 0.012345679012345678, 0.008620689655172414, 0.008620689655172414]"
391.0,4.01304466846435,0.7857694528998524,0.007146715883011741,"[5.05, 5.15, 5.25, 5.35, 5.45, 5.55, 5.65, 5.75, 5.85, 5.95, 6.05, 6.15, 6.25, 6.35, 6.45, 6.55, 6.65, 6.75, 6.85, 6.95]","[0.0, 0.0, 1.0, 0.0, 0.0, 0.0, 0.0, 0.0, 0.0, 0.0, 0.04878048780487805, 0.0, 0.04878048780487805, 0.0, 0.024390243902439025, 0.009900990099009901, 0.019801980198019802, 0.0, 0.009900990099009901, 0.009900990099009901]"
392.0,3.513105057980493,0.6958726373535419,0.01138983836572961,"[5.05, 5.15, 5.25, 5.35, 5.45, 5.55, 5.65, 5.75, 5.85, 5.95, 6.05, 6.15, 6.25, 6.35, 6.45, 6.55, 6.65, 6.75, 6.85, 6.95, 7.05, 7.15]","[0.0, 0.0, 1.0, 0.0, 0.0, 0.0, 0.0, 0.0, 0.0, 0.0, 0.04878048780487805, 0.0, 0.04878048780487805, 0.0, 0.024390243902439025, 0.009900990099009901, 0.019801980198019802, 0.0, 0.009900990099009901, 0.009900990099009901, 0.008620689655172414, 0.008620689655172414]"
393.0,2.9611411912096175,0.5919823975305243,0.028000002637488267,"[5.05, 5.15, 5.25, 5.35, 5.45, 5.55, 5.65, 5.75, 5.85, 5.95, 6.05, 6.15, 6.25, 6.35, 6.45, 6.55, 6.65, 6.75, 6.85, 6.95, 7.05, 7.15]","[0.0, 0.0, 1.0, 0.0, 0.0, 0.0, 0.0, 0.0, 0.0, 0.0, 0.04878048780487805, 0.0, 0.04878048780487805, 0.0, 0.024390243902439025, 0.008620689655172414, 0.02586206896551724, 0.008620689655172414, 0.008620689655172414, 0.017241379310344827, 0.008620689655172414, 0.008620689655172414]"
394.0,3.9761342725453974,0.7591217283780819,0.022897835932036176,"[5.05, 5.15, 5.25, 5.35, 5.45, 5.55, 5.65, 5.75, 5.85, 5.95, 6.05, 6.15, 6.25, 6.35, 6.45, 6.55, 6.65, 6.75, 6.85, 6.95]","[0.0, 0.0, 1.0, 0.0, 0.0, 0.0, 0.0, 0.0, 0.0, 0.0, 0.06557377049180328, 0.01639344262295082, 0.04918032786885246, 0.0, 0.04918032786885246, 0.0, 0.01639344262295082, 0.0, 0.01639344262295082, 0.01639344262295082]"
395.0,3.9761342725453974,0.7591217283780819,0.012936484743226862,"[5.05, 5.15, 5.25, 5.35, 5.45, 5.55, 5.65, 5.75, 5.85, 5.95, 6.05, 6.15, 6.25, 6.35, 6.45, 6.55, 6.65, 6.75, 6.85, 6.95]","[0.0, 0.0, 1.0, 0.0, 0.0, 0.0, 0.0, 0.0, 0.0, 0.0, 0.06557377049180328, 0.01639344262295082, 0.04918032786885246, 0.0, 0.04918032786885246, 0.0, 0.01639344262295082, 0.0, 0.01639344262295082, 0.01639344262295082]"
396.0,3.9761342725453974,0.7591217283780819,0.012936484743226862,"[5.05, 5.15, 5.25, 5.35, 5.45, 5.55, 5.65, 5.75, 5.85, 5.95, 6.05, 6.15, 6.25, 6.35, 6.45, 6.55, 6.65, 6.75, 6.85, 6.95]","[0.0, 0.0, 1.0, 0.0, 0.0, 0.0, 0.0, 0.0, 0.0, 0.0, 0.06557377049180328, 0.01639344262295082, 0.04918032786885246, 0.0, 0.04918032786885246, 0.0, 0.01639344262295082, 0.0, 0.01639344262295082, 0.01639344262295082]"
397.0,3.767072889313821,0.7209002615591784,0.023493040433029397,"[5.05, 5.15, 5.25, 5.35, 5.45, 5.55, 5.65, 5.75, 5.85, 5.95, 6.05, 6.15, 6.25, 6.35, 6.45, 6.55, 6.65, 6.75, 6.85, 6.95, 7.05, 7.15]","[0.0, 0.0, 1.0, 0.0, 0.0, 0.0, 0.0, 0.0, 0.0, 0.0, 0.06557377049180328, 0.01639344262295082, 0.04918032786885246, 0.0, 0.04918032786885246, 0.0, 0.01639344262295082, 0.0, 0.01639344262295082, 0.01639344262295082, 0.008620689655172414, 0.008620689655172414]"
398.0,4.499375153503031,0.85558670643095,0.01523804319477127,"[5.05, 5.15, 5.25, 5.35, 5.45, 5.55, 5.65, 5.75, 5.85, 5.95, 6.05, 6.15, 6.25, 6.35, 6.45, 6.55, 6.65, 6.75, 6.85, 6.95]","[0.0, 0.0, 1.0, 0.0, 0.0, 0.0, 0.0, 0.0, 0.0, 0.0, 0.06557377049180328, 0.01639344262295082, 0.04918032786885246, 0.0, 0.04918032786885246, 0.0, 0.012345679012345678, 0.0, 0.012345679012345678, 0.012345679012345678]"
399.0,4.499375153503031,0.85558670643095,0.00929724222583785,"[5.05, 5.15, 5.25, 5.35, 5.45, 5.55, 5.65, 5.75, 5.85, 5.95, 6.05, 6.15, 6.25, 6.35, 6.45, 6.55, 6.65, 6.75, 6.85, 6.95]","[0.0, 0.0, 1.0, 0.0, 0.0, 0.0, 0.0, 0.0, 0.0, 0.0, 0.06557377049180328, 0.01639344262295082, 0.04918032786885246, 0.0, 0.04918032786885246, 0.0, 0.012345679012345678, 0.0, 0.012345679012345678, 0.012345679012345678]"
400.0,4.082924028356543,0.7806811633394255,0.01428060066197516,"[5.05, 5.15, 5.25, 5.35, 5.45, 5.55, 5.65, 5.75, 5.85, 5.95, 6.05, 6.15, 6.25, 6.35, 6.45, 6.55, 6.65, 6.75, 6.85, 6.95, 7.05, 7.15]","[0.0, 0.0, 1.0, 0.0, 0.0, 0.0, 0.0, 0.0, 0.0, 0.0, 0.06557377049180328, 0.01639344262295082, 0.04918032786885246, 0.0, 0.04918032786885246, 0.0, 0.012345679012345678, 0.0, 0.012345679012345678, 0.012345679012345678, 0.008620689655172414, 0.008620689655172414]"
401.0,4.399445277917726,0.8344561891282525,0.01520361631512648,"[5.05, 5.15, 5.25, 5.35, 5.45, 5.55, 5.65, 5.75, 5.85, 5.95, 6.05, 6.15, 6.25, 6.35, 6.45, 6.55, 6.65, 6.75, 6.85, 6.95]","[0.0, 0.0, 1.0, 0.0, 0.0, 0.0, 0.0, 0.0, 0.0, 0.0, 0.06557377049180328, 0.01639344262295082, 0.04918032786885246, 0.0, 0.04918032786885246, 0.009900990099009901, 0.019801980198019802, 0.0, 0.009900990099009901, 0.009900990099009901]"
402.0,4.090248679104968,0.7788836721104979,0.014721926821142668,"[5.05, 5.15, 5.25, 5.35, 5.45, 5.55, 5.65, 5.75, 5.85, 5.95, 6.05, 6.15, 6.25, 6.35, 6.45, 6.55, 6.65, 6.75, 6.85, 6.95, 7.05, 7.15]","[0.0, 0.0, 1.0, 0.0, 0.0, 0.0, 0.0, 0.0, 0.0, 0.0, 0.06557377049180328, 0.01639344262295082, 0.04918032786885246, 0.0, 0.04918032786885246, 0.009900990099009901, 0.019801980198019802, 0.0, 0.009900990099009901, 0.009900990099009901, 0.008620689655172414, 0.008620689655172414]"
403.0,3.598392347647812,0.688261603525299,0.02667724411805295,"[5.05, 5.15, 5.25, 5.35, 5.45, 5.55, 5.65, 5.75, 5.85, 5.95, 6.05, 6.15, 6.25, 6.35, 6.45, 6.55, 6.65, 6.75, 6.85, 6.95, 7.05, 7.15]","[0.0, 0.0, 1.0, 0.0, 0.0, 0.0, 0.0, 0.0, 0.0, 0.0, 0.06557377049180328, 0.01639344262295082, 0.04918032786885246, 0.0, 0.04918032786885246, 0.008620689655172414, 0.02586206896551724, 0.008620689655172414, 0.008620689655172414, 0.017241379310344827, 0.008620689655172414, 0.008620689655172414]"
404.0,4.286637423595753,0.8275681724970814,0.019679914040135096,"[5.05, 5.15, 5.25, 5.35, 5.45, 5.55, 5.65, 5.75, 5.85, 5.95, 6.05, 6.15, 6.25, 6.35, 6.45, 6.55, 6.65, 6.75, 6.85, 6.95]","[0.0, 0.0, 1.0, 0.0, 0.0, 0.0, 0.0, 0.0, 0.0, 0.0, 0.04938271604938271, 0.012345679012345678, 0.04938271604938271, 0.0, 0.037037037037037035, 0.0, 0.012345679012345678, 0.0, 0.012345679012345678, 0.012345679012345678]"
405.0,4.286637423595753,0.8275681724970814,0.010886748378388378,"[5.05, 5.15, 5.25, 5.35, 5.45, 5.55, 5.65, 5.75, 5.85, 5.95, 6.05, 6.15, 6.25, 6.35, 6.45, 6.55, 6.65, 6.75, 6.85, 6.95]","[0.0, 0.0, 1.0, 0.0, 0.0, 0.0, 0.0, 0.0, 0.0, 0.0, 0.04938271604938271, 0.012345679012345678, 0.04938271604938271, 0.0, 0.037037037037037035, 0.0, 0.012345679012345678, 0.0, 0.012345679012345678, 0.012345679012345678]"
406.0,3.7778437742024473,0.7363248798047861,0.014449773390937698,"[5.05, 5.15, 5.25, 5.35, 5.45, 5.55, 5.65, 5.75, 5.85, 5.95, 6.05, 6.15, 6.25, 6.35, 6.45, 6.55, 6.65, 6.75, 6.85, 6.95, 7.05, 7.15]","[0.0, 0.0, 1.0, 0.0, 0.0, 0.0, 0.0, 0.0, 0.0, 0.0, 0.04938271604938271, 0.012345679012345678, 0.04938271604938271, 0.0, 0.037037037037037035, 0.0, 0.012345679012345678, 0.0, 0.012345679012345678, 0.012345679012345678, 0.008620689655172414, 0.008620689655172414]"
407.0,4.1328227087550005,0.7969335501589436,0.011785707938547373,"[5.05, 5.15, 5.25, 5.35, 5.45, 5.55, 5.65, 5.75, 5.85, 5.95, 6.05, 6.15, 6.25, 6.35, 6.45, 6.55, 6.65, 6.75, 6.85, 6.95]","[0.0, 0.0, 1.0, 0.0, 0.0, 0.0, 0.0, 0.0, 0.0, 0.0, 0.04938271604938271, 0.012345679012345678, 0.04938271604938271, 0.0, 0.037037037037037035, 0.009900990099009901, 0.019801980198019802, 0.0, 0.009900990099009901, 0.009900990099009901]"
408.0,3.7606177493017485,0.7301532578378529,0.010196828401552624,"[5.05, 5.15, 5.25, 5.35, 5.45, 5.55, 5.65, 5.75, 5.85, 5.95, 6.05, 6.15, 6.25, 6.35, 6.45, 6.55, 6.65, 6.75, 6.85, 6.95, 7.05, 7.15]","[0.0, 0.0, 1.0, 0.0, 0.0, 0.0, 0.0, 0.0, 0.0, 0.0, 0.04938271604938271, 0.012345679012345678, 0.04938271604938271, 0.0, 0.037037037037037035, 0.009900990099009901, 0.019801980198019802, 0.0, 0.009900990099009901, 0.009900990099009901, 0.008620689655172414, 0.008620689655172414]"
409.0,3.2056023089524026,0.6282680824323091,0.025018115049457498,"[5.05, 5.15, 5.25, 5.35, 5.45, 5.55, 5.65, 5.75, 5.85, 5.95, 6.05, 6.15, 6.25, 6.35, 6.45, 6.55, 6.65, 6.75, 6.85, 6.95, 7.05, 7.15]","[0.0, 0.0, 1.0, 0.0, 0.0, 0.0, 0.0, 0.0, 0.0, 0.0, 0.04938271604938271, 0.012345679012345678, 0.04938271604938271, 0.0, 0.037037037037037035, 0.008620689655172414, 0.02586206896551724, 0.008620689655172414, 0.008620689655172414, 0.017241379310344827, 0.008620689655172414, 0.008620689655172414]"
410.0,4.44234361878541,0.8425953654592638,0.0250526834049449,"[5.05, 5.15, 5.25, 5.35, 5.45, 5.55, 5.65, 5.75, 5.85, 5.95, 6.05, 6.15, 6.25, 6.35, 6.45, 6.55, 6.65, 6.75, 6.85, 6.95]","[0.0, 0.0, 1.0, 0.0, 0.0, 0.0, 0.0, 0.0, 0.0, 0.0, 0.0594059405940594, 0.019801980198019802, 0.04950495049504951, 0.0, 0.039603960396039604, 0.009900990099009901, 0.019801980198019802, 0.0, 0.009900990099009901, 0.009900990099009901]"
411.0,4.115192497214046,0.7840680880912595,0.02401332558013644,"[5.05, 5.15, 5.25, 5.35, 5.45, 5.55, 5.65, 5.75, 5.85, 5.95, 6.05, 6.15, 6.25, 6.35, 6.45, 6.55, 6.65, 6.75, 6.85, 6.95, 7.05, 7.15]","[0.0, 0.0, 1.0, 0.0, 0.0, 0.0, 0.0, 0.0, 0.0, 0.0, 0.0594059405940594, 0.019801980198019802, 0.04950495049504951, 0.0, 0.039603960396039604, 0.009900990099009901, 0.019801980198019802, 0.0, 0.009900990099009901, 0.009900990099009901, 0.008620689655172414, 0.008620689655172414]"
412.0,3.586692440518961,0.6879540616264779,0.024931499686250774,"[5.05, 5.15, 5.25, 5.35, 5.45, 5.55, 5.65, 5.75, 5.85, 5.95, 6.05, 6.15, 6.25, 6.35, 6.45, 6.55, 6.65, 6.75, 6.85, 6.95, 7.05, 7.15]","[0.0, 0.0, 1.0, 0.0, 0.0, 0.0, 0.0, 0.0, 0.0, 0.0, 0.0594059405940594, 0.019801980198019802, 0.04950495049504951, 0.0, 0.039603960396039604, 0.008620689655172414, 0.02586206896551724, 0.008620689655172414, 0.008620689655172414, 0.017241379310344827, 0.008620689655172414, 0.008620689655172414]"
413.0,4.003414503080945,0.7512269922780622,0.06749027548524991,"[5.05, 5.15, 5.25, 5.35, 5.45, 5.55, 5.65, 5.75, 5.85, 5.95, 6.05, 6.15, 6.25, 6.35, 6.45, 6.55, 6.65, 6.75, 6.85, 6.95, 7.05, 7.15]","[0.0, 0.0, 1.0, 0.0, 0.0, 0.0, 0.0, 0.0, 0.0, 0.0, 0.06896551724137931, 0.02586206896551724, 0.05172413793103448, 0.017241379310344827, 0.034482758620689655, 0.008620689655172414, 0.02586206896551724, 0.008620689655172414, 0.008620689655172414, 0.017241379310344827, 0.008620689655172414, 0.008620689655172414]"
414.0,4.167233029263268,0.7653011056772192,0.02184446976831687,"[5.05, 5.15, 5.25, 5.35, 5.45, 5.55, 5.65, 5.75, 5.85, 5.95, 6.05, 6.15, 6.25, 6.35, 6.45, 6.55, 6.65]","[0.0, 0.0, 1.0, 0.0, 0.0, 0.23809523809523808, 0.047619047619047616, 0.19047619047619047, 0.0, 0.09523809523809523, 0.09523809523809523, 0.0, 0.09523809523809523, 0.0, 0.047619047619047616, 0.0, 0.047619047619047616]"
415.0,4.167233029263268,0.7653011056772192,0.01182195357908411,"[5.05, 5.15, 5.25, 5.35, 5.45, 5.55, 5.65, 5.75, 5.85, 5.95, 6.05, 6.15, 6.25, 6.35, 6.45, 6.55, 6.65]","[0.0, 0.0, 1.0, 0.0, 0.0, 0.23809523809523808, 0.047619047619047616, 0.19047619047619047, 0.0, 0.09523809523809523, 0.09523809523809523, 0.0, 0.09523809523809523, 0.0, 0.047619047619047616, 0.0, 0.047619047619047616]"
416.0,4.167233029263268,0.7653011056772192,0.01182195357908411,"[5.05, 5.15, 5.25, 5.35, 5.45, 5.55, 5.65, 5.75, 5.85, 5.95, 6.05, 6.15, 6.25, 6.35, 6.45, 6.55, 6.65]","[0.0, 0.0, 1.0, 0.0, 0.0, 0.23809523809523808, 0.047619047619047616, 0.19047619047619047, 0.0, 0.09523809523809523, 0.09523809523809523, 0.0, 0.09523809523809523, 0.0, 0.047619047619047616, 0.0, 0.047619047619047616]"
417.0,4.167233029263268,0.7653011056772192,0.01182195357908411,"[5.05, 5.15, 5.25, 5.35, 5.45, 5.55, 5.65, 5.75, 5.85, 5.95, 6.05, 6.15, 6.25, 6.35, 6.45, 6.55, 6.65]","[0.0, 0.0, 1.0, 0.0, 0.0, 0.23809523809523808, 0.047619047619047616, 0.19047619047619047, 0.0, 0.09523809523809523, 0.09523809523809523, 0.0, 0.09523809523809523, 0.0, 0.047619047619047616, 0.0, 0.047619047619047616]"
418.0,4.167233029263268,0.7653011056772192,0.01182195357908411,"[5.05, 5.15, 5.25, 5.35, 5.45, 5.55, 5.65, 5.75, 5.85, 5.95, 6.05, 6.15, 6.25, 6.35, 6.45, 6.55, 6.65]","[0.0, 0.0, 1.0, 0.0, 0.0, 0.23809523809523808, 0.047619047619047616, 0.19047619047619047, 0.0, 0.09523809523809523, 0.09523809523809523, 0.0, 0.09523809523809523, 0.0, 0.047619047619047616, 0.0, 0.047619047619047616]"
419.0,4.646709793653955,0.854952221628589,0.023987092554034792,"[5.05, 5.15, 5.25, 5.35, 5.45, 5.55, 5.65, 5.75, 5.85, 5.95, 6.05, 6.15, 6.25, 6.35, 6.45, 6.55, 6.65, 6.75, 6.85, 6.95, 7.05, 7.15]","[0.0, 0.0, 1.0, 0.0, 0.0, 0.23809523809523808, 0.047619047619047616, 0.19047619047619047, 0.0, 0.09523809523809523, 0.09523809523809523, 0.0, 0.09523809523809523, 0.0, 0.047619047619047616, 0.0, 0.047619047619047616, 0.0, 0.0, 0.0, 0.008620689655172414, 0.008620689655172414]"
420.0,4.751597852492756,0.8765878922541458,0.014277603731432475,"[5.05, 5.15, 5.25, 5.35, 5.45, 5.55, 5.65, 5.75, 5.85, 5.95, 6.05, 6.15, 6.25, 6.35, 6.45, 6.55, 6.65, 6.75, 6.85]","[0.0, 0.0, 1.0, 0.0, 0.0, 0.23809523809523808, 0.047619047619047616, 0.19047619047619047, 0.0, 0.09523809523809523, 0.09523809523809523, 0.0, 0.09523809523809523, 0.0, 0.047619047619047616, 0.0, 0.024390243902439025, 0.0, 0.024390243902439025]"
421.0,4.751597852492756,0.8765878922541458,0.008616460303385075,"[5.05, 5.15, 5.25, 5.35, 5.45, 5.55, 5.65, 5.75, 5.85, 5.95, 6.05, 6.15, 6.25, 6.35, 6.45, 6.55, 6.65, 6.75, 6.85]","[0.0, 0.0, 1.0, 0.0, 0.0, 0.23809523809523808, 0.047619047619047616, 0.19047619047619047, 0.0, 0.09523809523809523, 0.09523809523809523, 0.0, 0.09523809523809523, 0.0, 0.047619047619047616, 0.0, 0.024390243902439025, 0.0, 0.024390243902439025]"
422.0,4.751597852492756,0.8765878922541458,0.008616460303385075,"[5.05, 5.15, 5.25, 5.35, 5.45, 5.55, 5.65, 5.75, 5.85, 5.95, 6.05, 6.15, 6.25, 6.35, 6.45, 6.55, 6.65, 6.75, 6.85]","[0.0, 0.0, 1.0, 0.0, 0.0, 0.23809523809523808, 0.047619047619047616, 0.19047619047619047, 0.0, 0.09523809523809523, 0.09523809523809523, 0.0, 0.09523809523809523, 0.0, 0.047619047619047616, 0.0, 0.024390243902439025, 0.0, 0.024390243902439025]"
423.0,4.751597852492756,0.8765878922541458,0.008616460303385075,"[5.05, 5.15, 5.25, 5.35, 5.45, 5.55, 5.65, 5.75, 5.85, 5.95, 6.05, 6.15, 6.25, 6.35, 6.45, 6.55, 6.65, 6.75, 6.85]","[0.0, 0.0, 1.0, 0.0, 0.0, 0.23809523809523808, 0.047619047619047616, 0.19047619047619047, 0.0, 0.09523809523809523, 0.09523809523809523, 0.0, 0.09523809523809523, 0.0, 0.047619047619047616, 0.0, 0.024390243902439025, 0.0, 0.024390243902439025]"
424.0,4.733999115883041,0.8726694207985121,0.014442720570371137,"[5.05, 5.15, 5.25, 5.35, 5.45, 5.55, 5.65, 5.75, 5.85, 5.95, 6.05, 6.15, 6.25, 6.35, 6.45, 6.55, 6.65, 6.75, 6.85, 6.95, 7.05, 7.15]","[0.0, 0.0, 1.0, 0.0, 0.0, 0.23809523809523808, 0.047619047619047616, 0.19047619047619047, 0.0, 0.09523809523809523, 0.09523809523809523, 0.0, 0.09523809523809523, 0.0, 0.047619047619047616, 0.0, 0.024390243902439025, 0.0, 0.024390243902439025, 0.0, 0.008620689655172414, 0.008620689655172414]"
425.0,4.989626209037609,0.922589495145117,0.014107086496559618,"[5.05, 5.15, 5.25, 5.35, 5.45, 5.55, 5.65, 5.75, 5.85, 5.95, 6.05, 6.15, 6.25, 6.35, 6.45, 6.55, 6.65, 6.75, 6.85, 6.95]","[0.0, 0.0, 1.0, 0.0, 0.0, 0.23809523809523808, 0.047619047619047616, 0.19047619047619047, 0.0, 0.09523809523809523, 0.09523809523809523, 0.0, 0.09523809523809523, 0.0, 0.047619047619047616, 0.0, 0.01639344262295082, 0.0, 0.01639344262295082, 0.01639344262295082]"
426.0,4.989626209037609,0.922589495145117,0.008570328426766197,"[5.05, 5.15, 5.25, 5.35, 5.45, 5.55, 5.65, 5.75, 5.85, 5.95, 6.05, 6.15, 6.25, 6.35, 6.45, 6.55, 6.65, 6.75, 6.85, 6.95]","[0.0, 0.0, 1.0, 0.0, 0.0, 0.23809523809523808, 0.047619047619047616, 0.19047619047619047, 0.0, 0.09523809523809523, 0.09523809523809523, 0.0, 0.09523809523809523, 0.0, 0.047619047619047616, 0.0, 0.01639344262295082, 0.0, 0.01639344262295082, 0.01639344262295082]"
427.0,4.989626209037609,0.922589495145117,0.008570328426766197,"[5.05, 5.15, 5.25, 5.35, 5.45, 5.55, 5.65, 5.75, 5.85, 5.95, 6.05, 6.15, 6.25, 6.35, 6.45, 6.55, 6.65, 6.75, 6.85, 6.95]","[0.0, 0.0, 1.0, 0.0, 0.0, 0.23809523809523808, 0.047619047619047616, 0.19047619047619047, 0.0, 0.09523809523809523, 0.09523809523809523, 0.0, 0.09523809523809523, 0.0, 0.047619047619047616, 0.0, 0.01639344262295082, 0.0, 0.01639344262295082, 0.01639344262295082]"
428.0,4.75219480901622,0.8775301028980838,0.014448633831876828,"[5.05, 5.15, 5.25, 5.35, 5.45, 5.55, 5.65, 5.75, 5.85, 5.95, 6.05, 6.15, 6.25, 6.35, 6.45, 6.55, 6.65, 6.75, 6.85, 6.95, 7.05, 7.15]","[0.0, 0.0, 1.0, 0.0, 0.0, 0.23809523809523808, 0.047619047619047616, 0.19047619047619047, 0.0, 0.09523809523809523, 0.09523809523809523, 0.0, 0.09523809523809523, 0.0, 0.047619047619047616, 0.0, 0.01639344262295082, 0.0, 0.01639344262295082, 0.01639344262295082, 0.008620689655172414, 0.008620689655172414]"
429.0,5.426339788982927,1.006023917556442,0.014276958674060014,"[5.05, 5.15, 5.25, 5.35, 5.45, 5.55, 5.65, 5.75, 5.85, 5.95, 6.05, 6.15, 6.25, 6.35, 6.45, 6.55, 6.65, 6.75, 6.85, 6.95]","[0.0, 0.0, 1.0, 0.0, 0.0, 0.23809523809523808, 0.047619047619047616, 0.19047619047619047, 0.0, 0.09523809523809523, 0.09523809523809523, 0.0, 0.09523809523809523, 0.0, 0.047619047619047616, 0.0, 0.012345679012345678, 0.0, 0.012345679012345678, 0.012345679012345678]"
430.0,5.426339788982927,1.006023917556442,0.008714899627544574,"[5.05, 5.15, 5.25, 5.35, 5.45, 5.55, 5.65, 5.75, 5.85, 5.95, 6.05, 6.15, 6.25, 6.35, 6.45, 6.55, 6.65, 6.75, 6.85, 6.95]","[0.0, 0.0, 1.0, 0.0, 0.0, 0.23809523809523808, 0.047619047619047616, 0.19047619047619047, 0.0, 0.09523809523809523, 0.09523809523809523, 0.0, 0.09523809523809523, 0.0, 0.047619047619047616, 0.0, 0.012345679012345678, 0.0, 0.012345679012345678, 0.012345679012345678]"
431.0,5.052293279080055,0.9356646792010973,0.014076244208719366,"[5.05, 5.15, 5.25, 5.35, 5.45, 5.55, 5.65, 5.75, 5.85, 5.95, 6.05, 6.15, 6.25, 6.35, 6.45, 6.55, 6.65, 6.75, 6.85, 6.95, 7.05, 7.15]","[0.0, 0.0, 1.0, 0.0, 0.0, 0.23809523809523808, 0.047619047619047616, 0.19047619047619047, 0.0, 0.09523809523809523, 0.09523809523809523, 0.0, 0.09523809523809523, 0.0, 0.047619047619047616, 0.0, 0.012345679012345678, 0.0, 0.012345679012345678, 0.012345679012345678, 0.008620689655172414, 0.008620689655172414]"
432.0,5.24666853180958,0.9706127935047347,0.013864651014317605,"[5.05, 5.15, 5.25, 5.35, 5.45, 5.55, 5.65, 5.75, 5.85, 5.95, 6.05, 6.15, 6.25, 6.35, 6.45, 6.55, 6.65, 6.75, 6.85, 6.95]","[0.0, 0.0, 1.0, 0.0, 0.0, 0.23809523809523808, 0.047619047619047616, 0.19047619047619047, 0.0, 0.09523809523809523, 0.09523809523809523, 0.0, 0.09523809523809523, 0.0, 0.047619047619047616, 0.009900990099009901, 0.019801980198019802, 0.0, 0.009900990099009901, 0.009900990099009901]"
433.0,4.980577306816271,0.9205907253951059,0.013931950898578942,"[5.05, 5.15, 5.25, 5.35, 5.45, 5.55, 5.65, 5.75, 5.85, 5.95, 6.05, 6.15, 6.25, 6.35, 6.45, 6.55, 6.65, 6.75, 6.85, 6.95, 7.05, 7.15]","[0.0, 0.0, 1.0, 0.0, 0.0, 0.23809523809523808, 0.047619047619047616, 0.19047619047619047, 0.0, 0.09523809523809523, 0.09523809523809523, 0.0, 0.09523809523809523, 0.0, 0.047619047619047616, 0.009900990099009901, 0.019801980198019802, 0.0, 0.009900990099009901, 0.009900990099009901, 0.008620689655172414, 0.008620689655172414]"
434.0,4.596878974691204,0.8472980147392768,0.02793078912279422,"[5.05, 5.15, 5.25, 5.35, 5.45, 5.55, 5.65, 5.75, 5.85, 5.95, 6.05, 6.15, 6.25, 6.35, 6.45, 6.55, 6.65, 6.75, 6.85, 6.95, 7.05, 7.15]","[0.0, 0.0, 1.0, 0.0, 0.0, 0.23809523809523808, 0.047619047619047616, 0.19047619047619047, 0.0, 0.09523809523809523, 0.09523809523809523, 0.0, 0.09523809523809523, 0.0, 0.047619047619047616, 0.008620689655172414, 0.02586206896551724, 0.008620689655172414, 0.008620689655172414, 0.017241379310344827, 0.008620689655172414, 0.008620689655172414]"
435.0,5.440857948412663,1.0164089850298528,0.012940880175726505,"[5.05, 5.15, 5.25, 5.35, 5.45, 5.55, 5.65, 5.75, 5.85, 5.95, 6.05, 6.15, 6.25, 6.35, 6.45, 6.55, 6.65, 6.75, 6.85]","[0.0, 0.0, 1.0, 0.0, 0.0, 0.23809523809523808, 0.047619047619047616, 0.19047619047619047, 0.0, 0.09523809523809523, 0.04878048780487805, 0.0, 0.04878048780487805, 0.0, 0.024390243902439025, 0.0, 0.024390243902439025, 0.0, 0.024390243902439025]"
436.0,5.440857948412663,1.0164089850298528,0.007626854503623499,"[5.05, 5.15, 5.25, 5.35, 5.45, 5.55, 5.65, 5.75, 5.85, 5.95, 6.05, 6.15, 6.25, 6.35, 6.45, 6.55, 6.65, 6.75, 6.85]","[0.0, 0.0, 1.0, 0.0, 0.0, 0.23809523809523808, 0.047619047619047616, 0.19047619047619047, 0.0, 0.09523809523809523, 0.04878048780487805, 0.0, 0.04878048780487805, 0.0, 0.024390243902439025, 0.0, 0.024390243902439025, 0.0, 0.024390243902439025]"
437.0,5.440857948412663,1.0164089850298528,0.007626854503623499,"[5.05, 5.15, 5.25, 5.35, 5.45, 5.55, 5.65, 5.75, 5.85, 5.95, 6.05, 6.15, 6.25, 6.35, 6.45, 6.55, 6.65, 6.75, 6.85]","[0.0, 0.0, 1.0, 0.0, 0.0, 0.23809523809523808, 0.047619047619047616, 0.19047619047619047, 0.0, 0.09523809523809523, 0.04878048780487805, 0.0, 0.04878048780487805, 0.0, 0.024390243902439025, 0.0, 0.024390243902439025, 0.0, 0.024390243902439025]"
438.0,5.440857948412663,1.0164089850298528,0.007626854503623499,"[5.05, 5.15, 5.25, 5.35, 5.45, 5.55, 5.65, 5.75, 5.85, 5.95, 6.05, 6.15, 6.25, 6.35, 6.45, 6.55, 6.65, 6.75, 6.85]","[0.0, 0.0, 1.0, 0.0, 0.0, 0.23809523809523808, 0.047619047619047616, 0.19047619047619047, 0.0, 0.09523809523809523, 0.04878048780487805, 0.0, 0.04878048780487805, 0.0, 0.024390243902439025, 0.0, 0.024390243902439025, 0.0, 0.024390243902439025]"
439.0,4.976401288361979,0.9293488207698749,0.012826395365340786,"[5.05, 5.15, 5.25, 5.35, 5.45, 5.55, 5.65, 5.75, 5.85, 5.95, 6.05, 6.15, 6.25, 6.35, 6.45, 6.55, 6.65, 6.75, 6.85, 6.95, 7.05, 7.15]","[0.0, 0.0, 1.0, 0.0, 0.0, 0.23809523809523808, 0.047619047619047616, 0.19047619047619047, 0.0, 0.09523809523809523, 0.04878048780487805, 0.0, 0.04878048780487805, 0.0, 0.024390243902439025, 0.0, 0.024390243902439025, 0.0, 0.024390243902439025, 0.0, 0.008620689655172414, 0.008620689655172414]"
440.0,5.407549751176865,1.010890967691946,0.007372633542166884,"[5.05, 5.15, 5.25, 5.35, 5.45, 5.55, 5.65, 5.75, 5.85, 5.95, 6.05, 6.15, 6.25, 6.35, 6.45, 6.55, 6.65, 6.75, 6.85, 6.95]","[0.0, 0.0, 1.0, 0.0, 0.0, 0.23809523809523808, 0.047619047619047616, 0.19047619047619047, 0.0, 0.09523809523809523, 0.04878048780487805, 0.0, 0.04878048780487805, 0.0, 0.024390243902439025, 0.0, 0.01639344262295082, 0.0, 0.01639344262295082, 0.01639344262295082]"
441.0,5.407549751176865,1.010890967691946,0.00495173858869189,"[5.05, 5.15, 5.25, 5.35, 5.45, 5.55, 5.65, 5.75, 5.85, 5.95, 6.05, 6.15, 6.25, 6.35, 6.45, 6.55, 6.65, 6.75, 6.85, 6.95]","[0.0, 0.0, 1.0, 0.0, 0.0, 0.23809523809523808, 0.047619047619047616, 0.19047619047619047, 0.0, 0.09523809523809523, 0.04878048780487805, 0.0, 0.04878048780487805, 0.0, 0.024390243902439025, 0.0, 0.01639344262295082, 0.0, 0.01639344262295082, 0.01639344262295082]"
442.0,5.407549751176865,1.010890967691946,0.00495173858869189,"[5.05, 5.15, 5.25, 5.35, 5.45, 5.55, 5.65, 5.75, 5.85, 5.95, 6.05, 6.15, 6.25, 6.35, 6.45, 6.55, 6.65, 6.75, 6.85, 6.95]","[0.0, 0.0, 1.0, 0.0, 0.0, 0.23809523809523808, 0.047619047619047616, 0.19047619047619047, 0.0, 0.09523809523809523, 0.04878048780487805, 0.0, 0.04878048780487805, 0.0, 0.024390243902439025, 0.0, 0.01639344262295082, 0.0, 0.01639344262295082, 0.01639344262295082]"
443.0,4.909576720009814,0.9178970344743266,0.007604906834902056,"[5.05, 5.15, 5.25, 5.35, 5.45, 5.55, 5.65, 5.75, 5.85, 5.95, 6.05, 6.15, 6.25, 6.35, 6.45, 6.55, 6.65, 6.75, 6.85, 6.95, 7.05, 7.15]","[0.0, 0.0, 1.0, 0.0, 0.0, 0.23809523809523808, 0.047619047619047616, 0.19047619047619047, 0.0, 0.09523809523809523, 0.04878048780487805, 0.0, 0.04878048780487805, 0.0, 0.024390243902439025, 0.0, 0.01639344262295082, 0.0, 0.01639344262295082, 0.01639344262295082, 0.008620689655172414, 0.008620689655172414]"
444.0,5.77893610710365,1.0810294975446613,0.007357751515683894,"[5.05, 5.15, 5.25, 5.35, 5.45, 5.55, 5.65, 5.75, 5.85, 5.95, 6.05, 6.15, 6.25, 6.35, 6.45, 6.55, 6.65, 6.75, 6.85, 6.95]","[0.0, 0.0, 1.0, 0.0, 0.0, 0.23809523809523808, 0.047619047619047616, 0.19047619047619047, 0.0, 0.09523809523809523, 0.04878048780487805, 0.0, 0.04878048780487805, 0.0, 0.024390243902439025, 0.0, 0.012345679012345678, 0.0, 0.012345679012345678, 0.012345679012345678]"
445.0,5.77893610710365,1.0810294975446613,0.0048900833023719165,"[5.05, 5.15, 5.25, 5.35, 5.45, 5.55, 5.65, 5.75, 5.85, 5.95, 6.05, 6.15, 6.25, 6.35, 6.45, 6.55, 6.65, 6.75, 6.85, 6.95]","[0.0, 0.0, 1.0, 0.0, 0.0, 0.23809523809523808, 0.047619047619047616, 0.19047619047619047, 0.0, 0.09523809523809523, 0.04878048780487805, 0.0, 0.04878048780487805, 0.0, 0.024390243902439025, 0.0, 0.012345679012345678, 0.0, 0.012345679012345678, 0.012345679012345678]"
446.0,5.194358788063509,0.9722915875785552,0.0071541087913089526,"[5.05, 5.15, 5.25, 5.35, 5.45, 5.55, 5.65, 5.75, 5.85, 5.95, 6.05, 6.15, 6.25, 6.35, 6.45, 6.55, 6.65, 6.75, 6.85, 6.95, 7.05, 7.15]","[0.0, 0.0, 1.0, 0.0, 0.0, 0.23809523809523808, 0.047619047619047616, 0.19047619047619047, 0.0, 0.09523809523809523, 0.04878048780487805, 0.0, 0.04878048780487805, 0.0, 0.024390243902439025, 0.0, 0.012345679012345678, 0.0, 0.012345679012345678, 0.012345679012345678, 0.008620689655172414, 0.008620689655172414]"
447.0,5.480352152927983,1.0235689942396913,0.007346747657256905,"[5.05, 5.15, 5.25, 5.35, 5.45, 5.55, 5.65, 5.75, 5.85, 5.95, 6.05, 6.15, 6.25, 6.35, 6.45, 6.55, 6.65, 6.75, 6.85, 6.95]","[0.0, 0.0, 1.0, 0.0, 0.0, 0.23809523809523808, 0.047619047619047616, 0.19047619047619047, 0.0, 0.09523809523809523, 0.04878048780487805, 0.0, 0.04878048780487805, 0.0, 0.024390243902439025, 0.009900990099009901, 0.019801980198019802, 0.0, 0.009900990099009901, 0.009900990099009901]"
448.0,5.057668151787874,0.945024044179917,0.007349792602353808,"[5.05, 5.15, 5.25, 5.35, 5.45, 5.55, 5.65, 5.75, 5.85, 5.95, 6.05, 6.15, 6.25, 6.35, 6.45, 6.55, 6.65, 6.75, 6.85, 6.95, 7.05, 7.15]","[0.0, 0.0, 1.0, 0.0, 0.0, 0.23809523809523808, 0.047619047619047616, 0.19047619047619047, 0.0, 0.09523809523809523, 0.04878048780487805, 0.0, 0.04878048780487805, 0.0, 0.024390243902439025, 0.009900990099009901, 0.019801980198019802, 0.0, 0.009900990099009901, 0.009900990099009901, 0.008620689655172414, 0.008620689655172414]"
449.0,4.5855266274260815,0.8557700797383104,0.01271357556410852,"[5.05, 5.15, 5.25, 5.35, 5.45, 5.55, 5.65, 5.75, 5.85, 5.95, 6.05, 6.15, 6.25, 6.35, 6.45, 6.55, 6.65, 6.75, 6.85, 6.95, 7.05, 7.15]","[0.0, 0.0, 1.0, 0.0, 0.0, 0.23809523809523808, 0.047619047619047616, 0.19047619047619047, 0.0, 0.09523809523809523, 0.04878048780487805, 0.0, 0.04878048780487805, 0.0, 0.024390243902439025, 0.008620689655172414, 0.02586206896551724, 0.008620689655172414, 0.008620689655172414, 0.017241379310344827, 0.008620689655172414, 0.008620689655172414]"
450.0,5.0370980492574295,0.9354564112220701,0.012155769871548094,"[5.05, 5.15, 5.25, 5.35, 5.45, 5.55, 5.65, 5.75, 5.85, 5.95, 6.05, 6.15, 6.25, 6.35, 6.45, 6.55, 6.65, 6.75, 6.85, 6.95]","[0.0, 0.0, 1.0, 0.0, 0.0, 0.23809523809523808, 0.047619047619047616, 0.19047619047619047, 0.0, 0.09523809523809523, 0.06557377049180328, 0.01639344262295082, 0.04918032786885246, 0.0, 0.04918032786885246, 0.0, 0.01639344262295082, 0.0, 0.01639344262295082, 0.01639344262295082]"
451.0,5.0370980492574295,0.9354564112220701,0.007012239016879665,"[5.05, 5.15, 5.25, 5.35, 5.45, 5.55, 5.65, 5.75, 5.85, 5.95, 6.05, 6.15, 6.25, 6.35, 6.45, 6.55, 6.65, 6.75, 6.85, 6.95]","[0.0, 0.0, 1.0, 0.0, 0.0, 0.23809523809523808, 0.047619047619047616, 0.19047619047619047, 0.0, 0.09523809523809523, 0.06557377049180328, 0.01639344262295082, 0.04918032786885246, 0.0, 0.04918032786885246, 0.0, 0.01639344262295082, 0.0, 0.01639344262295082, 0.01639344262295082]"
452.0,5.0370980492574295,0.9354564112220701,0.007012239016879665,"[5.05, 5.15, 5.25, 5.35, 5.45, 5.55, 5.65, 5.75, 5.85, 5.95, 6.05, 6.15, 6.25, 6.35, 6.45, 6.55, 6.65, 6.75, 6.85, 6.95]","[0.0, 0.0, 1.0, 0.0, 0.0, 0.23809523809523808, 0.047619047619047616, 0.19047619047619047, 0.0, 0.09523809523809523, 0.06557377049180328, 0.01639344262295082, 0.04918032786885246, 0.0, 0.04918032786885246, 0.0, 0.01639344262295082, 0.0, 0.01639344262295082, 0.01639344262295082]"
453.0,4.756020940660477,0.8831094112613836,0.01262465446557745,"[5.05, 5.15, 5.25, 5.35, 5.45, 5.55, 5.65, 5.75, 5.85, 5.95, 6.05, 6.15, 6.25, 6.35, 6.45, 6.55, 6.65, 6.75, 6.85, 6.95, 7.05, 7.15]","[0.0, 0.0, 1.0, 0.0, 0.0, 0.23809523809523808, 0.047619047619047616, 0.19047619047619047, 0.0, 0.09523809523809523, 0.06557377049180328, 0.01639344262295082, 0.04918032786885246, 0.0, 0.04918032786885246, 0.0, 0.01639344262295082, 0.0, 0.01639344262295082, 0.01639344262295082, 0.008620689655172414, 0.008620689655172414]"
454.0,5.403995504567145,1.0043117174149032,0.007777911319022651,"[5.05, 5.15, 5.25, 5.35, 5.45, 5.55, 5.65, 5.75, 5.85, 5.95, 6.05, 6.15, 6.25, 6.35, 6.45, 6.55, 6.65, 6.75, 6.85, 6.95]","[0.0, 0.0, 1.0, 0.0, 0.0, 0.23809523809523808, 0.047619047619047616, 0.19047619047619047, 0.0, 0.09523809523809523, 0.06557377049180328, 0.01639344262295082, 0.04918032786885246, 0.0, 0.04918032786885246, 0.0, 0.012345679012345678, 0.0, 0.012345679012345678, 0.012345679012345678]"
455.0,5.403995504567145,1.0043117174149032,0.005116045514777418,"[5.05, 5.15, 5.25, 5.35, 5.45, 5.55, 5.65, 5.75, 5.85, 5.95, 6.05, 6.15, 6.25, 6.35, 6.45, 6.55, 6.65, 6.75, 6.85, 6.95]","[0.0, 0.0, 1.0, 0.0, 0.0, 0.23809523809523808, 0.047619047619047616, 0.19047619047619047, 0.0, 0.09523809523809523, 0.06557377049180328, 0.01639344262295082, 0.04918032786885246, 0.0, 0.04918032786885246, 0.0, 0.012345679012345678, 0.0, 0.012345679012345678, 0.012345679012345678]"
456.0,5.032482368268126,0.9355307701898766,0.007497656981230093,"[5.05, 5.15, 5.25, 5.35, 5.45, 5.55, 5.65, 5.75, 5.85, 5.95, 6.05, 6.15, 6.25, 6.35, 6.45, 6.55, 6.65, 6.75, 6.85, 6.95, 7.05, 7.15]","[0.0, 0.0, 1.0, 0.0, 0.0, 0.23809523809523808, 0.047619047619047616, 0.19047619047619047, 0.0, 0.09523809523809523, 0.06557377049180328, 0.01639344262295082, 0.04918032786885246, 0.0, 0.04918032786885246, 0.0, 0.012345679012345678, 0.0, 0.012345679012345678, 0.012345679012345678, 0.008620689655172414, 0.008620689655172414]"
457.0,5.23640636224669,0.9719455739641497,0.007499737082581756,"[5.05, 5.15, 5.25, 5.35, 5.45, 5.55, 5.65, 5.75, 5.85, 5.95, 6.05, 6.15, 6.25, 6.35, 6.45, 6.55, 6.65, 6.75, 6.85, 6.95]","[0.0, 0.0, 1.0, 0.0, 0.0, 0.23809523809523808, 0.047619047619047616, 0.19047619047619047, 0.0, 0.09523809523809523, 0.06557377049180328, 0.01639344262295082, 0.04918032786885246, 0.0, 0.04918032786885246, 0.009900990099009901, 0.019801980198019802, 0.0, 0.009900990099009901, 0.009900990099009901]"
458.0,4.953305220568904,0.9195388809107692,0.007353830235042766,"[5.05, 5.15, 5.25, 5.35, 5.45, 5.55, 5.65, 5.75, 5.85, 5.95, 6.05, 6.15, 6.25, 6.35, 6.45, 6.55, 6.65, 6.75, 6.85, 6.95, 7.05, 7.15]","[0.0, 0.0, 1.0, 0.0, 0.0, 0.23809523809523808, 0.047619047619047616, 0.19047619047619047, 0.0, 0.09523809523809523, 0.06557377049180328, 0.01639344262295082, 0.04918032786885246, 0.0, 0.04918032786885246, 0.009900990099009901, 0.019801980198019802, 0.0, 0.009900990099009901, 0.009900990099009901, 0.008620689655172414, 0.008620689655172414]"
459.0,4.550472675908697,0.8440035580633919,0.013387393206156955,"[5.05, 5.15, 5.25, 5.35, 5.45, 5.55, 5.65, 5.75, 5.85, 5.95, 6.05, 6.15, 6.25, 6.35, 6.45, 6.55, 6.65, 6.75, 6.85, 6.95, 7.05, 7.15]","[0.0, 0.0, 1.0, 0.0, 0.0, 0.23809523809523808, 0.047619047619047616, 0.19047619047619047, 0.0, 0.09523809523809523, 0.06557377049180328, 0.01639344262295082, 0.04918032786885246, 0.0, 0.04918032786885246, 0.008620689655172414, 0.02586206896551724, 0.008620689655172414, 0.008620689655172414, 0.017241379310344827, 0.008620689655172414, 0.008620689655172414]"
460.0,5.5431956538293,1.0351872311498114,0.011986659500514652,"[5.05, 5.15, 5.25, 5.35, 5.45, 5.55, 5.65, 5.75, 5.85, 5.95, 6.05, 6.15, 6.25, 6.35, 6.45, 6.55, 6.65, 6.75, 6.85, 6.95]","[0.0, 0.0, 1.0, 0.0, 0.0, 0.23809523809523808, 0.047619047619047616, 0.19047619047619047, 0.0, 0.09523809523809523, 0.04938271604938271, 0.012345679012345678, 0.04938271604938271, 0.0, 0.037037037037037035, 0.0, 0.012345679012345678, 0.0, 0.012345679012345678, 0.012345679012345678]"
461.0,5.5431956538293,1.0351872311498114,0.007089998287774349,"[5.05, 5.15, 5.25, 5.35, 5.45, 5.55, 5.65, 5.75, 5.85, 5.95, 6.05, 6.15, 6.25, 6.35, 6.45, 6.55, 6.65, 6.75, 6.85, 6.95]","[0.0, 0.0, 1.0, 0.0, 0.0, 0.23809523809523808, 0.047619047619047616, 0.19047619047619047, 0.0, 0.09523809523809523, 0.04938271604938271, 0.012345679012345678, 0.04938271604938271, 0.0, 0.037037037037037035, 0.0, 0.012345679012345678, 0.0, 0.012345679012345678, 0.012345679012345678]"
462.0,5.084975350463726,0.9509411973182474,0.011730290784553756,"[5.05, 5.15, 5.25, 5.35, 5.45, 5.55, 5.65, 5.75, 5.85, 5.95, 6.05, 6.15, 6.25, 6.35, 6.45, 6.55, 6.65, 6.75, 6.85, 6.95, 7.05, 7.15]","[0.0, 0.0, 1.0, 0.0, 0.0, 0.23809523809523808, 0.047619047619047616, 0.19047619047619047, 0.0, 0.09523809523809523, 0.04938271604938271, 0.012345679012345678, 0.04938271604938271, 0.0, 0.037037037037037035, 0.0, 0.012345679012345678, 0.0, 0.012345679012345678, 0.012345679012345678, 0.008620689655172414, 0.008620689655172414]"
463.0,5.330827323286213,0.9947284235372159,0.007208298514971974,"[5.05, 5.15, 5.25, 5.35, 5.45, 5.55, 5.65, 5.75, 5.85, 5.95, 6.05, 6.15, 6.25, 6.35, 6.45, 6.55, 6.65, 6.75, 6.85, 6.95]","[0.0, 0.0, 1.0, 0.0, 0.0, 0.23809523809523808, 0.047619047619047616, 0.19047619047619047, 0.0, 0.09523809523809523, 0.04938271604938271, 0.012345679012345678, 0.04938271604938271, 0.0, 0.037037037037037035, 0.009900990099009901, 0.019801980198019802, 0.0, 0.009900990099009901, 0.009900990099009901]"
464.0,4.9761452543014535,0.9295319374773323,0.007234879491326056,"[5.05, 5.15, 5.25, 5.35, 5.45, 5.55, 5.65, 5.75, 5.85, 5.95, 6.05, 6.15, 6.25, 6.35, 6.45, 6.55, 6.65, 6.75, 6.85, 6.95, 7.05, 7.15]","[0.0, 0.0, 1.0, 0.0, 0.0, 0.23809523809523808, 0.047619047619047616, 0.19047619047619047, 0.0, 0.09523809523809523, 0.04938271604938271, 0.012345679012345678, 0.04938271604938271, 0.0, 0.037037037037037035, 0.009900990099009901, 0.019801980198019802, 0.0, 0.009900990099009901, 0.009900990099009901, 0.008620689655172414, 0.008620689655172414]"
465.0,4.528646067072098,0.8461671242673314,0.012364492917285589,"[5.05, 5.15, 5.25, 5.35, 5.45, 5.55, 5.65, 5.75, 5.85, 5.95, 6.05, 6.15, 6.25, 6.35, 6.45, 6.55, 6.65, 6.75, 6.85, 6.95, 7.05, 7.15]","[0.0, 0.0, 1.0, 0.0, 0.0, 0.23809523809523808, 0.047619047619047616, 0.19047619047619047, 0.0, 0.09523809523809523, 0.04938271604938271, 0.012345679012345678, 0.04938271604938271, 0.0, 0.037037037037037035, 0.008620689655172414, 0.02586206896551724, 0.008620689655172414, 0.008620689655172414, 0.017241379310344827, 0.008620689655172414, 0.008620689655172414]"
466.0,5.287478103800117,0.9829575633962002,0.011745761575023512,"[5.05, 5.15, 5.25, 5.35, 5.45, 5.55, 5.65, 5.75, 5.85, 5.95, 6.05, 6.15, 6.25, 6.35, 6.45, 6.55, 6.65, 6.75, 6.85, 6.95]","[0.0, 0.0, 1.0, 0.0, 0.0, 0.23809523809523808, 0.047619047619047616, 0.19047619047619047, 0.0, 0.09523809523809523, 0.0594059405940594, 0.019801980198019802, 0.04950495049504951, 0.0, 0.039603960396039604, 0.009900990099009901, 0.019801980198019802, 0.0, 0.009900990099009901, 0.009900990099009901]"
467.0,4.9854446717194225,0.9276246309100633,0.011764190694293634,"[5.05, 5.15, 5.25, 5.35, 5.45, 5.55, 5.65, 5.75, 5.85, 5.95, 6.05, 6.15, 6.25, 6.35, 6.45, 6.55, 6.65, 6.75, 6.85, 6.95, 7.05, 7.15]","[0.0, 0.0, 1.0, 0.0, 0.0, 0.23809523809523808, 0.047619047619047616, 0.19047619047619047, 0.0, 0.09523809523809523, 0.0594059405940594, 0.019801980198019802, 0.04950495049504951, 0.0, 0.039603960396039604, 0.009900990099009901, 0.019801980198019802, 0.0, 0.009900990099009901, 0.009900990099009901, 0.008620689655172414, 0.008620689655172414]"
468.0,4.567407646993282,0.8501943962462399,0.012683469639037992,"[5.05, 5.15, 5.25, 5.35, 5.45, 5.55, 5.65, 5.75, 5.85, 5.95, 6.05, 6.15, 6.25, 6.35, 6.45, 6.55, 6.65, 6.75, 6.85, 6.95, 7.05, 7.15]","[0.0, 0.0, 1.0, 0.0, 0.0, 0.23809523809523808, 0.047619047619047616, 0.19047619047619047, 0.0, 0.09523809523809523, 0.0594059405940594, 0.019801980198019802, 0.04950495049504951, 0.0, 0.039603960396039604, 0.008620689655172414, 0.02586206896551724, 0.008620689655172414, 0.008620689655172414, 0.017241379310344827, 0.008620689655172414, 0.008620689655172414]"
469.0,4.59577423034304,0.8496368232316764,0.024823692360118183,"[5.05, 5.15, 5.25, 5.35, 5.45, 5.55, 5.65, 5.75, 5.85, 5.95, 6.05, 6.15, 6.25, 6.35, 6.45, 6.55, 6.65, 6.75, 6.85, 6.95, 7.05, 7.15]","[0.0, 0.0, 1.0, 0.0, 0.0, 0.23809523809523808, 0.047619047619047616, 0.19047619047619047, 0.0, 0.09523809523809523, 0.06896551724137931, 0.02586206896551724, 0.05172413793103448, 0.017241379310344827, 0.034482758620689655, 0.008620689655172414, 0.02586206896551724, 0.008620689655172414, 0.008620689655172414, 0.017241379310344827, 0.008620689655172414, 0.008620689655172414]"
470.0,5.677712712148457,1.052108153698024,0.01855884468791359,"[5.05, 5.15, 5.25, 5.35, 5.45, 5.55, 5.65, 5.75, 5.85, 5.95, 6.05, 6.15, 6.25, 6.35, 6.45, 6.55, 6.65, 6.75, 6.85]","[0.0, 0.0, 1.0, 0.0, 0.0, 0.17073170731707318, 0.17073170731707318, 0.14634146341463414, 0.024390243902439025, 0.0975609756097561, 0.04878048780487805, 0.0, 0.04878048780487805, 0.0, 0.024390243902439025, 0.0, 0.024390243902439025, 0.0, 0.024390243902439025]"
471.0,5.677712712148457,1.052108153698024,0.011735122383187548,"[5.05, 5.15, 5.25, 5.35, 5.45, 5.55, 5.65, 5.75, 5.85, 5.95, 6.05, 6.15, 6.25, 6.35, 6.45, 6.55, 6.65, 6.75, 6.85]","[0.0, 0.0, 1.0, 0.0, 0.0, 0.17073170731707318, 0.17073170731707318, 0.14634146341463414, 0.024390243902439025, 0.0975609756097561, 0.04878048780487805, 0.0, 0.04878048780487805, 0.0, 0.024390243902439025, 0.0, 0.024390243902439025, 0.0, 0.024390243902439025]"
472.0,5.677712712148457,1.052108153698024,0.011735122383187548,"[5.05, 5.15, 5.25, 5.35, 5.45, 5.55, 5.65, 5.75, 5.85, 5.95, 6.05, 6.15, 6.25, 6.35, 6.45, 6.55, 6.65, 6.75, 6.85]","[0.0, 0.0, 1.0, 0.0, 0.0, 0.17073170731707318, 0.17073170731707318, 0.14634146341463414, 0.024390243902439025, 0.0975609756097561, 0.04878048780487805, 0.0, 0.04878048780487805, 0.0, 0.024390243902439025, 0.0, 0.024390243902439025, 0.0, 0.024390243902439025]"
473.0,5.677712712148457,1.052108153698024,0.011735122383187548,"[5.05, 5.15, 5.25, 5.35, 5.45, 5.55, 5.65, 5.75, 5.85, 5.95, 6.05, 6.15, 6.25, 6.35, 6.45, 6.55, 6.65, 6.75, 6.85]","[0.0, 0.0, 1.0, 0.0, 0.0, 0.17073170731707318, 0.17073170731707318, 0.14634146341463414, 0.024390243902439025, 0.0975609756097561, 0.04878048780487805, 0.0, 0.04878048780487805, 0.0, 0.024390243902439025, 0.0, 0.024390243902439025, 0.0, 0.024390243902439025]"
474.0,5.262768643959191,0.9738768227290067,0.01750926816504406,"[5.05, 5.15, 5.25, 5.35, 5.45, 5.55, 5.65, 5.75, 5.85, 5.95, 6.05, 6.15, 6.25, 6.35, 6.45, 6.55, 6.65, 6.75, 6.85, 6.95, 7.05, 7.15]","[0.0, 0.0, 1.0, 0.0, 0.0, 0.17073170731707318, 0.17073170731707318, 0.14634146341463414, 0.024390243902439025, 0.0975609756097561, 0.04878048780487805, 0.0, 0.04878048780487805, 0.0, 0.024390243902439025, 0.0, 0.024390243902439025, 0.0, 0.024390243902439025, 0.0, 0.008620689655172414, 0.008620689655172414]"
475.0,5.670735467042033,1.0511533878409665,0.011570694143325493,"[5.05, 5.15, 5.25, 5.35, 5.45, 5.55, 5.65, 5.75, 5.85, 5.95, 6.05, 6.15, 6.25, 6.35, 6.45, 6.55, 6.65, 6.75, 6.85, 6.95]","[0.0, 0.0, 1.0, 0.0, 0.0, 0.17073170731707318, 0.17073170731707318, 0.14634146341463414, 0.024390243902439025, 0.0975609756097561, 0.04878048780487805, 0.0, 0.04878048780487805, 0.0, 0.024390243902439025, 0.0, 0.01639344262295082, 0.0, 0.01639344262295082, 0.01639344262295082]"
476.0,5.670735467042033,1.0511533878409665,0.007067218084716484,"[5.05, 5.15, 5.25, 5.35, 5.45, 5.55, 5.65, 5.75, 5.85, 5.95, 6.05, 6.15, 6.25, 6.35, 6.45, 6.55, 6.65, 6.75, 6.85, 6.95]","[0.0, 0.0, 1.0, 0.0, 0.0, 0.17073170731707318, 0.17073170731707318, 0.14634146341463414, 0.024390243902439025, 0.0975609756097561, 0.04878048780487805, 0.0, 0.04878048780487805, 0.0, 0.024390243902439025, 0.0, 0.01639344262295082, 0.0, 0.01639344262295082, 0.01639344262295082]"
477.0,5.670735467042033,1.0511533878409665,0.007067218084716484,"[5.05, 5.15, 5.25, 5.35, 5.45, 5.55, 5.65, 5.75, 5.85, 5.95, 6.05, 6.15, 6.25, 6.35, 6.45, 6.55, 6.65, 6.75, 6.85, 6.95]","[0.0, 0.0, 1.0, 0.0, 0.0, 0.17073170731707318, 0.17073170731707318, 0.14634146341463414, 0.024390243902439025, 0.0975609756097561, 0.04878048780487805, 0.0, 0.04878048780487805, 0.0, 0.024390243902439025, 0.0, 0.01639344262295082, 0.0, 0.01639344262295082, 0.01639344262295082]"
478.0,5.220555737316492,0.9665521267387802,0.01113226837891397,"[5.05, 5.15, 5.25, 5.35, 5.45, 5.55, 5.65, 5.75, 5.85, 5.95, 6.05, 6.15, 6.25, 6.35, 6.45, 6.55, 6.65, 6.75, 6.85, 6.95, 7.05, 7.15]","[0.0, 0.0, 1.0, 0.0, 0.0, 0.17073170731707318, 0.17073170731707318, 0.14634146341463414, 0.024390243902439025, 0.0975609756097561, 0.04878048780487805, 0.0, 0.04878048780487805, 0.0, 0.024390243902439025, 0.0, 0.01639344262295082, 0.0, 0.01639344262295082, 0.01639344262295082, 0.008620689655172414, 0.008620689655172414]"
479.0,6.017257742176857,1.1165771324293556,0.012217413697572076,"[5.05, 5.15, 5.25, 5.35, 5.45, 5.55, 5.65, 5.75, 5.85, 5.95, 6.05, 6.15, 6.25, 6.35, 6.45, 6.55, 6.65, 6.75, 6.85, 6.95]","[0.0, 0.0, 1.0, 0.0, 0.0, 0.17073170731707318, 0.17073170731707318, 0.14634146341463414, 0.024390243902439025, 0.0975609756097561, 0.04878048780487805, 0.0, 0.04878048780487805, 0.0, 0.024390243902439025, 0.0, 0.012345679012345678, 0.0, 0.012345679012345678, 0.012345679012345678]"
480.0,6.017257742176857,1.1165771324293556,0.00750442285324113,"[5.05, 5.15, 5.25, 5.35, 5.45, 5.55, 5.65, 5.75, 5.85, 5.95, 6.05, 6.15, 6.25, 6.35, 6.45, 6.55, 6.65, 6.75, 6.85, 6.95]","[0.0, 0.0, 1.0, 0.0, 0.0, 0.17073170731707318, 0.17073170731707318, 0.14634146341463414, 0.024390243902439025, 0.0975609756097561, 0.04878048780487805, 0.0, 0.04878048780487805, 0.0, 0.024390243902439025, 0.0, 0.012345679012345678, 0.0, 0.012345679012345678, 0.012345679012345678]"
481.0,5.497155219540106,1.0192037161341165,0.011042554849751174,"[5.05, 5.15, 5.25, 5.35, 5.45, 5.55, 5.65, 5.75, 5.85, 5.95, 6.05, 6.15, 6.25, 6.35, 6.45, 6.55, 6.65, 6.75, 6.85, 6.95, 7.05, 7.15]","[0.0, 0.0, 1.0, 0.0, 0.0, 0.17073170731707318, 0.17073170731707318, 0.14634146341463414, 0.024390243902439025, 0.0975609756097561, 0.04878048780487805, 0.0, 0.04878048780487805, 0.0, 0.024390243902439025, 0.0, 0.012345679012345678, 0.0, 0.012345679012345678, 0.012345679012345678, 0.008620689655172414, 0.008620689655172414]"
482.0,5.7351911316159505,1.0627463301725162,0.011422879508454822,"[5.05, 5.15, 5.25, 5.35, 5.45, 5.55, 5.65, 5.75, 5.85, 5.95, 6.05, 6.15, 6.25, 6.35, 6.45, 6.55, 6.65, 6.75, 6.85, 6.95]","[0.0, 0.0, 1.0, 0.0, 0.0, 0.17073170731707318, 0.17073170731707318, 0.14634146341463414, 0.024390243902439025, 0.0975609756097561, 0.04878048780487805, 0.0, 0.04878048780487805, 0.0, 0.024390243902439025, 0.009900990099009901, 0.019801980198019802, 0.0, 0.009900990099009901, 0.009900990099009901]"
483.0,5.353191539338951,0.9911947941499611,0.010774529267565653,"[5.05, 5.15, 5.25, 5.35, 5.45, 5.55, 5.65, 5.75, 5.85, 5.95, 6.05, 6.15, 6.25, 6.35, 6.45, 6.55, 6.65, 6.75, 6.85, 6.95, 7.05, 7.15]","[0.0, 0.0, 1.0, 0.0, 0.0, 0.17073170731707318, 0.17073170731707318, 0.14634146341463414, 0.024390243902439025, 0.0975609756097561, 0.04878048780487805, 0.0, 0.04878048780487805, 0.0, 0.024390243902439025, 0.009900990099009901, 0.019801980198019802, 0.0, 0.009900990099009901, 0.009900990099009901, 0.008620689655172414, 0.008620689655172414]"
484.0,4.910476261283036,0.9073658760739924,0.01935612587093694,"[5.05, 5.15, 5.25, 5.35, 5.45, 5.55, 5.65, 5.75, 5.85, 5.95, 6.05, 6.15, 6.25, 6.35, 6.45, 6.55, 6.65, 6.75, 6.85, 6.95, 7.05, 7.15]","[0.0, 0.0, 1.0, 0.0, 0.0, 0.17073170731707318, 0.17073170731707318, 0.14634146341463414, 0.024390243902439025, 0.0975609756097561, 0.04878048780487805, 0.0, 0.04878048780487805, 0.0, 0.024390243902439025, 0.008620689655172414, 0.02586206896551724, 0.008620689655172414, 0.008620689655172414, 0.017241379310344827, 0.008620689655172414, 0.008620689655172414]"
485.0,5.275923221308594,0.973682503873173,0.01309739362300577,"[5.05, 5.15, 5.25, 5.35, 5.45, 5.55, 5.65, 5.75, 5.85, 5.95, 6.05, 6.15, 6.25, 6.35, 6.45, 6.55, 6.65, 6.75, 6.85, 6.95]","[0.0, 0.0, 1.0, 0.0, 0.0, 0.17073170731707318, 0.17073170731707318, 0.14634146341463414, 0.024390243902439025, 0.0975609756097561, 0.06557377049180328, 0.01639344262295082, 0.04918032786885246, 0.0, 0.04918032786885246, 0.0, 0.01639344262295082, 0.0, 0.01639344262295082, 0.01639344262295082]"
486.0,5.275923221308594,0.973682503873173,0.007691034837071042,"[5.05, 5.15, 5.25, 5.35, 5.45, 5.55, 5.65, 5.75, 5.85, 5.95, 6.05, 6.15, 6.25, 6.35, 6.45, 6.55, 6.65, 6.75, 6.85, 6.95]","[0.0, 0.0, 1.0, 0.0, 0.0, 0.17073170731707318, 0.17073170731707318, 0.14634146341463414, 0.024390243902439025, 0.0975609756097561, 0.06557377049180328, 0.01639344262295082, 0.04918032786885246, 0.0, 0.04918032786885246, 0.0, 0.01639344262295082, 0.0, 0.01639344262295082, 0.01639344262295082]"
487.0,5.275923221308594,0.973682503873173,0.007691034837071042,"[5.05, 5.15, 5.25, 5.35, 5.45, 5.55, 5.65, 5.75, 5.85, 5.95, 6.05, 6.15, 6.25, 6.35, 6.45, 6.55, 6.65, 6.75, 6.85, 6.95]","[0.0, 0.0, 1.0, 0.0, 0.0, 0.17073170731707318, 0.17073170731707318, 0.14634146341463414, 0.024390243902439025, 0.0975609756097561, 0.06557377049180328, 0.01639344262295082, 0.04918032786885246, 0.0, 0.04918032786885246, 0.0, 0.01639344262295082, 0.0, 0.01639344262295082, 0.01639344262295082]"
488.0,5.010935286193568,0.9238989710338624,0.013444218543986142,"[5.05, 5.15, 5.25, 5.35, 5.45, 5.55, 5.65, 5.75, 5.85, 5.95, 6.05, 6.15, 6.25, 6.35, 6.45, 6.55, 6.65, 6.75, 6.85, 6.95, 7.05, 7.15]","[0.0, 0.0, 1.0, 0.0, 0.0, 0.17073170731707318, 0.17073170731707318, 0.14634146341463414, 0.024390243902439025, 0.0975609756097561, 0.06557377049180328, 0.01639344262295082, 0.04918032786885246, 0.0, 0.04918032786885246, 0.0, 0.01639344262295082, 0.0, 0.01639344262295082, 0.01639344262295082, 0.008620689655172414, 0.008620689655172414]"
489.0,5.611170551380779,1.0368151882931294,0.00799840738835109,"[5.05, 5.15, 5.25, 5.35, 5.45, 5.55, 5.65, 5.75, 5.85, 5.95, 6.05, 6.15, 6.25, 6.35, 6.45, 6.55, 6.65, 6.75, 6.85, 6.95]","[0.0, 0.0, 1.0, 0.0, 0.0, 0.17073170731707318, 0.17073170731707318, 0.14634146341463414, 0.024390243902439025, 0.0975609756097561, 0.06557377049180328, 0.01639344262295082, 0.04918032786885246, 0.0, 0.04918032786885246, 0.0, 0.012345679012345678, 0.0, 0.012345679012345678, 0.012345679012345678]"
490.0,5.611170551380779,1.0368151882931294,0.0052698577065728594,"[5.05, 5.15, 5.25, 5.35, 5.45, 5.55, 5.65, 5.75, 5.85, 5.95, 6.05, 6.15, 6.25, 6.35, 6.45, 6.55, 6.65, 6.75, 6.85, 6.95]","[0.0, 0.0, 1.0, 0.0, 0.0, 0.17073170731707318, 0.17073170731707318, 0.14634146341463414, 0.024390243902439025, 0.0975609756097561, 0.06557377049180328, 0.01639344262295082, 0.04918032786885246, 0.0, 0.04918032786885246, 0.0, 0.012345679012345678, 0.0, 0.012345679012345678, 0.012345679012345678]"
491.0,5.273864865551474,0.9737864921695014,0.007602371614193583,"[5.05, 5.15, 5.25, 5.35, 5.45, 5.55, 5.65, 5.75, 5.85, 5.95, 6.05, 6.15, 6.25, 6.35, 6.45, 6.55, 6.65, 6.75, 6.85, 6.95, 7.05, 7.15]","[0.0, 0.0, 1.0, 0.0, 0.0, 0.17073170731707318, 0.17073170731707318, 0.14634146341463414, 0.024390243902439025, 0.0975609756097561, 0.06557377049180328, 0.01639344262295082, 0.04918032786885246, 0.0, 0.04918032786885246, 0.0, 0.012345679012345678, 0.0, 0.012345679012345678, 0.012345679012345678, 0.008620689655172414, 0.008620689655172414]"
492.0,5.444426461522239,1.0048862034523072,0.007632069127039379,"[5.05, 5.15, 5.25, 5.35, 5.45, 5.55, 5.65, 5.75, 5.85, 5.95, 6.05, 6.15, 6.25, 6.35, 6.45, 6.55, 6.65, 6.75, 6.85, 6.95]","[0.0, 0.0, 1.0, 0.0, 0.0, 0.17073170731707318, 0.17073170731707318, 0.14634146341463414, 0.024390243902439025, 0.0975609756097561, 0.06557377049180328, 0.01639344262295082, 0.04918032786885246, 0.0, 0.04918032786885246, 0.009900990099009901, 0.019801980198019802, 0.0, 0.009900990099009901, 0.009900990099009901]"
493.0,5.185009739696295,0.956371261853438,0.007770714797855021,"[5.05, 5.15, 5.25, 5.35, 5.45, 5.55, 5.65, 5.75, 5.85, 5.95, 6.05, 6.15, 6.25, 6.35, 6.45, 6.55, 6.65, 6.75, 6.85, 6.95, 7.05, 7.15]","[0.0, 0.0, 1.0, 0.0, 0.0, 0.17073170731707318, 0.17073170731707318, 0.14634146341463414, 0.024390243902439025, 0.0975609756097561, 0.06557377049180328, 0.01639344262295082, 0.04918032786885246, 0.0, 0.04918032786885246, 0.009900990099009901, 0.019801980198019802, 0.0, 0.009900990099009901, 0.009900990099009901, 0.008620689655172414, 0.008620689655172414]"
494.0,4.811190917039216,0.885913641725617,0.01406998880670613,"[5.05, 5.15, 5.25, 5.35, 5.45, 5.55, 5.65, 5.75, 5.85, 5.95, 6.05, 6.15, 6.25, 6.35, 6.45, 6.55, 6.65, 6.75, 6.85, 6.95, 7.05, 7.15]","[0.0, 0.0, 1.0, 0.0, 0.0, 0.17073170731707318, 0.17073170731707318, 0.14634146341463414, 0.024390243902439025, 0.0975609756097561, 0.06557377049180328, 0.01639344262295082, 0.04918032786885246, 0.0, 0.04918032786885246, 0.008620689655172414, 0.02586206896551724, 0.008620689655172414, 0.008620689655172414, 0.017241379310344827, 0.008620689655172414, 0.008620689655172414]"
495.0,5.819974169395031,1.07909239227347,0.013059556611487203,"[5.05, 5.15, 5.25, 5.35, 5.45, 5.55, 5.65, 5.75, 5.85, 5.95, 6.05, 6.15, 6.25, 6.35, 6.45, 6.55, 6.65, 6.75, 6.85, 6.95]","[0.0, 0.0, 1.0, 0.0, 0.0, 0.17073170731707318, 0.17073170731707318, 0.14634146341463414, 0.024390243902439025, 0.0975609756097561, 0.04938271604938271, 0.012345679012345678, 0.04938271604938271, 0.0, 0.037037037037037035, 0.0, 0.012345679012345678, 0.0, 0.012345679012345678, 0.012345679012345678]"
496.0,5.819974169395031,1.07909239227347,0.007772998524578034,"[5.05, 5.15, 5.25, 5.35, 5.45, 5.55, 5.65, 5.75, 5.85, 5.95, 6.05, 6.15, 6.25, 6.35, 6.45, 6.55, 6.65, 6.75, 6.85, 6.95]","[0.0, 0.0, 1.0, 0.0, 0.0, 0.17073170731707318, 0.17073170731707318, 0.14634146341463414, 0.024390243902439025, 0.0975609756097561, 0.04938271604938271, 0.012345679012345678, 0.04938271604938271, 0.0, 0.037037037037037035, 0.0, 0.012345679012345678, 0.0, 0.012345679012345678, 0.012345679012345678]"
497.0,5.4094281850348676,1.0028659117247969,0.012526530648207943,"[5.05, 5.15, 5.25, 5.35, 5.45, 5.55, 5.65, 5.75, 5.85, 5.95, 6.05, 6.15, 6.25, 6.35, 6.45, 6.55, 6.65, 6.75, 6.85, 6.95, 7.05, 7.15]","[0.0, 0.0, 1.0, 0.0, 0.0, 0.17073170731707318, 0.17073170731707318, 0.14634146341463414, 0.024390243902439025, 0.0975609756097561, 0.04938271604938271, 0.012345679012345678, 0.04938271604938271, 0.0, 0.037037037037037035, 0.0, 0.012345679012345678, 0.0, 0.012345679012345678, 0.012345679012345678, 0.008620689655172414, 0.008620689655172414]"
498.0,5.6140384716509955,1.0400112799090444,0.007732249082171734,"[5.05, 5.15, 5.25, 5.35, 5.45, 5.55, 5.65, 5.75, 5.85, 5.95, 6.05, 6.15, 6.25, 6.35, 6.45, 6.55, 6.65, 6.75, 6.85, 6.95]","[0.0, 0.0, 1.0, 0.0, 0.0, 0.17073170731707318, 0.17073170731707318, 0.14634146341463414, 0.024390243902439025, 0.0975609756097561, 0.04938271604938271, 0.012345679012345678, 0.04938271604938271, 0.0, 0.037037037037037035, 0.009900990099009901, 0.019801980198019802, 0.0, 0.009900990099009901, 0.009900990099009901]"
499.0,5.292390394840051,0.9802587979110851,0.00766701001362676,"[5.05, 5.15, 5.25, 5.35, 5.45, 5.55, 5.65, 5.75, 5.85, 5.95, 6.05, 6.15, 6.25, 6.35, 6.45, 6.55, 6.65, 6.75, 6.85, 6.95, 7.05, 7.15]","[0.0, 0.0, 1.0, 0.0, 0.0, 0.17073170731707318, 0.17073170731707318, 0.14634146341463414, 0.024390243902439025, 0.0975609756097561, 0.04938271604938271, 0.012345679012345678, 0.04938271604938271, 0.0, 0.037037037037037035, 0.009900990099009901, 0.019801980198019802, 0.0, 0.009900990099009901, 0.009900990099009901, 0.008620689655172414, 0.008620689655172414]"
500.0,4.8836048775699465,0.9036301101245751,0.012964361275992823,"[5.05, 5.15, 5.25, 5.35, 5.45, 5.55, 5.65, 5.75, 5.85, 5.95, 6.05, 6.15, 6.25, 6.35, 6.45, 6.55, 6.65, 6.75, 6.85, 6.95, 7.05, 7.15]","[0.0, 0.0, 1.0, 0.0, 0.0, 0.17073170731707318, 0.17073170731707318, 0.14634146341463414, 0.024390243902439025, 0.0975609756097561, 0.04938271604938271, 0.012345679012345678, 0.04938271604938271, 0.0, 0.037037037037037035, 0.008620689655172414, 0.02586206896551724, 0.008620689655172414, 0.008620689655172414, 0.017241379310344827, 0.008620689655172414, 0.008620689655172414]"
501.0,5.5272128556209505,1.0216699296345693,0.012640600078436644,"[5.05, 5.15, 5.25, 5.35, 5.45, 5.55, 5.65, 5.75, 5.85, 5.95, 6.05, 6.15, 6.25, 6.35, 6.45, 6.55, 6.65, 6.75, 6.85, 6.95]","[0.0, 0.0, 1.0, 0.0, 0.0, 0.17073170731707318, 0.17073170731707318, 0.14634146341463414, 0.024390243902439025, 0.0975609756097561, 0.0594059405940594, 0.019801980198019802, 0.04950495049504951, 0.0, 0.039603960396039604, 0.009900990099009901, 0.019801980198019802, 0.0, 0.009900990099009901, 0.009900990099009901]"
502.0,5.25362463235599,0.970976594314595,0.012508772194787332,"[5.05, 5.15, 5.25, 5.35, 5.45, 5.55, 5.65, 5.75, 5.85, 5.95, 6.05, 6.15, 6.25, 6.35, 6.45, 6.55, 6.65, 6.75, 6.85, 6.95, 7.05, 7.15]","[0.0, 0.0, 1.0, 0.0, 0.0, 0.17073170731707318, 0.17073170731707318, 0.14634146341463414, 0.024390243902439025, 0.0975609756097561, 0.0594059405940594, 0.019801980198019802, 0.04950495049504951, 0.0, 0.039603960396039604, 0.009900990099009901, 0.019801980198019802, 0.0, 0.009900990099009901, 0.009900990099009901, 0.008620689655172414, 0.008620689655172414]"
503.0,4.875469876513141,0.9003829061549992,0.01318268927187316,"[5.05, 5.15, 5.25, 5.35, 5.45, 5.55, 5.65, 5.75, 5.85, 5.95, 6.05, 6.15, 6.25, 6.35, 6.45, 6.55, 6.65, 6.75, 6.85, 6.95, 7.05, 7.15]","[0.0, 0.0, 1.0, 0.0, 0.0, 0.17073170731707318, 0.17073170731707318, 0.14634146341463414, 0.024390243902439025, 0.0975609756097561, 0.0594059405940594, 0.019801980198019802, 0.04950495049504951, 0.0, 0.039603960396039604, 0.008620689655172414, 0.02586206896551724, 0.008620689655172414, 0.008620689655172414, 0.017241379310344827, 0.008620689655172414, 0.008620689655172414]"
504.0,4.8195709971359335,0.8862653645806069,0.026899554297372615,"[5.05, 5.15, 5.25, 5.35, 5.45, 5.55, 5.65, 5.75, 5.85, 5.95, 6.05, 6.15, 6.25, 6.35, 6.45, 6.55, 6.65, 6.75, 6.85, 6.95, 7.05, 7.15]","[0.0, 0.0, 1.0, 0.0, 0.0, 0.17073170731707318, 0.17073170731707318, 0.14634146341463414, 0.024390243902439025, 0.0975609756097561, 0.06896551724137931, 0.02586206896551724, 0.05172413793103448, 0.017241379310344827, 0.034482758620689655, 0.008620689655172414, 0.02586206896551724, 0.008620689655172414, 0.008620689655172414, 0.017241379310344827, 0.008620689655172414, 0.008620689655172414]"
505.0,5.315517691553243,0.9726415524122695,0.019027300643881116,"[5.05, 5.15, 5.25, 5.35, 5.45, 5.55, 5.65, 5.75, 5.85, 5.95, 6.05, 6.15, 6.25, 6.35, 6.45, 6.55, 6.65, 6.75, 6.85, 6.95]","[0.0, 0.0, 1.0, 0.0, 0.0, 0.16393442622950818, 0.18032786885245902, 0.13114754098360656, 0.08196721311475409, 0.13114754098360656, 0.06557377049180328, 0.01639344262295082, 0.04918032786885246, 0.0, 0.04918032786885246, 0.0, 0.01639344262295082, 0.0, 0.01639344262295082, 0.01639344262295082]"
506.0,5.315517691553243,0.9726415524122695,0.013065991730328052,"[5.05, 5.15, 5.25, 5.35, 5.45, 5.55, 5.65, 5.75, 5.85, 5.95, 6.05, 6.15, 6.25, 6.35, 6.45, 6.55, 6.65, 6.75, 6.85, 6.95]","[0.0, 0.0, 1.0, 0.0, 0.0, 0.16393442622950818, 0.18032786885245902, 0.13114754098360656, 0.08196721311475409, 0.13114754098360656, 0.06557377049180328, 0.01639344262295082, 0.04918032786885246, 0.0, 0.04918032786885246, 0.0, 0.01639344262295082, 0.0, 0.01639344262295082, 0.01639344262295082]"
507.0,5.315517691553243,0.9726415524122695,0.013065991730328052,"[5.05, 5.15, 5.25, 5.35, 5.45, 5.55, 5.65, 5.75, 5.85, 5.95, 6.05, 6.15, 6.25, 6.35, 6.45, 6.55, 6.65, 6.75, 6.85, 6.95]","[0.0, 0.0, 1.0, 0.0, 0.0, 0.16393442622950818, 0.18032786885245902, 0.13114754098360656, 0.08196721311475409, 0.13114754098360656, 0.06557377049180328, 0.01639344262295082, 0.04918032786885246, 0.0, 0.04918032786885246, 0.0, 0.01639344262295082, 0.0, 0.01639344262295082, 0.01639344262295082]"
508.0,5.128303963567381,0.9372048111512071,0.023376226301809355,"[5.05, 5.15, 5.25, 5.35, 5.45, 5.55, 5.65, 5.75, 5.85, 5.95, 6.05, 6.15, 6.25, 6.35, 6.45, 6.55, 6.65, 6.75, 6.85, 6.95, 7.05, 7.15]","[0.0, 0.0, 1.0, 0.0, 0.0, 0.16393442622950818, 0.18032786885245902, 0.13114754098360656, 0.08196721311475409, 0.13114754098360656, 0.06557377049180328, 0.01639344262295082, 0.04918032786885246, 0.0, 0.04918032786885246, 0.0, 0.01639344262295082, 0.0, 0.01639344262295082, 0.01639344262295082, 0.008620689655172414, 0.008620689655172414]"
509.0,5.638233423050735,1.0335361153996685,0.014492180085281628,"[5.05, 5.15, 5.25, 5.35, 5.45, 5.55, 5.65, 5.75, 5.85, 5.95, 6.05, 6.15, 6.25, 6.35, 6.45, 6.55, 6.65, 6.75, 6.85, 6.95]","[0.0, 0.0, 1.0, 0.0, 0.0, 0.16393442622950818, 0.18032786885245902, 0.13114754098360656, 0.08196721311475409, 0.13114754098360656, 0.06557377049180328, 0.01639344262295082, 0.04918032786885246, 0.0, 0.04918032786885246, 0.0, 0.012345679012345678, 0.0, 0.012345679012345678, 0.012345679012345678]"
510.0,5.638233423050735,1.0335361153996685,0.008814347191904572,"[5.05, 5.15, 5.25, 5.35, 5.45, 5.55, 5.65, 5.75, 5.85, 5.95, 6.05, 6.15, 6.25, 6.35, 6.45, 6.55, 6.65, 6.75, 6.85, 6.95]","[0.0, 0.0, 1.0, 0.0, 0.0, 0.16393442622950818, 0.18032786885245902, 0.13114754098360656, 0.08196721311475409, 0.13114754098360656, 0.06557377049180328, 0.01639344262295082, 0.04918032786885246, 0.0, 0.04918032786885246, 0.0, 0.012345679012345678, 0.0, 0.012345679012345678, 0.012345679012345678]"
511.0,5.3831183387576464,0.9855766670287771,0.014082812687331048,"[5.05, 5.15, 5.25, 5.35, 5.45, 5.55, 5.65, 5.75, 5.85, 5.95, 6.05, 6.15, 6.25, 6.35, 6.45, 6.55, 6.65, 6.75, 6.85, 6.95, 7.05, 7.15]","[0.0, 0.0, 1.0, 0.0, 0.0, 0.16393442622950818, 0.18032786885245902, 0.13114754098360656, 0.08196721311475409, 0.13114754098360656, 0.06557377049180328, 0.01639344262295082, 0.04918032786885246, 0.0, 0.04918032786885246, 0.0, 0.012345679012345678, 0.0, 0.012345679012345678, 0.012345679012345678, 0.008620689655172414, 0.008620689655172414]"
512.0,5.5145637171871815,1.0098560821579774,0.014046726597500106,"[5.05, 5.15, 5.25, 5.35, 5.45, 5.55, 5.65, 5.75, 5.85, 5.95, 6.05, 6.15, 6.25, 6.35, 6.45, 6.55, 6.65, 6.75, 6.85, 6.95]","[0.0, 0.0, 1.0, 0.0, 0.0, 0.16393442622950818, 0.18032786885245902, 0.13114754098360656, 0.08196721311475409, 0.13114754098360656, 0.06557377049180328, 0.01639344262295082, 0.04918032786885246, 0.0, 0.04918032786885246, 0.009900990099009901, 0.019801980198019802, 0.0, 0.009900990099009901, 0.009900990099009901]"
513.0,5.314439750041737,0.9721783173833657,0.013886315177906828,"[5.05, 5.15, 5.25, 5.35, 5.45, 5.55, 5.65, 5.75, 5.85, 5.95, 6.05, 6.15, 6.25, 6.35, 6.45, 6.55, 6.65, 6.75, 6.85, 6.95, 7.05, 7.15]","[0.0, 0.0, 1.0, 0.0, 0.0, 0.16393442622950818, 0.18032786885245902, 0.13114754098360656, 0.08196721311475409, 0.13114754098360656, 0.06557377049180328, 0.01639344262295082, 0.04918032786885246, 0.0, 0.04918032786885246, 0.009900990099009901, 0.019801980198019802, 0.0, 0.009900990099009901, 0.009900990099009901, 0.008620689655172414, 0.008620689655172414]"
514.0,4.9868734438659175,0.9103114606085735,0.02738631232488053,"[5.05, 5.15, 5.25, 5.35, 5.45, 5.55, 5.65, 5.75, 5.85, 5.95, 6.05, 6.15, 6.25, 6.35, 6.45, 6.55, 6.65, 6.75, 6.85, 6.95, 7.05, 7.15]","[0.0, 0.0, 1.0, 0.0, 0.0, 0.16393442622950818, 0.18032786885245902, 0.13114754098360656, 0.08196721311475409, 0.13114754098360656, 0.06557377049180328, 0.01639344262295082, 0.04918032786885246, 0.0, 0.04918032786885246, 0.008620689655172414, 0.02586206896551724, 0.008620689655172414, 0.008620689655172414, 0.017241379310344827, 0.008620689655172414, 0.008620689655172414]"
515.0,5.87964468959528,1.0813116857845961,0.015169727048615819,"[5.05, 5.15, 5.25, 5.35, 5.45, 5.55, 5.65, 5.75, 5.85, 5.95, 6.05, 6.15, 6.25, 6.35, 6.45, 6.55, 6.65, 6.75, 6.85, 6.95]","[0.0, 0.0, 1.0, 0.0, 0.0, 0.16393442622950818, 0.18032786885245902, 0.13114754098360656, 0.08196721311475409, 0.13114754098360656, 0.04938271604938271, 0.012345679012345678, 0.04938271604938271, 0.0, 0.037037037037037035, 0.0, 0.012345679012345678, 0.0, 0.012345679012345678, 0.012345679012345678]"
516.0,5.87964468959528,1.0813116857845961,0.008983525954430662,"[5.05, 5.15, 5.25, 5.35, 5.45, 5.55, 5.65, 5.75, 5.85, 5.95, 6.05, 6.15, 6.25, 6.35, 6.45, 6.55, 6.65, 6.75, 6.85, 6.95]","[0.0, 0.0, 1.0, 0.0, 0.0, 0.16393442622950818, 0.18032786885245902, 0.13114754098360656, 0.08196721311475409, 0.13114754098360656, 0.04938271604938271, 0.012345679012345678, 0.04938271604938271, 0.0, 0.037037037037037035, 0.0, 0.012345679012345678, 0.0, 0.012345679012345678, 0.012345679012345678]"
517.0,5.556830194345242,1.021025084572909,0.01440038858212044,"[5.05, 5.15, 5.25, 5.35, 5.45, 5.55, 5.65, 5.75, 5.85, 5.95, 6.05, 6.15, 6.25, 6.35, 6.45, 6.55, 6.65, 6.75, 6.85, 6.95, 7.05, 7.15]","[0.0, 0.0, 1.0, 0.0, 0.0, 0.16393442622950818, 0.18032786885245902, 0.13114754098360656, 0.08196721311475409, 0.13114754098360656, 0.04938271604938271, 0.012345679012345678, 0.04938271604938271, 0.0, 0.037037037037037035, 0.0, 0.012345679012345678, 0.0, 0.012345679012345678, 0.012345679012345678, 0.008620689655172414, 0.008620689655172414]"
518.0,5.718754669426407,1.05076733096633,0.008764267029061936,"[5.05, 5.15, 5.25, 5.35, 5.45, 5.55, 5.65, 5.75, 5.85, 5.95, 6.05, 6.15, 6.25, 6.35, 6.45, 6.55, 6.65, 6.75, 6.85, 6.95]","[0.0, 0.0, 1.0, 0.0, 0.0, 0.16393442622950818, 0.18032786885245902, 0.13114754098360656, 0.08196721311475409, 0.13114754098360656, 0.04938271604938271, 0.012345679012345678, 0.04938271604938271, 0.0, 0.037037037037037035, 0.009900990099009901, 0.019801980198019802, 0.0, 0.009900990099009901, 0.009900990099009901]"
519.0,5.461283363582358,1.002634927465617,0.008685983038735755,"[5.05, 5.15, 5.25, 5.35, 5.45, 5.55, 5.65, 5.75, 5.85, 5.95, 6.05, 6.15, 6.25, 6.35, 6.45, 6.55, 6.65, 6.75, 6.85, 6.95, 7.05, 7.15]","[0.0, 0.0, 1.0, 0.0, 0.0, 0.16393442622950818, 0.18032786885245902, 0.13114754098360656, 0.08196721311475409, 0.13114754098360656, 0.04938271604938271, 0.012345679012345678, 0.04938271604938271, 0.0, 0.037037037037037035, 0.009900990099009901, 0.019801980198019802, 0.0, 0.009900990099009901, 0.009900990099009901, 0.008620689655172414, 0.008620689655172414]"
520.0,5.103918811607039,0.9354609599188541,0.01486922683799033,"[5.05, 5.15, 5.25, 5.35, 5.45, 5.55, 5.65, 5.75, 5.85, 5.95, 6.05, 6.15, 6.25, 6.35, 6.45, 6.55, 6.65, 6.75, 6.85, 6.95, 7.05, 7.15]","[0.0, 0.0, 1.0, 0.0, 0.0, 0.16393442622950818, 0.18032786885245902, 0.13114754098360656, 0.08196721311475409, 0.13114754098360656, 0.04938271604938271, 0.012345679012345678, 0.04938271604938271, 0.0, 0.037037037037037035, 0.008620689655172414, 0.02586206896551724, 0.008620689655172414, 0.008620689655172414, 0.017241379310344827, 0.008620689655172414, 0.008620689655172414]"
521.0,5.645300067598036,1.0358343082253747,0.014662682759759616,"[5.05, 5.15, 5.25, 5.35, 5.45, 5.55, 5.65, 5.75, 5.85, 5.95, 6.05, 6.15, 6.25, 6.35, 6.45, 6.55, 6.65, 6.75, 6.85, 6.95]","[0.0, 0.0, 1.0, 0.0, 0.0, 0.16393442622950818, 0.18032786885245902, 0.13114754098360656, 0.08196721311475409, 0.13114754098360656, 0.0594059405940594, 0.019801980198019802, 0.04950495049504951, 0.0, 0.039603960396039604, 0.009900990099009901, 0.019801980198019802, 0.0, 0.009900990099009901, 0.009900990099009901]"
522.0,5.422363833493404,0.9942363644988466,0.014280835367685124,"[5.05, 5.15, 5.25, 5.35, 5.45, 5.55, 5.65, 5.75, 5.85, 5.95, 6.05, 6.15, 6.25, 6.35, 6.45, 6.55, 6.65, 6.75, 6.85, 6.95, 7.05, 7.15]","[0.0, 0.0, 1.0, 0.0, 0.0, 0.16393442622950818, 0.18032786885245902, 0.13114754098360656, 0.08196721311475409, 0.13114754098360656, 0.0594059405940594, 0.019801980198019802, 0.04950495049504951, 0.0, 0.039603960396039604, 0.009900990099009901, 0.019801980198019802, 0.0, 0.009900990099009901, 0.009900990099009901, 0.008620689655172414, 0.008620689655172414]"
523.0,5.090095963607755,0.9319805940238889,0.014925202795779014,"[5.05, 5.15, 5.25, 5.35, 5.45, 5.55, 5.65, 5.75, 5.85, 5.95, 6.05, 6.15, 6.25, 6.35, 6.45, 6.55, 6.65, 6.75, 6.85, 6.95, 7.05, 7.15]","[0.0, 0.0, 1.0, 0.0, 0.0, 0.16393442622950818, 0.18032786885245902, 0.13114754098360656, 0.08196721311475409, 0.13114754098360656, 0.0594059405940594, 0.019801980198019802, 0.04950495049504951, 0.0, 0.039603960396039604, 0.008620689655172414, 0.02586206896551724, 0.008620689655172414, 0.008620689655172414, 0.017241379310344827, 0.008620689655172414, 0.008620689655172414]"
524.0,5.008642634511012,0.9143162100629665,0.03230509012290308,"[5.05, 5.15, 5.25, 5.35, 5.45, 5.55, 5.65, 5.75, 5.85, 5.95, 6.05, 6.15, 6.25, 6.35, 6.45, 6.55, 6.65, 6.75, 6.85, 6.95, 7.05, 7.15]","[0.0, 0.0, 1.0, 0.0, 0.0, 0.16393442622950818, 0.18032786885245902, 0.13114754098360656, 0.08196721311475409, 0.13114754098360656, 0.06896551724137931, 0.02586206896551724, 0.05172413793103448, 0.017241379310344827, 0.034482758620689655, 0.008620689655172414, 0.02586206896551724, 0.008620689655172414, 0.008620689655172414, 0.017241379310344827, 0.008620689655172414, 0.008620689655172414]"
525.0,5.9565863760329085,1.0968658551775232,0.019238366723282094,"[5.05, 5.15, 5.25, 5.35, 5.45, 5.55, 5.65, 5.75, 5.85, 5.95, 6.05, 6.15, 6.25, 6.35, 6.45, 6.55, 6.65, 6.75, 6.85, 6.95]","[0.0, 0.0, 1.0, 0.0, 0.0, 0.1728395061728395, 0.18518518518518517, 0.1111111111111111, 0.08641975308641975, 0.09876543209876543, 0.04938271604938271, 0.012345679012345678, 0.04938271604938271, 0.0, 0.037037037037037035, 0.0, 0.012345679012345678, 0.0, 0.012345679012345678, 0.012345679012345678]"
526.0,5.9565863760329085,1.0968658551775232,0.012263959085957425,"[5.05, 5.15, 5.25, 5.35, 5.45, 5.55, 5.65, 5.75, 5.85, 5.95, 6.05, 6.15, 6.25, 6.35, 6.45, 6.55, 6.65, 6.75, 6.85, 6.95]","[0.0, 0.0, 1.0, 0.0, 0.0, 0.1728395061728395, 0.18518518518518517, 0.1111111111111111, 0.08641975308641975, 0.09876543209876543, 0.04938271604938271, 0.012345679012345678, 0.04938271604938271, 0.0, 0.037037037037037035, 0.0, 0.012345679012345678, 0.0, 0.012345679012345678, 0.012345679012345678]"
527.0,5.619228369028562,1.0337075296135703,0.018805302251935954,"[5.05, 5.15, 5.25, 5.35, 5.45, 5.55, 5.65, 5.75, 5.85, 5.95, 6.05, 6.15, 6.25, 6.35, 6.45, 6.55, 6.65, 6.75, 6.85, 6.95, 7.05, 7.15]","[0.0, 0.0, 1.0, 0.0, 0.0, 0.1728395061728395, 0.18518518518518517, 0.1111111111111111, 0.08641975308641975, 0.09876543209876543, 0.04938271604938271, 0.012345679012345678, 0.04938271604938271, 0.0, 0.037037037037037035, 0.0, 0.012345679012345678, 0.0, 0.012345679012345678, 0.012345679012345678, 0.008620689655172414, 0.008620689655172414]"
528.0,5.781316998468476,1.0636572283666583,0.012449606003406716,"[5.05, 5.15, 5.25, 5.35, 5.45, 5.55, 5.65, 5.75, 5.85, 5.95, 6.05, 6.15, 6.25, 6.35, 6.45, 6.55, 6.65, 6.75, 6.85, 6.95]","[0.0, 0.0, 1.0, 0.0, 0.0, 0.1728395061728395, 0.18518518518518517, 0.1111111111111111, 0.08641975308641975, 0.09876543209876543, 0.04938271604938271, 0.012345679012345678, 0.04938271604938271, 0.0, 0.037037037037037035, 0.009900990099009901, 0.019801980198019802, 0.0, 0.009900990099009901, 0.009900990099009901]"
529.0,5.512136929118769,1.0131967779207947,0.011768276046118787,"[5.05, 5.15, 5.25, 5.35, 5.45, 5.55, 5.65, 5.75, 5.85, 5.95, 6.05, 6.15, 6.25, 6.35, 6.45, 6.55, 6.65, 6.75, 6.85, 6.95, 7.05, 7.15]","[0.0, 0.0, 1.0, 0.0, 0.0, 0.1728395061728395, 0.18518518518518517, 0.1111111111111111, 0.08641975308641975, 0.09876543209876543, 0.04938271604938271, 0.012345679012345678, 0.04938271604938271, 0.0, 0.037037037037037035, 0.009900990099009901, 0.019801980198019802, 0.0, 0.009900990099009901, 0.009900990099009901, 0.008620689655172414, 0.008620689655172414]"
530.0,5.150638504623908,0.9451099554521545,0.02134343621437683,"[5.05, 5.15, 5.25, 5.35, 5.45, 5.55, 5.65, 5.75, 5.85, 5.95, 6.05, 6.15, 6.25, 6.35, 6.45, 6.55, 6.65, 6.75, 6.85, 6.95, 7.05, 7.15]","[0.0, 0.0, 1.0, 0.0, 0.0, 0.1728395061728395, 0.18518518518518517, 0.1111111111111111, 0.08641975308641975, 0.09876543209876543, 0.04938271604938271, 0.012345679012345678, 0.04938271604938271, 0.0, 0.037037037037037035, 0.008620689655172414, 0.02586206896551724, 0.008620689655172414, 0.008620689655172414, 0.017241379310344827, 0.008620689655172414, 0.008620689655172414]"
531.0,5.690167193274332,1.0455330830286444,0.013866308272446615,"[5.05, 5.15, 5.25, 5.35, 5.45, 5.55, 5.65, 5.75, 5.85, 5.95, 6.05, 6.15, 6.25, 6.35, 6.45, 6.55, 6.65, 6.75, 6.85, 6.95]","[0.0, 0.0, 1.0, 0.0, 0.0, 0.1728395061728395, 0.18518518518518517, 0.1111111111111111, 0.08641975308641975, 0.09876543209876543, 0.0594059405940594, 0.019801980198019802, 0.04950495049504951, 0.0, 0.039603960396039604, 0.009900990099009901, 0.019801980198019802, 0.0, 0.009900990099009901, 0.009900990099009901]"
532.0,5.459488186087776,1.0023436667844803,0.013494857425242557,"[5.05, 5.15, 5.25, 5.35, 5.45, 5.55, 5.65, 5.75, 5.85, 5.95, 6.05, 6.15, 6.25, 6.35, 6.45, 6.55, 6.65, 6.75, 6.85, 6.95, 7.05, 7.15]","[0.0, 0.0, 1.0, 0.0, 0.0, 0.1728395061728395, 0.18518518518518517, 0.1111111111111111, 0.08641975308641975, 0.09876543209876543, 0.0594059405940594, 0.019801980198019802, 0.04950495049504951, 0.0, 0.039603960396039604, 0.009900990099009901, 0.019801980198019802, 0.0, 0.009900990099009901, 0.009900990099009901, 0.008620689655172414, 0.008620689655172414]"
533.0,5.126253584592573,0.9397374639871968,0.013974427404344745,"[5.05, 5.15, 5.25, 5.35, 5.45, 5.55, 5.65, 5.75, 5.85, 5.95, 6.05, 6.15, 6.25, 6.35, 6.45, 6.55, 6.65, 6.75, 6.85, 6.95, 7.05, 7.15]","[0.0, 0.0, 1.0, 0.0, 0.0, 0.1728395061728395, 0.18518518518518517, 0.1111111111111111, 0.08641975308641975, 0.09876543209876543, 0.0594059405940594, 0.019801980198019802, 0.04950495049504951, 0.0, 0.039603960396039604, 0.008620689655172414, 0.02586206896551724, 0.008620689655172414, 0.008620689655172414, 0.017241379310344827, 0.008620689655172414, 0.008620689655172414]"
534.0,5.025024980910375,0.9186821551926574,0.030033929519364757,"[5.05, 5.15, 5.25, 5.35, 5.45, 5.55, 5.65, 5.75, 5.85, 5.95, 6.05, 6.15, 6.25, 6.35, 6.45, 6.55, 6.65, 6.75, 6.85, 6.95, 7.05, 7.15]","[0.0, 0.0, 1.0, 0.0, 0.0, 0.1728395061728395, 0.18518518518518517, 0.1111111111111111, 0.08641975308641975, 0.09876543209876543, 0.06896551724137931, 0.02586206896551724, 0.05172413793103448, 0.017241379310344827, 0.034482758620689655, 0.008620689655172414, 0.02586206896551724, 0.008620689655172414, 0.008620689655172414, 0.017241379310344827, 0.008620689655172414, 0.008620689655172414]"
535.0,5.778865892617556,1.0559479911524556,0.01907349530955201,"[5.05, 5.15, 5.25, 5.35, 5.45, 5.55, 5.65, 5.75, 5.85, 5.95, 6.05, 6.15, 6.25, 6.35, 6.45, 6.55, 6.65, 6.75, 6.85, 6.95]","[0.0, 0.0, 1.0, 0.0, 0.0, 0.1782178217821782, 0.19801980198019803, 0.09900990099009901, 0.12871287128712872, 0.10891089108910891, 0.0594059405940594, 0.019801980198019802, 0.04950495049504951, 0.0, 0.039603960396039604, 0.009900990099009901, 0.019801980198019802, 0.0, 0.009900990099009901, 0.009900990099009901]"
536.0,5.579190183370906,1.0184511802055214,0.021864693357881524,"[5.05, 5.15, 5.25, 5.35, 5.45, 5.55, 5.65, 5.75, 5.85, 5.95, 6.05, 6.15, 6.25, 6.35, 6.45, 6.55, 6.65, 6.75, 6.85, 6.95, 7.05, 7.15]","[0.0, 0.0, 1.0, 0.0, 0.0, 0.1782178217821782, 0.19801980198019803, 0.09900990099009901, 0.12871287128712872, 0.10891089108910891, 0.0594059405940594, 0.019801980198019802, 0.04950495049504951, 0.0, 0.039603960396039604, 0.009900990099009901, 0.019801980198019802, 0.0, 0.009900990099009901, 0.009900990099009901, 0.008620689655172414, 0.008620689655172414]"
537.0,5.2749278034069995,0.9612272855353653,0.02465362796635605,"[5.05, 5.15, 5.25, 5.35, 5.45, 5.55, 5.65, 5.75, 5.85, 5.95, 6.05, 6.15, 6.25, 6.35, 6.45, 6.55, 6.65, 6.75, 6.85, 6.95, 7.05, 7.15]","[0.0, 0.0, 1.0, 0.0, 0.0, 0.1782178217821782, 0.19801980198019803, 0.09900990099009901, 0.12871287128712872, 0.10891089108910891, 0.0594059405940594, 0.019801980198019802, 0.04950495049504951, 0.0, 0.039603960396039604, 0.008620689655172414, 0.02586206896551724, 0.008620689655172414, 0.008620689655172414, 0.017241379310344827, 0.008620689655172414, 0.008620689655172414]"
538.0,5.173072617070649,0.9405704095083048,0.034031448229863766,"[5.05, 5.15, 5.25, 5.35, 5.45, 5.55, 5.65, 5.75, 5.85, 5.95, 6.05, 6.15, 6.25, 6.35, 6.45, 6.55, 6.65, 6.75, 6.85, 6.95, 7.05, 7.15]","[0.0, 0.0, 1.0, 0.0, 0.0, 0.1782178217821782, 0.19801980198019803, 0.09900990099009901, 0.12871287128712872, 0.10891089108910891, 0.06896551724137931, 0.02586206896551724, 0.05172413793103448, 0.017241379310344827, 0.034482758620689655, 0.008620689655172414, 0.02586206896551724, 0.008620689655172414, 0.008620689655172414, 0.017241379310344827, 0.008620689655172414, 0.008620689655172414]"
539.0,5.3942971214665585,0.9751218763708824,0.044062990558469926,"[5.05, 5.15, 5.25, 5.35, 5.45, 5.55, 5.65, 5.75, 5.85, 5.95, 6.05, 6.15, 6.25, 6.35, 6.45, 6.55, 6.65, 6.75, 6.85, 6.95, 7.05, 7.15]","[0.0, 0.0, 1.0, 0.0, 0.0, 0.19827586206896552, 0.20689655172413793, 0.1206896551724138, 0.12931034482758622, 0.12931034482758622, 0.06896551724137931, 0.02586206896551724, 0.05172413793103448, 0.017241379310344827, 0.034482758620689655, 0.008620689655172414, 0.02586206896551724, 0.008620689655172414, 0.008620689655172414, 0.017241379310344827, 0.008620689655172414, 0.008620689655172414]"
540.0,5.518009767070551,1.0081777024701777,0.023765698592405588,"[5.05, 5.15, 5.25, 5.35, 5.45, 5.55, 5.65, 5.75, 5.85, 5.95, 6.05, 6.15, 6.25, 6.35, 6.45, 6.55, 6.65]","[0.6190476190476191, 0.5238095238095238, 0.42857142857142855, 0.38095238095238093, 0.19047619047619047, 0.23809523809523808, 0.047619047619047616, 0.19047619047619047, 0.0, 0.09523809523809523, 0.09523809523809523, 0.0, 0.09523809523809523, 0.0, 0.047619047619047616, 0.0, 0.047619047619047616]"
541.0,5.518009767070551,1.0081777024701777,0.014396759664822114,"[5.05, 5.15, 5.25, 5.35, 5.45, 5.55, 5.65, 5.75, 5.85, 5.95, 6.05, 6.15, 6.25, 6.35, 6.45, 6.55, 6.65]","[0.6190476190476191, 0.5238095238095238, 0.42857142857142855, 0.38095238095238093, 0.19047619047619047, 0.23809523809523808, 0.047619047619047616, 0.19047619047619047, 0.0, 0.09523809523809523, 0.09523809523809523, 0.0, 0.09523809523809523, 0.0, 0.047619047619047616, 0.0, 0.047619047619047616]"
542.0,5.518009767070551,1.0081777024701777,0.014396759664822114,"[5.05, 5.15, 5.25, 5.35, 5.45, 5.55, 5.65, 5.75, 5.85, 5.95, 6.05, 6.15, 6.25, 6.35, 6.45, 6.55, 6.65]","[0.6190476190476191, 0.5238095238095238, 0.42857142857142855, 0.38095238095238093, 0.19047619047619047, 0.23809523809523808, 0.047619047619047616, 0.19047619047619047, 0.0, 0.09523809523809523, 0.09523809523809523, 0.0, 0.09523809523809523, 0.0, 0.047619047619047616, 0.0, 0.047619047619047616]"
543.0,5.518009767070551,1.0081777024701777,0.014396759664822114,"[5.05, 5.15, 5.25, 5.35, 5.45, 5.55, 5.65, 5.75, 5.85, 5.95, 6.05, 6.15, 6.25, 6.35, 6.45, 6.55, 6.65]","[0.6190476190476191, 0.5238095238095238, 0.42857142857142855, 0.38095238095238093, 0.19047619047619047, 0.23809523809523808, 0.047619047619047616, 0.19047619047619047, 0.0, 0.09523809523809523, 0.09523809523809523, 0.0, 0.09523809523809523, 0.0, 0.047619047619047616, 0.0, 0.047619047619047616]"
544.0,5.518009767070551,1.0081777024701777,0.014396759664822114,"[5.05, 5.15, 5.25, 5.35, 5.45, 5.55, 5.65, 5.75, 5.85, 5.95, 6.05, 6.15, 6.25, 6.35, 6.45, 6.55, 6.65]","[0.6190476190476191, 0.5238095238095238, 0.42857142857142855, 0.38095238095238093, 0.19047619047619047, 0.23809523809523808, 0.047619047619047616, 0.19047619047619047, 0.0, 0.09523809523809523, 0.09523809523809523, 0.0, 0.09523809523809523, 0.0, 0.047619047619047616, 0.0, 0.047619047619047616]"
545.0,5.465272375765905,0.9963829534417689,0.02869476083510003,"[5.05, 5.15, 5.25, 5.35, 5.45, 5.55, 5.65, 5.75, 5.85, 5.95, 6.05, 6.15, 6.25, 6.35, 6.45, 6.55, 6.65, 6.75, 6.85, 6.95, 7.05, 7.15]","[0.6190476190476191, 0.5238095238095238, 0.42857142857142855, 0.38095238095238093, 0.19047619047619047, 0.23809523809523808, 0.047619047619047616, 0.19047619047619047, 0.0, 0.09523809523809523, 0.09523809523809523, 0.0, 0.09523809523809523, 0.0, 0.047619047619047616, 0.0, 0.047619047619047616, 0.0, 0.0, 0.0, 0.008620689655172414, 0.008620689655172414]"
546.0,5.647428446045279,1.0341254288994959,0.015164523047704681,"[5.05, 5.15, 5.25, 5.35, 5.45, 5.55, 5.65, 5.75, 5.85, 5.95, 6.05, 6.15, 6.25, 6.35, 6.45, 6.55, 6.65, 6.75, 6.85]","[0.6190476190476191, 0.5238095238095238, 0.42857142857142855, 0.38095238095238093, 0.19047619047619047, 0.23809523809523808, 0.047619047619047616, 0.19047619047619047, 0.0, 0.09523809523809523, 0.09523809523809523, 0.0, 0.09523809523809523, 0.0, 0.047619047619047616, 0.0, 0.024390243902439025, 0.0, 0.024390243902439025]"
547.0,5.647428446045279,1.0341254288994959,0.007905184919864748,"[5.05, 5.15, 5.25, 5.35, 5.45, 5.55, 5.65, 5.75, 5.85, 5.95, 6.05, 6.15, 6.25, 6.35, 6.45, 6.55, 6.65, 6.75, 6.85]","[0.6190476190476191, 0.5238095238095238, 0.42857142857142855, 0.38095238095238093, 0.19047619047619047, 0.23809523809523808, 0.047619047619047616, 0.19047619047619047, 0.0, 0.09523809523809523, 0.09523809523809523, 0.0, 0.09523809523809523, 0.0, 0.047619047619047616, 0.0, 0.024390243902439025, 0.0, 0.024390243902439025]"
548.0,5.647428446045279,1.0341254288994959,0.00790518491986475,"[5.05, 5.15, 5.25, 5.35, 5.45, 5.55, 5.65, 5.75, 5.85, 5.95, 6.05, 6.15, 6.25, 6.35, 6.45, 6.55, 6.65, 6.75, 6.85]","[0.6190476190476191, 0.5238095238095238, 0.42857142857142855, 0.38095238095238093, 0.19047619047619047, 0.23809523809523808, 0.047619047619047616, 0.19047619047619047, 0.0, 0.09523809523809523, 0.09523809523809523, 0.0, 0.09523809523809523, 0.0, 0.047619047619047616, 0.0, 0.024390243902439025, 0.0, 0.024390243902439025]"
549.0,5.647428446045279,1.0341254288994959,0.00790518491986475,"[5.05, 5.15, 5.25, 5.35, 5.45, 5.55, 5.65, 5.75, 5.85, 5.95, 6.05, 6.15, 6.25, 6.35, 6.45, 6.55, 6.65, 6.75, 6.85]","[0.6190476190476191, 0.5238095238095238, 0.42857142857142855, 0.38095238095238093, 0.19047619047619047, 0.23809523809523808, 0.047619047619047616, 0.19047619047619047, 0.0, 0.09523809523809523, 0.09523809523809523, 0.0, 0.09523809523809523, 0.0, 0.047619047619047616, 0.0, 0.024390243902439025, 0.0, 0.024390243902439025]"
550.0,5.502795188750781,1.0042493013680176,0.013069123572834754,"[5.05, 5.15, 5.25, 5.35, 5.45, 5.55, 5.65, 5.75, 5.85, 5.95, 6.05, 6.15, 6.25, 6.35, 6.45, 6.55, 6.65, 6.75, 6.85, 6.95, 7.05, 7.15]","[0.6190476190476191, 0.5238095238095238, 0.42857142857142855, 0.38095238095238093, 0.19047619047619047, 0.23809523809523808, 0.047619047619047616, 0.19047619047619047, 0.0, 0.09523809523809523, 0.09523809523809523, 0.0, 0.09523809523809523, 0.0, 0.047619047619047616, 0.0, 0.024390243902439025, 0.0, 0.024390243902439025, 0.0, 0.008620689655172414, 0.008620689655172414]"
551.0,5.717518194189175,1.0484370911706689,0.015147396310358744,"[5.05, 5.15, 5.25, 5.35, 5.45, 5.55, 5.65, 5.75, 5.85, 5.95, 6.05, 6.15, 6.25, 6.35, 6.45, 6.55, 6.65, 6.75, 6.85, 6.95]","[0.6190476190476191, 0.5238095238095238, 0.42857142857142855, 0.38095238095238093, 0.19047619047619047, 0.23809523809523808, 0.047619047619047616, 0.19047619047619047, 0.0, 0.09523809523809523, 0.09523809523809523, 0.0, 0.09523809523809523, 0.0, 0.047619047619047616, 0.0, 0.01639344262295082, 0.0, 0.01639344262295082, 0.01639344262295082]"
552.0,5.717518194189175,1.0484370911706689,0.007926244760447149,"[5.05, 5.15, 5.25, 5.35, 5.45, 5.55, 5.65, 5.75, 5.85, 5.95, 6.05, 6.15, 6.25, 6.35, 6.45, 6.55, 6.65, 6.75, 6.85, 6.95]","[0.6190476190476191, 0.5238095238095238, 0.42857142857142855, 0.38095238095238093, 0.19047619047619047, 0.23809523809523808, 0.047619047619047616, 0.19047619047619047, 0.0, 0.09523809523809523, 0.09523809523809523, 0.0, 0.09523809523809523, 0.0, 0.047619047619047616, 0.0, 0.01639344262295082, 0.0, 0.01639344262295082, 0.01639344262295082]"
553.0,5.717518194189175,1.0484370911706689,0.007926244760447149,"[5.05, 5.15, 5.25, 5.35, 5.45, 5.55, 5.65, 5.75, 5.85, 5.95, 6.05, 6.15, 6.25, 6.35, 6.45, 6.55, 6.65, 6.75, 6.85, 6.95]","[0.6190476190476191, 0.5238095238095238, 0.42857142857142855, 0.38095238095238093, 0.19047619047619047, 0.23809523809523808, 0.047619047619047616, 0.19047619047619047, 0.0, 0.09523809523809523, 0.09523809523809523, 0.0, 0.09523809523809523, 0.0, 0.047619047619047616, 0.0, 0.01639344262295082, 0.0, 0.01639344262295082, 0.01639344262295082]"
554.0,5.516710336191379,1.0073764068810238,0.014067757408826287,"[5.05, 5.15, 5.25, 5.35, 5.45, 5.55, 5.65, 5.75, 5.85, 5.95, 6.05, 6.15, 6.25, 6.35, 6.45, 6.55, 6.65, 6.75, 6.85, 6.95, 7.05, 7.15]","[0.6190476190476191, 0.5238095238095238, 0.42857142857142855, 0.38095238095238093, 0.19047619047619047, 0.23809523809523808, 0.047619047619047616, 0.19047619047619047, 0.0, 0.09523809523809523, 0.09523809523809523, 0.0, 0.09523809523809523, 0.0, 0.047619047619047616, 0.0, 0.01639344262295082, 0.0, 0.01639344262295082, 0.01639344262295082, 0.008620689655172414, 0.008620689655172414]"
555.0,5.937988844685584,1.0934609558566488,0.016073726702157204,"[5.05, 5.15, 5.25, 5.35, 5.45, 5.55, 5.65, 5.75, 5.85, 5.95, 6.05, 6.15, 6.25, 6.35, 6.45, 6.55, 6.65, 6.75, 6.85, 6.95]","[0.6190476190476191, 0.5238095238095238, 0.42857142857142855, 0.38095238095238093, 0.19047619047619047, 0.23809523809523808, 0.047619047619047616, 0.19047619047619047, 0.0, 0.09523809523809523, 0.09523809523809523, 0.0, 0.09523809523809523, 0.0, 0.047619047619047616, 0.0, 0.012345679012345678, 0.0, 0.012345679012345678, 0.012345679012345678]"
556.0,5.937988844685584,1.0934609558566488,0.008458883891264812,"[5.05, 5.15, 5.25, 5.35, 5.45, 5.55, 5.65, 5.75, 5.85, 5.95, 6.05, 6.15, 6.25, 6.35, 6.45, 6.55, 6.65, 6.75, 6.85, 6.95]","[0.6190476190476191, 0.5238095238095238, 0.42857142857142855, 0.38095238095238093, 0.19047619047619047, 0.23809523809523808, 0.047619047619047616, 0.19047619047619047, 0.0, 0.09523809523809523, 0.09523809523809523, 0.0, 0.09523809523809523, 0.0, 0.047619047619047616, 0.0, 0.012345679012345678, 0.0, 0.012345679012345678, 0.012345679012345678]"
557.0,5.700171634958471,1.0450187596647273,0.014382462031868324,"[5.05, 5.15, 5.25, 5.35, 5.45, 5.55, 5.65, 5.75, 5.85, 5.95, 6.05, 6.15, 6.25, 6.35, 6.45, 6.55, 6.65, 6.75, 6.85, 6.95, 7.05, 7.15]","[0.6190476190476191, 0.5238095238095238, 0.42857142857142855, 0.38095238095238093, 0.19047619047619047, 0.23809523809523808, 0.047619047619047616, 0.19047619047619047, 0.0, 0.09523809523809523, 0.09523809523809523, 0.0, 0.09523809523809523, 0.0, 0.047619047619047616, 0.0, 0.012345679012345678, 0.0, 0.012345679012345678, 0.012345679012345678, 0.008620689655172414, 0.008620689655172414]"
558.0,5.7892033453608365,1.0628613069280486,0.014598635491485568,"[5.05, 5.15, 5.25, 5.35, 5.45, 5.55, 5.65, 5.75, 5.85, 5.95, 6.05, 6.15, 6.25, 6.35, 6.45, 6.55, 6.65, 6.75, 6.85, 6.95]","[0.6190476190476191, 0.5238095238095238, 0.42857142857142855, 0.38095238095238093, 0.19047619047619047, 0.23809523809523808, 0.047619047619047616, 0.19047619047619047, 0.0, 0.09523809523809523, 0.09523809523809523, 0.0, 0.09523809523809523, 0.0, 0.047619047619047616, 0.009900990099009901, 0.019801980198019802, 0.0, 0.009900990099009901, 0.009900990099009901]"
559.0,5.611036999031295,1.0265100093040702,0.013354950271948043,"[5.05, 5.15, 5.25, 5.35, 5.45, 5.55, 5.65, 5.75, 5.85, 5.95, 6.05, 6.15, 6.25, 6.35, 6.45, 6.55, 6.65, 6.75, 6.85, 6.95, 7.05, 7.15]","[0.6190476190476191, 0.5238095238095238, 0.42857142857142855, 0.38095238095238093, 0.19047619047619047, 0.23809523809523808, 0.047619047619047616, 0.19047619047619047, 0.0, 0.09523809523809523, 0.09523809523809523, 0.0, 0.09523809523809523, 0.0, 0.047619047619047616, 0.009900990099009901, 0.019801980198019802, 0.0, 0.009900990099009901, 0.009900990099009901, 0.008620689655172414, 0.008620689655172414]"
560.0,5.357254538794714,0.9746273813295764,0.031191716124061814,"[5.05, 5.15, 5.25, 5.35, 5.45, 5.55, 5.65, 5.75, 5.85, 5.95, 6.05, 6.15, 6.25, 6.35, 6.45, 6.55, 6.65, 6.75, 6.85, 6.95, 7.05, 7.15]","[0.6190476190476191, 0.5238095238095238, 0.42857142857142855, 0.38095238095238093, 0.19047619047619047, 0.23809523809523808, 0.047619047619047616, 0.19047619047619047, 0.0, 0.09523809523809523, 0.09523809523809523, 0.0, 0.09523809523809523, 0.0, 0.047619047619047616, 0.008620689655172414, 0.02586206896551724, 0.008620689655172414, 0.008620689655172414, 0.017241379310344827, 0.008620689655172414, 0.008620689655172414]"
561.0,6.1934185619380875,1.1471151263012656,0.01414839936030249,"[5.05, 5.15, 5.25, 5.35, 5.45, 5.55, 5.65, 5.75, 5.85, 5.95, 6.05, 6.15, 6.25, 6.35, 6.45, 6.55, 6.65, 6.75, 6.85]","[0.6190476190476191, 0.5238095238095238, 0.42857142857142855, 0.38095238095238093, 0.19047619047619047, 0.23809523809523808, 0.047619047619047616, 0.19047619047619047, 0.0, 0.09523809523809523, 0.04878048780487805, 0.0, 0.04878048780487805, 0.0, 0.024390243902439025, 0.0, 0.024390243902439025, 0.0, 0.024390243902439025]"
562.0,6.1934185619380875,1.1471151263012656,0.007095146033291871,"[5.05, 5.15, 5.25, 5.35, 5.45, 5.55, 5.65, 5.75, 5.85, 5.95, 6.05, 6.15, 6.25, 6.35, 6.45, 6.55, 6.65, 6.75, 6.85]","[0.6190476190476191, 0.5238095238095238, 0.42857142857142855, 0.38095238095238093, 0.19047619047619047, 0.23809523809523808, 0.047619047619047616, 0.19047619047619047, 0.0, 0.09523809523809523, 0.04878048780487805, 0.0, 0.04878048780487805, 0.0, 0.024390243902439025, 0.0, 0.024390243902439025, 0.0, 0.024390243902439025]"
563.0,6.1934185619380875,1.1471151263012656,0.007095146033291871,"[5.05, 5.15, 5.25, 5.35, 5.45, 5.55, 5.65, 5.75, 5.85, 5.95, 6.05, 6.15, 6.25, 6.35, 6.45, 6.55, 6.65, 6.75, 6.85]","[0.6190476190476191, 0.5238095238095238, 0.42857142857142855, 0.38095238095238093, 0.19047619047619047, 0.23809523809523808, 0.047619047619047616, 0.19047619047619047, 0.0, 0.09523809523809523, 0.04878048780487805, 0.0, 0.04878048780487805, 0.0, 0.024390243902439025, 0.0, 0.024390243902439025, 0.0, 0.024390243902439025]"
564.0,6.1934185619380875,1.1471151263012656,0.007095146033291871,"[5.05, 5.15, 5.25, 5.35, 5.45, 5.55, 5.65, 5.75, 5.85, 5.95, 6.05, 6.15, 6.25, 6.35, 6.45, 6.55, 6.65, 6.75, 6.85]","[0.6190476190476191, 0.5238095238095238, 0.42857142857142855, 0.38095238095238093, 0.19047619047619047, 0.23809523809523808, 0.047619047619047616, 0.19047619047619047, 0.0, 0.09523809523809523, 0.04878048780487805, 0.0, 0.04878048780487805, 0.0, 0.024390243902439025, 0.0, 0.024390243902439025, 0.0, 0.024390243902439025]"
565.0,5.89442834598245,1.0864233174008597,0.013072763215787084,"[5.05, 5.15, 5.25, 5.35, 5.45, 5.55, 5.65, 5.75, 5.85, 5.95, 6.05, 6.15, 6.25, 6.35, 6.45, 6.55, 6.65, 6.75, 6.85, 6.95, 7.05, 7.15]","[0.6190476190476191, 0.5238095238095238, 0.42857142857142855, 0.38095238095238093, 0.19047619047619047, 0.23809523809523808, 0.047619047619047616, 0.19047619047619047, 0.0, 0.09523809523809523, 0.04878048780487805, 0.0, 0.04878048780487805, 0.0, 0.024390243902439025, 0.0, 0.024390243902439025, 0.0, 0.024390243902439025, 0.0, 0.008620689655172414, 0.008620689655172414]"
566.0,6.15390245008741,1.1391755106530537,0.006594981361983091,"[5.05, 5.15, 5.25, 5.35, 5.45, 5.55, 5.65, 5.75, 5.85, 5.95, 6.05, 6.15, 6.25, 6.35, 6.45, 6.55, 6.65, 6.75, 6.85, 6.95]","[0.6190476190476191, 0.5238095238095238, 0.42857142857142855, 0.38095238095238093, 0.19047619047619047, 0.23809523809523808, 0.047619047619047616, 0.19047619047619047, 0.0, 0.09523809523809523, 0.04878048780487805, 0.0, 0.04878048780487805, 0.0, 0.024390243902439025, 0.0, 0.01639344262295082, 0.0, 0.01639344262295082, 0.01639344262295082]"
567.0,6.15390245008741,1.1391755106530537,0.004573121837111692,"[5.05, 5.15, 5.25, 5.35, 5.45, 5.55, 5.65, 5.75, 5.85, 5.95, 6.05, 6.15, 6.25, 6.35, 6.45, 6.55, 6.65, 6.75, 6.85, 6.95]","[0.6190476190476191, 0.5238095238095238, 0.42857142857142855, 0.38095238095238093, 0.19047619047619047, 0.23809523809523808, 0.047619047619047616, 0.19047619047619047, 0.0, 0.09523809523809523, 0.04878048780487805, 0.0, 0.04878048780487805, 0.0, 0.024390243902439025, 0.0, 0.01639344262295082, 0.0, 0.01639344262295082, 0.01639344262295082]"
568.0,6.15390245008741,1.1391755106530537,0.004573121837111692,"[5.05, 5.15, 5.25, 5.35, 5.45, 5.55, 5.65, 5.75, 5.85, 5.95, 6.05, 6.15, 6.25, 6.35, 6.45, 6.55, 6.65, 6.75, 6.85, 6.95]","[0.6190476190476191, 0.5238095238095238, 0.42857142857142855, 0.38095238095238093, 0.19047619047619047, 0.23809523809523808, 0.047619047619047616, 0.19047619047619047, 0.0, 0.09523809523809523, 0.04878048780487805, 0.0, 0.04878048780487805, 0.0, 0.024390243902439025, 0.0, 0.01639344262295082, 0.0, 0.01639344262295082, 0.01639344262295082]"
569.0,5.855266762337619,1.07871071377226,0.0066163246472358385,"[5.05, 5.15, 5.25, 5.35, 5.45, 5.55, 5.65, 5.75, 5.85, 5.95, 6.05, 6.15, 6.25, 6.35, 6.45, 6.55, 6.65, 6.75, 6.85, 6.95, 7.05, 7.15]","[0.6190476190476191, 0.5238095238095238, 0.42857142857142855, 0.38095238095238093, 0.19047619047619047, 0.23809523809523808, 0.047619047619047616, 0.19047619047619047, 0.0, 0.09523809523809523, 0.04878048780487805, 0.0, 0.04878048780487805, 0.0, 0.024390243902439025, 0.0, 0.01639344262295082, 0.0, 0.01639344262295082, 0.01639344262295082, 0.008620689655172414, 0.008620689655172414]"
570.0,6.322252160634339,1.173358498351422,0.006727279160078757,"[5.05, 5.15, 5.25, 5.35, 5.45, 5.55, 5.65, 5.75, 5.85, 5.95, 6.05, 6.15, 6.25, 6.35, 6.45, 6.55, 6.65, 6.75, 6.85, 6.95]","[0.6190476190476191, 0.5238095238095238, 0.42857142857142855, 0.38095238095238093, 0.19047619047619047, 0.23809523809523808, 0.047619047619047616, 0.19047619047619047, 0.0, 0.09523809523809523, 0.04878048780487805, 0.0, 0.04878048780487805, 0.0, 0.024390243902439025, 0.0, 0.012345679012345678, 0.0, 0.012345679012345678, 0.012345679012345678]"
571.0,6.322252160634339,1.173358498351422,0.0039951727218568356,"[5.05, 5.15, 5.25, 5.35, 5.45, 5.55, 5.65, 5.75, 5.85, 5.95, 6.05, 6.15, 6.25, 6.35, 6.45, 6.55, 6.65, 6.75, 6.85, 6.95]","[0.6190476190476191, 0.5238095238095238, 0.42857142857142855, 0.38095238095238093, 0.19047619047619047, 0.23809523809523808, 0.047619047619047616, 0.19047619047619047, 0.0, 0.09523809523809523, 0.04878048780487805, 0.0, 0.04878048780487805, 0.0, 0.024390243902439025, 0.0, 0.012345679012345678, 0.0, 0.012345679012345678, 0.012345679012345678]"
572.0,6.007402487483648,1.1097183675269346,0.005274357506007788,"[5.05, 5.15, 5.25, 5.35, 5.45, 5.55, 5.65, 5.75, 5.85, 5.95, 6.05, 6.15, 6.25, 6.35, 6.45, 6.55, 6.65, 6.75, 6.85, 6.95, 7.05, 7.15]","[0.6190476190476191, 0.5238095238095238, 0.42857142857142855, 0.38095238095238093, 0.19047619047619047, 0.23809523809523808, 0.047619047619047616, 0.19047619047619047, 0.0, 0.09523809523809523, 0.04878048780487805, 0.0, 0.04878048780487805, 0.0, 0.024390243902439025, 0.0, 0.012345679012345678, 0.0, 0.012345679012345678, 0.012345679012345678, 0.008620689655172414, 0.008620689655172414]"
573.0,6.121785477648318,1.132436847946406,0.006610285310801758,"[5.05, 5.15, 5.25, 5.35, 5.45, 5.55, 5.65, 5.75, 5.85, 5.95, 6.05, 6.15, 6.25, 6.35, 6.45, 6.55, 6.65, 6.75, 6.85, 6.95]","[0.6190476190476191, 0.5238095238095238, 0.42857142857142855, 0.38095238095238093, 0.19047619047619047, 0.23809523809523808, 0.047619047619047616, 0.19047619047619047, 0.0, 0.09523809523809523, 0.04878048780487805, 0.0, 0.04878048780487805, 0.0, 0.024390243902439025, 0.009900990099009901, 0.019801980198019802, 0.0, 0.009900990099009901, 0.009900990099009901]"
574.0,5.878699191003207,1.0832667009722468,0.006296754659815365,"[5.05, 5.15, 5.25, 5.35, 5.45, 5.55, 5.65, 5.75, 5.85, 5.95, 6.05, 6.15, 6.25, 6.35, 6.45, 6.55, 6.65, 6.75, 6.85, 6.95, 7.05, 7.15]","[0.6190476190476191, 0.5238095238095238, 0.42857142857142855, 0.38095238095238093, 0.19047619047619047, 0.23809523809523808, 0.047619047619047616, 0.19047619047619047, 0.0, 0.09523809523809523, 0.04878048780487805, 0.0, 0.04878048780487805, 0.0, 0.024390243902439025, 0.009900990099009901, 0.019801980198019802, 0.0, 0.009900990099009901, 0.009900990099009901, 0.008620689655172414, 0.008620689655172414]"
575.0,5.587509057798192,1.0240942683407388,0.0107877707713495,"[5.05, 5.15, 5.25, 5.35, 5.45, 5.55, 5.65, 5.75, 5.85, 5.95, 6.05, 6.15, 6.25, 6.35, 6.45, 6.55, 6.65, 6.75, 6.85, 6.95, 7.05, 7.15]","[0.6190476190476191, 0.5238095238095238, 0.42857142857142855, 0.38095238095238093, 0.19047619047619047, 0.23809523809523808, 0.047619047619047616, 0.19047619047619047, 0.0, 0.09523809523809523, 0.04878048780487805, 0.0, 0.04878048780487805, 0.0, 0.024390243902439025, 0.008620689655172414, 0.02586206896551724, 0.008620689655172414, 0.008620689655172414, 0.017241379310344827, 0.008620689655172414, 0.008620689655172414]"
576.0,5.830207341764111,1.0722740063508016,0.011386766839663375,"[5.05, 5.15, 5.25, 5.35, 5.45, 5.55, 5.65, 5.75, 5.85, 5.95, 6.05, 6.15, 6.25, 6.35, 6.45, 6.55, 6.65, 6.75, 6.85, 6.95]","[0.6190476190476191, 0.5238095238095238, 0.42857142857142855, 0.38095238095238093, 0.19047619047619047, 0.23809523809523808, 0.047619047619047616, 0.19047619047619047, 0.0, 0.09523809523809523, 0.06557377049180328, 0.01639344262295082, 0.04918032786885246, 0.0, 0.04918032786885246, 0.0, 0.01639344262295082, 0.0, 0.01639344262295082, 0.01639344262295082]"
577.0,5.830207341764111,1.0722740063508016,0.0054537309425762345,"[5.05, 5.15, 5.25, 5.35, 5.45, 5.55, 5.65, 5.75, 5.85, 5.95, 6.05, 6.15, 6.25, 6.35, 6.45, 6.55, 6.65, 6.75, 6.85, 6.95]","[0.6190476190476191, 0.5238095238095238, 0.42857142857142855, 0.38095238095238093, 0.19047619047619047, 0.23809523809523808, 0.047619047619047616, 0.19047619047619047, 0.0, 0.09523809523809523, 0.06557377049180328, 0.01639344262295082, 0.04918032786885246, 0.0, 0.04918032786885246, 0.0, 0.01639344262295082, 0.0, 0.01639344262295082, 0.01639344262295082]"
578.0,5.830207341764111,1.0722740063508016,0.0054537309425762345,"[5.05, 5.15, 5.25, 5.35, 5.45, 5.55, 5.65, 5.75, 5.85, 5.95, 6.05, 6.15, 6.25, 6.35, 6.45, 6.55, 6.65, 6.75, 6.85, 6.95]","[0.6190476190476191, 0.5238095238095238, 0.42857142857142855, 0.38095238095238093, 0.19047619047619047, 0.23809523809523808, 0.047619047619047616, 0.19047619047619047, 0.0, 0.09523809523809523, 0.06557377049180328, 0.01639344262295082, 0.04918032786885246, 0.0, 0.04918032786885246, 0.0, 0.01639344262295082, 0.0, 0.01639344262295082, 0.01639344262295082]"
579.0,5.6431566959517845,1.034437421777794,0.01280679291246561,"[5.05, 5.15, 5.25, 5.35, 5.45, 5.55, 5.65, 5.75, 5.85, 5.95, 6.05, 6.15, 6.25, 6.35, 6.45, 6.55, 6.65, 6.75, 6.85, 6.95, 7.05, 7.15]","[0.6190476190476191, 0.5238095238095238, 0.42857142857142855, 0.38095238095238093, 0.19047619047619047, 0.23809523809523808, 0.047619047619047616, 0.19047619047619047, 0.0, 0.09523809523809523, 0.06557377049180328, 0.01639344262295082, 0.04918032786885246, 0.0, 0.04918032786885246, 0.0, 0.01639344262295082, 0.0, 0.01639344262295082, 0.01639344262295082, 0.008620689655172414, 0.008620689655172414]"
580.0,5.987357355261568,1.1041167829512124,0.0064074446626320985,"[5.05, 5.15, 5.25, 5.35, 5.45, 5.55, 5.65, 5.75, 5.85, 5.95, 6.05, 6.15, 6.25, 6.35, 6.45, 6.55, 6.65, 6.75, 6.85, 6.95]","[0.6190476190476191, 0.5238095238095238, 0.42857142857142855, 0.38095238095238093, 0.19047619047619047, 0.23809523809523808, 0.047619047619047616, 0.19047619047619047, 0.0, 0.09523809523809523, 0.06557377049180328, 0.01639344262295082, 0.04918032786885246, 0.0, 0.04918032786885246, 0.0, 0.012345679012345678, 0.0, 0.012345679012345678, 0.012345679012345678]"
581.0,5.987357355261568,1.1041167829512124,0.0037463753754113345,"[5.05, 5.15, 5.25, 5.35, 5.45, 5.55, 5.65, 5.75, 5.85, 5.95, 6.05, 6.15, 6.25, 6.35, 6.45, 6.55, 6.65, 6.75, 6.85, 6.95]","[0.6190476190476191, 0.5238095238095238, 0.42857142857142855, 0.38095238095238093, 0.19047619047619047, 0.23809523809523808, 0.047619047619047616, 0.19047619047619047, 0.0, 0.09523809523809523, 0.06557377049180328, 0.01639344262295082, 0.04918032786885246, 0.0, 0.04918032786885246, 0.0, 0.012345679012345678, 0.0, 0.012345679012345678, 0.012345679012345678]"
582.0,5.782988761815486,1.0628709037916524,0.005585237953654452,"[5.05, 5.15, 5.25, 5.35, 5.45, 5.55, 5.65, 5.75, 5.85, 5.95, 6.05, 6.15, 6.25, 6.35, 6.45, 6.55, 6.65, 6.75, 6.85, 6.95, 7.05, 7.15]","[0.6190476190476191, 0.5238095238095238, 0.42857142857142855, 0.38095238095238093, 0.19047619047619047, 0.23809523809523808, 0.047619047619047616, 0.19047619047619047, 0.0, 0.09523809523809523, 0.06557377049180328, 0.01639344262295082, 0.04918032786885246, 0.0, 0.04918032786885246, 0.0, 0.012345679012345678, 0.0, 0.012345679012345678, 0.012345679012345678, 0.008620689655172414, 0.008620689655172414]"
583.0,5.864494583023209,1.0790112965950098,0.005827824077815678,"[5.05, 5.15, 5.25, 5.35, 5.45, 5.55, 5.65, 5.75, 5.85, 5.95, 6.05, 6.15, 6.25, 6.35, 6.45, 6.55, 6.65, 6.75, 6.85, 6.95]","[0.6190476190476191, 0.5238095238095238, 0.42857142857142855, 0.38095238095238093, 0.19047619047619047, 0.23809523809523808, 0.047619047619047616, 0.19047619047619047, 0.0, 0.09523809523809523, 0.06557377049180328, 0.01639344262295082, 0.04918032786885246, 0.0, 0.04918032786885246, 0.009900990099009901, 0.019801980198019802, 0.0, 0.009900990099009901, 0.009900990099009901]"
584.0,5.6993905877069295,1.0456576924193044,0.0059138688296256165,"[5.05, 5.15, 5.25, 5.35, 5.45, 5.55, 5.65, 5.75, 5.85, 5.95, 6.05, 6.15, 6.25, 6.35, 6.45, 6.55, 6.65, 6.75, 6.85, 6.95, 7.05, 7.15]","[0.6190476190476191, 0.5238095238095238, 0.42857142857142855, 0.38095238095238093, 0.19047619047619047, 0.23809523809523808, 0.047619047619047616, 0.19047619047619047, 0.0, 0.09523809523809523, 0.06557377049180328, 0.01639344262295082, 0.04918032786885246, 0.0, 0.04918032786885246, 0.009900990099009901, 0.019801980198019802, 0.0, 0.009900990099009901, 0.009900990099009901, 0.008620689655172414, 0.008620689655172414]"
585.0,5.466647398931957,0.9985398707523543,0.01300509898245475,"[5.05, 5.15, 5.25, 5.35, 5.45, 5.55, 5.65, 5.75, 5.85, 5.95, 6.05, 6.15, 6.25, 6.35, 6.45, 6.55, 6.65, 6.75, 6.85, 6.95, 7.05, 7.15]","[0.6190476190476191, 0.5238095238095238, 0.42857142857142855, 0.38095238095238093, 0.19047619047619047, 0.23809523809523808, 0.047619047619047616, 0.19047619047619047, 0.0, 0.09523809523809523, 0.06557377049180328, 0.01639344262295082, 0.04918032786885246, 0.0, 0.04918032786885246, 0.008620689655172414, 0.02586206896551724, 0.008620689655172414, 0.008620689655172414, 0.017241379310344827, 0.008620689655172414, 0.008620689655172414]"
586.0,6.170314636692215,1.1422991479622635,0.01272808600400023,"[5.05, 5.15, 5.25, 5.35, 5.45, 5.55, 5.65, 5.75, 5.85, 5.95, 6.05, 6.15, 6.25, 6.35, 6.45, 6.55, 6.65, 6.75, 6.85, 6.95]","[0.6190476190476191, 0.5238095238095238, 0.42857142857142855, 0.38095238095238093, 0.19047619047619047, 0.23809523809523808, 0.047619047619047616, 0.19047619047619047, 0.0, 0.09523809523809523, 0.04938271604938271, 0.012345679012345678, 0.04938271604938271, 0.0, 0.037037037037037035, 0.0, 0.012345679012345678, 0.0, 0.012345679012345678, 0.012345679012345678]"
587.0,6.170314636692215,1.1422991479622635,0.006348890013075248,"[5.05, 5.15, 5.25, 5.35, 5.45, 5.55, 5.65, 5.75, 5.85, 5.95, 6.05, 6.15, 6.25, 6.35, 6.45, 6.55, 6.65, 6.75, 6.85, 6.95]","[0.6190476190476191, 0.5238095238095238, 0.42857142857142855, 0.38095238095238093, 0.19047619047619047, 0.23809523809523808, 0.047619047619047616, 0.19047619047619047, 0.0, 0.09523809523809523, 0.04938271604938271, 0.012345679012345678, 0.04938271604938271, 0.0, 0.037037037037037035, 0.0, 0.012345679012345678, 0.0, 0.012345679012345678, 0.012345679012345678]"
588.0,5.942757241949934,1.0966180267325571,0.011565988758671914,"[5.05, 5.15, 5.25, 5.35, 5.45, 5.55, 5.65, 5.75, 5.85, 5.95, 6.05, 6.15, 6.25, 6.35, 6.45, 6.55, 6.65, 6.75, 6.85, 6.95, 7.05, 7.15]","[0.6190476190476191, 0.5238095238095238, 0.42857142857142855, 0.38095238095238093, 0.19047619047619047, 0.23809523809523808, 0.047619047619047616, 0.19047619047619047, 0.0, 0.09523809523809523, 0.04938271604938271, 0.012345679012345678, 0.04938271604938271, 0.0, 0.037037037037037035, 0.0, 0.012345679012345678, 0.0, 0.012345679012345678, 0.012345679012345678, 0.008620689655172414, 0.008620689655172414]"
589.0,6.032788337972452,1.1143320742253306,0.006570494262355961,"[5.05, 5.15, 5.25, 5.35, 5.45, 5.55, 5.65, 5.75, 5.85, 5.95, 6.05, 6.15, 6.25, 6.35, 6.45, 6.55, 6.65, 6.75, 6.85, 6.95]","[0.6190476190476191, 0.5238095238095238, 0.42857142857142855, 0.38095238095238093, 0.19047619047619047, 0.23809523809523808, 0.047619047619047616, 0.19047619047619047, 0.0, 0.09523809523809523, 0.04938271604938271, 0.012345679012345678, 0.04938271604938271, 0.0, 0.037037037037037035, 0.009900990099009901, 0.019801980198019802, 0.0, 0.009900990099009901, 0.009900990099009901]"
590.0,5.8450421844033364,1.076625666777155,0.006266167457811114,"[5.05, 5.15, 5.25, 5.35, 5.45, 5.55, 5.65, 5.75, 5.85, 5.95, 6.05, 6.15, 6.25, 6.35, 6.45, 6.55, 6.65, 6.75, 6.85, 6.95, 7.05, 7.15]","[0.6190476190476191, 0.5238095238095238, 0.42857142857142855, 0.38095238095238093, 0.19047619047619047, 0.23809523809523808, 0.047619047619047616, 0.19047619047619047, 0.0, 0.09523809523809523, 0.04938271604938271, 0.012345679012345678, 0.04938271604938271, 0.0, 0.037037037037037035, 0.009900990099009901, 0.019801980198019802, 0.0, 0.009900990099009901, 0.009900990099009901, 0.008620689655172414, 0.008620689655172414]"
591.0,5.60067896352482,1.0273722025829426,0.012369280669754757,"[5.05, 5.15, 5.25, 5.35, 5.45, 5.55, 5.65, 5.75, 5.85, 5.95, 6.05, 6.15, 6.25, 6.35, 6.45, 6.55, 6.65, 6.75, 6.85, 6.95, 7.05, 7.15]","[0.6190476190476191, 0.5238095238095238, 0.42857142857142855, 0.38095238095238093, 0.19047619047619047, 0.23809523809523808, 0.047619047619047616, 0.19047619047619047, 0.0, 0.09523809523809523, 0.04938271604938271, 0.012345679012345678, 0.04938271604938271, 0.0, 0.037037037037037035, 0.008620689655172414, 0.02586206896551724, 0.008620689655172414, 0.008620689655172414, 0.017241379310344827, 0.008620689655172414, 0.008620689655172414]"
592.0,5.92750622786644,1.0922024909839647,0.011377059275801888,"[5.05, 5.15, 5.25, 5.35, 5.45, 5.55, 5.65, 5.75, 5.85, 5.95, 6.05, 6.15, 6.25, 6.35, 6.45, 6.55, 6.65, 6.75, 6.85, 6.95]","[0.6190476190476191, 0.5238095238095238, 0.42857142857142855, 0.38095238095238093, 0.19047619047619047, 0.23809523809523808, 0.047619047619047616, 0.19047619047619047, 0.0, 0.09523809523809523, 0.0594059405940594, 0.019801980198019802, 0.04950495049504951, 0.0, 0.039603960396039604, 0.009900990099009901, 0.019801980198019802, 0.0, 0.009900990099009901, 0.009900990099009901]"
593.0,5.772985535578723,1.0612458991887737,0.011723903785168667,"[5.05, 5.15, 5.25, 5.35, 5.45, 5.55, 5.65, 5.75, 5.85, 5.95, 6.05, 6.15, 6.25, 6.35, 6.45, 6.55, 6.65, 6.75, 6.85, 6.95, 7.05, 7.15]","[0.6190476190476191, 0.5238095238095238, 0.42857142857142855, 0.38095238095238093, 0.19047619047619047, 0.23809523809523808, 0.047619047619047616, 0.19047619047619047, 0.0, 0.09523809523809523, 0.0594059405940594, 0.019801980198019802, 0.04950495049504951, 0.0, 0.039603960396039604, 0.009900990099009901, 0.019801980198019802, 0.0, 0.009900990099009901, 0.009900990099009901, 0.008620689655172414, 0.008620689655172414]"
594.0,5.557064905006377,1.017889562345559,0.009765430400740733,"[5.05, 5.15, 5.25, 5.35, 5.45, 5.55, 5.65, 5.75, 5.85, 5.95, 6.05, 6.15, 6.25, 6.35, 6.45, 6.55, 6.65, 6.75, 6.85, 6.95, 7.05, 7.15]","[0.6190476190476191, 0.5238095238095238, 0.42857142857142855, 0.38095238095238093, 0.19047619047619047, 0.23809523809523808, 0.047619047619047616, 0.19047619047619047, 0.0, 0.09523809523809523, 0.0594059405940594, 0.019801980198019802, 0.04950495049504951, 0.0, 0.039603960396039604, 0.008620689655172414, 0.02586206896551724, 0.008620689655172414, 0.008620689655172414, 0.017241379310344827, 0.008620689655172414, 0.008620689655172414]"
595.0,5.446754256836491,0.9941310945578048,0.03531956717466098,"[5.05, 5.15, 5.25, 5.35, 5.45, 5.55, 5.65, 5.75, 5.85, 5.95, 6.05, 6.15, 6.25, 6.35, 6.45, 6.55, 6.65, 6.75, 6.85, 6.95, 7.05, 7.15]","[0.6190476190476191, 0.5238095238095238, 0.42857142857142855, 0.38095238095238093, 0.19047619047619047, 0.23809523809523808, 0.047619047619047616, 0.19047619047619047, 0.0, 0.09523809523809523, 0.06896551724137931, 0.02586206896551724, 0.05172413793103448, 0.017241379310344827, 0.034482758620689655, 0.008620689655172414, 0.02586206896551724, 0.008620689655172414, 0.008620689655172414, 0.017241379310344827, 0.008620689655172414, 0.008620689655172414]"
596.0,6.095342910265662,1.1259743960588562,0.010572734620610221,"[5.05, 5.15, 5.25, 5.35, 5.45, 5.55, 5.65, 5.75, 5.85, 5.95, 6.05, 6.15, 6.25, 6.35, 6.45, 6.55, 6.65, 6.75, 6.85]","[0.6190476190476191, 0.5238095238095238, 0.42857142857142855, 0.38095238095238093, 0.19047619047619047, 0.17073170731707318, 0.17073170731707318, 0.14634146341463414, 0.024390243902439025, 0.0975609756097561, 0.04878048780487805, 0.0, 0.04878048780487805, 0.0, 0.024390243902439025, 0.0, 0.024390243902439025, 0.0, 0.024390243902439025]"
597.0,6.095342910265662,1.1259743960588562,0.004526459237305519,"[5.05, 5.15, 5.25, 5.35, 5.45, 5.55, 5.65, 5.75, 5.85, 5.95, 6.05, 6.15, 6.25, 6.35, 6.45, 6.55, 6.65, 6.75, 6.85]","[0.6190476190476191, 0.5238095238095238, 0.42857142857142855, 0.38095238095238093, 0.19047619047619047, 0.17073170731707318, 0.17073170731707318, 0.14634146341463414, 0.024390243902439025, 0.0975609756097561, 0.04878048780487805, 0.0, 0.04878048780487805, 0.0, 0.024390243902439025, 0.0, 0.024390243902439025, 0.0, 0.024390243902439025]"
598.0,6.095342910265662,1.1259743960588562,0.004526459237305519,"[5.05, 5.15, 5.25, 5.35, 5.45, 5.55, 5.65, 5.75, 5.85, 5.95, 6.05, 6.15, 6.25, 6.35, 6.45, 6.55, 6.65, 6.75, 6.85]","[0.6190476190476191, 0.5238095238095238, 0.42857142857142855, 0.38095238095238093, 0.19047619047619047, 0.17073170731707318, 0.17073170731707318, 0.14634146341463414, 0.024390243902439025, 0.0975609756097561, 0.04878048780487805, 0.0, 0.04878048780487805, 0.0, 0.024390243902439025, 0.0, 0.024390243902439025, 0.0, 0.024390243902439025]"
599.0,6.095342910265662,1.1259743960588562,0.004526459237305519,"[5.05, 5.15, 5.25, 5.35, 5.45, 5.55, 5.65, 5.75, 5.85, 5.95, 6.05, 6.15, 6.25, 6.35, 6.45, 6.55, 6.65, 6.75, 6.85]","[0.6190476190476191, 0.5238095238095238, 0.42857142857142855, 0.38095238095238093, 0.19047619047619047, 0.17073170731707318, 0.17073170731707318, 0.14634146341463414, 0.024390243902439025, 0.0975609756097561, 0.04878048780487805, 0.0, 0.04878048780487805, 0.0, 0.024390243902439025, 0.0, 0.024390243902439025, 0.0, 0.024390243902439025]"
600.0,5.849796225184351,1.0765043549497415,0.013885879050767125,"[5.05, 5.15, 5.25, 5.35, 5.45, 5.55, 5.65, 5.75, 5.85, 5.95, 6.05, 6.15, 6.25, 6.35, 6.45, 6.55, 6.65, 6.75, 6.85, 6.95, 7.05, 7.15]","[0.6190476190476191, 0.5238095238095238, 0.42857142857142855, 0.38095238095238093, 0.19047619047619047, 0.17073170731707318, 0.17073170731707318, 0.14634146341463414, 0.024390243902439025, 0.0975609756097561, 0.04878048780487805, 0.0, 0.04878048780487805, 0.0, 0.024390243902439025, 0.0, 0.024390243902439025, 0.0, 0.024390243902439025, 0.0, 0.008620689655172414, 0.008620689655172414]"
601.0,6.077563922127426,1.1224360683433945,0.005357707229239572,"[5.05, 5.15, 5.25, 5.35, 5.45, 5.55, 5.65, 5.75, 5.85, 5.95, 6.05, 6.15, 6.25, 6.35, 6.45, 6.55, 6.65, 6.75, 6.85, 6.95]","[0.6190476190476191, 0.5238095238095238, 0.42857142857142855, 0.38095238095238093, 0.19047619047619047, 0.17073170731707318, 0.17073170731707318, 0.14634146341463414, 0.024390243902439025, 0.0975609756097561, 0.04878048780487805, 0.0, 0.04878048780487805, 0.0, 0.024390243902439025, 0.0, 0.01639344262295082, 0.0, 0.01639344262295082, 0.01639344262295082]"
602.0,6.077563922127426,1.1224360683433945,0.0035018510616788485,"[5.05, 5.15, 5.25, 5.35, 5.45, 5.55, 5.65, 5.75, 5.85, 5.95, 6.05, 6.15, 6.25, 6.35, 6.45, 6.55, 6.65, 6.75, 6.85, 6.95]","[0.6190476190476191, 0.5238095238095238, 0.42857142857142855, 0.38095238095238093, 0.19047619047619047, 0.17073170731707318, 0.17073170731707318, 0.14634146341463414, 0.024390243902439025, 0.0975609756097561, 0.04878048780487805, 0.0, 0.04878048780487805, 0.0, 0.024390243902439025, 0.0, 0.01639344262295082, 0.0, 0.01639344262295082, 0.01639344262295082]"
603.0,6.077563922127426,1.1224360683433945,0.0035018510616788485,"[5.05, 5.15, 5.25, 5.35, 5.45, 5.55, 5.65, 5.75, 5.85, 5.95, 6.05, 6.15, 6.25, 6.35, 6.45, 6.55, 6.65, 6.75, 6.85, 6.95]","[0.6190476190476191, 0.5238095238095238, 0.42857142857142855, 0.38095238095238093, 0.19047619047619047, 0.17073170731707318, 0.17073170731707318, 0.14634146341463414, 0.024390243902439025, 0.0975609756097561, 0.04878048780487805, 0.0, 0.04878048780487805, 0.0, 0.024390243902439025, 0.0, 0.01639344262295082, 0.0, 0.01639344262295082, 0.01639344262295082]"
604.0,5.819261675223892,1.0705710458210966,0.007048558620839205,"[5.05, 5.15, 5.25, 5.35, 5.45, 5.55, 5.65, 5.75, 5.85, 5.95, 6.05, 6.15, 6.25, 6.35, 6.45, 6.55, 6.65, 6.75, 6.85, 6.95, 7.05, 7.15]","[0.6190476190476191, 0.5238095238095238, 0.42857142857142855, 0.38095238095238093, 0.19047619047619047, 0.17073170731707318, 0.17073170731707318, 0.14634146341463414, 0.024390243902439025, 0.0975609756097561, 0.04878048780487805, 0.0, 0.04878048780487805, 0.0, 0.024390243902439025, 0.0, 0.01639344262295082, 0.0, 0.01639344262295082, 0.01639344262295082, 0.008620689655172414, 0.008620689655172414]"
605.0,6.2361035099255675,1.1543340814987948,0.005015330431232551,"[5.05, 5.15, 5.25, 5.35, 5.45, 5.55, 5.65, 5.75, 5.85, 5.95, 6.05, 6.15, 6.25, 6.35, 6.45, 6.55, 6.65, 6.75, 6.85, 6.95]","[0.6190476190476191, 0.5238095238095238, 0.42857142857142855, 0.38095238095238093, 0.19047619047619047, 0.17073170731707318, 0.17073170731707318, 0.14634146341463414, 0.024390243902439025, 0.0975609756097561, 0.04878048780487805, 0.0, 0.04878048780487805, 0.0, 0.024390243902439025, 0.0, 0.012345679012345678, 0.0, 0.012345679012345678, 0.012345679012345678]"
606.0,6.2361035099255675,1.1543340814987948,0.002908088894663578,"[5.05, 5.15, 5.25, 5.35, 5.45, 5.55, 5.65, 5.75, 5.85, 5.95, 6.05, 6.15, 6.25, 6.35, 6.45, 6.55, 6.65, 6.75, 6.85, 6.95]","[0.6190476190476191, 0.5238095238095238, 0.42857142857142855, 0.38095238095238093, 0.19047619047619047, 0.17073170731707318, 0.17073170731707318, 0.14634146341463414, 0.024390243902439025, 0.0975609756097561, 0.04878048780487805, 0.0, 0.04878048780487805, 0.0, 0.024390243902439025, 0.0, 0.012345679012345678, 0.0, 0.012345679012345678, 0.012345679012345678]"
607.0,5.964476682117995,1.0998824441795485,0.005258902788765491,"[5.05, 5.15, 5.25, 5.35, 5.45, 5.55, 5.65, 5.75, 5.85, 5.95, 6.05, 6.15, 6.25, 6.35, 6.45, 6.55, 6.65, 6.75, 6.85, 6.95, 7.05, 7.15]","[0.6190476190476191, 0.5238095238095238, 0.42857142857142855, 0.38095238095238093, 0.19047619047619047, 0.17073170731707318, 0.17073170731707318, 0.14634146341463414, 0.024390243902439025, 0.0975609756097561, 0.04878048780487805, 0.0, 0.04878048780487805, 0.0, 0.024390243902439025, 0.0, 0.012345679012345678, 0.0, 0.012345679012345678, 0.012345679012345678, 0.008620689655172414, 0.008620689655172414]"
608.0,6.068024667260301,1.120331541533922,0.005516214892054369,"[5.05, 5.15, 5.25, 5.35, 5.45, 5.55, 5.65, 5.75, 5.85, 5.95, 6.05, 6.15, 6.25, 6.35, 6.45, 6.55, 6.65, 6.75, 6.85, 6.95]","[0.6190476190476191, 0.5238095238095238, 0.42857142857142855, 0.38095238095238093, 0.19047619047619047, 0.17073170731707318, 0.17073170731707318, 0.14634146341463414, 0.024390243902439025, 0.0975609756097561, 0.04878048780487805, 0.0, 0.04878048780487805, 0.0, 0.024390243902439025, 0.009900990099009901, 0.019801980198019802, 0.0, 0.009900990099009901, 0.009900990099009901]"
609.0,5.850738099104257,1.0767364344159294,0.006571324093486155,"[5.05, 5.15, 5.25, 5.35, 5.45, 5.55, 5.65, 5.75, 5.85, 5.95, 6.05, 6.15, 6.25, 6.35, 6.45, 6.55, 6.65, 6.75, 6.85, 6.95, 7.05, 7.15]","[0.6190476190476191, 0.5238095238095238, 0.42857142857142855, 0.38095238095238093, 0.19047619047619047, 0.17073170731707318, 0.17073170731707318, 0.14634146341463414, 0.024390243902439025, 0.0975609756097561, 0.04878048780487805, 0.0, 0.04878048780487805, 0.0, 0.024390243902439025, 0.009900990099009901, 0.019801980198019802, 0.0, 0.009900990099009901, 0.009900990099009901, 0.008620689655172414, 0.008620689655172414]"
610.0,5.575215999495748,1.021283608641361,0.011524799825985482,"[5.05, 5.15, 5.25, 5.35, 5.45, 5.55, 5.65, 5.75, 5.85, 5.95, 6.05, 6.15, 6.25, 6.35, 6.45, 6.55, 6.65, 6.75, 6.85, 6.95, 7.05, 7.15]","[0.6190476190476191, 0.5238095238095238, 0.42857142857142855, 0.38095238095238093, 0.19047619047619047, 0.17073170731707318, 0.17073170731707318, 0.14634146341463414, 0.024390243902439025, 0.0975609756097561, 0.04878048780487805, 0.0, 0.04878048780487805, 0.0, 0.024390243902439025, 0.008620689655172414, 0.02586206896551724, 0.008620689655172414, 0.008620689655172414, 0.017241379310344827, 0.008620689655172414, 0.008620689655172414]"
611.0,5.800260196761446,1.065681962697562,0.006862130529750335,"[5.05, 5.15, 5.25, 5.35, 5.45, 5.55, 5.65, 5.75, 5.85, 5.95, 6.05, 6.15, 6.25, 6.35, 6.45, 6.55, 6.65, 6.75, 6.85, 6.95]","[0.6190476190476191, 0.5238095238095238, 0.42857142857142855, 0.38095238095238093, 0.19047619047619047, 0.17073170731707318, 0.17073170731707318, 0.14634146341463414, 0.024390243902439025, 0.0975609756097561, 0.06557377049180328, 0.01639344262295082, 0.04918032786885246, 0.0, 0.04918032786885246, 0.0, 0.01639344262295082, 0.0, 0.01639344262295082, 0.01639344262295082]"
612.0,5.800260196761446,1.065681962697562,0.0037063315038297754,"[5.05, 5.15, 5.25, 5.35, 5.45, 5.55, 5.65, 5.75, 5.85, 5.95, 6.05, 6.15, 6.25, 6.35, 6.45, 6.55, 6.65, 6.75, 6.85, 6.95]","[0.6190476190476191, 0.5238095238095238, 0.42857142857142855, 0.38095238095238093, 0.19047619047619047, 0.17073170731707318, 0.17073170731707318, 0.14634146341463414, 0.024390243902439025, 0.0975609756097561, 0.06557377049180328, 0.01639344262295082, 0.04918032786885246, 0.0, 0.04918032786885246, 0.0, 0.01639344262295082, 0.0, 0.01639344262295082, 0.01639344262295082]"
613.0,5.800260196761446,1.065681962697562,0.0037063315038297754,"[5.05, 5.15, 5.25, 5.35, 5.45, 5.55, 5.65, 5.75, 5.85, 5.95, 6.05, 6.15, 6.25, 6.35, 6.45, 6.55, 6.65, 6.75, 6.85, 6.95]","[0.6190476190476191, 0.5238095238095238, 0.42857142857142855, 0.38095238095238093, 0.19047619047619047, 0.17073170731707318, 0.17073170731707318, 0.14634146341463414, 0.024390243902439025, 0.0975609756097561, 0.06557377049180328, 0.01639344262295082, 0.04918032786885246, 0.0, 0.04918032786885246, 0.0, 0.01639344262295082, 0.0, 0.01639344262295082, 0.01639344262295082]"
614.0,5.627462488262485,1.030990478379177,0.007916080023197053,"[5.05, 5.15, 5.25, 5.35, 5.45, 5.55, 5.65, 5.75, 5.85, 5.95, 6.05, 6.15, 6.25, 6.35, 6.45, 6.55, 6.65, 6.75, 6.85, 6.95, 7.05, 7.15]","[0.6190476190476191, 0.5238095238095238, 0.42857142857142855, 0.38095238095238093, 0.19047619047619047, 0.17073170731707318, 0.17073170731707318, 0.14634146341463414, 0.024390243902439025, 0.0975609756097561, 0.06557377049180328, 0.01639344262295082, 0.04918032786885246, 0.0, 0.04918032786885246, 0.0, 0.01639344262295082, 0.0, 0.01639344262295082, 0.01639344262295082, 0.008620689655172414, 0.008620689655172414]"
615.0,5.951104075461655,1.0959741959675822,0.004093385802237361,"[5.05, 5.15, 5.25, 5.35, 5.45, 5.55, 5.65, 5.75, 5.85, 5.95, 6.05, 6.15, 6.25, 6.35, 6.45, 6.55, 6.65, 6.75, 6.85, 6.95]","[0.6190476190476191, 0.5238095238095238, 0.42857142857142855, 0.38095238095238093, 0.19047619047619047, 0.17073170731707318, 0.17073170731707318, 0.14634146341463414, 0.024390243902439025, 0.0975609756097561, 0.06557377049180328, 0.01639344262295082, 0.04918032786885246, 0.0, 0.04918032786885246, 0.0, 0.012345679012345678, 0.0, 0.012345679012345678, 0.012345679012345678]"
616.0,5.951104075461655,1.0959741959675822,0.0025857808029818093,"[5.05, 5.15, 5.25, 5.35, 5.45, 5.55, 5.65, 5.75, 5.85, 5.95, 6.05, 6.15, 6.25, 6.35, 6.45, 6.55, 6.65, 6.75, 6.85, 6.95]","[0.6190476190476191, 0.5238095238095238, 0.42857142857142855, 0.38095238095238093, 0.19047619047619047, 0.17073170731707318, 0.17073170731707318, 0.14634146341463414, 0.024390243902439025, 0.0975609756097561, 0.06557377049180328, 0.01639344262295082, 0.04918032786885246, 0.0, 0.04918032786885246, 0.0, 0.012345679012345678, 0.0, 0.012345679012345678, 0.012345679012345678]"
617.0,5.763307469872458,1.0583563783862473,0.0037499899379254153,"[5.05, 5.15, 5.25, 5.35, 5.45, 5.55, 5.65, 5.75, 5.85, 5.95, 6.05, 6.15, 6.25, 6.35, 6.45, 6.55, 6.65, 6.75, 6.85, 6.95, 7.05, 7.15]","[0.6190476190476191, 0.5238095238095238, 0.42857142857142855, 0.38095238095238093, 0.19047619047619047, 0.17073170731707318, 0.17073170731707318, 0.14634146341463414, 0.024390243902439025, 0.0975609756097561, 0.06557377049180328, 0.01639344262295082, 0.04918032786885246, 0.0, 0.04918032786885246, 0.0, 0.012345679012345678, 0.0, 0.012345679012345678, 0.012345679012345678, 0.008620689655172414, 0.008620689655172414]"
618.0,5.840357913315977,1.073553352831328,0.003769168604045621,"[5.05, 5.15, 5.25, 5.35, 5.45, 5.55, 5.65, 5.75, 5.85, 5.95, 6.05, 6.15, 6.25, 6.35, 6.45, 6.55, 6.65, 6.75, 6.85, 6.95]","[0.6190476190476191, 0.5238095238095238, 0.42857142857142855, 0.38095238095238093, 0.19047619047619047, 0.17073170731707318, 0.17073170731707318, 0.14634146341463414, 0.024390243902439025, 0.0975609756097561, 0.06557377049180328, 0.01639344262295082, 0.04918032786885246, 0.0, 0.04918032786885246, 0.009900990099009901, 0.019801980198019802, 0.0, 0.009900990099009901, 0.009900990099009901]"
619.0,5.68547554188172,1.0424928857795754,0.004258378145432078,"[5.05, 5.15, 5.25, 5.35, 5.45, 5.55, 5.65, 5.75, 5.85, 5.95, 6.05, 6.15, 6.25, 6.35, 6.45, 6.55, 6.65, 6.75, 6.85, 6.95, 7.05, 7.15]","[0.6190476190476191, 0.5238095238095238, 0.42857142857142855, 0.38095238095238093, 0.19047619047619047, 0.17073170731707318, 0.17073170731707318, 0.14634146341463414, 0.024390243902439025, 0.0975609756097561, 0.06557377049180328, 0.01639344262295082, 0.04918032786885246, 0.0, 0.04918032786885246, 0.009900990099009901, 0.019801980198019802, 0.0, 0.009900990099009901, 0.009900990099009901, 0.008620689655172414, 0.008620689655172414]"
620.0,5.459034711512236,0.9970564016606802,0.008340999577655477,"[5.05, 5.15, 5.25, 5.35, 5.45, 5.55, 5.65, 5.75, 5.85, 5.95, 6.05, 6.15, 6.25, 6.35, 6.45, 6.55, 6.65, 6.75, 6.85, 6.95, 7.05, 7.15]","[0.6190476190476191, 0.5238095238095238, 0.42857142857142855, 0.38095238095238093, 0.19047619047619047, 0.17073170731707318, 0.17073170731707318, 0.14634146341463414, 0.024390243902439025, 0.0975609756097561, 0.06557377049180328, 0.01639344262295082, 0.04918032786885246, 0.0, 0.04918032786885246, 0.008620689655172414, 0.02586206896551724, 0.008620689655172414, 0.008620689655172414, 0.017241379310344827, 0.008620689655172414, 0.008620689655172414]"
621.0,6.125510156695261,1.1320024552309786,0.006970593914588631,"[5.05, 5.15, 5.25, 5.35, 5.45, 5.55, 5.65, 5.75, 5.85, 5.95, 6.05, 6.15, 6.25, 6.35, 6.45, 6.55, 6.65, 6.75, 6.85, 6.95]","[0.6190476190476191, 0.5238095238095238, 0.42857142857142855, 0.38095238095238093, 0.19047619047619047, 0.17073170731707318, 0.17073170731707318, 0.14634146341463414, 0.024390243902439025, 0.0975609756097561, 0.04938271604938271, 0.012345679012345678, 0.04938271604938271, 0.0, 0.037037037037037035, 0.0, 0.012345679012345678, 0.0, 0.012345679012345678, 0.012345679012345678]"
622.0,6.125510156695261,1.1320024552309786,0.0039172231386727435,"[5.05, 5.15, 5.25, 5.35, 5.45, 5.55, 5.65, 5.75, 5.85, 5.95, 6.05, 6.15, 6.25, 6.35, 6.45, 6.55, 6.65, 6.75, 6.85, 6.95]","[0.6190476190476191, 0.5238095238095238, 0.42857142857142855, 0.38095238095238093, 0.19047619047619047, 0.17073170731707318, 0.17073170731707318, 0.14634146341463414, 0.024390243902439025, 0.0975609756097561, 0.04938271604938271, 0.012345679012345678, 0.04938271604938271, 0.0, 0.037037037037037035, 0.0, 0.012345679012345678, 0.0, 0.012345679012345678, 0.012345679012345678]"
623.0,5.917450004159604,1.0905254155354116,0.006191836267308881,"[5.05, 5.15, 5.25, 5.35, 5.45, 5.55, 5.65, 5.75, 5.85, 5.95, 6.05, 6.15, 6.25, 6.35, 6.45, 6.55, 6.65, 6.75, 6.85, 6.95, 7.05, 7.15]","[0.6190476190476191, 0.5238095238095238, 0.42857142857142855, 0.38095238095238093, 0.19047619047619047, 0.17073170731707318, 0.17073170731707318, 0.14634146341463414, 0.024390243902439025, 0.0975609756097561, 0.04938271604938271, 0.012345679012345678, 0.04938271604938271, 0.0, 0.037037037037037035, 0.0, 0.012345679012345678, 0.0, 0.012345679012345678, 0.012345679012345678, 0.008620689655172414, 0.008620689655172414]"
624.0,6.002099371416607,1.1071199788425918,0.004008632284677291,"[5.05, 5.15, 5.25, 5.35, 5.45, 5.55, 5.65, 5.75, 5.85, 5.95, 6.05, 6.15, 6.25, 6.35, 6.45, 6.55, 6.65, 6.75, 6.85, 6.95]","[0.6190476190476191, 0.5238095238095238, 0.42857142857142855, 0.38095238095238093, 0.19047619047619047, 0.17073170731707318, 0.17073170731707318, 0.14634146341463414, 0.024390243902439025, 0.0975609756097561, 0.04938271604938271, 0.012345679012345678, 0.04938271604938271, 0.0, 0.037037037037037035, 0.009900990099009901, 0.019801980198019802, 0.0, 0.009900990099009901, 0.009900990099009901]"
625.0,5.8272587793124915,1.0722421082868936,0.0036577223896038956,"[5.05, 5.15, 5.25, 5.35, 5.45, 5.55, 5.65, 5.75, 5.85, 5.95, 6.05, 6.15, 6.25, 6.35, 6.45, 6.55, 6.65, 6.75, 6.85, 6.95, 7.05, 7.15]","[0.6190476190476191, 0.5238095238095238, 0.42857142857142855, 0.38095238095238093, 0.19047619047619047, 0.17073170731707318, 0.17073170731707318, 0.14634146341463414, 0.024390243902439025, 0.0975609756097561, 0.04938271604938271, 0.012345679012345678, 0.04938271604938271, 0.0, 0.037037037037037035, 0.009900990099009901, 0.019801980198019802, 0.0, 0.009900990099009901, 0.009900990099009901, 0.008620689655172414, 0.008620689655172414]"
626.0,5.591268215244149,1.0250632754910438,0.005795952032290697,"[5.05, 5.15, 5.25, 5.35, 5.45, 5.55, 5.65, 5.75, 5.85, 5.95, 6.05, 6.15, 6.25, 6.35, 6.45, 6.55, 6.65, 6.75, 6.85, 6.95, 7.05, 7.15]","[0.6190476190476191, 0.5238095238095238, 0.42857142857142855, 0.38095238095238093, 0.19047619047619047, 0.17073170731707318, 0.17073170731707318, 0.14634146341463414, 0.024390243902439025, 0.0975609756097561, 0.04938271604938271, 0.012345679012345678, 0.04938271604938271, 0.0, 0.037037037037037035, 0.008620689655172414, 0.02586206896551724, 0.008620689655172414, 0.008620689655172414, 0.017241379310344827, 0.008620689655172414, 0.008620689655172414]"
627.0,5.907709115709444,1.0874952099172368,0.006532866576670987,"[5.05, 5.15, 5.25, 5.35, 5.45, 5.55, 5.65, 5.75, 5.85, 5.95, 6.05, 6.15, 6.25, 6.35, 6.45, 6.55, 6.65, 6.75, 6.85, 6.95]","[0.6190476190476191, 0.5238095238095238, 0.42857142857142855, 0.38095238095238093, 0.19047619047619047, 0.17073170731707318, 0.17073170731707318, 0.14634146341463414, 0.024390243902439025, 0.0975609756097561, 0.0594059405940594, 0.019801980198019802, 0.04950495049504951, 0.0, 0.039603960396039604, 0.009900990099009901, 0.019801980198019802, 0.0, 0.009900990099009901, 0.009900990099009901]"
628.0,5.760789540610868,1.0582386945797373,0.006400589990883479,"[5.05, 5.15, 5.25, 5.35, 5.45, 5.55, 5.65, 5.75, 5.85, 5.95, 6.05, 6.15, 6.25, 6.35, 6.45, 6.55, 6.65, 6.75, 6.85, 6.95, 7.05, 7.15]","[0.6190476190476191, 0.5238095238095238, 0.42857142857142855, 0.38095238095238093, 0.19047619047619047, 0.17073170731707318, 0.17073170731707318, 0.14634146341463414, 0.024390243902439025, 0.0975609756097561, 0.0594059405940594, 0.019801980198019802, 0.04950495049504951, 0.0, 0.039603960396039604, 0.009900990099009901, 0.019801980198019802, 0.0, 0.009900990099009901, 0.009900990099009901, 0.008620689655172414, 0.008620689655172414]"
629.0,5.549667621881656,1.0161623076775386,0.005877018736222141,"[5.05, 5.15, 5.25, 5.35, 5.45, 5.55, 5.65, 5.75, 5.85, 5.95, 6.05, 6.15, 6.25, 6.35, 6.45, 6.55, 6.65, 6.75, 6.85, 6.95, 7.05, 7.15]","[0.6190476190476191, 0.5238095238095238, 0.42857142857142855, 0.38095238095238093, 0.19047619047619047, 0.17073170731707318, 0.17073170731707318, 0.14634146341463414, 0.024390243902439025, 0.0975609756097561, 0.0594059405940594, 0.019801980198019802, 0.04950495049504951, 0.0, 0.039603960396039604, 0.008620689655172414, 0.02586206896551724, 0.008620689655172414, 0.008620689655172414, 0.017241379310344827, 0.008620689655172414, 0.008620689655172414]"
630.0,5.439934420024723,0.9928996673997998,0.01817228654366581,"[5.05, 5.15, 5.25, 5.35, 5.45, 5.55, 5.65, 5.75, 5.85, 5.95, 6.05, 6.15, 6.25, 6.35, 6.45, 6.55, 6.65, 6.75, 6.85, 6.95, 7.05, 7.15]","[0.6190476190476191, 0.5238095238095238, 0.42857142857142855, 0.38095238095238093, 0.19047619047619047, 0.17073170731707318, 0.17073170731707318, 0.14634146341463414, 0.024390243902439025, 0.0975609756097561, 0.06896551724137931, 0.02586206896551724, 0.05172413793103448, 0.017241379310344827, 0.034482758620689655, 0.008620689655172414, 0.02586206896551724, 0.008620689655172414, 0.008620689655172414, 0.017241379310344827, 0.008620689655172414, 0.008620689655172414]"
631.0,5.6154019632616405,1.0259926486997497,0.011661589071133542,"[5.05, 5.15, 5.25, 5.35, 5.45, 5.55, 5.65, 5.75, 5.85, 5.95, 6.05, 6.15, 6.25, 6.35, 6.45, 6.55, 6.65, 6.75, 6.85, 6.95]","[0.6190476190476191, 0.5238095238095238, 0.42857142857142855, 0.38095238095238093, 0.19047619047619047, 0.16393442622950818, 0.18032786885245902, 0.13114754098360656, 0.08196721311475409, 0.13114754098360656, 0.06557377049180328, 0.01639344262295082, 0.04918032786885246, 0.0, 0.04918032786885246, 0.0, 0.01639344262295082, 0.0, 0.01639344262295082, 0.01639344262295082]"
632.0,5.6154019632616405,1.0259926486997497,0.006188559389380998,"[5.05, 5.15, 5.25, 5.35, 5.45, 5.55, 5.65, 5.75, 5.85, 5.95, 6.05, 6.15, 6.25, 6.35, 6.45, 6.55, 6.65, 6.75, 6.85, 6.95]","[0.6190476190476191, 0.5238095238095238, 0.42857142857142855, 0.38095238095238093, 0.19047619047619047, 0.16393442622950818, 0.18032786885245902, 0.13114754098360656, 0.08196721311475409, 0.13114754098360656, 0.06557377049180328, 0.01639344262295082, 0.04918032786885246, 0.0, 0.04918032786885246, 0.0, 0.01639344262295082, 0.0, 0.01639344262295082, 0.01639344262295082]"
633.0,5.6154019632616405,1.0259926486997497,0.006188559389380998,"[5.05, 5.15, 5.25, 5.35, 5.45, 5.55, 5.65, 5.75, 5.85, 5.95, 6.05, 6.15, 6.25, 6.35, 6.45, 6.55, 6.65, 6.75, 6.85, 6.95]","[0.6190476190476191, 0.5238095238095238, 0.42857142857142855, 0.38095238095238093, 0.19047619047619047, 0.16393442622950818, 0.18032786885245902, 0.13114754098360656, 0.08196721311475409, 0.13114754098360656, 0.06557377049180328, 0.01639344262295082, 0.04918032786885246, 0.0, 0.04918032786885246, 0.0, 0.01639344262295082, 0.0, 0.01639344262295082, 0.01639344262295082]"
634.0,5.493139214442128,1.0014786137807175,0.014517266002286497,"[5.05, 5.15, 5.25, 5.35, 5.45, 5.55, 5.65, 5.75, 5.85, 5.95, 6.05, 6.15, 6.25, 6.35, 6.45, 6.55, 6.65, 6.75, 6.85, 6.95, 7.05, 7.15]","[0.6190476190476191, 0.5238095238095238, 0.42857142857142855, 0.38095238095238093, 0.19047619047619047, 0.16393442622950818, 0.18032786885245902, 0.13114754098360656, 0.08196721311475409, 0.13114754098360656, 0.06557377049180328, 0.01639344262295082, 0.04918032786885246, 0.0, 0.04918032786885246, 0.0, 0.01639344262295082, 0.0, 0.01639344262295082, 0.01639344262295082, 0.008620689655172414, 0.008620689655172414]"
635.0,5.768890149369485,1.0566196323803567,0.008171691871864232,"[5.05, 5.15, 5.25, 5.35, 5.45, 5.55, 5.65, 5.75, 5.85, 5.95, 6.05, 6.15, 6.25, 6.35, 6.45, 6.55, 6.65, 6.75, 6.85, 6.95]","[0.6190476190476191, 0.5238095238095238, 0.42857142857142855, 0.38095238095238093, 0.19047619047619047, 0.16393442622950818, 0.18032786885245902, 0.13114754098360656, 0.08196721311475409, 0.13114754098360656, 0.06557377049180328, 0.01639344262295082, 0.04918032786885246, 0.0, 0.04918032786885246, 0.0, 0.012345679012345678, 0.0, 0.012345679012345678, 0.012345679012345678]"
636.0,5.768890149369485,1.0566196323803567,0.004787383532767613,"[5.05, 5.15, 5.25, 5.35, 5.45, 5.55, 5.65, 5.75, 5.85, 5.95, 6.05, 6.15, 6.25, 6.35, 6.45, 6.55, 6.65, 6.75, 6.85, 6.95]","[0.6190476190476191, 0.5238095238095238, 0.42857142857142855, 0.38095238095238093, 0.19047619047619047, 0.16393442622950818, 0.18032786885245902, 0.13114754098360656, 0.08196721311475409, 0.13114754098360656, 0.06557377049180328, 0.01639344262295082, 0.04918032786885246, 0.0, 0.04918032786885246, 0.0, 0.012345679012345678, 0.0, 0.012345679012345678, 0.012345679012345678]"
637.0,5.629754329406629,1.0288226624923216,0.007283636850624555,"[5.05, 5.15, 5.25, 5.35, 5.45, 5.55, 5.65, 5.75, 5.85, 5.95, 6.05, 6.15, 6.25, 6.35, 6.45, 6.55, 6.65, 6.75, 6.85, 6.95, 7.05, 7.15]","[0.6190476190476191, 0.5238095238095238, 0.42857142857142855, 0.38095238095238093, 0.19047619047619047, 0.16393442622950818, 0.18032786885245902, 0.13114754098360656, 0.08196721311475409, 0.13114754098360656, 0.06557377049180328, 0.01639344262295082, 0.04918032786885246, 0.0, 0.04918032786885246, 0.0, 0.012345679012345678, 0.0, 0.012345679012345678, 0.012345679012345678, 0.008620689655172414, 0.008620689655172414]"
638.0,5.6905677541826405,1.0408354831112805,0.007221104782803101,"[5.05, 5.15, 5.25, 5.35, 5.45, 5.55, 5.65, 5.75, 5.85, 5.95, 6.05, 6.15, 6.25, 6.35, 6.45, 6.55, 6.65, 6.75, 6.85, 6.95]","[0.6190476190476191, 0.5238095238095238, 0.42857142857142855, 0.38095238095238093, 0.19047619047619047, 0.16393442622950818, 0.18032786885245902, 0.13114754098360656, 0.08196721311475409, 0.13114754098360656, 0.06557377049180328, 0.01639344262295082, 0.04918032786885246, 0.0, 0.04918032786885246, 0.009900990099009901, 0.019801980198019802, 0.0, 0.009900990099009901, 0.009900990099009901]"
639.0,5.573867199201138,1.017478475112668,0.006954060939731362,"[5.05, 5.15, 5.25, 5.35, 5.45, 5.55, 5.65, 5.75, 5.85, 5.95, 6.05, 6.15, 6.25, 6.35, 6.45, 6.55, 6.65, 6.75, 6.85, 6.95, 7.05, 7.15]","[0.6190476190476191, 0.5238095238095238, 0.42857142857142855, 0.38095238095238093, 0.19047619047619047, 0.16393442622950818, 0.18032786885245902, 0.13114754098360656, 0.08196721311475409, 0.13114754098360656, 0.06557377049180328, 0.01639344262295082, 0.04918032786885246, 0.0, 0.04918032786885246, 0.009900990099009901, 0.019801980198019802, 0.0, 0.009900990099009901, 0.009900990099009901, 0.008620689655172414, 0.008620689655172414]"
640.0,5.374885541118857,0.9778088265311862,0.01666405837830555,"[5.05, 5.15, 5.25, 5.35, 5.45, 5.55, 5.65, 5.75, 5.85, 5.95, 6.05, 6.15, 6.25, 6.35, 6.45, 6.55, 6.65, 6.75, 6.85, 6.95, 7.05, 7.15]","[0.6190476190476191, 0.5238095238095238, 0.42857142857142855, 0.38095238095238093, 0.19047619047619047, 0.16393442622950818, 0.18032786885245902, 0.13114754098360656, 0.08196721311475409, 0.13114754098360656, 0.06557377049180328, 0.01639344262295082, 0.04918032786885246, 0.0, 0.04918032786885246, 0.008620689655172414, 0.02586206896551724, 0.008620689655172414, 0.008620689655172414, 0.017241379310344827, 0.008620689655172414, 0.008620689655172414]"
641.0,5.9432659465233595,1.092407674783563,0.0093593694130772,"[5.05, 5.15, 5.25, 5.35, 5.45, 5.55, 5.65, 5.75, 5.85, 5.95, 6.05, 6.15, 6.25, 6.35, 6.45, 6.55, 6.65, 6.75, 6.85, 6.95]","[0.6190476190476191, 0.5238095238095238, 0.42857142857142855, 0.38095238095238093, 0.19047619047619047, 0.16393442622950818, 0.18032786885245902, 0.13114754098360656, 0.08196721311475409, 0.13114754098360656, 0.04938271604938271, 0.012345679012345678, 0.04938271604938271, 0.0, 0.037037037037037035, 0.0, 0.012345679012345678, 0.0, 0.012345679012345678, 0.012345679012345678]"
642.0,5.9432659465233595,1.092407674783563,0.0052742584264388916,"[5.05, 5.15, 5.25, 5.35, 5.45, 5.55, 5.65, 5.75, 5.85, 5.95, 6.05, 6.15, 6.25, 6.35, 6.45, 6.55, 6.65, 6.75, 6.85, 6.95]","[0.6190476190476191, 0.5238095238095238, 0.42857142857142855, 0.38095238095238093, 0.19047619047619047, 0.16393442622950818, 0.18032786885245902, 0.13114754098360656, 0.08196721311475409, 0.13114754098360656, 0.04938271604938271, 0.012345679012345678, 0.04938271604938271, 0.0, 0.037037037037037035, 0.0, 0.012345679012345678, 0.0, 0.012345679012345678, 0.012345679012345678]"
643.0,5.782485899647616,1.0604643852511917,0.0079786023072748,"[5.05, 5.15, 5.25, 5.35, 5.45, 5.55, 5.65, 5.75, 5.85, 5.95, 6.05, 6.15, 6.25, 6.35, 6.45, 6.55, 6.65, 6.75, 6.85, 6.95, 7.05, 7.15]","[0.6190476190476191, 0.5238095238095238, 0.42857142857142855, 0.38095238095238093, 0.19047619047619047, 0.16393442622950818, 0.18032786885245902, 0.13114754098360656, 0.08196721311475409, 0.13114754098360656, 0.04938271604938271, 0.012345679012345678, 0.04938271604938271, 0.0, 0.037037037037037035, 0.0, 0.012345679012345678, 0.0, 0.012345679012345678, 0.012345679012345678, 0.008620689655172414, 0.008620689655172414]"
644.0,5.851648915093786,1.0740272340907655,0.004756907962597351,"[5.05, 5.15, 5.25, 5.35, 5.45, 5.55, 5.65, 5.75, 5.85, 5.95, 6.05, 6.15, 6.25, 6.35, 6.45, 6.55, 6.65, 6.75, 6.85, 6.95]","[0.6190476190476191, 0.5238095238095238, 0.42857142857142855, 0.38095238095238093, 0.19047619047619047, 0.16393442622950818, 0.18032786885245902, 0.13114754098360656, 0.08196721311475409, 0.13114754098360656, 0.04938271604938271, 0.012345679012345678, 0.04938271604938271, 0.0, 0.037037037037037035, 0.009900990099009901, 0.019801980198019802, 0.0, 0.009900990099009901, 0.009900990099009901]"
645.0,5.714531064981332,1.046753193853702,0.004741932647393187,"[5.05, 5.15, 5.25, 5.35, 5.45, 5.55, 5.65, 5.75, 5.85, 5.95, 6.05, 6.15, 6.25, 6.35, 6.45, 6.55, 6.65, 6.75, 6.85, 6.95, 7.05, 7.15]","[0.6190476190476191, 0.5238095238095238, 0.42857142857142855, 0.38095238095238093, 0.19047619047619047, 0.16393442622950818, 0.18032786885245902, 0.13114754098360656, 0.08196721311475409, 0.13114754098360656, 0.04938271604938271, 0.012345679012345678, 0.04938271604938271, 0.0, 0.037037037037037035, 0.009900990099009901, 0.019801980198019802, 0.0, 0.009900990099009901, 0.009900990099009901, 0.008620689655172414, 0.008620689655172414]"
646.0,5.5065293458620195,1.005422099498089,0.008171728947790509,"[5.05, 5.15, 5.25, 5.35, 5.45, 5.55, 5.65, 5.75, 5.85, 5.95, 6.05, 6.15, 6.25, 6.35, 6.45, 6.55, 6.65, 6.75, 6.85, 6.95, 7.05, 7.15]","[0.6190476190476191, 0.5238095238095238, 0.42857142857142855, 0.38095238095238093, 0.19047619047619047, 0.16393442622950818, 0.18032786885245902, 0.13114754098360656, 0.08196721311475409, 0.13114754098360656, 0.04938271604938271, 0.012345679012345678, 0.04938271604938271, 0.0, 0.037037037037037035, 0.008620689655172414, 0.02586206896551724, 0.008620689655172414, 0.008620689655172414, 0.017241379310344827, 0.008620689655172414, 0.008620689655172414]"
647.0,5.786525169272407,1.0605556685503825,0.008242697415483887,"[5.05, 5.15, 5.25, 5.35, 5.45, 5.55, 5.65, 5.75, 5.85, 5.95, 6.05, 6.15, 6.25, 6.35, 6.45, 6.55, 6.65, 6.75, 6.85, 6.95]","[0.6190476190476191, 0.5238095238095238, 0.42857142857142855, 0.38095238095238093, 0.19047619047619047, 0.16393442622950818, 0.18032786885245902, 0.13114754098360656, 0.08196721311475409, 0.13114754098360656, 0.0594059405940594, 0.019801980198019802, 0.04950495049504951, 0.0, 0.039603960396039604, 0.009900990099009901, 0.019801980198019802, 0.0, 0.009900990099009901, 0.009900990099009901]"
648.0,5.668280304472757,1.0370603125376954,0.008098876217304873,"[5.05, 5.15, 5.25, 5.35, 5.45, 5.55, 5.65, 5.75, 5.85, 5.95, 6.05, 6.15, 6.25, 6.35, 6.45, 6.55, 6.65, 6.75, 6.85, 6.95, 7.05, 7.15]","[0.6190476190476191, 0.5238095238095238, 0.42857142857142855, 0.38095238095238093, 0.19047619047619047, 0.16393442622950818, 0.18032786885245902, 0.13114754098360656, 0.08196721311475409, 0.13114754098360656, 0.0594059405940594, 0.019801980198019802, 0.04950495049504951, 0.0, 0.039603960396039604, 0.009900990099009901, 0.019801980198019802, 0.0, 0.009900990099009901, 0.009900990099009901, 0.008620689655172414, 0.008620689655172414]"
649.0,5.478639559161816,0.9994791227847275,0.008370797274936906,"[5.05, 5.15, 5.25, 5.35, 5.45, 5.55, 5.65, 5.75, 5.85, 5.95, 6.05, 6.15, 6.25, 6.35, 6.45, 6.55, 6.65, 6.75, 6.85, 6.95, 7.05, 7.15]","[0.6190476190476191, 0.5238095238095238, 0.42857142857142855, 0.38095238095238093, 0.19047619047619047, 0.16393442622950818, 0.18032786885245902, 0.13114754098360656, 0.08196721311475409, 0.13114754098360656, 0.0594059405940594, 0.019801980198019802, 0.04950495049504951, 0.0, 0.039603960396039604, 0.008620689655172414, 0.02586206896551724, 0.008620689655172414, 0.008620689655172414, 0.017241379310344827, 0.008620689655172414, 0.008620689655172414]"
650.0,5.38206317608101,0.9792045064907082,0.02151264042210359,"[5.05, 5.15, 5.25, 5.35, 5.45, 5.55, 5.65, 5.75, 5.85, 5.95, 6.05, 6.15, 6.25, 6.35, 6.45, 6.55, 6.65, 6.75, 6.85, 6.95, 7.05, 7.15]","[0.6190476190476191, 0.5238095238095238, 0.42857142857142855, 0.38095238095238093, 0.19047619047619047, 0.16393442622950818, 0.18032786885245902, 0.13114754098360656, 0.08196721311475409, 0.13114754098360656, 0.06896551724137931, 0.02586206896551724, 0.05172413793103448, 0.017241379310344827, 0.034482758620689655, 0.008620689655172414, 0.02586206896551724, 0.008620689655172414, 0.008620689655172414, 0.017241379310344827, 0.008620689655172414, 0.008620689655172414]"
651.0,6.007534722951324,1.1057698853494553,0.007605150081733411,"[5.05, 5.15, 5.25, 5.35, 5.45, 5.55, 5.65, 5.75, 5.85, 5.95, 6.05, 6.15, 6.25, 6.35, 6.45, 6.55, 6.65, 6.75, 6.85, 6.95]","[0.6190476190476191, 0.5238095238095238, 0.42857142857142855, 0.38095238095238093, 0.19047619047619047, 0.1728395061728395, 0.18518518518518517, 0.1111111111111111, 0.08641975308641975, 0.09876543209876543, 0.04938271604938271, 0.012345679012345678, 0.04938271604938271, 0.0, 0.037037037037037035, 0.0, 0.012345679012345678, 0.0, 0.012345679012345678, 0.012345679012345678]"
652.0,6.007534722951324,1.1057698853494553,0.006257751358649147,"[5.05, 5.15, 5.25, 5.35, 5.45, 5.55, 5.65, 5.75, 5.85, 5.95, 6.05, 6.15, 6.25, 6.35, 6.45, 6.55, 6.65, 6.75, 6.85, 6.95]","[0.6190476190476191, 0.5238095238095238, 0.42857142857142855, 0.38095238095238093, 0.19047619047619047, 0.1728395061728395, 0.18518518518518517, 0.1111111111111111, 0.08641975308641975, 0.09876543209876543, 0.04938271604938271, 0.012345679012345678, 0.04938271604938271, 0.0, 0.037037037037037035, 0.0, 0.012345679012345678, 0.0, 0.012345679012345678, 0.012345679012345678]"
653.0,5.83721027045119,1.0721084224501445,0.00936829986625757,"[5.05, 5.15, 5.25, 5.35, 5.45, 5.55, 5.65, 5.75, 5.85, 5.95, 6.05, 6.15, 6.25, 6.35, 6.45, 6.55, 6.65, 6.75, 6.85, 6.95, 7.05, 7.15]","[0.6190476190476191, 0.5238095238095238, 0.42857142857142855, 0.38095238095238093, 0.19047619047619047, 0.1728395061728395, 0.18518518518518517, 0.1111111111111111, 0.08641975308641975, 0.09876543209876543, 0.04938271604938271, 0.012345679012345678, 0.04938271604938271, 0.0, 0.037037037037037035, 0.0, 0.012345679012345678, 0.0, 0.012345679012345678, 0.012345679012345678, 0.008620689655172414, 0.008620689655172414]"
654.0,5.9100548308541025,1.0863429671723515,0.005683669950755759,"[5.05, 5.15, 5.25, 5.35, 5.45, 5.55, 5.65, 5.75, 5.85, 5.95, 6.05, 6.15, 6.25, 6.35, 6.45, 6.55, 6.65, 6.75, 6.85, 6.95]","[0.6190476190476191, 0.5238095238095238, 0.42857142857142855, 0.38095238095238093, 0.19047619047619047, 0.1728395061728395, 0.18518518518518517, 0.1111111111111111, 0.08641975308641975, 0.09876543209876543, 0.04938271604938271, 0.012345679012345678, 0.04938271604938271, 0.0, 0.037037037037037035, 0.009900990099009901, 0.019801980198019802, 0.0, 0.009900990099009901, 0.009900990099009901]"
655.0,5.76356946636777,1.0573607659994495,0.00548110340562801,"[5.05, 5.15, 5.25, 5.35, 5.45, 5.55, 5.65, 5.75, 5.85, 5.95, 6.05, 6.15, 6.25, 6.35, 6.45, 6.55, 6.65, 6.75, 6.85, 6.95, 7.05, 7.15]","[0.6190476190476191, 0.5238095238095238, 0.42857142857142855, 0.38095238095238093, 0.19047619047619047, 0.1728395061728395, 0.18518518518518517, 0.1111111111111111, 0.08641975308641975, 0.09876543209876543, 0.04938271604938271, 0.012345679012345678, 0.04938271604938271, 0.0, 0.037037037037037035, 0.009900990099009901, 0.019801980198019802, 0.0, 0.009900990099009901, 0.009900990099009901, 0.008620689655172414, 0.008620689655172414]"
656.0,5.54837562471128,1.0148158457834882,0.011925861111181603,"[5.05, 5.15, 5.25, 5.35, 5.45, 5.55, 5.65, 5.75, 5.85, 5.95, 6.05, 6.15, 6.25, 6.35, 6.45, 6.55, 6.65, 6.75, 6.85, 6.95, 7.05, 7.15]","[0.6190476190476191, 0.5238095238095238, 0.42857142857142855, 0.38095238095238093, 0.19047619047619047, 0.1728395061728395, 0.18518518518518517, 0.1111111111111111, 0.08641975308641975, 0.09876543209876543, 0.04938271604938271, 0.012345679012345678, 0.04938271604938271, 0.0, 0.037037037037037035, 0.008620689655172414, 0.02586206896551724, 0.008620689655172414, 0.008620689655172414, 0.017241379310344827, 0.008620689655172414, 0.008620689655172414]"
657.0,5.838036226879925,1.0715902837964775,0.007209249466569316,"[5.05, 5.15, 5.25, 5.35, 5.45, 5.55, 5.65, 5.75, 5.85, 5.95, 6.05, 6.15, 6.25, 6.35, 6.45, 6.55, 6.65, 6.75, 6.85, 6.95]","[0.6190476190476191, 0.5238095238095238, 0.42857142857142855, 0.38095238095238093, 0.19047619047619047, 0.1728395061728395, 0.18518518518518517, 0.1111111111111111, 0.08641975308641975, 0.09876543209876543, 0.0594059405940594, 0.019801980198019802, 0.04950495049504951, 0.0, 0.039603960396039604, 0.009900990099009901, 0.019801980198019802, 0.0, 0.009900990099009901, 0.009900990099009901]"
658.0,5.71115260138464,1.0465058008447385,0.0073536973598161085,"[5.05, 5.15, 5.25, 5.35, 5.45, 5.55, 5.65, 5.75, 5.85, 5.95, 6.05, 6.15, 6.25, 6.35, 6.45, 6.55, 6.65, 6.75, 6.85, 6.95, 7.05, 7.15]","[0.6190476190476191, 0.5238095238095238, 0.42857142857142855, 0.38095238095238093, 0.19047619047619047, 0.1728395061728395, 0.18518518518518517, 0.1111111111111111, 0.08641975308641975, 0.09876543209876543, 0.0594059405940594, 0.019801980198019802, 0.04950495049504951, 0.0, 0.039603960396039604, 0.009900990099009901, 0.019801980198019802, 0.0, 0.009900990099009901, 0.009900990099009901, 0.008620689655172414, 0.008620689655172414]"
659.0,5.514786782860937,1.0077706546287215,0.0069979119470560975,"[5.05, 5.15, 5.25, 5.35, 5.45, 5.55, 5.65, 5.75, 5.85, 5.95, 6.05, 6.15, 6.25, 6.35, 6.45, 6.55, 6.65, 6.75, 6.85, 6.95, 7.05, 7.15]","[0.6190476190476191, 0.5238095238095238, 0.42857142857142855, 0.38095238095238093, 0.19047619047619047, 0.1728395061728395, 0.18518518518518517, 0.1111111111111111, 0.08641975308641975, 0.09876543209876543, 0.0594059405940594, 0.019801980198019802, 0.04950495049504951, 0.0, 0.039603960396039604, 0.008620689655172414, 0.02586206896551724, 0.008620689655172414, 0.008620689655172414, 0.017241379310344827, 0.008620689655172414, 0.008620689655172414]"
660.0,5.411651445540076,0.9863633062225818,0.018700752038602053,"[5.05, 5.15, 5.25, 5.35, 5.45, 5.55, 5.65, 5.75, 5.85, 5.95, 6.05, 6.15, 6.25, 6.35, 6.45, 6.55, 6.65, 6.75, 6.85, 6.95, 7.05, 7.15]","[0.6190476190476191, 0.5238095238095238, 0.42857142857142855, 0.38095238095238093, 0.19047619047619047, 0.1728395061728395, 0.18518518518518517, 0.1111111111111111, 0.08641975308641975, 0.09876543209876543, 0.06896551724137931, 0.02586206896551724, 0.05172413793103448, 0.017241379310344827, 0.034482758620689655, 0.008620689655172414, 0.02586206896551724, 0.008620689655172414, 0.008620689655172414, 0.017241379310344827, 0.008620689655172414, 0.008620689655172414]"
661.0,5.746936949599886,1.0503114082733949,0.010250304244160248,"[5.05, 5.15, 5.25, 5.35, 5.45, 5.55, 5.65, 5.75, 5.85, 5.95, 6.05, 6.15, 6.25, 6.35, 6.45, 6.55, 6.65, 6.75, 6.85, 6.95]","[0.6190476190476191, 0.5238095238095238, 0.42857142857142855, 0.38095238095238093, 0.19047619047619047, 0.1782178217821782, 0.19801980198019803, 0.09900990099009901, 0.12871287128712872, 0.10891089108910891, 0.0594059405940594, 0.019801980198019802, 0.04950495049504951, 0.0, 0.039603960396039604, 0.009900990099009901, 0.019801980198019802, 0.0, 0.009900990099009901, 0.009900990099009901]"
662.0,5.6441192990630284,1.0299821326022482,0.010629779031816715,"[5.05, 5.15, 5.25, 5.35, 5.45, 5.55, 5.65, 5.75, 5.85, 5.95, 6.05, 6.15, 6.25, 6.35, 6.45, 6.55, 6.65, 6.75, 6.85, 6.95, 7.05, 7.15]","[0.6190476190476191, 0.5238095238095238, 0.42857142857142855, 0.38095238095238093, 0.19047619047619047, 0.1782178217821782, 0.19801980198019803, 0.09900990099009901, 0.12871287128712872, 0.10891089108910891, 0.0594059405940594, 0.019801980198019802, 0.04950495049504951, 0.0, 0.039603960396039604, 0.009900990099009901, 0.019801980198019802, 0.0, 0.009900990099009901, 0.009900990099009901, 0.008620689655172414, 0.008620689655172414]"
663.0,5.466777040869787,0.9951237760844556,0.012415518550684733,"[5.05, 5.15, 5.25, 5.35, 5.45, 5.55, 5.65, 5.75, 5.85, 5.95, 6.05, 6.15, 6.25, 6.35, 6.45, 6.55, 6.65, 6.75, 6.85, 6.95, 7.05, 7.15]","[0.6190476190476191, 0.5238095238095238, 0.42857142857142855, 0.38095238095238093, 0.19047619047619047, 0.1782178217821782, 0.19801980198019803, 0.09900990099009901, 0.12871287128712872, 0.10891089108910891, 0.0594059405940594, 0.019801980198019802, 0.04950495049504951, 0.0, 0.039603960396039604, 0.008620689655172414, 0.02586206896551724, 0.008620689655172414, 0.008620689655172414, 0.017241379310344827, 0.008620689655172414, 0.008620689655172414]"
664.0,5.376034009940197,0.976409656442234,0.02284185188788101,"[5.05, 5.15, 5.25, 5.35, 5.45, 5.55, 5.65, 5.75, 5.85, 5.95, 6.05, 6.15, 6.25, 6.35, 6.45, 6.55, 6.65, 6.75, 6.85, 6.95, 7.05, 7.15]","[0.6190476190476191, 0.5238095238095238, 0.42857142857142855, 0.38095238095238093, 0.19047619047619047, 0.1782178217821782, 0.19801980198019803, 0.09900990099009901, 0.12871287128712872, 0.10891089108910891, 0.06896551724137931, 0.02586206896551724, 0.05172413793103448, 0.017241379310344827, 0.034482758620689655, 0.008620689655172414, 0.02586206896551724, 0.008620689655172414, 0.008620689655172414, 0.017241379310344827, 0.008620689655172414, 0.008620689655172414]"
665.0,5.373579929727608,0.9716182419390575,0.0156264448561282,"[5.05, 5.15, 5.25, 5.35, 5.45, 5.55, 5.65, 5.75, 5.85, 5.95, 6.05, 6.15, 6.25, 6.35, 6.45, 6.55, 6.65, 6.75, 6.85, 6.95, 7.05, 7.15]","[0.6190476190476191, 0.5238095238095238, 0.42857142857142855, 0.38095238095238093, 0.19047619047619047, 0.19827586206896552, 0.20689655172413793, 0.1206896551724138, 0.12931034482758622, 0.12931034482758622, 0.06896551724137931, 0.02586206896551724, 0.05172413793103448, 0.017241379310344827, 0.034482758620689655, 0.008620689655172414, 0.02586206896551724, 0.008620689655172414, 0.008620689655172414, 0.017241379310344827, 0.008620689655172414, 0.008620689655172414]"
666.0,6.221160987562099,1.1467148598328543,0.016150729875480635,"[5.05, 5.15, 5.25, 5.35, 5.45, 5.55, 5.65, 5.75, 5.85, 5.95, 6.05, 6.15, 6.25, 6.35, 6.45, 6.55, 6.65, 6.75, 6.85]","[0.7073170731707317, 0.5121951219512195, 0.43902439024390244, 0.36585365853658536, 0.2682926829268293, 0.17073170731707318, 0.17073170731707318, 0.14634146341463414, 0.024390243902439025, 0.0975609756097561, 0.04878048780487805, 0.0, 0.04878048780487805, 0.0, 0.024390243902439025, 0.0, 0.024390243902439025, 0.0, 0.024390243902439025]"
667.0,6.221160987562099,1.1467148598328543,0.010335040868588975,"[5.05, 5.15, 5.25, 5.35, 5.45, 5.55, 5.65, 5.75, 5.85, 5.95, 6.05, 6.15, 6.25, 6.35, 6.45, 6.55, 6.65, 6.75, 6.85]","[0.7073170731707317, 0.5121951219512195, 0.43902439024390244, 0.36585365853658536, 0.2682926829268293, 0.17073170731707318, 0.17073170731707318, 0.14634146341463414, 0.024390243902439025, 0.0975609756097561, 0.04878048780487805, 0.0, 0.04878048780487805, 0.0, 0.024390243902439025, 0.0, 0.024390243902439025, 0.0, 0.024390243902439025]"
668.0,6.221160987562099,1.1467148598328543,0.010335040868588975,"[5.05, 5.15, 5.25, 5.35, 5.45, 5.55, 5.65, 5.75, 5.85, 5.95, 6.05, 6.15, 6.25, 6.35, 6.45, 6.55, 6.65, 6.75, 6.85]","[0.7073170731707317, 0.5121951219512195, 0.43902439024390244, 0.36585365853658536, 0.2682926829268293, 0.17073170731707318, 0.17073170731707318, 0.14634146341463414, 0.024390243902439025, 0.0975609756097561, 0.04878048780487805, 0.0, 0.04878048780487805, 0.0, 0.024390243902439025, 0.0, 0.024390243902439025, 0.0, 0.024390243902439025]"
669.0,6.221160987562099,1.1467148598328543,0.010335040868588975,"[5.05, 5.15, 5.25, 5.35, 5.45, 5.55, 5.65, 5.75, 5.85, 5.95, 6.05, 6.15, 6.25, 6.35, 6.45, 6.55, 6.65, 6.75, 6.85]","[0.7073170731707317, 0.5121951219512195, 0.43902439024390244, 0.36585365853658536, 0.2682926829268293, 0.17073170731707318, 0.17073170731707318, 0.14634146341463414, 0.024390243902439025, 0.0975609756097561, 0.04878048780487805, 0.0, 0.04878048780487805, 0.0, 0.024390243902439025, 0.0, 0.024390243902439025, 0.0, 0.024390243902439025]"
670.0,6.007468395829135,1.1030028321215997,0.019223981628701564,"[5.05, 5.15, 5.25, 5.35, 5.45, 5.55, 5.65, 5.75, 5.85, 5.95, 6.05, 6.15, 6.25, 6.35, 6.45, 6.55, 6.65, 6.75, 6.85, 6.95, 7.05, 7.15]","[0.7073170731707317, 0.5121951219512195, 0.43902439024390244, 0.36585365853658536, 0.2682926829268293, 0.17073170731707318, 0.17073170731707318, 0.14634146341463414, 0.024390243902439025, 0.0975609756097561, 0.04878048780487805, 0.0, 0.04878048780487805, 0.0, 0.024390243902439025, 0.0, 0.024390243902439025, 0.0, 0.024390243902439025, 0.0, 0.008620689655172414, 0.008620689655172414]"
671.0,6.205663797324462,1.1435271912839902,0.008176048295250702,"[5.05, 5.15, 5.25, 5.35, 5.45, 5.55, 5.65, 5.75, 5.85, 5.95, 6.05, 6.15, 6.25, 6.35, 6.45, 6.55, 6.65, 6.75, 6.85, 6.95]","[0.7073170731707317, 0.5121951219512195, 0.43902439024390244, 0.36585365853658536, 0.2682926829268293, 0.17073170731707318, 0.17073170731707318, 0.14634146341463414, 0.024390243902439025, 0.0975609756097561, 0.04878048780487805, 0.0, 0.04878048780487805, 0.0, 0.024390243902439025, 0.0, 0.01639344262295082, 0.0, 0.01639344262295082, 0.01639344262295082]"
672.0,6.205663797324462,1.1435271912839902,0.004795791051247967,"[5.05, 5.15, 5.25, 5.35, 5.45, 5.55, 5.65, 5.75, 5.85, 5.95, 6.05, 6.15, 6.25, 6.35, 6.45, 6.55, 6.65, 6.75, 6.85, 6.95]","[0.7073170731707317, 0.5121951219512195, 0.43902439024390244, 0.36585365853658536, 0.2682926829268293, 0.17073170731707318, 0.17073170731707318, 0.14634146341463414, 0.024390243902439025, 0.0975609756097561, 0.04878048780487805, 0.0, 0.04878048780487805, 0.0, 0.024390243902439025, 0.0, 0.01639344262295082, 0.0, 0.01639344262295082, 0.01639344262295082]"
673.0,6.205663797324462,1.1435271912839902,0.004795791051247967,"[5.05, 5.15, 5.25, 5.35, 5.45, 5.55, 5.65, 5.75, 5.85, 5.95, 6.05, 6.15, 6.25, 6.35, 6.45, 6.55, 6.65, 6.75, 6.85, 6.95]","[0.7073170731707317, 0.5121951219512195, 0.43902439024390244, 0.36585365853658536, 0.2682926829268293, 0.17073170731707318, 0.17073170731707318, 0.14634146341463414, 0.024390243902439025, 0.0975609756097561, 0.04878048780487805, 0.0, 0.04878048780487805, 0.0, 0.024390243902439025, 0.0, 0.01639344262295082, 0.0, 0.01639344262295082, 0.01639344262295082]"
674.0,5.9805419017967125,1.097632811864674,0.0075150333895552986,"[5.05, 5.15, 5.25, 5.35, 5.45, 5.55, 5.65, 5.75, 5.85, 5.95, 6.05, 6.15, 6.25, 6.35, 6.45, 6.55, 6.65, 6.75, 6.85, 6.95, 7.05, 7.15]","[0.7073170731707317, 0.5121951219512195, 0.43902439024390244, 0.36585365853658536, 0.2682926829268293, 0.17073170731707318, 0.17073170731707318, 0.14634146341463414, 0.024390243902439025, 0.0975609756097561, 0.04878048780487805, 0.0, 0.04878048780487805, 0.0, 0.024390243902439025, 0.0, 0.01639344262295082, 0.0, 0.01639344262295082, 0.01639344262295082, 0.008620689655172414, 0.008620689655172414]"
675.0,6.340664774695705,1.1710259376949776,0.01049315896983658,"[5.05, 5.15, 5.25, 5.35, 5.45, 5.55, 5.65, 5.75, 5.85, 5.95, 6.05, 6.15, 6.25, 6.35, 6.45, 6.55, 6.65, 6.75, 6.85, 6.95]","[0.7073170731707317, 0.5121951219512195, 0.43902439024390244, 0.36585365853658536, 0.2682926829268293, 0.17073170731707318, 0.17073170731707318, 0.14634146341463414, 0.024390243902439025, 0.0975609756097561, 0.04878048780487805, 0.0, 0.04878048780487805, 0.0, 0.024390243902439025, 0.0, 0.012345679012345678, 0.0, 0.012345679012345678, 0.012345679012345678]"
676.0,6.340664774695705,1.1710259376949776,0.005435807911275066,"[5.05, 5.15, 5.25, 5.35, 5.45, 5.55, 5.65, 5.75, 5.85, 5.95, 6.05, 6.15, 6.25, 6.35, 6.45, 6.55, 6.65, 6.75, 6.85, 6.95]","[0.7073170731707317, 0.5121951219512195, 0.43902439024390244, 0.36585365853658536, 0.2682926829268293, 0.17073170731707318, 0.17073170731707318, 0.14634146341463414, 0.024390243902439025, 0.0975609756097561, 0.04878048780487805, 0.0, 0.04878048780487805, 0.0, 0.024390243902439025, 0.0, 0.012345679012345678, 0.0, 0.012345679012345678, 0.012345679012345678]"
677.0,6.106194315550923,1.123301773278647,0.00249289287752183,"[5.05, 5.15, 5.25, 5.35, 5.45, 5.55, 5.65, 5.75, 5.85, 5.95, 6.05, 6.15, 6.25, 6.35, 6.45, 6.55, 6.65, 6.75, 6.85, 6.95, 7.05, 7.15]","[0.7073170731707317, 0.5121951219512195, 0.43902439024390244, 0.36585365853658536, 0.2682926829268293, 0.17073170731707318, 0.17073170731707318, 0.14634146341463414, 0.024390243902439025, 0.0975609756097561, 0.04878048780487805, 0.0, 0.04878048780487805, 0.0, 0.024390243902439025, 0.0, 0.012345679012345678, 0.0, 0.012345679012345678, 0.012345679012345678, 0.008620689655172414, 0.008620689655172414]"
678.0,6.191832169123797,1.1406040802115491,0.007063570541661267,"[5.05, 5.15, 5.25, 5.35, 5.45, 5.55, 5.65, 5.75, 5.85, 5.95, 6.05, 6.15, 6.25, 6.35, 6.45, 6.55, 6.65, 6.75, 6.85, 6.95]","[0.7073170731707317, 0.5121951219512195, 0.43902439024390244, 0.36585365853658536, 0.2682926829268293, 0.17073170731707318, 0.17073170731707318, 0.14634146341463414, 0.024390243902439025, 0.0975609756097561, 0.04878048780487805, 0.0, 0.04878048780487805, 0.0, 0.024390243902439025, 0.009900990099009901, 0.019801980198019802, 0.0, 0.009900990099009901, 0.009900990099009901]"
679.0,6.0010733509773875,1.1017216507220688,0.00727898432109112,"[5.05, 5.15, 5.25, 5.35, 5.45, 5.55, 5.65, 5.75, 5.85, 5.95, 6.05, 6.15, 6.25, 6.35, 6.45, 6.55, 6.65, 6.75, 6.85, 6.95, 7.05, 7.15]","[0.7073170731707317, 0.5121951219512195, 0.43902439024390244, 0.36585365853658536, 0.2682926829268293, 0.17073170731707318, 0.17073170731707318, 0.14634146341463414, 0.024390243902439025, 0.0975609756097561, 0.04878048780487805, 0.0, 0.04878048780487805, 0.0, 0.024390243902439025, 0.009900990099009901, 0.019801980198019802, 0.0, 0.009900990099009901, 0.009900990099009901, 0.008620689655172414, 0.008620689655172414]"
680.0,5.755164844492021,1.0515517173730344,0.023841190518316964,"[5.05, 5.15, 5.25, 5.35, 5.45, 5.55, 5.65, 5.75, 5.85, 5.95, 6.05, 6.15, 6.25, 6.35, 6.45, 6.55, 6.65, 6.75, 6.85, 6.95, 7.05, 7.15]","[0.7073170731707317, 0.5121951219512195, 0.43902439024390244, 0.36585365853658536, 0.2682926829268293, 0.17073170731707318, 0.17073170731707318, 0.14634146341463414, 0.024390243902439025, 0.0975609756097561, 0.04878048780487805, 0.0, 0.04878048780487805, 0.0, 0.024390243902439025, 0.008620689655172414, 0.02586206896551724, 0.008620689655172414, 0.008620689655172414, 0.017241379310344827, 0.008620689655172414, 0.008620689655172414]"
681.0,5.956011663636592,1.0921031196628685,0.012265853644929534,"[5.05, 5.15, 5.25, 5.35, 5.45, 5.55, 5.65, 5.75, 5.85, 5.95, 6.05, 6.15, 6.25, 6.35, 6.45, 6.55, 6.65, 6.75, 6.85, 6.95]","[0.7073170731707317, 0.5121951219512195, 0.43902439024390244, 0.36585365853658536, 0.2682926829268293, 0.17073170731707318, 0.17073170731707318, 0.14634146341463414, 0.024390243902439025, 0.0975609756097561, 0.06557377049180328, 0.01639344262295082, 0.04918032786885246, 0.0, 0.04918032786885246, 0.0, 0.01639344262295082, 0.0, 0.01639344262295082, 0.01639344262295082]"
682.0,5.956011663636592,1.0921031196628685,0.005856769905455956,"[5.05, 5.15, 5.25, 5.35, 5.45, 5.55, 5.65, 5.75, 5.85, 5.95, 6.05, 6.15, 6.25, 6.35, 6.45, 6.55, 6.65, 6.75, 6.85, 6.95]","[0.7073170731707317, 0.5121951219512195, 0.43902439024390244, 0.36585365853658536, 0.2682926829268293, 0.17073170731707318, 0.17073170731707318, 0.14634146341463414, 0.024390243902439025, 0.0975609756097561, 0.06557377049180328, 0.01639344262295082, 0.04918032786885246, 0.0, 0.04918032786885246, 0.0, 0.01639344262295082, 0.0, 0.01639344262295082, 0.01639344262295082]"
683.0,5.956011663636592,1.0921031196628685,0.005856769905455956,"[5.05, 5.15, 5.25, 5.35, 5.45, 5.55, 5.65, 5.75, 5.85, 5.95, 6.05, 6.15, 6.25, 6.35, 6.45, 6.55, 6.65, 6.75, 6.85, 6.95]","[0.7073170731707317, 0.5121951219512195, 0.43902439024390244, 0.36585365853658536, 0.2682926829268293, 0.17073170731707318, 0.17073170731707318, 0.14634146341463414, 0.024390243902439025, 0.0975609756097561, 0.06557377049180328, 0.01639344262295082, 0.04918032786885246, 0.0, 0.04918032786885246, 0.0, 0.01639344262295082, 0.0, 0.01639344262295082, 0.01639344262295082]"
684.0,5.80156962442266,1.06056843206455,0.012046603446981594,"[5.05, 5.15, 5.25, 5.35, 5.45, 5.55, 5.65, 5.75, 5.85, 5.95, 6.05, 6.15, 6.25, 6.35, 6.45, 6.55, 6.65, 6.75, 6.85, 6.95, 7.05, 7.15]","[0.7073170731707317, 0.5121951219512195, 0.43902439024390244, 0.36585365853658536, 0.2682926829268293, 0.17073170731707318, 0.17073170731707318, 0.14634146341463414, 0.024390243902439025, 0.0975609756097561, 0.06557377049180328, 0.01639344262295082, 0.04918032786885246, 0.0, 0.04918032786885246, 0.0, 0.01639344262295082, 0.0, 0.01639344262295082, 0.01639344262295082, 0.008620689655172414, 0.008620689655172414]"
685.0,6.083449821897869,1.118050787051768,0.006735601525945797,"[5.05, 5.15, 5.25, 5.35, 5.45, 5.55, 5.65, 5.75, 5.85, 5.95, 6.05, 6.15, 6.25, 6.35, 6.45, 6.55, 6.65, 6.75, 6.85, 6.95]","[0.7073170731707317, 0.5121951219512195, 0.43902439024390244, 0.36585365853658536, 0.2682926829268293, 0.17073170731707318, 0.17073170731707318, 0.14634146341463414, 0.024390243902439025, 0.0975609756097561, 0.06557377049180328, 0.01639344262295082, 0.04918032786885246, 0.0, 0.04918032786885246, 0.0, 0.012345679012345678, 0.0, 0.012345679012345678, 0.012345679012345678]"
686.0,6.083449821897869,1.118050787051768,0.003950472322708563,"[5.05, 5.15, 5.25, 5.35, 5.45, 5.55, 5.65, 5.75, 5.85, 5.95, 6.05, 6.15, 6.25, 6.35, 6.45, 6.55, 6.65, 6.75, 6.85, 6.95]","[0.7073170731707317, 0.5121951219512195, 0.43902439024390244, 0.36585365853658536, 0.2682926829268293, 0.17073170731707318, 0.17073170731707318, 0.14634146341463414, 0.024390243902439025, 0.0975609756097561, 0.06557377049180328, 0.01639344262295082, 0.04918032786885246, 0.0, 0.04918032786885246, 0.0, 0.012345679012345678, 0.0, 0.012345679012345678, 0.012345679012345678]"
687.0,5.918429023543559,1.0844264173866944,0.005522505187123374,"[5.05, 5.15, 5.25, 5.35, 5.45, 5.55, 5.65, 5.75, 5.85, 5.95, 6.05, 6.15, 6.25, 6.35, 6.45, 6.55, 6.65, 6.75, 6.85, 6.95, 7.05, 7.15]","[0.7073170731707317, 0.5121951219512195, 0.43902439024390244, 0.36585365853658536, 0.2682926829268293, 0.17073170731707318, 0.17073170731707318, 0.14634146341463414, 0.024390243902439025, 0.0975609756097561, 0.06557377049180328, 0.01639344262295082, 0.04918032786885246, 0.0, 0.04918032786885246, 0.0, 0.012345679012345678, 0.0, 0.012345679012345678, 0.012345679012345678, 0.008620689655172414, 0.008620689655172414]"
688.0,5.982585535637289,1.097410652362602,0.005975506498777738,"[5.05, 5.15, 5.25, 5.35, 5.45, 5.55, 5.65, 5.75, 5.85, 5.95, 6.05, 6.15, 6.25, 6.35, 6.45, 6.55, 6.65, 6.75, 6.85, 6.95]","[0.7073170731707317, 0.5121951219512195, 0.43902439024390244, 0.36585365853658536, 0.2682926829268293, 0.17073170731707318, 0.17073170731707318, 0.14634146341463414, 0.024390243902439025, 0.0975609756097561, 0.06557377049180328, 0.01639344262295082, 0.04918032786885246, 0.0, 0.04918032786885246, 0.009900990099009901, 0.019801980198019802, 0.0, 0.009900990099009901, 0.009900990099009901]"
689.0,5.844663090585593,1.0692621155643447,0.005721635977537115,"[5.05, 5.15, 5.25, 5.35, 5.45, 5.55, 5.65, 5.75, 5.85, 5.95, 6.05, 6.15, 6.25, 6.35, 6.45, 6.55, 6.65, 6.75, 6.85, 6.95, 7.05, 7.15]","[0.7073170731707317, 0.5121951219512195, 0.43902439024390244, 0.36585365853658536, 0.2682926829268293, 0.17073170731707318, 0.17073170731707318, 0.14634146341463414, 0.024390243902439025, 0.0975609756097561, 0.06557377049180328, 0.01639344262295082, 0.04918032786885246, 0.0, 0.04918032786885246, 0.009900990099009901, 0.019801980198019802, 0.0, 0.009900990099009901, 0.009900990099009901, 0.008620689655172414, 0.008620689655172414]"
690.0,5.643103001540108,1.0282011284463686,0.01060506790899995,"[5.05, 5.15, 5.25, 5.35, 5.45, 5.55, 5.65, 5.75, 5.85, 5.95, 6.05, 6.15, 6.25, 6.35, 6.45, 6.55, 6.65, 6.75, 6.85, 6.95, 7.05, 7.15]","[0.7073170731707317, 0.5121951219512195, 0.43902439024390244, 0.36585365853658536, 0.2682926829268293, 0.17073170731707318, 0.17073170731707318, 0.14634146341463414, 0.024390243902439025, 0.0975609756097561, 0.06557377049180328, 0.01639344262295082, 0.04918032786885246, 0.0, 0.04918032786885246, 0.008620689655172414, 0.02586206896551724, 0.008620689655172414, 0.008620689655172414, 0.017241379310344827, 0.008620689655172414, 0.008620689655172414]"
691.0,6.250195918293949,1.1525751785041196,0.013829347203175064,"[5.05, 5.15, 5.25, 5.35, 5.45, 5.55, 5.65, 5.75, 5.85, 5.95, 6.05, 6.15, 6.25, 6.35, 6.45, 6.55, 6.65, 6.75, 6.85, 6.95]","[0.7073170731707317, 0.5121951219512195, 0.43902439024390244, 0.36585365853658536, 0.2682926829268293, 0.17073170731707318, 0.17073170731707318, 0.14634146341463414, 0.024390243902439025, 0.0975609756097561, 0.04938271604938271, 0.012345679012345678, 0.04938271604938271, 0.0, 0.037037037037037035, 0.0, 0.012345679012345678, 0.0, 0.012345679012345678, 0.012345679012345678]"
692.0,6.250195918293949,1.1525751785041196,0.006931771042310682,"[5.05, 5.15, 5.25, 5.35, 5.45, 5.55, 5.65, 5.75, 5.85, 5.95, 6.05, 6.15, 6.25, 6.35, 6.45, 6.55, 6.65, 6.75, 6.85, 6.95]","[0.7073170731707317, 0.5121951219512195, 0.43902439024390244, 0.36585365853658536, 0.2682926829268293, 0.17073170731707318, 0.17073170731707318, 0.14634146341463414, 0.024390243902439025, 0.0975609756097561, 0.04938271604938271, 0.012345679012345678, 0.04938271604938271, 0.0, 0.037037037037037035, 0.0, 0.012345679012345678, 0.0, 0.012345679012345678, 0.012345679012345678]"
693.0,6.070721623793039,1.1161549447998196,0.01091014177668713,"[5.05, 5.15, 5.25, 5.35, 5.45, 5.55, 5.65, 5.75, 5.85, 5.95, 6.05, 6.15, 6.25, 6.35, 6.45, 6.55, 6.65, 6.75, 6.85, 6.95, 7.05, 7.15]","[0.7073170731707317, 0.5121951219512195, 0.43902439024390244, 0.36585365853658536, 0.2682926829268293, 0.17073170731707318, 0.17073170731707318, 0.14634146341463414, 0.024390243902439025, 0.0975609756097561, 0.04938271604938271, 0.012345679012345678, 0.04938271604938271, 0.0, 0.037037037037037035, 0.0, 0.012345679012345678, 0.0, 0.012345679012345678, 0.012345679012345678, 0.008620689655172414, 0.008620689655172414]"
694.0,6.139682465046063,1.1300292978909443,0.0067297733270418715,"[5.05, 5.15, 5.25, 5.35, 5.45, 5.55, 5.65, 5.75, 5.85, 5.95, 6.05, 6.15, 6.25, 6.35, 6.45, 6.55, 6.65, 6.75, 6.85, 6.95]","[0.7073170731707317, 0.5121951219512195, 0.43902439024390244, 0.36585365853658536, 0.2682926829268293, 0.17073170731707318, 0.17073170731707318, 0.14634146341463414, 0.024390243902439025, 0.0975609756097561, 0.04938271604938271, 0.012345679012345678, 0.04938271604938271, 0.0, 0.037037037037037035, 0.009900990099009901, 0.019801980198019802, 0.0, 0.009900990099009901, 0.009900990099009901]"
695.0,5.98711731834634,1.0990324861088197,0.005722494242693947,"[5.05, 5.15, 5.25, 5.35, 5.45, 5.55, 5.65, 5.75, 5.85, 5.95, 6.05, 6.15, 6.25, 6.35, 6.45, 6.55, 6.65, 6.75, 6.85, 6.95, 7.05, 7.15]","[0.7073170731707317, 0.5121951219512195, 0.43902439024390244, 0.36585365853658536, 0.2682926829268293, 0.17073170731707318, 0.17073170731707318, 0.14634146341463414, 0.024390243902439025, 0.0975609756097561, 0.04938271604938271, 0.012345679012345678, 0.04938271604938271, 0.0, 0.037037037037037035, 0.009900990099009901, 0.019801980198019802, 0.0, 0.009900990099009901, 0.009900990099009901, 0.008620689655172414, 0.008620689655172414]"
696.0,5.77929853366084,1.0568194675770815,0.01276049617329314,"[5.05, 5.15, 5.25, 5.35, 5.45, 5.55, 5.65, 5.75, 5.85, 5.95, 6.05, 6.15, 6.25, 6.35, 6.45, 6.55, 6.65, 6.75, 6.85, 6.95, 7.05, 7.15]","[0.7073170731707317, 0.5121951219512195, 0.43902439024390244, 0.36585365853658536, 0.2682926829268293, 0.17073170731707318, 0.17073170731707318, 0.14634146341463414, 0.024390243902439025, 0.0975609756097561, 0.04938271604938271, 0.012345679012345678, 0.04938271604938271, 0.0, 0.037037037037037035, 0.008620689655172414, 0.02586206896551724, 0.008620689655172414, 0.008620689655172414, 0.017241379310344827, 0.008620689655172414, 0.008620689655172414]"
697.0,6.049726262176455,1.1113395432007362,0.012379247868314519,"[5.05, 5.15, 5.25, 5.35, 5.45, 5.55, 5.65, 5.75, 5.85, 5.95, 6.05, 6.15, 6.25, 6.35, 6.45, 6.55, 6.65, 6.75, 6.85, 6.95]","[0.7073170731707317, 0.5121951219512195, 0.43902439024390244, 0.36585365853658536, 0.2682926829268293, 0.17073170731707318, 0.17073170731707318, 0.14634146341463414, 0.024390243902439025, 0.0975609756097561, 0.0594059405940594, 0.019801980198019802, 0.04950495049504951, 0.0, 0.039603960396039604, 0.009900990099009901, 0.019801980198019802, 0.0, 0.009900990099009901, 0.009900990099009901]"
698.0,5.921546023815862,1.0853078429399687,0.011161103814611543,"[5.05, 5.15, 5.25, 5.35, 5.45, 5.55, 5.65, 5.75, 5.85, 5.95, 6.05, 6.15, 6.25, 6.35, 6.45, 6.55, 6.65, 6.75, 6.85, 6.95, 7.05, 7.15]","[0.7073170731707317, 0.5121951219512195, 0.43902439024390244, 0.36585365853658536, 0.2682926829268293, 0.17073170731707318, 0.17073170731707318, 0.14634146341463414, 0.024390243902439025, 0.0975609756097561, 0.0594059405940594, 0.019801980198019802, 0.04950495049504951, 0.0, 0.039603960396039604, 0.009900990099009901, 0.019801980198019802, 0.0, 0.009900990099009901, 0.009900990099009901, 0.008620689655172414, 0.008620689655172414]"
699.0,5.736782325060265,1.0478488040827056,0.009742632833930178,"[5.05, 5.15, 5.25, 5.35, 5.45, 5.55, 5.65, 5.75, 5.85, 5.95, 6.05, 6.15, 6.25, 6.35, 6.45, 6.55, 6.65, 6.75, 6.85, 6.95, 7.05, 7.15]","[0.7073170731707317, 0.5121951219512195, 0.43902439024390244, 0.36585365853658536, 0.2682926829268293, 0.17073170731707318, 0.17073170731707318, 0.14634146341463414, 0.024390243902439025, 0.0975609756097561, 0.0594059405940594, 0.019801980198019802, 0.04950495049504951, 0.0, 0.039603960396039604, 0.008620689655172414, 0.02586206896551724, 0.008620689655172414, 0.008620689655172414, 0.017241379310344827, 0.008620689655172414, 0.008620689655172414]"
700.0,5.624988956432733,1.024351260054548,0.032516719915993766,"[5.05, 5.15, 5.25, 5.35, 5.45, 5.55, 5.65, 5.75, 5.85, 5.95, 6.05, 6.15, 6.25, 6.35, 6.45, 6.55, 6.65, 6.75, 6.85, 6.95, 7.05, 7.15]","[0.7073170731707317, 0.5121951219512195, 0.43902439024390244, 0.36585365853658536, 0.2682926829268293, 0.17073170731707318, 0.17073170731707318, 0.14634146341463414, 0.024390243902439025, 0.0975609756097561, 0.06896551724137931, 0.02586206896551724, 0.05172413793103448, 0.017241379310344827, 0.034482758620689655, 0.008620689655172414, 0.02586206896551724, 0.008620689655172414, 0.008620689655172414, 0.017241379310344827, 0.008620689655172414, 0.008620689655172414]"
701.0,5.769173156717037,1.0527414238974666,0.014481204709483069,"[5.05, 5.15, 5.25, 5.35, 5.45, 5.55, 5.65, 5.75, 5.85, 5.95, 6.05, 6.15, 6.25, 6.35, 6.45, 6.55, 6.65, 6.75, 6.85, 6.95]","[0.7073170731707317, 0.5121951219512195, 0.43902439024390244, 0.36585365853658536, 0.2682926829268293, 0.16393442622950818, 0.18032786885245902, 0.13114754098360656, 0.08196721311475409, 0.13114754098360656, 0.06557377049180328, 0.01639344262295082, 0.04918032786885246, 0.0, 0.04918032786885246, 0.0, 0.01639344262295082, 0.0, 0.01639344262295082, 0.01639344262295082]"
702.0,5.769173156717037,1.0527414238974666,0.006691572412734506,"[5.05, 5.15, 5.25, 5.35, 5.45, 5.55, 5.65, 5.75, 5.85, 5.95, 6.05, 6.15, 6.25, 6.35, 6.45, 6.55, 6.65, 6.75, 6.85, 6.95]","[0.7073170731707317, 0.5121951219512195, 0.43902439024390244, 0.36585365853658536, 0.2682926829268293, 0.16393442622950818, 0.18032786885245902, 0.13114754098360656, 0.08196721311475409, 0.13114754098360656, 0.06557377049180328, 0.01639344262295082, 0.04918032786885246, 0.0, 0.04918032786885246, 0.0, 0.01639344262295082, 0.0, 0.01639344262295082, 0.01639344262295082]"
703.0,5.769173156717037,1.0527414238974666,0.006691572412734506,"[5.05, 5.15, 5.25, 5.35, 5.45, 5.55, 5.65, 5.75, 5.85, 5.95, 6.05, 6.15, 6.25, 6.35, 6.45, 6.55, 6.65, 6.75, 6.85, 6.95]","[0.7073170731707317, 0.5121951219512195, 0.43902439024390244, 0.36585365853658536, 0.2682926829268293, 0.16393442622950818, 0.18032786885245902, 0.13114754098360656, 0.08196721311475409, 0.13114754098360656, 0.06557377049180328, 0.01639344262295082, 0.04918032786885246, 0.0, 0.04918032786885246, 0.0, 0.01639344262295082, 0.0, 0.01639344262295082, 0.01639344262295082]"
704.0,5.657934389405039,1.0300356325091027,0.01600974596657881,"[5.05, 5.15, 5.25, 5.35, 5.45, 5.55, 5.65, 5.75, 5.85, 5.95, 6.05, 6.15, 6.25, 6.35, 6.45, 6.55, 6.65, 6.75, 6.85, 6.95, 7.05, 7.15]","[0.7073170731707317, 0.5121951219512195, 0.43902439024390244, 0.36585365853658536, 0.2682926829268293, 0.16393442622950818, 0.18032786885245902, 0.13114754098360656, 0.08196721311475409, 0.13114754098360656, 0.06557377049180328, 0.01639344262295082, 0.04918032786885246, 0.0, 0.04918032786885246, 0.0, 0.01639344262295082, 0.0, 0.01639344262295082, 0.01639344262295082, 0.008620689655172414, 0.008620689655172414]"
705.0,5.8955179429447675,1.0783505264733277,0.00771052672098047,"[5.05, 5.15, 5.25, 5.35, 5.45, 5.55, 5.65, 5.75, 5.85, 5.95, 6.05, 6.15, 6.25, 6.35, 6.45, 6.55, 6.65, 6.75, 6.85, 6.95]","[0.7073170731707317, 0.5121951219512195, 0.43902439024390244, 0.36585365853658536, 0.2682926829268293, 0.16393442622950818, 0.18032786885245902, 0.13114754098360656, 0.08196721311475409, 0.13114754098360656, 0.06557377049180328, 0.01639344262295082, 0.04918032786885246, 0.0, 0.04918032786885246, 0.0, 0.012345679012345678, 0.0, 0.012345679012345678, 0.012345679012345678]"
706.0,5.8955179429447675,1.0783505264733277,0.004505510344929827,"[5.05, 5.15, 5.25, 5.35, 5.45, 5.55, 5.65, 5.75, 5.85, 5.95, 6.05, 6.15, 6.25, 6.35, 6.45, 6.55, 6.65, 6.75, 6.85, 6.95]","[0.7073170731707317, 0.5121951219512195, 0.43902439024390244, 0.36585365853658536, 0.2682926829268293, 0.16393442622950818, 0.18032786885245902, 0.13114754098360656, 0.08196721311475409, 0.13114754098360656, 0.06557377049180328, 0.01639344262295082, 0.04918032786885246, 0.0, 0.04918032786885246, 0.0, 0.012345679012345678, 0.0, 0.012345679012345678, 0.012345679012345678]"
707.0,5.772831081734332,1.0533843987583547,0.005637001431546387,"[5.05, 5.15, 5.25, 5.35, 5.45, 5.55, 5.65, 5.75, 5.85, 5.95, 6.05, 6.15, 6.25, 6.35, 6.45, 6.55, 6.65, 6.75, 6.85, 6.95, 7.05, 7.15]","[0.7073170731707317, 0.5121951219512195, 0.43902439024390244, 0.36585365853658536, 0.2682926829268293, 0.16393442622950818, 0.18032786885245902, 0.13114754098360656, 0.08196721311475409, 0.13114754098360656, 0.06557377049180328, 0.01639344262295082, 0.04918032786885246, 0.0, 0.04918032786885246, 0.0, 0.012345679012345678, 0.0, 0.012345679012345678, 0.012345679012345678, 0.008620689655172414, 0.008620689655172414]"
708.0,5.823504527932743,1.0636595226966112,0.00693257801774004,"[5.05, 5.15, 5.25, 5.35, 5.45, 5.55, 5.65, 5.75, 5.85, 5.95, 6.05, 6.15, 6.25, 6.35, 6.45, 6.55, 6.65, 6.75, 6.85, 6.95]","[0.7073170731707317, 0.5121951219512195, 0.43902439024390244, 0.36585365853658536, 0.2682926829268293, 0.16393442622950818, 0.18032786885245902, 0.13114754098360656, 0.08196721311475409, 0.13114754098360656, 0.06557377049180328, 0.01639344262295082, 0.04918032786885246, 0.0, 0.04918032786885246, 0.009900990099009901, 0.019801980198019802, 0.0, 0.009900990099009901, 0.009900990099009901]"
709.0,5.71913697238225,1.042377270869386,0.006964662349047257,"[5.05, 5.15, 5.25, 5.35, 5.45, 5.55, 5.65, 5.75, 5.85, 5.95, 6.05, 6.15, 6.25, 6.35, 6.45, 6.55, 6.65, 6.75, 6.85, 6.95, 7.05, 7.15]","[0.7073170731707317, 0.5121951219512195, 0.43902439024390244, 0.36585365853658536, 0.2682926829268293, 0.16393442622950818, 0.18032786885245902, 0.13114754098360656, 0.08196721311475409, 0.13114754098360656, 0.06557377049180328, 0.01639344262295082, 0.04918032786885246, 0.0, 0.04918032786885246, 0.009900990099009901, 0.019801980198019802, 0.0, 0.009900990099009901, 0.009900990099009901, 0.008620689655172414, 0.008620689655172414]"
710.0,5.544329013684605,1.0069441605246905,0.016826620629220055,"[5.05, 5.15, 5.25, 5.35, 5.45, 5.55, 5.65, 5.75, 5.85, 5.95, 6.05, 6.15, 6.25, 6.35, 6.45, 6.55, 6.65, 6.75, 6.85, 6.95, 7.05, 7.15]","[0.7073170731707317, 0.5121951219512195, 0.43902439024390244, 0.36585365853658536, 0.2682926829268293, 0.16393442622950818, 0.18032786885245902, 0.13114754098360656, 0.08196721311475409, 0.13114754098360656, 0.06557377049180328, 0.01639344262295082, 0.04918032786885246, 0.0, 0.04918032786885246, 0.008620689655172414, 0.02586206896551724, 0.008620689655172414, 0.008620689655172414, 0.017241379310344827, 0.008620689655172414, 0.008620689655172414]"
711.0,6.057934095431219,1.111873694097428,0.008877670678799587,"[5.05, 5.15, 5.25, 5.35, 5.45, 5.55, 5.65, 5.75, 5.85, 5.95, 6.05, 6.15, 6.25, 6.35, 6.45, 6.55, 6.65, 6.75, 6.85, 6.95]","[0.7073170731707317, 0.5121951219512195, 0.43902439024390244, 0.36585365853658536, 0.2682926829268293, 0.16393442622950818, 0.18032786885245902, 0.13114754098360656, 0.08196721311475409, 0.13114754098360656, 0.04938271604938271, 0.012345679012345678, 0.04938271604938271, 0.0, 0.037037037037037035, 0.0, 0.012345679012345678, 0.0, 0.012345679012345678, 0.012345679012345678]"
712.0,6.057934095431219,1.111873694097428,0.004972436122058634,"[5.05, 5.15, 5.25, 5.35, 5.45, 5.55, 5.65, 5.75, 5.85, 5.95, 6.05, 6.15, 6.25, 6.35, 6.45, 6.55, 6.65, 6.75, 6.85, 6.95]","[0.7073170731707317, 0.5121951219512195, 0.43902439024390244, 0.36585365853658536, 0.2682926829268293, 0.16393442622950818, 0.18032786885245902, 0.13114754098360656, 0.08196721311475409, 0.13114754098360656, 0.04938271604938271, 0.012345679012345678, 0.04938271604938271, 0.0, 0.037037037037037035, 0.0, 0.012345679012345678, 0.0, 0.012345679012345678, 0.012345679012345678]"
713.0,5.919784992280007,1.0838974325152329,0.007815505778426133,"[5.05, 5.15, 5.25, 5.35, 5.45, 5.55, 5.65, 5.75, 5.85, 5.95, 6.05, 6.15, 6.25, 6.35, 6.45, 6.55, 6.65, 6.75, 6.85, 6.95, 7.05, 7.15]","[0.7073170731707317, 0.5121951219512195, 0.43902439024390244, 0.36585365853658536, 0.2682926829268293, 0.16393442622950818, 0.18032786885245902, 0.13114754098360656, 0.08196721311475409, 0.13114754098360656, 0.04938271604938271, 0.012345679012345678, 0.04938271604938271, 0.0, 0.037037037037037035, 0.0, 0.012345679012345678, 0.0, 0.012345679012345678, 0.012345679012345678, 0.008620689655172414, 0.008620689655172414]"
714.0,5.975875591272185,1.0951884899073425,0.004806693819406509,"[5.05, 5.15, 5.25, 5.35, 5.45, 5.55, 5.65, 5.75, 5.85, 5.95, 6.05, 6.15, 6.25, 6.35, 6.45, 6.55, 6.65, 6.75, 6.85, 6.95]","[0.7073170731707317, 0.5121951219512195, 0.43902439024390244, 0.36585365853658536, 0.2682926829268293, 0.16393442622950818, 0.18032786885245902, 0.13114754098360656, 0.08196721311475409, 0.13114754098360656, 0.04938271604938271, 0.012345679012345678, 0.04938271604938271, 0.0, 0.037037037037037035, 0.009900990099009901, 0.019801980198019802, 0.0, 0.009900990099009901, 0.009900990099009901]"
715.0,5.856594452782657,1.070996745685932,0.004506063248871874,"[5.05, 5.15, 5.25, 5.35, 5.45, 5.55, 5.65, 5.75, 5.85, 5.95, 6.05, 6.15, 6.25, 6.35, 6.45, 6.55, 6.65, 6.75, 6.85, 6.95, 7.05, 7.15]","[0.7073170731707317, 0.5121951219512195, 0.43902439024390244, 0.36585365853658536, 0.2682926829268293, 0.16393442622950818, 0.18032786885245902, 0.13114754098360656, 0.08196721311475409, 0.13114754098360656, 0.04938271604938271, 0.012345679012345678, 0.04938271604938271, 0.0, 0.037037037037037035, 0.009900990099009901, 0.019801980198019802, 0.0, 0.009900990099009901, 0.009900990099009901, 0.008620689655172414, 0.008620689655172414]"
716.0,5.67579513219191,1.034448034858082,0.006431148708950571,"[5.05, 5.15, 5.25, 5.35, 5.45, 5.55, 5.65, 5.75, 5.85, 5.95, 6.05, 6.15, 6.25, 6.35, 6.45, 6.55, 6.65, 6.75, 6.85, 6.95, 7.05, 7.15]","[0.7073170731707317, 0.5121951219512195, 0.43902439024390244, 0.36585365853658536, 0.2682926829268293, 0.16393442622950818, 0.18032786885245902, 0.13114754098360656, 0.08196721311475409, 0.13114754098360656, 0.04938271604938271, 0.012345679012345678, 0.04938271604938271, 0.0, 0.037037037037037035, 0.008620689655172414, 0.02586206896551724, 0.008620689655172414, 0.008620689655172414, 0.017241379310344827, 0.008620689655172414, 0.008620689655172414]"
717.0,5.913678833430426,1.0822952995634052,0.008430082535509814,"[5.05, 5.15, 5.25, 5.35, 5.45, 5.55, 5.65, 5.75, 5.85, 5.95, 6.05, 6.15, 6.25, 6.35, 6.45, 6.55, 6.65, 6.75, 6.85, 6.95]","[0.7073170731707317, 0.5121951219512195, 0.43902439024390244, 0.36585365853658536, 0.2682926829268293, 0.16393442622950818, 0.18032786885245902, 0.13114754098360656, 0.08196721311475409, 0.13114754098360656, 0.0594059405940594, 0.019801980198019802, 0.04950495049504951, 0.0, 0.039603960396039604, 0.009900990099009901, 0.019801980198019802, 0.0, 0.009900990099009901, 0.009900990099009901]"
718.0,5.810804563929759,1.061432470104178,0.0077289269406747435,"[5.05, 5.15, 5.25, 5.35, 5.45, 5.55, 5.65, 5.75, 5.85, 5.95, 6.05, 6.15, 6.25, 6.35, 6.45, 6.55, 6.65, 6.75, 6.85, 6.95, 7.05, 7.15]","[0.7073170731707317, 0.5121951219512195, 0.43902439024390244, 0.36585365853658536, 0.2682926829268293, 0.16393442622950818, 0.18032786885245902, 0.13114754098360656, 0.08196721311475409, 0.13114754098360656, 0.0594059405940594, 0.019801980198019802, 0.04950495049504951, 0.0, 0.039603960396039604, 0.009900990099009901, 0.019801980198019802, 0.0, 0.009900990099009901, 0.009900990099009901, 0.008620689655172414, 0.008620689655172414]"
719.0,5.646893465874341,1.0283582297495886,0.006765264764539919,"[5.05, 5.15, 5.25, 5.35, 5.45, 5.55, 5.65, 5.75, 5.85, 5.95, 6.05, 6.15, 6.25, 6.35, 6.45, 6.55, 6.65, 6.75, 6.85, 6.95, 7.05, 7.15]","[0.7073170731707317, 0.5121951219512195, 0.43902439024390244, 0.36585365853658536, 0.2682926829268293, 0.16393442622950818, 0.18032786885245902, 0.13114754098360656, 0.08196721311475409, 0.13114754098360656, 0.0594059405940594, 0.019801980198019802, 0.04950495049504951, 0.0, 0.039603960396039604, 0.008620689655172414, 0.02586206896551724, 0.008620689655172414, 0.008620689655172414, 0.017241379310344827, 0.008620689655172414, 0.008620689655172414]"
720.0,5.5502508114406925,1.0081360909324266,0.020011260871196732,"[5.05, 5.15, 5.25, 5.35, 5.45, 5.55, 5.65, 5.75, 5.85, 5.95, 6.05, 6.15, 6.25, 6.35, 6.45, 6.55, 6.65, 6.75, 6.85, 6.95, 7.05, 7.15]","[0.7073170731707317, 0.5121951219512195, 0.43902439024390244, 0.36585365853658536, 0.2682926829268293, 0.16393442622950818, 0.18032786885245902, 0.13114754098360656, 0.08196721311475409, 0.13114754098360656, 0.06896551724137931, 0.02586206896551724, 0.05172413793103448, 0.017241379310344827, 0.034482758620689655, 0.008620689655172414, 0.02586206896551724, 0.008620689655172414, 0.008620689655172414, 0.017241379310344827, 0.008620689655172414, 0.008620689655172414]"
721.0,6.124658982579309,1.1258598096680934,0.010201715474099989,"[5.05, 5.15, 5.25, 5.35, 5.45, 5.55, 5.65, 5.75, 5.85, 5.95, 6.05, 6.15, 6.25, 6.35, 6.45, 6.55, 6.65, 6.75, 6.85, 6.95]","[0.7073170731707317, 0.5121951219512195, 0.43902439024390244, 0.36585365853658536, 0.2682926829268293, 0.1728395061728395, 0.18518518518518517, 0.1111111111111111, 0.08641975308641975, 0.09876543209876543, 0.04938271604938271, 0.012345679012345678, 0.04938271604938271, 0.0, 0.037037037037037035, 0.0, 0.012345679012345678, 0.0, 0.012345679012345678, 0.012345679012345678]"
722.0,6.124658982579309,1.1258598096680934,0.004376049597191777,"[5.05, 5.15, 5.25, 5.35, 5.45, 5.55, 5.65, 5.75, 5.85, 5.95, 6.05, 6.15, 6.25, 6.35, 6.45, 6.55, 6.65, 6.75, 6.85, 6.95]","[0.7073170731707317, 0.5121951219512195, 0.43902439024390244, 0.36585365853658536, 0.2682926829268293, 0.1728395061728395, 0.18518518518518517, 0.1111111111111111, 0.08641975308641975, 0.09876543209876543, 0.04938271604938271, 0.012345679012345678, 0.04938271604938271, 0.0, 0.037037037037037035, 0.0, 0.012345679012345678, 0.0, 0.012345679012345678, 0.012345679012345678]"
723.0,5.980520649776536,1.0968237146237723,0.011398862426195826,"[5.05, 5.15, 5.25, 5.35, 5.45, 5.55, 5.65, 5.75, 5.85, 5.95, 6.05, 6.15, 6.25, 6.35, 6.45, 6.55, 6.65, 6.75, 6.85, 6.95, 7.05, 7.15]","[0.7073170731707317, 0.5121951219512195, 0.43902439024390244, 0.36585365853658536, 0.2682926829268293, 0.1728395061728395, 0.18518518518518517, 0.1111111111111111, 0.08641975308641975, 0.09876543209876543, 0.04938271604938271, 0.012345679012345678, 0.04938271604938271, 0.0, 0.037037037037037035, 0.0, 0.012345679012345678, 0.0, 0.012345679012345678, 0.012345679012345678, 0.008620689655172414, 0.008620689655172414]"
724.0,6.038939534925075,1.1085240606490971,0.0056761742265575635,"[5.05, 5.15, 5.25, 5.35, 5.45, 5.55, 5.65, 5.75, 5.85, 5.95, 6.05, 6.15, 6.25, 6.35, 6.45, 6.55, 6.65, 6.75, 6.85, 6.95]","[0.7073170731707317, 0.5121951219512195, 0.43902439024390244, 0.36585365853658536, 0.2682926829268293, 0.1728395061728395, 0.18518518518518517, 0.1111111111111111, 0.08641975308641975, 0.09876543209876543, 0.04938271604938271, 0.012345679012345678, 0.04938271604938271, 0.0, 0.037037037037037035, 0.009900990099009901, 0.019801980198019802, 0.0, 0.009900990099009901, 0.009900990099009901]"
725.0,5.913221244086535,1.0831648146922666,0.00625824153085074,"[5.05, 5.15, 5.25, 5.35, 5.45, 5.55, 5.65, 5.75, 5.85, 5.95, 6.05, 6.15, 6.25, 6.35, 6.45, 6.55, 6.65, 6.75, 6.85, 6.95, 7.05, 7.15]","[0.7073170731707317, 0.5121951219512195, 0.43902439024390244, 0.36585365853658536, 0.2682926829268293, 0.1728395061728395, 0.18518518518518517, 0.1111111111111111, 0.08641975308641975, 0.09876543209876543, 0.04938271604938271, 0.012345679012345678, 0.04938271604938271, 0.0, 0.037037037037037035, 0.009900990099009901, 0.019801980198019802, 0.0, 0.009900990099009901, 0.009900990099009901, 0.008620689655172414, 0.008620689655172414]"
726.0,5.728497802401806,1.0460023275272747,0.011312083301951792,"[5.05, 5.15, 5.25, 5.35, 5.45, 5.55, 5.65, 5.75, 5.85, 5.95, 6.05, 6.15, 6.25, 6.35, 6.45, 6.55, 6.65, 6.75, 6.85, 6.95, 7.05, 7.15]","[0.7073170731707317, 0.5121951219512195, 0.43902439024390244, 0.36585365853658536, 0.2682926829268293, 0.1728395061728395, 0.18518518518518517, 0.1111111111111111, 0.08641975308641975, 0.09876543209876543, 0.04938271604938271, 0.012345679012345678, 0.04938271604938271, 0.0, 0.037037037037037035, 0.008620689655172414, 0.02586206896551724, 0.008620689655172414, 0.008620689655172414, 0.017241379310344827, 0.008620689655172414, 0.008620689655172414]"
727.0,5.971268195948478,1.0945842646986303,0.0075387906339896655,"[5.05, 5.15, 5.25, 5.35, 5.45, 5.55, 5.65, 5.75, 5.85, 5.95, 6.05, 6.15, 6.25, 6.35, 6.45, 6.55, 6.65, 6.75, 6.85, 6.95]","[0.7073170731707317, 0.5121951219512195, 0.43902439024390244, 0.36585365853658536, 0.2682926829268293, 0.1728395061728395, 0.18518518518518517, 0.1111111111111111, 0.08641975308641975, 0.09876543209876543, 0.0594059405940594, 0.019801980198019802, 0.04950495049504951, 0.0, 0.039603960396039604, 0.009900990099009901, 0.019801980198019802, 0.0, 0.009900990099009901, 0.009900990099009901]"
728.0,5.862127724976609,1.0725697303978263,0.006585676720223853,"[5.05, 5.15, 5.25, 5.35, 5.45, 5.55, 5.65, 5.75, 5.85, 5.95, 6.05, 6.15, 6.25, 6.35, 6.45, 6.55, 6.65, 6.75, 6.85, 6.95, 7.05, 7.15]","[0.7073170731707317, 0.5121951219512195, 0.43902439024390244, 0.36585365853658536, 0.2682926829268293, 0.1728395061728395, 0.18518518518518517, 0.1111111111111111, 0.08641975308641975, 0.09876543209876543, 0.0594059405940594, 0.019801980198019802, 0.04950495049504951, 0.0, 0.039603960396039604, 0.009900990099009901, 0.019801980198019802, 0.0, 0.009900990099009901, 0.009900990099009901, 0.008620689655172414, 0.008620689655172414]"
729.0,5.694237971830852,1.0388473823930002,0.005214768380948391,"[5.05, 5.15, 5.25, 5.35, 5.45, 5.55, 5.65, 5.75, 5.85, 5.95, 6.05, 6.15, 6.25, 6.35, 6.45, 6.55, 6.65, 6.75, 6.85, 6.95, 7.05, 7.15]","[0.7073170731707317, 0.5121951219512195, 0.43902439024390244, 0.36585365853658536, 0.2682926829268293, 0.1728395061728395, 0.18518518518518517, 0.1111111111111111, 0.08641975308641975, 0.09876543209876543, 0.0594059405940594, 0.019801980198019802, 0.04950495049504951, 0.0, 0.039603960396039604, 0.008620689655172414, 0.02586206896551724, 0.008620689655172414, 0.008620689655172414, 0.017241379310344827, 0.008620689655172414, 0.008620689655172414]"
730.0,5.593153879570264,1.0178436637443717,0.01830635777845742,"[5.05, 5.15, 5.25, 5.35, 5.45, 5.55, 5.65, 5.75, 5.85, 5.95, 6.05, 6.15, 6.25, 6.35, 6.45, 6.55, 6.65, 6.75, 6.85, 6.95, 7.05, 7.15]","[0.7073170731707317, 0.5121951219512195, 0.43902439024390244, 0.36585365853658536, 0.2682926829268293, 0.1728395061728395, 0.18518518518518517, 0.1111111111111111, 0.08641975308641975, 0.09876543209876543, 0.06896551724137931, 0.02586206896551724, 0.05172413793103448, 0.017241379310344827, 0.034482758620689655, 0.008620689655172414, 0.02586206896551724, 0.008620689655172414, 0.008620689655172414, 0.017241379310344827, 0.008620689655172414, 0.008620689655172414]"
731.0,5.853143812650096,1.0688071659848992,0.008917419055951508,"[5.05, 5.15, 5.25, 5.35, 5.45, 5.55, 5.65, 5.75, 5.85, 5.95, 6.05, 6.15, 6.25, 6.35, 6.45, 6.55, 6.65, 6.75, 6.85, 6.95]","[0.7073170731707317, 0.5121951219512195, 0.43902439024390244, 0.36585365853658536, 0.2682926829268293, 0.1782178217821782, 0.19801980198019803, 0.09900990099009901, 0.12871287128712872, 0.10891089108910891, 0.0594059405940594, 0.019801980198019802, 0.04950495049504951, 0.0, 0.039603960396039604, 0.009900990099009901, 0.019801980198019802, 0.0, 0.009900990099009901, 0.009900990099009901]"
732.0,5.76520387805538,1.0510620550609513,0.010782213030463126,"[5.05, 5.15, 5.25, 5.35, 5.45, 5.55, 5.65, 5.75, 5.85, 5.95, 6.05, 6.15, 6.25, 6.35, 6.45, 6.55, 6.65, 6.75, 6.85, 6.95, 7.05, 7.15]","[0.7073170731707317, 0.5121951219512195, 0.43902439024390244, 0.36585365853658536, 0.2682926829268293, 0.1782178217821782, 0.19801980198019803, 0.09900990099009901, 0.12871287128712872, 0.10891089108910891, 0.0594059405940594, 0.019801980198019802, 0.04950495049504951, 0.0, 0.039603960396039604, 0.009900990099009901, 0.019801980198019802, 0.0, 0.009900990099009901, 0.009900990099009901, 0.008620689655172414, 0.008620689655172414]"
733.0,5.6150955164205065,1.0210173711017343,0.013302792974132158,"[5.05, 5.15, 5.25, 5.35, 5.45, 5.55, 5.65, 5.75, 5.85, 5.95, 6.05, 6.15, 6.25, 6.35, 6.45, 6.55, 6.65, 6.75, 6.85, 6.95, 7.05, 7.15]","[0.7073170731707317, 0.5121951219512195, 0.43902439024390244, 0.36585365853658536, 0.2682926829268293, 0.1782178217821782, 0.19801980198019803, 0.09900990099009901, 0.12871287128712872, 0.10891089108910891, 0.0594059405940594, 0.019801980198019802, 0.04950495049504951, 0.0, 0.039603960396039604, 0.008620689655172414, 0.02586206896551724, 0.008620689655172414, 0.008620689655172414, 0.017241379310344827, 0.008620689655172414, 0.008620689655172414]"
734.0,5.527545618364963,1.0028887306990866,0.02142474357155567,"[5.05, 5.15, 5.25, 5.35, 5.45, 5.55, 5.65, 5.75, 5.85, 5.95, 6.05, 6.15, 6.25, 6.35, 6.45, 6.55, 6.65, 6.75, 6.85, 6.95, 7.05, 7.15]","[0.7073170731707317, 0.5121951219512195, 0.43902439024390244, 0.36585365853658536, 0.2682926829268293, 0.1782178217821782, 0.19801980198019803, 0.09900990099009901, 0.12871287128712872, 0.10891089108910891, 0.06896551724137931, 0.02586206896551724, 0.05172413793103448, 0.017241379310344827, 0.034482758620689655, 0.008620689655172414, 0.02586206896551724, 0.008620689655172414, 0.008620689655172414, 0.017241379310344827, 0.008620689655172414, 0.008620689655172414]"
735.0,5.473592651943063,0.9891711640389895,0.02371307009416197,"[5.05, 5.15, 5.25, 5.35, 5.45, 5.55, 5.65, 5.75, 5.85, 5.95, 6.05, 6.15, 6.25, 6.35, 6.45, 6.55, 6.65, 6.75, 6.85, 6.95, 7.05, 7.15]","[0.7073170731707317, 0.5121951219512195, 0.43902439024390244, 0.36585365853658536, 0.2682926829268293, 0.19827586206896552, 0.20689655172413793, 0.1206896551724138, 0.12931034482758622, 0.12931034482758622, 0.06896551724137931, 0.02586206896551724, 0.05172413793103448, 0.017241379310344827, 0.034482758620689655, 0.008620689655172414, 0.02586206896551724, 0.008620689655172414, 0.008620689655172414, 0.017241379310344827, 0.008620689655172414, 0.008620689655172414]"
736.0,5.906306240434903,1.0785565998071924,0.020243577949489645,"[5.05, 5.15, 5.25, 5.35, 5.45, 5.55, 5.65, 5.75, 5.85, 5.95, 6.05, 6.15, 6.25, 6.35, 6.45, 6.55, 6.65, 6.75, 6.85, 6.95]","[0.8032786885245902, 0.45901639344262296, 0.4426229508196721, 0.4262295081967213, 0.21311475409836064, 0.16393442622950818, 0.18032786885245902, 0.13114754098360656, 0.08196721311475409, 0.13114754098360656, 0.06557377049180328, 0.01639344262295082, 0.04918032786885246, 0.0, 0.04918032786885246, 0.0, 0.01639344262295082, 0.0, 0.01639344262295082, 0.01639344262295082]"
737.0,5.906306240434903,1.0785565998071924,0.012607821088685576,"[5.05, 5.15, 5.25, 5.35, 5.45, 5.55, 5.65, 5.75, 5.85, 5.95, 6.05, 6.15, 6.25, 6.35, 6.45, 6.55, 6.65, 6.75, 6.85, 6.95]","[0.8032786885245902, 0.45901639344262296, 0.4426229508196721, 0.4262295081967213, 0.21311475409836064, 0.16393442622950818, 0.18032786885245902, 0.13114754098360656, 0.08196721311475409, 0.13114754098360656, 0.06557377049180328, 0.01639344262295082, 0.04918032786885246, 0.0, 0.04918032786885246, 0.0, 0.01639344262295082, 0.0, 0.01639344262295082, 0.01639344262295082]"
738.0,5.906306240434903,1.0785565998071924,0.012607821088685576,"[5.05, 5.15, 5.25, 5.35, 5.45, 5.55, 5.65, 5.75, 5.85, 5.95, 6.05, 6.15, 6.25, 6.35, 6.45, 6.55, 6.65, 6.75, 6.85, 6.95]","[0.8032786885245902, 0.45901639344262296, 0.4426229508196721, 0.4262295081967213, 0.21311475409836064, 0.16393442622950818, 0.18032786885245902, 0.13114754098360656, 0.08196721311475409, 0.13114754098360656, 0.06557377049180328, 0.01639344262295082, 0.04918032786885246, 0.0, 0.04918032786885246, 0.0, 0.01639344262295082, 0.0, 0.01639344262295082, 0.01639344262295082]"
739.0,5.791292836858982,1.0549201460992186,0.017666651959836556,"[5.05, 5.15, 5.25, 5.35, 5.45, 5.55, 5.65, 5.75, 5.85, 5.95, 6.05, 6.15, 6.25, 6.35, 6.45, 6.55, 6.65, 6.75, 6.85, 6.95, 7.05, 7.15]","[0.8032786885245902, 0.45901639344262296, 0.4426229508196721, 0.4262295081967213, 0.21311475409836064, 0.16393442622950818, 0.18032786885245902, 0.13114754098360656, 0.08196721311475409, 0.13114754098360656, 0.06557377049180328, 0.01639344262295082, 0.04918032786885246, 0.0, 0.04918032786885246, 0.0, 0.01639344262295082, 0.0, 0.01639344262295082, 0.01639344262295082, 0.008620689655172414, 0.008620689655172414]"
740.0,6.01857022388542,1.1014669162709336,0.014703876608435494,"[5.05, 5.15, 5.25, 5.35, 5.45, 5.55, 5.65, 5.75, 5.85, 5.95, 6.05, 6.15, 6.25, 6.35, 6.45, 6.55, 6.65, 6.75, 6.85, 6.95]","[0.8032786885245902, 0.45901639344262296, 0.4426229508196721, 0.4262295081967213, 0.21311475409836064, 0.16393442622950818, 0.18032786885245902, 0.13114754098360656, 0.08196721311475409, 0.13114754098360656, 0.06557377049180328, 0.01639344262295082, 0.04918032786885246, 0.0, 0.04918032786885246, 0.0, 0.012345679012345678, 0.0, 0.012345679012345678, 0.012345679012345678]"
741.0,6.01857022388542,1.1014669162709336,0.007641835282508926,"[5.05, 5.15, 5.25, 5.35, 5.45, 5.55, 5.65, 5.75, 5.85, 5.95, 6.05, 6.15, 6.25, 6.35, 6.45, 6.55, 6.65, 6.75, 6.85, 6.95]","[0.8032786885245902, 0.45901639344262296, 0.4426229508196721, 0.4262295081967213, 0.21311475409836064, 0.16393442622950818, 0.18032786885245902, 0.13114754098360656, 0.08196721311475409, 0.13114754098360656, 0.06557377049180328, 0.01639344262295082, 0.04918032786885246, 0.0, 0.04918032786885246, 0.0, 0.012345679012345678, 0.0, 0.012345679012345678, 0.012345679012345678]"
742.0,5.895007467112577,1.076135705897917,0.011795724814494596,"[5.05, 5.15, 5.25, 5.35, 5.45, 5.55, 5.65, 5.75, 5.85, 5.95, 6.05, 6.15, 6.25, 6.35, 6.45, 6.55, 6.65, 6.75, 6.85, 6.95, 7.05, 7.15]","[0.8032786885245902, 0.45901639344262296, 0.4426229508196721, 0.4262295081967213, 0.21311475409836064, 0.16393442622950818, 0.18032786885245902, 0.13114754098360656, 0.08196721311475409, 0.13114754098360656, 0.06557377049180328, 0.01639344262295082, 0.04918032786885246, 0.0, 0.04918032786885246, 0.0, 0.012345679012345678, 0.0, 0.012345679012345678, 0.012345679012345678, 0.008620689655172414, 0.008620689655172414]"
743.0,5.944112512697953,1.0862048248175002,0.013428325241943111,"[5.05, 5.15, 5.25, 5.35, 5.45, 5.55, 5.65, 5.75, 5.85, 5.95, 6.05, 6.15, 6.25, 6.35, 6.45, 6.55, 6.65, 6.75, 6.85, 6.95]","[0.8032786885245902, 0.45901639344262296, 0.4426229508196721, 0.4262295081967213, 0.21311475409836064, 0.16393442622950818, 0.18032786885245902, 0.13114754098360656, 0.08196721311475409, 0.13114754098360656, 0.06557377049180328, 0.01639344262295082, 0.04918032786885246, 0.0, 0.04918032786885246, 0.009900990099009901, 0.019801980198019802, 0.0, 0.009900990099009901, 0.009900990099009901]"
744.0,5.838175970736829,1.064442686842577,0.01083882510146887,"[5.05, 5.15, 5.25, 5.35, 5.45, 5.55, 5.65, 5.75, 5.85, 5.95, 6.05, 6.15, 6.25, 6.35, 6.45, 6.55, 6.65, 6.75, 6.85, 6.95, 7.05, 7.15]","[0.8032786885245902, 0.45901639344262296, 0.4426229508196721, 0.4262295081967213, 0.21311475409836064, 0.16393442622950818, 0.18032786885245902, 0.13114754098360656, 0.08196721311475409, 0.13114754098360656, 0.06557377049180328, 0.01639344262295082, 0.04918032786885246, 0.0, 0.04918032786885246, 0.009900990099009901, 0.019801980198019802, 0.0, 0.009900990099009901, 0.009900990099009901, 0.008620689655172414, 0.008620689655172414]"
745.0,5.6688549002568696,1.0298636614026773,0.017100546802755988,"[5.05, 5.15, 5.25, 5.35, 5.45, 5.55, 5.65, 5.75, 5.85, 5.95, 6.05, 6.15, 6.25, 6.35, 6.45, 6.55, 6.65, 6.75, 6.85, 6.95, 7.05, 7.15]","[0.8032786885245902, 0.45901639344262296, 0.4426229508196721, 0.4262295081967213, 0.21311475409836064, 0.16393442622950818, 0.18032786885245902, 0.13114754098360656, 0.08196721311475409, 0.13114754098360656, 0.06557377049180328, 0.01639344262295082, 0.04918032786885246, 0.0, 0.04918032786885246, 0.008620689655172414, 0.02586206896551724, 0.008620689655172414, 0.008620689655172414, 0.017241379310344827, 0.008620689655172414, 0.008620689655172414]"
746.0,6.172074283730075,1.1332051816631925,0.01650321316907118,"[5.05, 5.15, 5.25, 5.35, 5.45, 5.55, 5.65, 5.75, 5.85, 5.95, 6.05, 6.15, 6.25, 6.35, 6.45, 6.55, 6.65, 6.75, 6.85, 6.95]","[0.8032786885245902, 0.45901639344262296, 0.4426229508196721, 0.4262295081967213, 0.21311475409836064, 0.16393442622950818, 0.18032786885245902, 0.13114754098360656, 0.08196721311475409, 0.13114754098360656, 0.04938271604938271, 0.012345679012345678, 0.04938271604938271, 0.0, 0.037037037037037035, 0.0, 0.012345679012345678, 0.0, 0.012345679012345678, 0.012345679012345678]"
747.0,6.172074283730075,1.1332051816631925,0.0082466697093482,"[5.05, 5.15, 5.25, 5.35, 5.45, 5.55, 5.65, 5.75, 5.85, 5.95, 6.05, 6.15, 6.25, 6.35, 6.45, 6.55, 6.65, 6.75, 6.85, 6.95]","[0.8032786885245902, 0.45901639344262296, 0.4426229508196721, 0.4262295081967213, 0.21311475409836064, 0.16393442622950818, 0.18032786885245902, 0.13114754098360656, 0.08196721311475409, 0.13114754098360656, 0.04938271604938271, 0.012345679012345678, 0.04938271604938271, 0.0, 0.037037037037037035, 0.0, 0.012345679012345678, 0.0, 0.012345679012345678, 0.012345679012345678]"
748.0,6.036607369844343,1.1055470738484627,0.013640652840325064,"[5.05, 5.15, 5.25, 5.35, 5.45, 5.55, 5.65, 5.75, 5.85, 5.95, 6.05, 6.15, 6.25, 6.35, 6.45, 6.55, 6.65, 6.75, 6.85, 6.95, 7.05, 7.15]","[0.8032786885245902, 0.45901639344262296, 0.4426229508196721, 0.4262295081967213, 0.21311475409836064, 0.16393442622950818, 0.18032786885245902, 0.13114754098360656, 0.08196721311475409, 0.13114754098360656, 0.04938271604938271, 0.012345679012345678, 0.04938271604938271, 0.0, 0.037037037037037035, 0.0, 0.012345679012345678, 0.0, 0.012345679012345678, 0.012345679012345678, 0.008620689655172414, 0.008620689655172414]"
749.0,6.08957852622629,1.116339386098941,0.007820597786538472,"[5.05, 5.15, 5.25, 5.35, 5.45, 5.55, 5.65, 5.75, 5.85, 5.95, 6.05, 6.15, 6.25, 6.35, 6.45, 6.55, 6.65, 6.75, 6.85, 6.95]","[0.8032786885245902, 0.45901639344262296, 0.4426229508196721, 0.4262295081967213, 0.21311475409836064, 0.16393442622950818, 0.18032786885245902, 0.13114754098360656, 0.08196721311475409, 0.13114754098360656, 0.04938271604938271, 0.012345679012345678, 0.04938271604938271, 0.0, 0.037037037037037035, 0.009900990099009901, 0.019801980198019802, 0.0, 0.009900990099009901, 0.009900990099009901]"
750.0,5.971815028193197,1.092257495121472,0.006905422931020906,"[5.05, 5.15, 5.25, 5.35, 5.45, 5.55, 5.65, 5.75, 5.85, 5.95, 6.05, 6.15, 6.25, 6.35, 6.45, 6.55, 6.65, 6.75, 6.85, 6.95, 7.05, 7.15]","[0.8032786885245902, 0.45901639344262296, 0.4426229508196721, 0.4262295081967213, 0.21311475409836064, 0.16393442622950818, 0.18032786885245902, 0.13114754098360656, 0.08196721311475409, 0.13114754098360656, 0.04938271604938271, 0.012345679012345678, 0.04938271604938271, 0.0, 0.037037037037037035, 0.009900990099009901, 0.019801980198019802, 0.0, 0.009900990099009901, 0.009900990099009901, 0.008620689655172414, 0.008620689655172414]"
751.0,5.7981275899564775,1.0568701591865777,0.010695901939931293,"[5.05, 5.15, 5.25, 5.35, 5.45, 5.55, 5.65, 5.75, 5.85, 5.95, 6.05, 6.15, 6.25, 6.35, 6.45, 6.55, 6.65, 6.75, 6.85, 6.95, 7.05, 7.15]","[0.8032786885245902, 0.45901639344262296, 0.4426229508196721, 0.4262295081967213, 0.21311475409836064, 0.16393442622950818, 0.18032786885245902, 0.13114754098360656, 0.08196721311475409, 0.13114754098360656, 0.04938271604938271, 0.012345679012345678, 0.04938271604938271, 0.0, 0.037037037037037035, 0.008620689655172414, 0.02586206896551724, 0.008620689655172414, 0.008620689655172414, 0.017241379310344827, 0.008620689655172414, 0.008620689655172414]"
752.0,6.023846436561748,1.1027114344504907,0.01513736440285259,"[5.05, 5.15, 5.25, 5.35, 5.45, 5.55, 5.65, 5.75, 5.85, 5.95, 6.05, 6.15, 6.25, 6.35, 6.45, 6.55, 6.65, 6.75, 6.85, 6.95]","[0.8032786885245902, 0.45901639344262296, 0.4426229508196721, 0.4262295081967213, 0.21311475409836064, 0.16393442622950818, 0.18032786885245902, 0.13114754098360656, 0.08196721311475409, 0.13114754098360656, 0.0594059405940594, 0.019801980198019802, 0.04950495049504951, 0.0, 0.039603960396039604, 0.009900990099009901, 0.019801980198019802, 0.0, 0.009900990099009901, 0.009900990099009901]"
753.0,5.922407355013491,1.0819580594177938,0.013366981861457268,"[5.05, 5.15, 5.25, 5.35, 5.45, 5.55, 5.65, 5.75, 5.85, 5.95, 6.05, 6.15, 6.25, 6.35, 6.45, 6.55, 6.65, 6.75, 6.85, 6.95, 7.05, 7.15]","[0.8032786885245902, 0.45901639344262296, 0.4426229508196721, 0.4262295081967213, 0.21311475409836064, 0.16393442622950818, 0.18032786885245902, 0.13114754098360656, 0.08196721311475409, 0.13114754098360656, 0.0594059405940594, 0.019801980198019802, 0.04950495049504951, 0.0, 0.039603960396039604, 0.009900990099009901, 0.019801980198019802, 0.0, 0.009900990099009901, 0.009900990099009901, 0.008620689655172414, 0.008620689655172414]"
754.0,5.765626065574085,1.0500556389064104,0.009390159707349164,"[5.05, 5.15, 5.25, 5.35, 5.45, 5.55, 5.65, 5.75, 5.85, 5.95, 6.05, 6.15, 6.25, 6.35, 6.45, 6.55, 6.65, 6.75, 6.85, 6.95, 7.05, 7.15]","[0.8032786885245902, 0.45901639344262296, 0.4426229508196721, 0.4262295081967213, 0.21311475409836064, 0.16393442622950818, 0.18032786885245902, 0.13114754098360656, 0.08196721311475409, 0.13114754098360656, 0.0594059405940594, 0.019801980198019802, 0.04950495049504951, 0.0, 0.039603960396039604, 0.008620689655172414, 0.02586206896551724, 0.008620689655172414, 0.008620689655172414, 0.017241379310344827, 0.008620689655172414, 0.008620689655172414]"
755.0,5.666304212583259,1.0293050320390749,0.040552126624358656,"[5.05, 5.15, 5.25, 5.35, 5.45, 5.55, 5.65, 5.75, 5.85, 5.95, 6.05, 6.15, 6.25, 6.35, 6.45, 6.55, 6.65, 6.75, 6.85, 6.95, 7.05, 7.15]","[0.8032786885245902, 0.45901639344262296, 0.4426229508196721, 0.4262295081967213, 0.21311475409836064, 0.16393442622950818, 0.18032786885245902, 0.13114754098360656, 0.08196721311475409, 0.13114754098360656, 0.06896551724137931, 0.02586206896551724, 0.05172413793103448, 0.017241379310344827, 0.034482758620689655, 0.008620689655172414, 0.02586206896551724, 0.008620689655172414, 0.008620689655172414, 0.017241379310344827, 0.008620689655172414, 0.008620689655172414]"
756.0,6.239222065178424,1.1472428850004124,0.008230244455308478,"[5.05, 5.15, 5.25, 5.35, 5.45, 5.55, 5.65, 5.75, 5.85, 5.95, 6.05, 6.15, 6.25, 6.35, 6.45, 6.55, 6.65, 6.75, 6.85, 6.95]","[0.8032786885245902, 0.45901639344262296, 0.4426229508196721, 0.4262295081967213, 0.21311475409836064, 0.1728395061728395, 0.18518518518518517, 0.1111111111111111, 0.08641975308641975, 0.09876543209876543, 0.04938271604938271, 0.012345679012345678, 0.04938271604938271, 0.0, 0.037037037037037035, 0.0, 0.012345679012345678, 0.0, 0.012345679012345678, 0.012345679012345678]"
757.0,6.239222065178424,1.1472428850004124,0.004774498642046546,"[5.05, 5.15, 5.25, 5.35, 5.45, 5.55, 5.65, 5.75, 5.85, 5.95, 6.05, 6.15, 6.25, 6.35, 6.45, 6.55, 6.65, 6.75, 6.85, 6.95]","[0.8032786885245902, 0.45901639344262296, 0.4426229508196721, 0.4262295081967213, 0.21311475409836064, 0.1728395061728395, 0.18518518518518517, 0.1111111111111111, 0.08641975308641975, 0.09876543209876543, 0.04938271604938271, 0.012345679012345678, 0.04938271604938271, 0.0, 0.037037037037037035, 0.0, 0.012345679012345678, 0.0, 0.012345679012345678, 0.012345679012345678]"
758.0,6.100252455213673,1.1189994514011132,0.009380154373629218,"[5.05, 5.15, 5.25, 5.35, 5.45, 5.55, 5.65, 5.75, 5.85, 5.95, 6.05, 6.15, 6.25, 6.35, 6.45, 6.55, 6.65, 6.75, 6.85, 6.95, 7.05, 7.15]","[0.8032786885245902, 0.45901639344262296, 0.4426229508196721, 0.4262295081967213, 0.21311475409836064, 0.1728395061728395, 0.18518518518518517, 0.1111111111111111, 0.08641975308641975, 0.09876543209876543, 0.04938271604938271, 0.012345679012345678, 0.04938271604938271, 0.0, 0.037037037037037035, 0.0, 0.012345679012345678, 0.0, 0.012345679012345678, 0.012345679012345678, 0.008620689655172414, 0.008620689655172414]"
759.0,6.154560804340797,1.1300096921130243,0.004968370667261244,"[5.05, 5.15, 5.25, 5.35, 5.45, 5.55, 5.65, 5.75, 5.85, 5.95, 6.05, 6.15, 6.25, 6.35, 6.45, 6.55, 6.65, 6.75, 6.85, 6.95]","[0.8032786885245902, 0.45901639344262296, 0.4426229508196721, 0.4262295081967213, 0.21311475409836064, 0.1728395061728395, 0.18518518518518517, 0.1111111111111111, 0.08641975308641975, 0.09876543209876543, 0.04938271604938271, 0.012345679012345678, 0.04938271604938271, 0.0, 0.037037037037037035, 0.009900990099009901, 0.019801980198019802, 0.0, 0.009900990099009901, 0.009900990099009901]"
760.0,6.03244751151979,1.1051571160445905,0.0052852206740591715,"[5.05, 5.15, 5.25, 5.35, 5.45, 5.55, 5.65, 5.75, 5.85, 5.95, 6.05, 6.15, 6.25, 6.35, 6.45, 6.55, 6.65, 6.75, 6.85, 6.95, 7.05, 7.15]","[0.8032786885245902, 0.45901639344262296, 0.4426229508196721, 0.4262295081967213, 0.21311475409836064, 0.1728395061728395, 0.18518518518518517, 0.1111111111111111, 0.08641975308641975, 0.09876543209876543, 0.04938271604938271, 0.012345679012345678, 0.04938271604938271, 0.0, 0.037037037037037035, 0.009900990099009901, 0.019801980198019802, 0.0, 0.009900990099009901, 0.009900990099009901, 0.008620689655172414, 0.008620689655172414]"
761.0,5.856941419064629,1.0695489372105225,0.014069264025404959,"[5.05, 5.15, 5.25, 5.35, 5.45, 5.55, 5.65, 5.75, 5.85, 5.95, 6.05, 6.15, 6.25, 6.35, 6.45, 6.55, 6.65, 6.75, 6.85, 6.95, 7.05, 7.15]","[0.8032786885245902, 0.45901639344262296, 0.4426229508196721, 0.4262295081967213, 0.21311475409836064, 0.1728395061728395, 0.18518518518518517, 0.1111111111111111, 0.08641975308641975, 0.09876543209876543, 0.04938271604938271, 0.012345679012345678, 0.04938271604938271, 0.0, 0.037037037037037035, 0.008620689655172414, 0.02586206896551724, 0.008620689655172414, 0.008620689655172414, 0.017241379310344827, 0.008620689655172414, 0.008620689655172414]"
762.0,6.084401127139028,1.1155310768044315,0.006691614213660317,"[5.05, 5.15, 5.25, 5.35, 5.45, 5.55, 5.65, 5.75, 5.85, 5.95, 6.05, 6.15, 6.25, 6.35, 6.45, 6.55, 6.65, 6.75, 6.85, 6.95]","[0.8032786885245902, 0.45901639344262296, 0.4426229508196721, 0.4262295081967213, 0.21311475409836064, 0.1728395061728395, 0.18518518518518517, 0.1111111111111111, 0.08641975308641975, 0.09876543209876543, 0.0594059405940594, 0.019801980198019802, 0.04950495049504951, 0.0, 0.039603960396039604, 0.009900990099009901, 0.019801980198019802, 0.0, 0.009900990099009901, 0.009900990099009901]"
763.0,5.978387919605341,1.0939461834146682,0.00547270514019457,"[5.05, 5.15, 5.25, 5.35, 5.45, 5.55, 5.65, 5.75, 5.85, 5.95, 6.05, 6.15, 6.25, 6.35, 6.45, 6.55, 6.65, 6.75, 6.85, 6.95, 7.05, 7.15]","[0.8032786885245902, 0.45901639344262296, 0.4426229508196721, 0.4262295081967213, 0.21311475409836064, 0.1728395061728395, 0.18518518518518517, 0.1111111111111111, 0.08641975308641975, 0.09876543209876543, 0.0594059405940594, 0.019801980198019802, 0.04950495049504951, 0.0, 0.039603960396039604, 0.009900990099009901, 0.019801980198019802, 0.0, 0.009900990099009901, 0.009900990099009901, 0.008620689655172414, 0.008620689655172414]"
764.0,5.819411180031952,1.0617277458425907,0.005996709098878965,"[5.05, 5.15, 5.25, 5.35, 5.45, 5.55, 5.65, 5.75, 5.85, 5.95, 6.05, 6.15, 6.25, 6.35, 6.45, 6.55, 6.65, 6.75, 6.85, 6.95, 7.05, 7.15]","[0.8032786885245902, 0.45901639344262296, 0.4426229508196721, 0.4262295081967213, 0.21311475409836064, 0.1728395061728395, 0.18518518518518517, 0.1111111111111111, 0.08641975308641975, 0.09876543209876543, 0.0594059405940594, 0.019801980198019802, 0.04950495049504951, 0.0, 0.039603960396039604, 0.008620689655172414, 0.02586206896551724, 0.008620689655172414, 0.008620689655172414, 0.017241379310344827, 0.008620689655172414, 0.008620689655172414]"
765.0,5.716730417648436,1.0403859822059265,0.01518541462530639,"[5.05, 5.15, 5.25, 5.35, 5.45, 5.55, 5.65, 5.75, 5.85, 5.95, 6.05, 6.15, 6.25, 6.35, 6.45, 6.55, 6.65, 6.75, 6.85, 6.95, 7.05, 7.15]","[0.8032786885245902, 0.45901639344262296, 0.4426229508196721, 0.4262295081967213, 0.21311475409836064, 0.1728395061728395, 0.18518518518518517, 0.1111111111111111, 0.08641975308641975, 0.09876543209876543, 0.06896551724137931, 0.02586206896551724, 0.05172413793103448, 0.017241379310344827, 0.034482758620689655, 0.008620689655172414, 0.02586206896551724, 0.008620689655172414, 0.008620689655172414, 0.017241379310344827, 0.008620689655172414, 0.008620689655172414]"
766.0,5.954469291934874,1.0877024503294181,0.006096075183305131,"[5.05, 5.15, 5.25, 5.35, 5.45, 5.55, 5.65, 5.75, 5.85, 5.95, 6.05, 6.15, 6.25, 6.35, 6.45, 6.55, 6.65, 6.75, 6.85, 6.95]","[0.8032786885245902, 0.45901639344262296, 0.4426229508196721, 0.4262295081967213, 0.21311475409836064, 0.1782178217821782, 0.19801980198019803, 0.09900990099009901, 0.12871287128712872, 0.10891089108910891, 0.0594059405940594, 0.019801980198019802, 0.04950495049504951, 0.0, 0.039603960396039604, 0.009900990099009901, 0.019801980198019802, 0.0, 0.009900990099009901, 0.009900990099009901]"
767.0,5.868992040634007,1.070285231632251,0.009152107586979546,"[5.05, 5.15, 5.25, 5.35, 5.45, 5.55, 5.65, 5.75, 5.85, 5.95, 6.05, 6.15, 6.25, 6.35, 6.45, 6.55, 6.65, 6.75, 6.85, 6.95, 7.05, 7.15]","[0.8032786885245902, 0.45901639344262296, 0.4426229508196721, 0.4262295081967213, 0.21311475409836064, 0.1782178217821782, 0.19801980198019803, 0.09900990099009901, 0.12871287128712872, 0.10891089108910891, 0.0594059405940594, 0.019801980198019802, 0.04950495049504951, 0.0, 0.039603960396039604, 0.009900990099009901, 0.019801980198019802, 0.0, 0.009900990099009901, 0.009900990099009901, 0.008620689655172414, 0.008620689655172414]"
768.0,5.728028324245338,1.0418006751193558,0.010601501274973522,"[5.05, 5.15, 5.25, 5.35, 5.45, 5.55, 5.65, 5.75, 5.85, 5.95, 6.05, 6.15, 6.25, 6.35, 6.45, 6.55, 6.65, 6.75, 6.85, 6.95, 7.05, 7.15]","[0.8032786885245902, 0.45901639344262296, 0.4426229508196721, 0.4262295081967213, 0.21311475409836064, 0.1782178217821782, 0.19801980198019803, 0.09900990099009901, 0.12871287128712872, 0.10891089108910891, 0.0594059405940594, 0.019801980198019802, 0.04950495049504951, 0.0, 0.039603960396039604, 0.008620689655172414, 0.02586206896551724, 0.008620689655172414, 0.008620689655172414, 0.017241379310344827, 0.008620689655172414, 0.008620689655172414]"
769.0,5.639666040013449,1.0234746153412664,0.01850819315193546,"[5.05, 5.15, 5.25, 5.35, 5.45, 5.55, 5.65, 5.75, 5.85, 5.95, 6.05, 6.15, 6.25, 6.35, 6.45, 6.55, 6.65, 6.75, 6.85, 6.95, 7.05, 7.15]","[0.8032786885245902, 0.45901639344262296, 0.4426229508196721, 0.4262295081967213, 0.21311475409836064, 0.1782178217821782, 0.19801980198019803, 0.09900990099009901, 0.12871287128712872, 0.10891089108910891, 0.06896551724137931, 0.02586206896551724, 0.05172413793103448, 0.017241379310344827, 0.034482758620689655, 0.008620689655172414, 0.02586206896551724, 0.008620689655172414, 0.008620689655172414, 0.017241379310344827, 0.008620689655172414, 0.008620689655172414]"
770.0,5.563429453755152,1.0058507295826065,0.018055618782892253,"[5.05, 5.15, 5.25, 5.35, 5.45, 5.55, 5.65, 5.75, 5.85, 5.95, 6.05, 6.15, 6.25, 6.35, 6.45, 6.55, 6.65, 6.75, 6.85, 6.95, 7.05, 7.15]","[0.8032786885245902, 0.45901639344262296, 0.4426229508196721, 0.4262295081967213, 0.21311475409836064, 0.19827586206896552, 0.20689655172413793, 0.1206896551724138, 0.12931034482758622, 0.12931034482758622, 0.06896551724137931, 0.02586206896551724, 0.05172413793103448, 0.017241379310344827, 0.034482758620689655, 0.008620689655172414, 0.02586206896551724, 0.008620689655172414, 0.008620689655172414, 0.017241379310344827, 0.008620689655172414, 0.008620689655172414]"
771.0,6.1953814997368255,1.139465267636304,0.01669098957859779,"[5.05, 5.15, 5.25, 5.35, 5.45, 5.55, 5.65, 5.75, 5.85, 5.95, 6.05, 6.15, 6.25, 6.35, 6.45, 6.55, 6.65, 6.75, 6.85, 6.95]","[0.7654320987654321, 0.4691358024691358, 0.4691358024691358, 0.3950617283950617, 0.20987654320987653, 0.1728395061728395, 0.18518518518518517, 0.1111111111111111, 0.08641975308641975, 0.09876543209876543, 0.04938271604938271, 0.012345679012345678, 0.04938271604938271, 0.0, 0.037037037037037035, 0.0, 0.012345679012345678, 0.0, 0.012345679012345678, 0.012345679012345678]"
772.0,6.1953814997368255,1.139465267636304,0.01064989661390065,"[5.05, 5.15, 5.25, 5.35, 5.45, 5.55, 5.65, 5.75, 5.85, 5.95, 6.05, 6.15, 6.25, 6.35, 6.45, 6.55, 6.65, 6.75, 6.85, 6.95]","[0.7654320987654321, 0.4691358024691358, 0.4691358024691358, 0.3950617283950617, 0.20987654320987653, 0.1728395061728395, 0.18518518518518517, 0.1111111111111111, 0.08641975308641975, 0.09876543209876543, 0.04938271604938271, 0.012345679012345678, 0.04938271604938271, 0.0, 0.037037037037037035, 0.0, 0.012345679012345678, 0.0, 0.012345679012345678, 0.012345679012345678]"
773.0,6.066852426087612,1.11317052764389,0.011041872227269819,"[5.05, 5.15, 5.25, 5.35, 5.45, 5.55, 5.65, 5.75, 5.85, 5.95, 6.05, 6.15, 6.25, 6.35, 6.45, 6.55, 6.65, 6.75, 6.85, 6.95, 7.05, 7.15]","[0.7654320987654321, 0.4691358024691358, 0.4691358024691358, 0.3950617283950617, 0.20987654320987653, 0.1728395061728395, 0.18518518518518517, 0.1111111111111111, 0.08641975308641975, 0.09876543209876543, 0.04938271604938271, 0.012345679012345678, 0.04938271604938271, 0.0, 0.037037037037037035, 0.0, 0.012345679012345678, 0.0, 0.012345679012345678, 0.012345679012345678, 0.008620689655172414, 0.008620689655172414]"
774.0,6.116082026748842,1.1232495205487616,0.010340402146021098,"[5.05, 5.15, 5.25, 5.35, 5.45, 5.55, 5.65, 5.75, 5.85, 5.95, 6.05, 6.15, 6.25, 6.35, 6.45, 6.55, 6.65, 6.75, 6.85, 6.95]","[0.7654320987654321, 0.4691358024691358, 0.4691358024691358, 0.3950617283950617, 0.20987654320987653, 0.1728395061728395, 0.18518518518518517, 0.1111111111111111, 0.08641975308641975, 0.09876543209876543, 0.04938271604938271, 0.012345679012345678, 0.04938271604938271, 0.0, 0.037037037037037035, 0.009900990099009901, 0.019801980198019802, 0.0, 0.009900990099009901, 0.009900990099009901]"
775.0,6.002819858279205,1.1000404555851953,0.005004631297620925,"[5.05, 5.15, 5.25, 5.35, 5.45, 5.55, 5.65, 5.75, 5.85, 5.95, 6.05, 6.15, 6.25, 6.35, 6.45, 6.55, 6.65, 6.75, 6.85, 6.95, 7.05, 7.15]","[0.7654320987654321, 0.4691358024691358, 0.4691358024691358, 0.3950617283950617, 0.20987654320987653, 0.1728395061728395, 0.18518518518518517, 0.1111111111111111, 0.08641975308641975, 0.09876543209876543, 0.04938271604938271, 0.012345679012345678, 0.04938271604938271, 0.0, 0.037037037037037035, 0.009900990099009901, 0.019801980198019802, 0.0, 0.009900990099009901, 0.009900990099009901, 0.008620689655172414, 0.008620689655172414]"
776.0,5.837013341546185,1.0662143572447855,0.021956939347717343,"[5.05, 5.15, 5.25, 5.35, 5.45, 5.55, 5.65, 5.75, 5.85, 5.95, 6.05, 6.15, 6.25, 6.35, 6.45, 6.55, 6.65, 6.75, 6.85, 6.95, 7.05, 7.15]","[0.7654320987654321, 0.4691358024691358, 0.4691358024691358, 0.3950617283950617, 0.20987654320987653, 0.1728395061728395, 0.18518518518518517, 0.1111111111111111, 0.08641975308641975, 0.09876543209876543, 0.04938271604938271, 0.012345679012345678, 0.04938271604938271, 0.0, 0.037037037037037035, 0.008620689655172414, 0.02586206896551724, 0.008620689655172414, 0.008620689655172414, 0.017241379310344827, 0.008620689655172414, 0.008620689655172414]"
777.0,6.048559021875706,1.1092821711798226,0.013199421493394127,"[5.05, 5.15, 5.25, 5.35, 5.45, 5.55, 5.65, 5.75, 5.85, 5.95, 6.05, 6.15, 6.25, 6.35, 6.45, 6.55, 6.65, 6.75, 6.85, 6.95]","[0.7654320987654321, 0.4691358024691358, 0.4691358024691358, 0.3950617283950617, 0.20987654320987653, 0.1728395061728395, 0.18518518518518517, 0.1111111111111111, 0.08641975308641975, 0.09876543209876543, 0.0594059405940594, 0.019801980198019802, 0.04950495049504951, 0.0, 0.039603960396039604, 0.009900990099009901, 0.019801980198019802, 0.0, 0.009900990099009901, 0.009900990099009901]"
778.0,5.950215356385289,1.089112291567825,0.011083692835405896,"[5.05, 5.15, 5.25, 5.35, 5.45, 5.55, 5.65, 5.75, 5.85, 5.95, 6.05, 6.15, 6.25, 6.35, 6.45, 6.55, 6.65, 6.75, 6.85, 6.95, 7.05, 7.15]","[0.7654320987654321, 0.4691358024691358, 0.4691358024691358, 0.3950617283950617, 0.20987654320987653, 0.1728395061728395, 0.18518518518518517, 0.1111111111111111, 0.08641975308641975, 0.09876543209876543, 0.0594059405940594, 0.019801980198019802, 0.04950495049504951, 0.0, 0.039603960396039604, 0.009900990099009901, 0.019801980198019802, 0.0, 0.009900990099009901, 0.009900990099009901, 0.008620689655172414, 0.008620689655172414]"
779.0,5.800011433382682,1.0584954008674172,0.009859824354961957,"[5.05, 5.15, 5.25, 5.35, 5.45, 5.55, 5.65, 5.75, 5.85, 5.95, 6.05, 6.15, 6.25, 6.35, 6.45, 6.55, 6.65, 6.75, 6.85, 6.95, 7.05, 7.15]","[0.7654320987654321, 0.4691358024691358, 0.4691358024691358, 0.3950617283950617, 0.20987654320987653, 0.1728395061728395, 0.18518518518518517, 0.1111111111111111, 0.08641975308641975, 0.09876543209876543, 0.0594059405940594, 0.019801980198019802, 0.04950495049504951, 0.0, 0.039603960396039604, 0.008620689655172414, 0.02586206896551724, 0.008620689655172414, 0.008620689655172414, 0.017241379310344827, 0.008620689655172414, 0.008620689655172414]"
780.0,5.69938566283041,1.0375453519827806,0.028780049121306762,"[5.05, 5.15, 5.25, 5.35, 5.45, 5.55, 5.65, 5.75, 5.85, 5.95, 6.05, 6.15, 6.25, 6.35, 6.45, 6.55, 6.65, 6.75, 6.85, 6.95, 7.05, 7.15]","[0.7654320987654321, 0.4691358024691358, 0.4691358024691358, 0.3950617283950617, 0.20987654320987653, 0.1728395061728395, 0.18518518518518517, 0.1111111111111111, 0.08641975308641975, 0.09876543209876543, 0.06896551724137931, 0.02586206896551724, 0.05172413793103448, 0.017241379310344827, 0.034482758620689655, 0.008620689655172414, 0.02586206896551724, 0.008620689655172414, 0.008620689655172414, 0.017241379310344827, 0.008620689655172414, 0.008620689655172414]"
781.0,5.915245021145936,1.0808749549625372,0.007086940595555661,"[5.05, 5.15, 5.25, 5.35, 5.45, 5.55, 5.65, 5.75, 5.85, 5.95, 6.05, 6.15, 6.25, 6.35, 6.45, 6.55, 6.65, 6.75, 6.85, 6.95]","[0.7654320987654321, 0.4691358024691358, 0.4691358024691358, 0.3950617283950617, 0.20987654320987653, 0.1782178217821782, 0.19801980198019803, 0.09900990099009901, 0.12871287128712872, 0.10891089108910891, 0.0594059405940594, 0.019801980198019802, 0.04950495049504951, 0.0, 0.039603960396039604, 0.009900990099009901, 0.019801980198019802, 0.0, 0.009900990099009901, 0.009900990099009901]"
782.0,5.836698167655175,1.0647354642947349,0.007761247271809164,"[5.05, 5.15, 5.25, 5.35, 5.45, 5.55, 5.65, 5.75, 5.85, 5.95, 6.05, 6.15, 6.25, 6.35, 6.45, 6.55, 6.65, 6.75, 6.85, 6.95, 7.05, 7.15]","[0.7654320987654321, 0.4691358024691358, 0.4691358024691358, 0.3950617283950617, 0.20987654320987653, 0.1782178217821782, 0.19801980198019803, 0.09900990099009901, 0.12871287128712872, 0.10891089108910891, 0.0594059405940594, 0.019801980198019802, 0.04950495049504951, 0.0, 0.039603960396039604, 0.009900990099009901, 0.019801980198019802, 0.0, 0.009900990099009901, 0.009900990099009901, 0.008620689655172414, 0.008620689655172414]"
783.0,5.704219553399106,1.0377955705600246,0.010177938866334517,"[5.05, 5.15, 5.25, 5.35, 5.45, 5.55, 5.65, 5.75, 5.85, 5.95, 6.05, 6.15, 6.25, 6.35, 6.45, 6.55, 6.65, 6.75, 6.85, 6.95, 7.05, 7.15]","[0.7654320987654321, 0.4691358024691358, 0.4691358024691358, 0.3950617283950617, 0.20987654320987653, 0.1782178217821782, 0.19801980198019803, 0.09900990099009901, 0.12871287128712872, 0.10891089108910891, 0.0594059405940594, 0.019801980198019802, 0.04950495049504951, 0.0, 0.039603960396039604, 0.008620689655172414, 0.02586206896551724, 0.008620689655172414, 0.008620689655172414, 0.017241379310344827, 0.008620689655172414, 0.008620689655172414]"
784.0,5.617944994677973,1.0198592586555952,0.018455557894613495,"[5.05, 5.15, 5.25, 5.35, 5.45, 5.55, 5.65, 5.75, 5.85, 5.95, 6.05, 6.15, 6.25, 6.35, 6.45, 6.55, 6.65, 6.75, 6.85, 6.95, 7.05, 7.15]","[0.7654320987654321, 0.4691358024691358, 0.4691358024691358, 0.3950617283950617, 0.20987654320987653, 0.1782178217821782, 0.19801980198019803, 0.09900990099009901, 0.12871287128712872, 0.10891089108910891, 0.06896551724137931, 0.02586206896551724, 0.05172413793103448, 0.017241379310344827, 0.034482758620689655, 0.008620689655172414, 0.02586206896551724, 0.008620689655172414, 0.008620689655172414, 0.017241379310344827, 0.008620689655172414, 0.008620689655172414]"
785.0,5.532248358979133,1.0005693500344963,0.006073378402906772,"[5.05, 5.15, 5.25, 5.35, 5.45, 5.55, 5.65, 5.75, 5.85, 5.95, 6.05, 6.15, 6.25, 6.35, 6.45, 6.55, 6.65, 6.75, 6.85, 6.95, 7.05, 7.15]","[0.7654320987654321, 0.4691358024691358, 0.4691358024691358, 0.3950617283950617, 0.20987654320987653, 0.19827586206896552, 0.20689655172413793, 0.1206896551724138, 0.12931034482758622, 0.12931034482758622, 0.06896551724137931, 0.02586206896551724, 0.05172413793103448, 0.017241379310344827, 0.034482758620689655, 0.008620689655172414, 0.02586206896551724, 0.008620689655172414, 0.008620689655172414, 0.017241379310344827, 0.008620689655172414, 0.008620689655172414]"
786.0,6.180010991860099,1.1285506243392323,0.018018422154013933,"[5.05, 5.15, 5.25, 5.35, 5.45, 5.55, 5.65, 5.75, 5.85, 5.95, 6.05, 6.15, 6.25, 6.35, 6.45, 6.55, 6.65, 6.75, 6.85, 6.95]","[0.8316831683168316, 0.5346534653465347, 0.5445544554455446, 0.38613861386138615, 0.21782178217821782, 0.1782178217821782, 0.19801980198019803, 0.09900990099009901, 0.12871287128712872, 0.10891089108910891, 0.0594059405940594, 0.019801980198019802, 0.04950495049504951, 0.0, 0.039603960396039604, 0.009900990099009901, 0.019801980198019802, 0.0, 0.009900990099009901, 0.009900990099009901]"
787.0,6.094453793969384,1.1109725206571555,0.013620834324901816,"[5.05, 5.15, 5.25, 5.35, 5.45, 5.55, 5.65, 5.75, 5.85, 5.95, 6.05, 6.15, 6.25, 6.35, 6.45, 6.55, 6.65, 6.75, 6.85, 6.95, 7.05, 7.15]","[0.8316831683168316, 0.5346534653465347, 0.5445544554455446, 0.38613861386138615, 0.21782178217821782, 0.1782178217821782, 0.19801980198019803, 0.09900990099009901, 0.12871287128712872, 0.10891089108910891, 0.0594059405940594, 0.019801980198019802, 0.04950495049504951, 0.0, 0.039603960396039604, 0.009900990099009901, 0.019801980198019802, 0.0, 0.009900990099009901, 0.009900990099009901, 0.008620689655172414, 0.008620689655172414]"
788.0,5.961789648165298,1.0839200173615315,0.01670450017710519,"[5.05, 5.15, 5.25, 5.35, 5.45, 5.55, 5.65, 5.75, 5.85, 5.95, 6.05, 6.15, 6.25, 6.35, 6.45, 6.55, 6.65, 6.75, 6.85, 6.95, 7.05, 7.15]","[0.8316831683168316, 0.5346534653465347, 0.5445544554455446, 0.38613861386138615, 0.21782178217821782, 0.1782178217821782, 0.19801980198019803, 0.09900990099009901, 0.12871287128712872, 0.10891089108910891, 0.0594059405940594, 0.019801980198019802, 0.04950495049504951, 0.0, 0.039603960396039604, 0.008620689655172414, 0.02586206896551724, 0.008620689655172414, 0.008620689655172414, 0.017241379310344827, 0.008620689655172414, 0.008620689655172414]"
789.0,5.872428645981489,1.0653807802522113,0.03324912024481327,"[5.05, 5.15, 5.25, 5.35, 5.45, 5.55, 5.65, 5.75, 5.85, 5.95, 6.05, 6.15, 6.25, 6.35, 6.45, 6.55, 6.65, 6.75, 6.85, 6.95, 7.05, 7.15]","[0.8316831683168316, 0.5346534653465347, 0.5445544554455446, 0.38613861386138615, 0.21782178217821782, 0.1782178217821782, 0.19801980198019803, 0.09900990099009901, 0.12871287128712872, 0.10891089108910891, 0.06896551724137931, 0.02586206896551724, 0.05172413793103448, 0.017241379310344827, 0.034482758620689655, 0.008620689655172414, 0.02586206896551724, 0.008620689655172414, 0.008620689655172414, 0.017241379310344827, 0.008620689655172414, 0.008620689655172414]"
790.0,5.777436017514143,1.04460056021855,0.021989122125140433,"[5.05, 5.15, 5.25, 5.35, 5.45, 5.55, 5.65, 5.75, 5.85, 5.95, 6.05, 6.15, 6.25, 6.35, 6.45, 6.55, 6.65, 6.75, 6.85, 6.95, 7.05, 7.15]","[0.8316831683168316, 0.5346534653465347, 0.5445544554455446, 0.38613861386138615, 0.21782178217821782, 0.19827586206896552, 0.20689655172413793, 0.1206896551724138, 0.12931034482758622, 0.12931034482758622, 0.06896551724137931, 0.02586206896551724, 0.05172413793103448, 0.017241379310344827, 0.034482758620689655, 0.008620689655172414, 0.02586206896551724, 0.008620689655172414, 0.008620689655172414, 0.017241379310344827, 0.008620689655172414, 0.008620689655172414]"
791.0,5.955513196755076,1.0743222350002126,0.004037805761525911,"[5.05, 5.15, 5.25, 5.35, 5.45, 5.55, 5.65, 5.75, 5.85, 5.95, 6.05, 6.15, 6.25, 6.35, 6.45, 6.55, 6.65, 6.75, 6.85, 6.95, 7.05, 7.15]","[0.9224137931034483, 0.5258620689655172, 0.5517241379310345, 0.5, 0.2672413793103448, 0.19827586206896552, 0.20689655172413793, 0.1206896551724138, 0.12931034482758622, 0.12931034482758622, 0.06896551724137931, 0.02586206896551724, 0.05172413793103448, 0.017241379310344827, 0.034482758620689655, 0.008620689655172414, 0.02586206896551724, 0.008620689655172414, 0.008620689655172414, 0.017241379310344827, 0.008620689655172414, 0.008620689655172414]"
798.0,7.0092203067559495,1.2505187471013006,0.12158534773001484,"[4.55, 4.65, 4.75, 4.85, 4.95, 5.05, 5.15, 5.25, 5.35, 5.45, 5.55, 5.65, 5.75, 5.85, 5.95, 6.05, 6.15, 6.25, 6.35, 6.45, 6.55, 6.65, 6.75, 6.85, 6.95, 7.05, 7.15]","[5.0, 5.0, 5.0, 6.0, 1.0, 0.0, 0.0, 1.0, 0.0, 0.0, 0.0, 0.0, 0.0, 0.0, 0.0, 0.0, 0.0, 0.0, 0.0, 0.0, 0.0, 0.0, 0.0, 0.0, 0.0, 0.008620689655172414, 0.008620689655172414]"
799.0,7.9279792166976,1.4562072564711566,0.03793389761195661,"[4.55, 4.65, 4.75, 4.85, 4.95, 5.05, 5.15, 5.25, 5.35, 5.45, 5.55, 5.65, 5.75, 5.85, 5.95, 6.05, 6.15, 6.25, 6.35, 6.45, 6.55, 6.65]","[5.0, 5.0, 5.0, 6.0, 1.0, 0.0, 0.0, 1.0, 0.0, 0.0, 0.0, 0.0, 0.0, 0.0, 0.0, 0.0, 0.0, 0.0, 0.0, 0.0, 0.0, 0.047619047619047616]"
800.0,7.9279792166976,1.4562072564711566,0.021004329030722572,"[4.55, 4.65, 4.75, 4.85, 4.95, 5.05, 5.15, 5.25, 5.35, 5.45, 5.55, 5.65, 5.75, 5.85, 5.95, 6.05, 6.15, 6.25, 6.35, 6.45, 6.55, 6.65]","[5.0, 5.0, 5.0, 6.0, 1.0, 0.0, 0.0, 1.0, 0.0, 0.0, 0.0, 0.0, 0.0, 0.0, 0.0, 0.0, 0.0, 0.0, 0.0, 0.0, 0.0, 0.047619047619047616]"
801.0,7.9279792166976,1.4562072564711566,0.021004329030722572,"[4.55, 4.65, 4.75, 4.85, 4.95, 5.05, 5.15, 5.25, 5.35, 5.45, 5.55, 5.65, 5.75, 5.85, 5.95, 6.05, 6.15, 6.25, 6.35, 6.45, 6.55, 6.65]","[5.0, 5.0, 5.0, 6.0, 1.0, 0.0, 0.0, 1.0, 0.0, 0.0, 0.0, 0.0, 0.0, 0.0, 0.0, 0.0, 0.0, 0.0, 0.0, 0.0, 0.0, 0.047619047619047616]"
802.0,7.9279792166976,1.4562072564711566,0.021004329030722572,"[4.55, 4.65, 4.75, 4.85, 4.95, 5.05, 5.15, 5.25, 5.35, 5.45, 5.55, 5.65, 5.75, 5.85, 5.95, 6.05, 6.15, 6.25, 6.35, 6.45, 6.55, 6.65]","[5.0, 5.0, 5.0, 6.0, 1.0, 0.0, 0.0, 1.0, 0.0, 0.0, 0.0, 0.0, 0.0, 0.0, 0.0, 0.0, 0.0, 0.0, 0.0, 0.0, 0.0, 0.047619047619047616]"
803.0,7.9279792166976,1.4562072564711566,0.021004329030722572,"[4.55, 4.65, 4.75, 4.85, 4.95, 5.05, 5.15, 5.25, 5.35, 5.45, 5.55, 5.65, 5.75, 5.85, 5.95, 6.05, 6.15, 6.25, 6.35, 6.45, 6.55, 6.65]","[5.0, 5.0, 5.0, 6.0, 1.0, 0.0, 0.0, 1.0, 0.0, 0.0, 0.0, 0.0, 0.0, 0.0, 0.0, 0.0, 0.0, 0.0, 0.0, 0.0, 0.0, 0.047619047619047616]"
804.0,7.06765914966119,1.2636453193646775,0.042422668363452924,"[4.55, 4.65, 4.75, 4.85, 4.95, 5.05, 5.15, 5.25, 5.35, 5.45, 5.55, 5.65, 5.75, 5.85, 5.95, 6.05, 6.15, 6.25, 6.35, 6.45, 6.55, 6.65, 6.75, 6.85, 6.95, 7.05, 7.15]","[5.0, 5.0, 5.0, 6.0, 1.0, 0.0, 0.0, 1.0, 0.0, 0.0, 0.0, 0.0, 0.0, 0.0, 0.0, 0.0, 0.0, 0.0, 0.0, 0.0, 0.0, 0.047619047619047616, 0.0, 0.0, 0.0, 0.008620689655172414, 0.008620689655172414]"
805.0,7.603872506881658,1.3837356372907397,0.03988582046058176,"[4.55, 4.65, 4.75, 4.85, 4.95, 5.05, 5.15, 5.25, 5.35, 5.45, 5.55, 5.65, 5.75, 5.85, 5.95, 6.05, 6.15, 6.25, 6.35, 6.45, 6.55, 6.65, 6.75, 6.85]","[5.0, 5.0, 5.0, 6.0, 1.0, 0.0, 0.0, 1.0, 0.0, 0.0, 0.0, 0.0, 0.0, 0.0, 0.0, 0.0, 0.0, 0.0, 0.0, 0.0, 0.0, 0.024390243902439025, 0.0, 0.024390243902439025]"
806.0,7.603872506881658,1.3837356372907397,0.022500903163318,"[4.55, 4.65, 4.75, 4.85, 4.95, 5.05, 5.15, 5.25, 5.35, 5.45, 5.55, 5.65, 5.75, 5.85, 5.95, 6.05, 6.15, 6.25, 6.35, 6.45, 6.55, 6.65, 6.75, 6.85]","[5.0, 5.0, 5.0, 6.0, 1.0, 0.0, 0.0, 1.0, 0.0, 0.0, 0.0, 0.0, 0.0, 0.0, 0.0, 0.0, 0.0, 0.0, 0.0, 0.0, 0.0, 0.024390243902439025, 0.0, 0.024390243902439025]"
807.0,7.603872506881658,1.3837356372907397,0.022500903163318,"[4.55, 4.65, 4.75, 4.85, 4.95, 5.05, 5.15, 5.25, 5.35, 5.45, 5.55, 5.65, 5.75, 5.85, 5.95, 6.05, 6.15, 6.25, 6.35, 6.45, 6.55, 6.65, 6.75, 6.85]","[5.0, 5.0, 5.0, 6.0, 1.0, 0.0, 0.0, 1.0, 0.0, 0.0, 0.0, 0.0, 0.0, 0.0, 0.0, 0.0, 0.0, 0.0, 0.0, 0.0, 0.0, 0.024390243902439025, 0.0, 0.024390243902439025]"
808.0,7.603872506881658,1.3837356372907397,0.022500903163318,"[4.55, 4.65, 4.75, 4.85, 4.95, 5.05, 5.15, 5.25, 5.35, 5.45, 5.55, 5.65, 5.75, 5.85, 5.95, 6.05, 6.15, 6.25, 6.35, 6.45, 6.55, 6.65, 6.75, 6.85]","[5.0, 5.0, 5.0, 6.0, 1.0, 0.0, 0.0, 1.0, 0.0, 0.0, 0.0, 0.0, 0.0, 0.0, 0.0, 0.0, 0.0, 0.0, 0.0, 0.0, 0.0, 0.024390243902439025, 0.0, 0.024390243902439025]"
809.0,7.066091842735337,1.2636389586209655,0.040645608488698894,"[4.55, 4.65, 4.75, 4.85, 4.95, 5.05, 5.15, 5.25, 5.35, 5.45, 5.55, 5.65, 5.75, 5.85, 5.95, 6.05, 6.15, 6.25, 6.35, 6.45, 6.55, 6.65, 6.75, 6.85, 6.95, 7.05, 7.15]","[5.0, 5.0, 5.0, 6.0, 1.0, 0.0, 0.0, 1.0, 0.0, 0.0, 0.0, 0.0, 0.0, 0.0, 0.0, 0.0, 0.0, 0.0, 0.0, 0.0, 0.0, 0.024390243902439025, 0.0, 0.024390243902439025, 0.0, 0.008620689655172414, 0.008620689655172414]"
810.0,7.470665357748585,1.354268283548033,0.03859400505180475,"[4.55, 4.65, 4.75, 4.85, 4.95, 5.05, 5.15, 5.25, 5.35, 5.45, 5.55, 5.65, 5.75, 5.85, 5.95, 6.05, 6.15, 6.25, 6.35, 6.45, 6.55, 6.65, 6.75, 6.85, 6.95]","[5.0, 5.0, 5.0, 6.0, 1.0, 0.0, 0.0, 1.0, 0.0, 0.0, 0.0, 0.0, 0.0, 0.0, 0.0, 0.0, 0.0, 0.0, 0.0, 0.0, 0.0, 0.01639344262295082, 0.0, 0.01639344262295082, 0.01639344262295082]"
811.0,7.470665357748585,1.354268283548033,0.022063779275967102,"[4.55, 4.65, 4.75, 4.85, 4.95, 5.05, 5.15, 5.25, 5.35, 5.45, 5.55, 5.65, 5.75, 5.85, 5.95, 6.05, 6.15, 6.25, 6.35, 6.45, 6.55, 6.65, 6.75, 6.85, 6.95]","[5.0, 5.0, 5.0, 6.0, 1.0, 0.0, 0.0, 1.0, 0.0, 0.0, 0.0, 0.0, 0.0, 0.0, 0.0, 0.0, 0.0, 0.0, 0.0, 0.0, 0.0, 0.01639344262295082, 0.0, 0.01639344262295082, 0.01639344262295082]"
812.0,7.470665357748585,1.354268283548033,0.022063779275967102,"[4.55, 4.65, 4.75, 4.85, 4.95, 5.05, 5.15, 5.25, 5.35, 5.45, 5.55, 5.65, 5.75, 5.85, 5.95, 6.05, 6.15, 6.25, 6.35, 6.45, 6.55, 6.65, 6.75, 6.85, 6.95]","[5.0, 5.0, 5.0, 6.0, 1.0, 0.0, 0.0, 1.0, 0.0, 0.0, 0.0, 0.0, 0.0, 0.0, 0.0, 0.0, 0.0, 0.0, 0.0, 0.0, 0.0, 0.01639344262295082, 0.0, 0.01639344262295082, 0.01639344262295082]"
813.0,7.050107995219006,1.260595737094703,0.03757719167377339,"[4.55, 4.65, 4.75, 4.85, 4.95, 5.05, 5.15, 5.25, 5.35, 5.45, 5.55, 5.65, 5.75, 5.85, 5.95, 6.05, 6.15, 6.25, 6.35, 6.45, 6.55, 6.65, 6.75, 6.85, 6.95, 7.05, 7.15]","[5.0, 5.0, 5.0, 6.0, 1.0, 0.0, 0.0, 1.0, 0.0, 0.0, 0.0, 0.0, 0.0, 0.0, 0.0, 0.0, 0.0, 0.0, 0.0, 0.0, 0.0, 0.01639344262295082, 0.0, 0.01639344262295082, 0.01639344262295082, 0.008620689655172414, 0.008620689655172414]"
814.0,7.695788174831955,1.4048828515892986,0.034403584867206696,"[4.55, 4.65, 4.75, 4.85, 4.95, 5.05, 5.15, 5.25, 5.35, 5.45, 5.55, 5.65, 5.75, 5.85, 5.95, 6.05, 6.15, 6.25, 6.35, 6.45, 6.55, 6.65, 6.75, 6.85, 6.95]","[5.0, 5.0, 5.0, 6.0, 1.0, 0.0, 0.0, 1.0, 0.0, 0.0, 0.0, 0.0, 0.0, 0.0, 0.0, 0.0, 0.0, 0.0, 0.0, 0.0, 0.0, 0.012345679012345678, 0.0, 0.012345679012345678, 0.012345679012345678]"
815.0,7.695788174831955,1.4048828515892986,0.019796733541753864,"[4.55, 4.65, 4.75, 4.85, 4.95, 5.05, 5.15, 5.25, 5.35, 5.45, 5.55, 5.65, 5.75, 5.85, 5.95, 6.05, 6.15, 6.25, 6.35, 6.45, 6.55, 6.65, 6.75, 6.85, 6.95]","[5.0, 5.0, 5.0, 6.0, 1.0, 0.0, 0.0, 1.0, 0.0, 0.0, 0.0, 0.0, 0.0, 0.0, 0.0, 0.0, 0.0, 0.0, 0.0, 0.0, 0.0, 0.012345679012345678, 0.0, 0.012345679012345678, 0.012345679012345678]"
816.0,7.23585609814318,1.3025991596597972,0.03636682573560534,"[4.55, 4.65, 4.75, 4.85, 4.95, 5.05, 5.15, 5.25, 5.35, 5.45, 5.55, 5.65, 5.75, 5.85, 5.95, 6.05, 6.15, 6.25, 6.35, 6.45, 6.55, 6.65, 6.75, 6.85, 6.95, 7.05, 7.15]","[5.0, 5.0, 5.0, 6.0, 1.0, 0.0, 0.0, 1.0, 0.0, 0.0, 0.0, 0.0, 0.0, 0.0, 0.0, 0.0, 0.0, 0.0, 0.0, 0.0, 0.0, 0.012345679012345678, 0.0, 0.012345679012345678, 0.012345679012345678, 0.008620689655172414, 0.008620689655172414]"
817.0,7.38043866868097,1.3335712109900006,0.04121664639273647,"[4.55, 4.65, 4.75, 4.85, 4.95, 5.05, 5.15, 5.25, 5.35, 5.45, 5.55, 5.65, 5.75, 5.85, 5.95, 6.05, 6.15, 6.25, 6.35, 6.45, 6.55, 6.65, 6.75, 6.85, 6.95]","[5.0, 5.0, 5.0, 6.0, 1.0, 0.0, 0.0, 1.0, 0.0, 0.0, 0.0, 0.0, 0.0, 0.0, 0.0, 0.0, 0.0, 0.0, 0.0, 0.0, 0.009900990099009901, 0.019801980198019802, 0.0, 0.009900990099009901, 0.009900990099009901]"
818.0,7.096240526107216,1.2706148592741155,0.03971731526469501,"[4.55, 4.65, 4.75, 4.85, 4.95, 5.05, 5.15, 5.25, 5.35, 5.45, 5.55, 5.65, 5.75, 5.85, 5.95, 6.05, 6.15, 6.25, 6.35, 6.45, 6.55, 6.65, 6.75, 6.85, 6.95, 7.05, 7.15]","[5.0, 5.0, 5.0, 6.0, 1.0, 0.0, 0.0, 1.0, 0.0, 0.0, 0.0, 0.0, 0.0, 0.0, 0.0, 0.0, 0.0, 0.0, 0.0, 0.0, 0.009900990099009901, 0.019801980198019802, 0.0, 0.009900990099009901, 0.009900990099009901, 0.008620689655172414, 0.008620689655172414]"
819.0,6.833258301716686,1.211619926697586,0.09934944700096562,"[4.55, 4.65, 4.75, 4.85, 4.95, 5.05, 5.15, 5.25, 5.35, 5.45, 5.55, 5.65, 5.75, 5.85, 5.95, 6.05, 6.15, 6.25, 6.35, 6.45, 6.55, 6.65, 6.75, 6.85, 6.95, 7.05, 7.15]","[5.0, 5.0, 5.0, 6.0, 1.0, 0.0, 0.0, 1.0, 0.0, 0.0, 0.0, 0.0, 0.0, 0.0, 0.0, 0.0, 0.0, 0.0, 0.0, 0.0, 0.008620689655172414, 0.02586206896551724, 0.008620689655172414, 0.008620689655172414, 0.017241379310344827, 0.008620689655172414, 0.008620689655172414]"
820.0,7.259526813093186,1.3053382035199348,0.037843629128989795,"[4.55, 4.65, 4.75, 4.85, 4.95, 5.05, 5.15, 5.25, 5.35, 5.45, 5.55, 5.65, 5.75, 5.85, 5.95, 6.05, 6.15, 6.25, 6.35, 6.45, 6.55, 6.65]","[5.0, 5.0, 5.0, 6.0, 1.0, 0.0, 0.0, 1.0, 0.0, 0.0, 0.0, 0.0, 0.0, 0.0, 0.0, 0.09523809523809523, 0.0, 0.09523809523809523, 0.0, 0.047619047619047616, 0.0, 0.047619047619047616]"
821.0,7.259526813093186,1.3053382035199348,0.021402560342600106,"[4.55, 4.65, 4.75, 4.85, 4.95, 5.05, 5.15, 5.25, 5.35, 5.45, 5.55, 5.65, 5.75, 5.85, 5.95, 6.05, 6.15, 6.25, 6.35, 6.45, 6.55, 6.65]","[5.0, 5.0, 5.0, 6.0, 1.0, 0.0, 0.0, 1.0, 0.0, 0.0, 0.0, 0.0, 0.0, 0.0, 0.0, 0.09523809523809523, 0.0, 0.09523809523809523, 0.0, 0.047619047619047616, 0.0, 0.047619047619047616]"
822.0,7.259526813093186,1.3053382035199348,0.021402560342600106,"[4.55, 4.65, 4.75, 4.85, 4.95, 5.05, 5.15, 5.25, 5.35, 5.45, 5.55, 5.65, 5.75, 5.85, 5.95, 6.05, 6.15, 6.25, 6.35, 6.45, 6.55, 6.65]","[5.0, 5.0, 5.0, 6.0, 1.0, 0.0, 0.0, 1.0, 0.0, 0.0, 0.0, 0.0, 0.0, 0.0, 0.0, 0.09523809523809523, 0.0, 0.09523809523809523, 0.0, 0.047619047619047616, 0.0, 0.047619047619047616]"
823.0,7.259526813093186,1.3053382035199348,0.021402560342600106,"[4.55, 4.65, 4.75, 4.85, 4.95, 5.05, 5.15, 5.25, 5.35, 5.45, 5.55, 5.65, 5.75, 5.85, 5.95, 6.05, 6.15, 6.25, 6.35, 6.45, 6.55, 6.65]","[5.0, 5.0, 5.0, 6.0, 1.0, 0.0, 0.0, 1.0, 0.0, 0.0, 0.0, 0.0, 0.0, 0.0, 0.0, 0.09523809523809523, 0.0, 0.09523809523809523, 0.0, 0.047619047619047616, 0.0, 0.047619047619047616]"
824.0,7.259526813093186,1.3053382035199348,0.021402560342600106,"[4.55, 4.65, 4.75, 4.85, 4.95, 5.05, 5.15, 5.25, 5.35, 5.45, 5.55, 5.65, 5.75, 5.85, 5.95, 6.05, 6.15, 6.25, 6.35, 6.45, 6.55, 6.65]","[5.0, 5.0, 5.0, 6.0, 1.0, 0.0, 0.0, 1.0, 0.0, 0.0, 0.0, 0.0, 0.0, 0.0, 0.0, 0.09523809523809523, 0.0, 0.09523809523809523, 0.0, 0.047619047619047616, 0.0, 0.047619047619047616]"
825.0,7.021537894536863,1.2532238764353374,0.030585065394639756,"[4.55, 4.65, 4.75, 4.85, 4.95, 5.05, 5.15, 5.25, 5.35, 5.45, 5.55, 5.65, 5.75, 5.85, 5.95, 6.05, 6.15, 6.25, 6.35, 6.45, 6.55, 6.65, 6.75, 6.85, 6.95, 7.05, 7.15]","[5.0, 5.0, 5.0, 6.0, 1.0, 0.0, 0.0, 1.0, 0.0, 0.0, 0.0, 0.0, 0.0, 0.0, 0.0, 0.09523809523809523, 0.0, 0.09523809523809523, 0.0, 0.047619047619047616, 0.0, 0.047619047619047616, 0.0, 0.0, 0.0, 0.008620689655172414, 0.008620689655172414]"
826.0,7.269509890155398,1.3078030467911985,0.020268038903798934,"[4.55, 4.65, 4.75, 4.85, 4.95, 5.05, 5.15, 5.25, 5.35, 5.45, 5.55, 5.65, 5.75, 5.85, 5.95, 6.05, 6.15, 6.25, 6.35, 6.45, 6.55, 6.65, 6.75, 6.85]","[5.0, 5.0, 5.0, 6.0, 1.0, 0.0, 0.0, 1.0, 0.0, 0.0, 0.0, 0.0, 0.0, 0.0, 0.0, 0.09523809523809523, 0.0, 0.09523809523809523, 0.0, 0.047619047619047616, 0.0, 0.024390243902439025, 0.0, 0.024390243902439025]"
827.0,7.269509890155398,1.3078030467911985,0.012929131399024624,"[4.55, 4.65, 4.75, 4.85, 4.95, 5.05, 5.15, 5.25, 5.35, 5.45, 5.55, 5.65, 5.75, 5.85, 5.95, 6.05, 6.15, 6.25, 6.35, 6.45, 6.55, 6.65, 6.75, 6.85]","[5.0, 5.0, 5.0, 6.0, 1.0, 0.0, 0.0, 1.0, 0.0, 0.0, 0.0, 0.0, 0.0, 0.0, 0.0, 0.09523809523809523, 0.0, 0.09523809523809523, 0.0, 0.047619047619047616, 0.0, 0.024390243902439025, 0.0, 0.024390243902439025]"
828.0,7.269509890155398,1.3078030467911985,0.012929131399024624,"[4.55, 4.65, 4.75, 4.85, 4.95, 5.05, 5.15, 5.25, 5.35, 5.45, 5.55, 5.65, 5.75, 5.85, 5.95, 6.05, 6.15, 6.25, 6.35, 6.45, 6.55, 6.65, 6.75, 6.85]","[5.0, 5.0, 5.0, 6.0, 1.0, 0.0, 0.0, 1.0, 0.0, 0.0, 0.0, 0.0, 0.0, 0.0, 0.0, 0.09523809523809523, 0.0, 0.09523809523809523, 0.0, 0.047619047619047616, 0.0, 0.024390243902439025, 0.0, 0.024390243902439025]"
829.0,7.269509890155398,1.3078030467911985,0.012929131399024624,"[4.55, 4.65, 4.75, 4.85, 4.95, 5.05, 5.15, 5.25, 5.35, 5.45, 5.55, 5.65, 5.75, 5.85, 5.95, 6.05, 6.15, 6.25, 6.35, 6.45, 6.55, 6.65, 6.75, 6.85]","[5.0, 5.0, 5.0, 6.0, 1.0, 0.0, 0.0, 1.0, 0.0, 0.0, 0.0, 0.0, 0.0, 0.0, 0.0, 0.09523809523809523, 0.0, 0.09523809523809523, 0.0, 0.047619047619047616, 0.0, 0.024390243902439025, 0.0, 0.024390243902439025]"
830.0,7.02606435572972,1.2545559212214676,0.015707154612306182,"[4.55, 4.65, 4.75, 4.85, 4.95, 5.05, 5.15, 5.25, 5.35, 5.45, 5.55, 5.65, 5.75, 5.85, 5.95, 6.05, 6.15, 6.25, 6.35, 6.45, 6.55, 6.65, 6.75, 6.85, 6.95, 7.05, 7.15]","[5.0, 5.0, 5.0, 6.0, 1.0, 0.0, 0.0, 1.0, 0.0, 0.0, 0.0, 0.0, 0.0, 0.0, 0.0, 0.09523809523809523, 0.0, 0.09523809523809523, 0.0, 0.047619047619047616, 0.0, 0.024390243902439025, 0.0, 0.024390243902439025, 0.0, 0.008620689655172414, 0.008620689655172414]"
831.0,7.261025050348613,1.3063301688930493,0.019330074412554497,"[4.55, 4.65, 4.75, 4.85, 4.95, 5.05, 5.15, 5.25, 5.35, 5.45, 5.55, 5.65, 5.75, 5.85, 5.95, 6.05, 6.15, 6.25, 6.35, 6.45, 6.55, 6.65, 6.75, 6.85, 6.95]","[5.0, 5.0, 5.0, 6.0, 1.0, 0.0, 0.0, 1.0, 0.0, 0.0, 0.0, 0.0, 0.0, 0.0, 0.0, 0.09523809523809523, 0.0, 0.09523809523809523, 0.0, 0.047619047619047616, 0.0, 0.01639344262295082, 0.0, 0.01639344262295082, 0.01639344262295082]"
832.0,7.261025050348613,1.3063301688930493,0.012351118560568725,"[4.55, 4.65, 4.75, 4.85, 4.95, 5.05, 5.15, 5.25, 5.35, 5.45, 5.55, 5.65, 5.75, 5.85, 5.95, 6.05, 6.15, 6.25, 6.35, 6.45, 6.55, 6.65, 6.75, 6.85, 6.95]","[5.0, 5.0, 5.0, 6.0, 1.0, 0.0, 0.0, 1.0, 0.0, 0.0, 0.0, 0.0, 0.0, 0.0, 0.0, 0.09523809523809523, 0.0, 0.09523809523809523, 0.0, 0.047619047619047616, 0.0, 0.01639344262295082, 0.0, 0.01639344262295082, 0.01639344262295082]"
833.0,7.261025050348613,1.3063301688930493,0.012351118560568725,"[4.55, 4.65, 4.75, 4.85, 4.95, 5.05, 5.15, 5.25, 5.35, 5.45, 5.55, 5.65, 5.75, 5.85, 5.95, 6.05, 6.15, 6.25, 6.35, 6.45, 6.55, 6.65, 6.75, 6.85, 6.95]","[5.0, 5.0, 5.0, 6.0, 1.0, 0.0, 0.0, 1.0, 0.0, 0.0, 0.0, 0.0, 0.0, 0.0, 0.0, 0.09523809523809523, 0.0, 0.09523809523809523, 0.0, 0.047619047619047616, 0.0, 0.01639344262295082, 0.0, 0.01639344262295082, 0.01639344262295082]"
834.0,7.017783751619486,1.2532460580565683,0.014307258005128175,"[4.55, 4.65, 4.75, 4.85, 4.95, 5.05, 5.15, 5.25, 5.35, 5.45, 5.55, 5.65, 5.75, 5.85, 5.95, 6.05, 6.15, 6.25, 6.35, 6.45, 6.55, 6.65, 6.75, 6.85, 6.95, 7.05, 7.15]","[5.0, 5.0, 5.0, 6.0, 1.0, 0.0, 0.0, 1.0, 0.0, 0.0, 0.0, 0.0, 0.0, 0.0, 0.0, 0.09523809523809523, 0.0, 0.09523809523809523, 0.0, 0.047619047619047616, 0.0, 0.01639344262295082, 0.0, 0.01639344262295082, 0.01639344262295082, 0.008620689655172414, 0.008620689655172414]"
835.0,7.414770539922209,1.340490140304889,0.0199849619009565,"[4.55, 4.65, 4.75, 4.85, 4.95, 5.05, 5.15, 5.25, 5.35, 5.45, 5.55, 5.65, 5.75, 5.85, 5.95, 6.05, 6.15, 6.25, 6.35, 6.45, 6.55, 6.65, 6.75, 6.85, 6.95]","[5.0, 5.0, 5.0, 6.0, 1.0, 0.0, 0.0, 1.0, 0.0, 0.0, 0.0, 0.0, 0.0, 0.0, 0.0, 0.09523809523809523, 0.0, 0.09523809523809523, 0.0, 0.047619047619047616, 0.0, 0.012345679012345678, 0.0, 0.012345679012345678, 0.012345679012345678]"
836.0,7.414770539922209,1.340490140304889,0.012545429320539949,"[4.55, 4.65, 4.75, 4.85, 4.95, 5.05, 5.15, 5.25, 5.35, 5.45, 5.55, 5.65, 5.75, 5.85, 5.95, 6.05, 6.15, 6.25, 6.35, 6.45, 6.55, 6.65, 6.75, 6.85, 6.95]","[5.0, 5.0, 5.0, 6.0, 1.0, 0.0, 0.0, 1.0, 0.0, 0.0, 0.0, 0.0, 0.0, 0.0, 0.0, 0.09523809523809523, 0.0, 0.09523809523809523, 0.0, 0.047619047619047616, 0.0, 0.012345679012345678, 0.0, 0.012345679012345678, 0.012345679012345678]"
837.0,7.153795319445021,1.2835442039206297,0.016184572337196054,"[4.55, 4.65, 4.75, 4.85, 4.95, 5.05, 5.15, 5.25, 5.35, 5.45, 5.55, 5.65, 5.75, 5.85, 5.95, 6.05, 6.15, 6.25, 6.35, 6.45, 6.55, 6.65, 6.75, 6.85, 6.95, 7.05, 7.15]","[5.0, 5.0, 5.0, 6.0, 1.0, 0.0, 0.0, 1.0, 0.0, 0.0, 0.0, 0.0, 0.0, 0.0, 0.0, 0.09523809523809523, 0.0, 0.09523809523809523, 0.0, 0.047619047619047616, 0.0, 0.012345679012345678, 0.0, 0.012345679012345678, 0.012345679012345678, 0.008620689655172414, 0.008620689655172414]"
838.0,7.257376218298968,1.3051415609167518,0.020153915555324975,"[4.55, 4.65, 4.75, 4.85, 4.95, 5.05, 5.15, 5.25, 5.35, 5.45, 5.55, 5.65, 5.75, 5.85, 5.95, 6.05, 6.15, 6.25, 6.35, 6.45, 6.55, 6.65, 6.75, 6.85, 6.95]","[5.0, 5.0, 5.0, 6.0, 1.0, 0.0, 0.0, 1.0, 0.0, 0.0, 0.0, 0.0, 0.0, 0.0, 0.0, 0.09523809523809523, 0.0, 0.09523809523809523, 0.0, 0.047619047619047616, 0.009900990099009901, 0.019801980198019802, 0.0, 0.009900990099009901, 0.009900990099009901]"
839.0,7.0622646053615155,1.2627611518574082,0.015532216594446691,"[4.55, 4.65, 4.75, 4.85, 4.95, 5.05, 5.15, 5.25, 5.35, 5.45, 5.55, 5.65, 5.75, 5.85, 5.95, 6.05, 6.15, 6.25, 6.35, 6.45, 6.55, 6.65, 6.75, 6.85, 6.95, 7.05, 7.15]","[5.0, 5.0, 5.0, 6.0, 1.0, 0.0, 0.0, 1.0, 0.0, 0.0, 0.0, 0.0, 0.0, 0.0, 0.0, 0.09523809523809523, 0.0, 0.09523809523809523, 0.0, 0.047619047619047616, 0.009900990099009901, 0.019801980198019802, 0.0, 0.009900990099009901, 0.009900990099009901, 0.008620689655172414, 0.008620689655172414]"
840.0,6.849483230730653,1.2159131064807238,0.026749230061445233,"[4.55, 4.65, 4.75, 4.85, 4.95, 5.05, 5.15, 5.25, 5.35, 5.45, 5.55, 5.65, 5.75, 5.85, 5.95, 6.05, 6.15, 6.25, 6.35, 6.45, 6.55, 6.65, 6.75, 6.85, 6.95, 7.05, 7.15]","[5.0, 5.0, 5.0, 6.0, 1.0, 0.0, 0.0, 1.0, 0.0, 0.0, 0.0, 0.0, 0.0, 0.0, 0.0, 0.09523809523809523, 0.0, 0.09523809523809523, 0.0, 0.047619047619047616, 0.008620689655172414, 0.02586206896551724, 0.008620689655172414, 0.008620689655172414, 0.017241379310344827, 0.008620689655172414, 0.008620689655172414]"
841.0,7.787592215498441,1.4258182632523437,0.020649923792445436,"[4.55, 4.65, 4.75, 4.85, 4.95, 5.05, 5.15, 5.25, 5.35, 5.45, 5.55, 5.65, 5.75, 5.85, 5.95, 6.05, 6.15, 6.25, 6.35, 6.45, 6.55, 6.65, 6.75, 6.85]","[5.0, 5.0, 5.0, 6.0, 1.0, 0.0, 0.0, 1.0, 0.0, 0.0, 0.0, 0.0, 0.0, 0.0, 0.0, 0.04878048780487805, 0.0, 0.04878048780487805, 0.0, 0.024390243902439025, 0.0, 0.024390243902439025, 0.0, 0.024390243902439025]"
842.0,7.787592215498441,1.4258182632523437,0.012359065411325471,"[4.55, 4.65, 4.75, 4.85, 4.95, 5.05, 5.15, 5.25, 5.35, 5.45, 5.55, 5.65, 5.75, 5.85, 5.95, 6.05, 6.15, 6.25, 6.35, 6.45, 6.55, 6.65, 6.75, 6.85]","[5.0, 5.0, 5.0, 6.0, 1.0, 0.0, 0.0, 1.0, 0.0, 0.0, 0.0, 0.0, 0.0, 0.0, 0.0, 0.04878048780487805, 0.0, 0.04878048780487805, 0.0, 0.024390243902439025, 0.0, 0.024390243902439025, 0.0, 0.024390243902439025]"
843.0,7.787592215498441,1.4258182632523437,0.012359065411325471,"[4.55, 4.65, 4.75, 4.85, 4.95, 5.05, 5.15, 5.25, 5.35, 5.45, 5.55, 5.65, 5.75, 5.85, 5.95, 6.05, 6.15, 6.25, 6.35, 6.45, 6.55, 6.65, 6.75, 6.85]","[5.0, 5.0, 5.0, 6.0, 1.0, 0.0, 0.0, 1.0, 0.0, 0.0, 0.0, 0.0, 0.0, 0.0, 0.0, 0.04878048780487805, 0.0, 0.04878048780487805, 0.0, 0.024390243902439025, 0.0, 0.024390243902439025, 0.0, 0.024390243902439025]"
844.0,7.787592215498441,1.4258182632523437,0.012359065411325471,"[4.55, 4.65, 4.75, 4.85, 4.95, 5.05, 5.15, 5.25, 5.35, 5.45, 5.55, 5.65, 5.75, 5.85, 5.95, 6.05, 6.15, 6.25, 6.35, 6.45, 6.55, 6.65, 6.75, 6.85]","[5.0, 5.0, 5.0, 6.0, 1.0, 0.0, 0.0, 1.0, 0.0, 0.0, 0.0, 0.0, 0.0, 0.0, 0.0, 0.04878048780487805, 0.0, 0.04878048780487805, 0.0, 0.024390243902439025, 0.0, 0.024390243902439025, 0.0, 0.024390243902439025]"
845.0,7.423696621153408,1.3468402852536823,0.02121833570023535,"[4.55, 4.65, 4.75, 4.85, 4.95, 5.05, 5.15, 5.25, 5.35, 5.45, 5.55, 5.65, 5.75, 5.85, 5.95, 6.05, 6.15, 6.25, 6.35, 6.45, 6.55, 6.65, 6.75, 6.85, 6.95, 7.05, 7.15]","[5.0, 5.0, 5.0, 6.0, 1.0, 0.0, 0.0, 1.0, 0.0, 0.0, 0.0, 0.0, 0.0, 0.0, 0.0, 0.04878048780487805, 0.0, 0.04878048780487805, 0.0, 0.024390243902439025, 0.0, 0.024390243902439025, 0.0, 0.024390243902439025, 0.0, 0.008620689655172414, 0.008620689655172414]"
846.0,7.682441164561982,1.4031040871428437,0.01048960332193285,"[4.55, 4.65, 4.75, 4.85, 4.95, 5.05, 5.15, 5.25, 5.35, 5.45, 5.55, 5.65, 5.75, 5.85, 5.95, 6.05, 6.15, 6.25, 6.35, 6.45, 6.55, 6.65, 6.75, 6.85, 6.95]","[5.0, 5.0, 5.0, 6.0, 1.0, 0.0, 0.0, 1.0, 0.0, 0.0, 0.0, 0.0, 0.0, 0.0, 0.0, 0.04878048780487805, 0.0, 0.04878048780487805, 0.0, 0.024390243902439025, 0.0, 0.01639344262295082, 0.0, 0.01639344262295082, 0.01639344262295082]"
847.0,7.682441164561982,1.4031040871428437,0.006639717554916628,"[4.55, 4.65, 4.75, 4.85, 4.95, 5.05, 5.15, 5.25, 5.35, 5.45, 5.55, 5.65, 5.75, 5.85, 5.95, 6.05, 6.15, 6.25, 6.35, 6.45, 6.55, 6.65, 6.75, 6.85, 6.95]","[5.0, 5.0, 5.0, 6.0, 1.0, 0.0, 0.0, 1.0, 0.0, 0.0, 0.0, 0.0, 0.0, 0.0, 0.0, 0.04878048780487805, 0.0, 0.04878048780487805, 0.0, 0.024390243902439025, 0.0, 0.01639344262295082, 0.0, 0.01639344262295082, 0.01639344262295082]"
848.0,7.682441164561982,1.4031040871428437,0.006639717554916628,"[4.55, 4.65, 4.75, 4.85, 4.95, 5.05, 5.15, 5.25, 5.35, 5.45, 5.55, 5.65, 5.75, 5.85, 5.95, 6.05, 6.15, 6.25, 6.35, 6.45, 6.55, 6.65, 6.75, 6.85, 6.95]","[5.0, 5.0, 5.0, 6.0, 1.0, 0.0, 0.0, 1.0, 0.0, 0.0, 0.0, 0.0, 0.0, 0.0, 0.0, 0.04878048780487805, 0.0, 0.04878048780487805, 0.0, 0.024390243902439025, 0.0, 0.01639344262295082, 0.0, 0.01639344262295082, 0.01639344262295082]"
849.0,7.3572633689735545,1.3327422839456178,0.014427938964130015,"[4.55, 4.65, 4.75, 4.85, 4.95, 5.05, 5.15, 5.25, 5.35, 5.45, 5.55, 5.65, 5.75, 5.85, 5.95, 6.05, 6.15, 6.25, 6.35, 6.45, 6.55, 6.65, 6.75, 6.85, 6.95, 7.05, 7.15]","[5.0, 5.0, 5.0, 6.0, 1.0, 0.0, 0.0, 1.0, 0.0, 0.0, 0.0, 0.0, 0.0, 0.0, 0.0, 0.04878048780487805, 0.0, 0.04878048780487805, 0.0, 0.024390243902439025, 0.0, 0.01639344262295082, 0.0, 0.01639344262295082, 0.01639344262295082, 0.008620689655172414, 0.008620689655172414]"
850.0,7.787975371920447,1.4263748776398684,0.010775724571979027,"[4.55, 4.65, 4.75, 4.85, 4.95, 5.05, 5.15, 5.25, 5.35, 5.45, 5.55, 5.65, 5.75, 5.85, 5.95, 6.05, 6.15, 6.25, 6.35, 6.45, 6.55, 6.65, 6.75, 6.85, 6.95]","[5.0, 5.0, 5.0, 6.0, 1.0, 0.0, 0.0, 1.0, 0.0, 0.0, 0.0, 0.0, 0.0, 0.0, 0.0, 0.04878048780487805, 0.0, 0.04878048780487805, 0.0, 0.024390243902439025, 0.0, 0.012345679012345678, 0.0, 0.012345679012345678, 0.012345679012345678]"
851.0,7.787975371920447,1.4263748776398684,0.0069949745066363745,"[4.55, 4.65, 4.75, 4.85, 4.95, 5.05, 5.15, 5.25, 5.35, 5.45, 5.55, 5.65, 5.75, 5.85, 5.95, 6.05, 6.15, 6.25, 6.35, 6.45, 6.55, 6.65, 6.75, 6.85, 6.95]","[5.0, 5.0, 5.0, 6.0, 1.0, 0.0, 0.0, 1.0, 0.0, 0.0, 0.0, 0.0, 0.0, 0.0, 0.0, 0.04878048780487805, 0.0, 0.04878048780487805, 0.0, 0.024390243902439025, 0.0, 0.012345679012345678, 0.0, 0.012345679012345678, 0.012345679012345678]"
852.0,7.459563689384515,1.355284046101992,0.013212678083975487,"[4.55, 4.65, 4.75, 4.85, 4.95, 5.05, 5.15, 5.25, 5.35, 5.45, 5.55, 5.65, 5.75, 5.85, 5.95, 6.05, 6.15, 6.25, 6.35, 6.45, 6.55, 6.65, 6.75, 6.85, 6.95, 7.05, 7.15]","[5.0, 5.0, 5.0, 6.0, 1.0, 0.0, 0.0, 1.0, 0.0, 0.0, 0.0, 0.0, 0.0, 0.0, 0.0, 0.04878048780487805, 0.0, 0.04878048780487805, 0.0, 0.024390243902439025, 0.0, 0.012345679012345678, 0.0, 0.012345679012345678, 0.012345679012345678, 0.008620689655172414, 0.008620689655172414]"
853.0,7.576131265826039,1.3793225047196696,0.011016612654605783,"[4.55, 4.65, 4.75, 4.85, 4.95, 5.05, 5.15, 5.25, 5.35, 5.45, 5.55, 5.65, 5.75, 5.85, 5.95, 6.05, 6.15, 6.25, 6.35, 6.45, 6.55, 6.65, 6.75, 6.85, 6.95]","[5.0, 5.0, 5.0, 6.0, 1.0, 0.0, 0.0, 1.0, 0.0, 0.0, 0.0, 0.0, 0.0, 0.0, 0.0, 0.04878048780487805, 0.0, 0.04878048780487805, 0.0, 0.024390243902439025, 0.009900990099009901, 0.019801980198019802, 0.0, 0.009900990099009901, 0.009900990099009901]"
854.0,7.323482694004252,1.3249248657000614,0.013284839805774284,"[4.55, 4.65, 4.75, 4.85, 4.95, 5.05, 5.15, 5.25, 5.35, 5.45, 5.55, 5.65, 5.75, 5.85, 5.95, 6.05, 6.15, 6.25, 6.35, 6.45, 6.55, 6.65, 6.75, 6.85, 6.95, 7.05, 7.15]","[5.0, 5.0, 5.0, 6.0, 1.0, 0.0, 0.0, 1.0, 0.0, 0.0, 0.0, 0.0, 0.0, 0.0, 0.0, 0.04878048780487805, 0.0, 0.04878048780487805, 0.0, 0.024390243902439025, 0.009900990099009901, 0.019801980198019802, 0.0, 0.009900990099009901, 0.009900990099009901, 0.008620689655172414, 0.008620689655172414]"
855.0,7.067928547608,1.2692720127142263,0.03620499243717289,"[4.55, 4.65, 4.75, 4.85, 4.95, 5.05, 5.15, 5.25, 5.35, 5.45, 5.55, 5.65, 5.75, 5.85, 5.95, 6.05, 6.15, 6.25, 6.35, 6.45, 6.55, 6.65, 6.75, 6.85, 6.95, 7.05, 7.15]","[5.0, 5.0, 5.0, 6.0, 1.0, 0.0, 0.0, 1.0, 0.0, 0.0, 0.0, 0.0, 0.0, 0.0, 0.0, 0.04878048780487805, 0.0, 0.04878048780487805, 0.0, 0.024390243902439025, 0.008620689655172414, 0.02586206896551724, 0.008620689655172414, 0.008620689655172414, 0.017241379310344827, 0.008620689655172414, 0.008620689655172414]"
856.0,7.394030231083856,1.337789059812114,0.02321072775298058,"[4.55, 4.65, 4.75, 4.85, 4.95, 5.05, 5.15, 5.25, 5.35, 5.45, 5.55, 5.65, 5.75, 5.85, 5.95, 6.05, 6.15, 6.25, 6.35, 6.45, 6.55, 6.65, 6.75, 6.85, 6.95]","[5.0, 5.0, 5.0, 6.0, 1.0, 0.0, 0.0, 1.0, 0.0, 0.0, 0.0, 0.0, 0.0, 0.0, 0.0, 0.06557377049180328, 0.01639344262295082, 0.04918032786885246, 0.0, 0.04918032786885246, 0.0, 0.01639344262295082, 0.0, 0.01639344262295082, 0.01639344262295082]"
857.0,7.394030231083856,1.337789059812114,0.013962280173543161,"[4.55, 4.65, 4.75, 4.85, 4.95, 5.05, 5.15, 5.25, 5.35, 5.45, 5.55, 5.65, 5.75, 5.85, 5.95, 6.05, 6.15, 6.25, 6.35, 6.45, 6.55, 6.65, 6.75, 6.85, 6.95]","[5.0, 5.0, 5.0, 6.0, 1.0, 0.0, 0.0, 1.0, 0.0, 0.0, 0.0, 0.0, 0.0, 0.0, 0.0, 0.06557377049180328, 0.01639344262295082, 0.04918032786885246, 0.0, 0.04918032786885246, 0.0, 0.01639344262295082, 0.0, 0.01639344262295082, 0.01639344262295082]"
858.0,7.394030231083856,1.337789059812114,0.013962280173543161,"[4.55, 4.65, 4.75, 4.85, 4.95, 5.05, 5.15, 5.25, 5.35, 5.45, 5.55, 5.65, 5.75, 5.85, 5.95, 6.05, 6.15, 6.25, 6.35, 6.45, 6.55, 6.65, 6.75, 6.85, 6.95]","[5.0, 5.0, 5.0, 6.0, 1.0, 0.0, 0.0, 1.0, 0.0, 0.0, 0.0, 0.0, 0.0, 0.0, 0.0, 0.06557377049180328, 0.01639344262295082, 0.04918032786885246, 0.0, 0.04918032786885246, 0.0, 0.01639344262295082, 0.0, 0.01639344262295082, 0.01639344262295082]"
859.0,7.184930368053016,1.2933846345977846,0.016699833073842603,"[4.55, 4.65, 4.75, 4.85, 4.95, 5.05, 5.15, 5.25, 5.35, 5.45, 5.55, 5.65, 5.75, 5.85, 5.95, 6.05, 6.15, 6.25, 6.35, 6.45, 6.55, 6.65, 6.75, 6.85, 6.95, 7.05, 7.15]","[5.0, 5.0, 5.0, 6.0, 1.0, 0.0, 0.0, 1.0, 0.0, 0.0, 0.0, 0.0, 0.0, 0.0, 0.0, 0.06557377049180328, 0.01639344262295082, 0.04918032786885246, 0.0, 0.04918032786885246, 0.0, 0.01639344262295082, 0.0, 0.01639344262295082, 0.01639344262295082, 0.008620689655172414, 0.008620689655172414]"
860.0,7.487960041324435,1.3582341765927037,0.015286645955038257,"[4.55, 4.65, 4.75, 4.85, 4.95, 5.05, 5.15, 5.25, 5.35, 5.45, 5.55, 5.65, 5.75, 5.85, 5.95, 6.05, 6.15, 6.25, 6.35, 6.45, 6.55, 6.65, 6.75, 6.85, 6.95]","[5.0, 5.0, 5.0, 6.0, 1.0, 0.0, 0.0, 1.0, 0.0, 0.0, 0.0, 0.0, 0.0, 0.0, 0.0, 0.06557377049180328, 0.01639344262295082, 0.04918032786885246, 0.0, 0.04918032786885246, 0.0, 0.012345679012345678, 0.0, 0.012345679012345678, 0.012345679012345678]"
861.0,7.487960041324435,1.3582341765927037,0.009619924223018984,"[4.55, 4.65, 4.75, 4.85, 4.95, 5.05, 5.15, 5.25, 5.35, 5.45, 5.55, 5.65, 5.75, 5.85, 5.95, 6.05, 6.15, 6.25, 6.35, 6.45, 6.55, 6.65, 6.75, 6.85, 6.95]","[5.0, 5.0, 5.0, 6.0, 1.0, 0.0, 0.0, 1.0, 0.0, 0.0, 0.0, 0.0, 0.0, 0.0, 0.0, 0.06557377049180328, 0.01639344262295082, 0.04918032786885246, 0.0, 0.04918032786885246, 0.0, 0.012345679012345678, 0.0, 0.012345679012345678, 0.012345679012345678]"
862.0,7.2750492147767405,1.3129855658381568,0.0053104076594777975,"[4.55, 4.65, 4.75, 4.85, 4.95, 5.05, 5.15, 5.25, 5.35, 5.45, 5.55, 5.65, 5.75, 5.85, 5.95, 6.05, 6.15, 6.25, 6.35, 6.45, 6.55, 6.65, 6.75, 6.85, 6.95, 7.05, 7.15]","[5.0, 5.0, 5.0, 6.0, 1.0, 0.0, 0.0, 1.0, 0.0, 0.0, 0.0, 0.0, 0.0, 0.0, 0.0, 0.06557377049180328, 0.01639344262295082, 0.04918032786885246, 0.0, 0.04918032786885246, 0.0, 0.012345679012345678, 0.0, 0.012345679012345678, 0.012345679012345678, 0.008620689655172414, 0.008620689655172414]"
863.0,7.364950375760846,1.3311200540066597,0.013753056568271778,"[4.55, 4.65, 4.75, 4.85, 4.95, 5.05, 5.15, 5.25, 5.35, 5.45, 5.55, 5.65, 5.75, 5.85, 5.95, 6.05, 6.15, 6.25, 6.35, 6.45, 6.55, 6.65, 6.75, 6.85, 6.95]","[5.0, 5.0, 5.0, 6.0, 1.0, 0.0, 0.0, 1.0, 0.0, 0.0, 0.0, 0.0, 0.0, 0.0, 0.0, 0.06557377049180328, 0.01639344262295082, 0.04918032786885246, 0.0, 0.04918032786885246, 0.009900990099009901, 0.019801980198019802, 0.0, 0.009900990099009901, 0.009900990099009901]"
864.0,7.187718574297333,1.2936335380168664,0.005681877238910646,"[4.55, 4.65, 4.75, 4.85, 4.95, 5.05, 5.15, 5.25, 5.35, 5.45, 5.55, 5.65, 5.75, 5.85, 5.95, 6.05, 6.15, 6.25, 6.35, 6.45, 6.55, 6.65, 6.75, 6.85, 6.95, 7.05, 7.15]","[5.0, 5.0, 5.0, 6.0, 1.0, 0.0, 0.0, 1.0, 0.0, 0.0, 0.0, 0.0, 0.0, 0.0, 0.0, 0.06557377049180328, 0.01639344262295082, 0.04918032786885246, 0.0, 0.04918032786885246, 0.009900990099009901, 0.019801980198019802, 0.0, 0.009900990099009901, 0.009900990099009901, 0.008620689655172414, 0.008620689655172414]"
865.0,6.987927235855909,1.2507860474648174,0.030522426565248412,"[4.55, 4.65, 4.75, 4.85, 4.95, 5.05, 5.15, 5.25, 5.35, 5.45, 5.55, 5.65, 5.75, 5.85, 5.95, 6.05, 6.15, 6.25, 6.35, 6.45, 6.55, 6.65, 6.75, 6.85, 6.95, 7.05, 7.15]","[5.0, 5.0, 5.0, 6.0, 1.0, 0.0, 0.0, 1.0, 0.0, 0.0, 0.0, 0.0, 0.0, 0.0, 0.0, 0.06557377049180328, 0.01639344262295082, 0.04918032786885246, 0.0, 0.04918032786885246, 0.008620689655172414, 0.02586206896551724, 0.008620689655172414, 0.008620689655172414, 0.017241379310344827, 0.008620689655172414, 0.008620689655172414]"
866.0,7.6408139673199695,1.3936624097663481,0.01781954684670357,"[4.55, 4.65, 4.75, 4.85, 4.95, 5.05, 5.15, 5.25, 5.35, 5.45, 5.55, 5.65, 5.75, 5.85, 5.95, 6.05, 6.15, 6.25, 6.35, 6.45, 6.55, 6.65, 6.75, 6.85, 6.95]","[5.0, 5.0, 5.0, 6.0, 1.0, 0.0, 0.0, 1.0, 0.0, 0.0, 0.0, 0.0, 0.0, 0.0, 0.0, 0.04938271604938271, 0.012345679012345678, 0.04938271604938271, 0.0, 0.037037037037037035, 0.0, 0.012345679012345678, 0.0, 0.012345679012345678, 0.012345679012345678]"
867.0,7.6408139673199695,1.3936624097663481,0.010091811530289202,"[4.55, 4.65, 4.75, 4.85, 4.95, 5.05, 5.15, 5.25, 5.35, 5.45, 5.55, 5.65, 5.75, 5.85, 5.95, 6.05, 6.15, 6.25, 6.35, 6.45, 6.55, 6.65, 6.75, 6.85, 6.95]","[5.0, 5.0, 5.0, 6.0, 1.0, 0.0, 0.0, 1.0, 0.0, 0.0, 0.0, 0.0, 0.0, 0.0, 0.0, 0.04938271604938271, 0.012345679012345678, 0.04938271604938271, 0.0, 0.037037037037037035, 0.0, 0.012345679012345678, 0.0, 0.012345679012345678, 0.012345679012345678]"
868.0,7.4156468748925946,1.3461361708566228,0.02776546708396481,"[4.55, 4.65, 4.75, 4.85, 4.95, 5.05, 5.15, 5.25, 5.35, 5.45, 5.55, 5.65, 5.75, 5.85, 5.95, 6.05, 6.15, 6.25, 6.35, 6.45, 6.55, 6.65, 6.75, 6.85, 6.95, 7.05, 7.15]","[5.0, 5.0, 5.0, 6.0, 1.0, 0.0, 0.0, 1.0, 0.0, 0.0, 0.0, 0.0, 0.0, 0.0, 0.0, 0.04938271604938271, 0.012345679012345678, 0.04938271604938271, 0.0, 0.037037037037037035, 0.0, 0.012345679012345678, 0.0, 0.012345679012345678, 0.012345679012345678, 0.008620689655172414, 0.008620689655172414]"
869.0,7.5077620248452055,1.3645518778241812,0.008013122784178083,"[4.55, 4.65, 4.75, 4.85, 4.95, 5.05, 5.15, 5.25, 5.35, 5.45, 5.55, 5.65, 5.75, 5.85, 5.95, 6.05, 6.15, 6.25, 6.35, 6.45, 6.55, 6.65, 6.75, 6.85, 6.95]","[5.0, 5.0, 5.0, 6.0, 1.0, 0.0, 0.0, 1.0, 0.0, 0.0, 0.0, 0.0, 0.0, 0.0, 0.0, 0.04938271604938271, 0.012345679012345678, 0.04938271604938271, 0.0, 0.037037037037037035, 0.009900990099009901, 0.019801980198019802, 0.0, 0.009900990099009901, 0.009900990099009901]"
870.0,7.3163388210902065,1.3243523452613715,0.01630313722206189,"[4.55, 4.65, 4.75, 4.85, 4.95, 5.05, 5.15, 5.25, 5.35, 5.45, 5.55, 5.65, 5.75, 5.85, 5.95, 6.05, 6.15, 6.25, 6.35, 6.45, 6.55, 6.65, 6.75, 6.85, 6.95, 7.05, 7.15]","[5.0, 5.0, 5.0, 6.0, 1.0, 0.0, 0.0, 1.0, 0.0, 0.0, 0.0, 0.0, 0.0, 0.0, 0.0, 0.04938271604938271, 0.012345679012345678, 0.04938271604938271, 0.0, 0.037037037037037035, 0.009900990099009901, 0.019801980198019802, 0.0, 0.009900990099009901, 0.009900990099009901, 0.008620689655172414, 0.008620689655172414]"
871.0,7.105278643965269,1.2794401677786464,0.04377647537823895,"[4.55, 4.65, 4.75, 4.85, 4.95, 5.05, 5.15, 5.25, 5.35, 5.45, 5.55, 5.65, 5.75, 5.85, 5.95, 6.05, 6.15, 6.25, 6.35, 6.45, 6.55, 6.65, 6.75, 6.85, 6.95, 7.05, 7.15]","[5.0, 5.0, 5.0, 6.0, 1.0, 0.0, 0.0, 1.0, 0.0, 0.0, 0.0, 0.0, 0.0, 0.0, 0.0, 0.04938271604938271, 0.012345679012345678, 0.04938271604938271, 0.0, 0.037037037037037035, 0.008620689655172414, 0.02586206896551724, 0.008620689655172414, 0.008620689655172414, 0.017241379310344827, 0.008620689655172414, 0.008620689655172414]"
872.0,7.427096235244858,1.3457930069291155,0.02033506030884164,"[4.55, 4.65, 4.75, 4.85, 4.95, 5.05, 5.15, 5.25, 5.35, 5.45, 5.55, 5.65, 5.75, 5.85, 5.95, 6.05, 6.15, 6.25, 6.35, 6.45, 6.55, 6.65, 6.75, 6.85, 6.95]","[5.0, 5.0, 5.0, 6.0, 1.0, 0.0, 0.0, 1.0, 0.0, 0.0, 0.0, 0.0, 0.0, 0.0, 0.0, 0.0594059405940594, 0.019801980198019802, 0.04950495049504951, 0.0, 0.039603960396039604, 0.009900990099009901, 0.019801980198019802, 0.0, 0.009900990099009901, 0.009900990099009901]"
873.0,7.265470521119058,1.3122811518397293,0.02431906212305356,"[4.55, 4.65, 4.75, 4.85, 4.95, 5.05, 5.15, 5.25, 5.35, 5.45, 5.55, 5.65, 5.75, 5.85, 5.95, 6.05, 6.15, 6.25, 6.35, 6.45, 6.55, 6.65, 6.75, 6.85, 6.95, 7.05, 7.15]","[5.0, 5.0, 5.0, 6.0, 1.0, 0.0, 0.0, 1.0, 0.0, 0.0, 0.0, 0.0, 0.0, 0.0, 0.0, 0.0594059405940594, 0.019801980198019802, 0.04950495049504951, 0.0, 0.039603960396039604, 0.009900990099009901, 0.019801980198019802, 0.0, 0.009900990099009901, 0.009900990099009901, 0.008620689655172414, 0.008620689655172414]"
874.0,7.079733497810243,1.2732083380154733,0.04104762127024667,"[4.55, 4.65, 4.75, 4.85, 4.95, 5.05, 5.15, 5.25, 5.35, 5.45, 5.55, 5.65, 5.75, 5.85, 5.95, 6.05, 6.15, 6.25, 6.35, 6.45, 6.55, 6.65, 6.75, 6.85, 6.95, 7.05, 7.15]","[5.0, 5.0, 5.0, 6.0, 1.0, 0.0, 0.0, 1.0, 0.0, 0.0, 0.0, 0.0, 0.0, 0.0, 0.0, 0.0594059405940594, 0.019801980198019802, 0.04950495049504951, 0.0, 0.039603960396039604, 0.008620689655172414, 0.02586206896551724, 0.008620689655172414, 0.008620689655172414, 0.017241379310344827, 0.008620689655172414, 0.008620689655172414]"
875.0,7.002535342198423,1.2546158444760558,0.07248309908647572,"[4.55, 4.65, 4.75, 4.85, 4.95, 5.05, 5.15, 5.25, 5.35, 5.45, 5.55, 5.65, 5.75, 5.85, 5.95, 6.05, 6.15, 6.25, 6.35, 6.45, 6.55, 6.65, 6.75, 6.85, 6.95, 7.05, 7.15]","[5.0, 5.0, 5.0, 6.0, 1.0, 0.0, 0.0, 1.0, 0.0, 0.0, 0.0, 0.0, 0.0, 0.0, 0.0, 0.06896551724137931, 0.02586206896551724, 0.05172413793103448, 0.017241379310344827, 0.034482758620689655, 0.008620689655172414, 0.02586206896551724, 0.008620689655172414, 0.008620689655172414, 0.017241379310344827, 0.008620689655172414, 0.008620689655172414]"
876.0,7.620043980828135,1.3914272206916785,0.03365758834438499,"[4.55, 4.65, 4.75, 4.85, 4.95, 5.05, 5.15, 5.25, 5.35, 5.45, 5.55, 5.65, 5.75, 5.85, 5.95, 6.05, 6.15, 6.25, 6.35, 6.45, 6.55, 6.65]","[5.0, 5.0, 5.0, 6.0, 1.0, 0.0, 0.0, 1.0, 0.0, 0.0, 0.23809523809523808, 0.047619047619047616, 0.19047619047619047, 0.0, 0.09523809523809523, 0.09523809523809523, 0.0, 0.09523809523809523, 0.0, 0.047619047619047616, 0.0, 0.047619047619047616]"
877.0,7.620043980828135,1.3914272206916785,0.017685038007730743,"[4.55, 4.65, 4.75, 4.85, 4.95, 5.05, 5.15, 5.25, 5.35, 5.45, 5.55, 5.65, 5.75, 5.85, 5.95, 6.05, 6.15, 6.25, 6.35, 6.45, 6.55, 6.65]","[5.0, 5.0, 5.0, 6.0, 1.0, 0.0, 0.0, 1.0, 0.0, 0.0, 0.23809523809523808, 0.047619047619047616, 0.19047619047619047, 0.0, 0.09523809523809523, 0.09523809523809523, 0.0, 0.09523809523809523, 0.0, 0.047619047619047616, 0.0, 0.047619047619047616]"
878.0,7.620043980828135,1.3914272206916785,0.017685038007730743,"[4.55, 4.65, 4.75, 4.85, 4.95, 5.05, 5.15, 5.25, 5.35, 5.45, 5.55, 5.65, 5.75, 5.85, 5.95, 6.05, 6.15, 6.25, 6.35, 6.45, 6.55, 6.65]","[5.0, 5.0, 5.0, 6.0, 1.0, 0.0, 0.0, 1.0, 0.0, 0.0, 0.23809523809523808, 0.047619047619047616, 0.19047619047619047, 0.0, 0.09523809523809523, 0.09523809523809523, 0.0, 0.09523809523809523, 0.0, 0.047619047619047616, 0.0, 0.047619047619047616]"
879.0,7.620043980828135,1.3914272206916785,0.017685038007730743,"[4.55, 4.65, 4.75, 4.85, 4.95, 5.05, 5.15, 5.25, 5.35, 5.45, 5.55, 5.65, 5.75, 5.85, 5.95, 6.05, 6.15, 6.25, 6.35, 6.45, 6.55, 6.65]","[5.0, 5.0, 5.0, 6.0, 1.0, 0.0, 0.0, 1.0, 0.0, 0.0, 0.23809523809523808, 0.047619047619047616, 0.19047619047619047, 0.0, 0.09523809523809523, 0.09523809523809523, 0.0, 0.09523809523809523, 0.0, 0.047619047619047616, 0.0, 0.047619047619047616]"
880.0,7.620043980828135,1.3914272206916785,0.017685038007730743,"[4.55, 4.65, 4.75, 4.85, 4.95, 5.05, 5.15, 5.25, 5.35, 5.45, 5.55, 5.65, 5.75, 5.85, 5.95, 6.05, 6.15, 6.25, 6.35, 6.45, 6.55, 6.65]","[5.0, 5.0, 5.0, 6.0, 1.0, 0.0, 0.0, 1.0, 0.0, 0.0, 0.23809523809523808, 0.047619047619047616, 0.19047619047619047, 0.0, 0.09523809523809523, 0.09523809523809523, 0.0, 0.09523809523809523, 0.0, 0.047619047619047616, 0.0, 0.047619047619047616]"
881.0,7.291414282908313,1.3226467480452675,0.04729965633570447,"[4.55, 4.65, 4.75, 4.85, 4.95, 5.05, 5.15, 5.25, 5.35, 5.45, 5.55, 5.65, 5.75, 5.85, 5.95, 6.05, 6.15, 6.25, 6.35, 6.45, 6.55, 6.65, 6.75, 6.85, 6.95, 7.05, 7.15]","[5.0, 5.0, 5.0, 6.0, 1.0, 0.0, 0.0, 1.0, 0.0, 0.0, 0.23809523809523808, 0.047619047619047616, 0.19047619047619047, 0.0, 0.09523809523809523, 0.09523809523809523, 0.0, 0.09523809523809523, 0.0, 0.047619047619047616, 0.0, 0.047619047619047616, 0.0, 0.0, 0.0, 0.008620689655172414, 0.008620689655172414]"
882.0,7.545807967043735,1.3758895406623548,0.019115104877458756,"[4.55, 4.65, 4.75, 4.85, 4.95, 5.05, 5.15, 5.25, 5.35, 5.45, 5.55, 5.65, 5.75, 5.85, 5.95, 6.05, 6.15, 6.25, 6.35, 6.45, 6.55, 6.65, 6.75, 6.85]","[5.0, 5.0, 5.0, 6.0, 1.0, 0.0, 0.0, 1.0, 0.0, 0.0, 0.23809523809523808, 0.047619047619047616, 0.19047619047619047, 0.0, 0.09523809523809523, 0.09523809523809523, 0.0, 0.09523809523809523, 0.0, 0.047619047619047616, 0.0, 0.024390243902439025, 0.0, 0.024390243902439025]"
883.0,7.545807967043735,1.3758895406623548,0.012258471974580552,"[4.55, 4.65, 4.75, 4.85, 4.95, 5.05, 5.15, 5.25, 5.35, 5.45, 5.55, 5.65, 5.75, 5.85, 5.95, 6.05, 6.15, 6.25, 6.35, 6.45, 6.55, 6.65, 6.75, 6.85]","[5.0, 5.0, 5.0, 6.0, 1.0, 0.0, 0.0, 1.0, 0.0, 0.0, 0.23809523809523808, 0.047619047619047616, 0.19047619047619047, 0.0, 0.09523809523809523, 0.09523809523809523, 0.0, 0.09523809523809523, 0.0, 0.047619047619047616, 0.0, 0.024390243902439025, 0.0, 0.024390243902439025]"
884.0,7.545807967043735,1.3758895406623548,0.012258471974580552,"[4.55, 4.65, 4.75, 4.85, 4.95, 5.05, 5.15, 5.25, 5.35, 5.45, 5.55, 5.65, 5.75, 5.85, 5.95, 6.05, 6.15, 6.25, 6.35, 6.45, 6.55, 6.65, 6.75, 6.85]","[5.0, 5.0, 5.0, 6.0, 1.0, 0.0, 0.0, 1.0, 0.0, 0.0, 0.23809523809523808, 0.047619047619047616, 0.19047619047619047, 0.0, 0.09523809523809523, 0.09523809523809523, 0.0, 0.09523809523809523, 0.0, 0.047619047619047616, 0.0, 0.024390243902439025, 0.0, 0.024390243902439025]"
885.0,7.545807967043735,1.3758895406623548,0.012258471974580552,"[4.55, 4.65, 4.75, 4.85, 4.95, 5.05, 5.15, 5.25, 5.35, 5.45, 5.55, 5.65, 5.75, 5.85, 5.95, 6.05, 6.15, 6.25, 6.35, 6.45, 6.55, 6.65, 6.75, 6.85]","[5.0, 5.0, 5.0, 6.0, 1.0, 0.0, 0.0, 1.0, 0.0, 0.0, 0.23809523809523808, 0.047619047619047616, 0.19047619047619047, 0.0, 0.09523809523809523, 0.09523809523809523, 0.0, 0.09523809523809523, 0.0, 0.047619047619047616, 0.0, 0.024390243902439025, 0.0, 0.024390243902439025]"
886.0,7.236563093908937,1.3112944976276906,0.025749566550058403,"[4.55, 4.65, 4.75, 4.85, 4.95, 5.05, 5.15, 5.25, 5.35, 5.45, 5.55, 5.65, 5.75, 5.85, 5.95, 6.05, 6.15, 6.25, 6.35, 6.45, 6.55, 6.65, 6.75, 6.85, 6.95, 7.05, 7.15]","[5.0, 5.0, 5.0, 6.0, 1.0, 0.0, 0.0, 1.0, 0.0, 0.0, 0.23809523809523808, 0.047619047619047616, 0.19047619047619047, 0.0, 0.09523809523809523, 0.09523809523809523, 0.0, 0.09523809523809523, 0.0, 0.047619047619047616, 0.0, 0.024390243902439025, 0.0, 0.024390243902439025, 0.0, 0.008620689655172414, 0.008620689655172414]"
887.0,7.474704618337146,1.3611659924636323,0.02067509783181934,"[4.55, 4.65, 4.75, 4.85, 4.95, 5.05, 5.15, 5.25, 5.35, 5.45, 5.55, 5.65, 5.75, 5.85, 5.95, 6.05, 6.15, 6.25, 6.35, 6.45, 6.55, 6.65, 6.75, 6.85, 6.95]","[5.0, 5.0, 5.0, 6.0, 1.0, 0.0, 0.0, 1.0, 0.0, 0.0, 0.23809523809523808, 0.047619047619047616, 0.19047619047619047, 0.0, 0.09523809523809523, 0.09523809523809523, 0.0, 0.09523809523809523, 0.0, 0.047619047619047616, 0.0, 0.01639344262295082, 0.0, 0.01639344262295082, 0.01639344262295082]"
888.0,7.474704618337146,1.3611659924636323,0.01331473391158788,"[4.55, 4.65, 4.75, 4.85, 4.95, 5.05, 5.15, 5.25, 5.35, 5.45, 5.55, 5.65, 5.75, 5.85, 5.95, 6.05, 6.15, 6.25, 6.35, 6.45, 6.55, 6.65, 6.75, 6.85, 6.95]","[5.0, 5.0, 5.0, 6.0, 1.0, 0.0, 0.0, 1.0, 0.0, 0.0, 0.23809523809523808, 0.047619047619047616, 0.19047619047619047, 0.0, 0.09523809523809523, 0.09523809523809523, 0.0, 0.09523809523809523, 0.0, 0.047619047619047616, 0.0, 0.01639344262295082, 0.0, 0.01639344262295082, 0.01639344262295082]"
889.0,7.474704618337146,1.3611659924636323,0.01331473391158788,"[4.55, 4.65, 4.75, 4.85, 4.95, 5.05, 5.15, 5.25, 5.35, 5.45, 5.55, 5.65, 5.75, 5.85, 5.95, 6.05, 6.15, 6.25, 6.35, 6.45, 6.55, 6.65, 6.75, 6.85, 6.95]","[5.0, 5.0, 5.0, 6.0, 1.0, 0.0, 0.0, 1.0, 0.0, 0.0, 0.23809523809523808, 0.047619047619047616, 0.19047619047619047, 0.0, 0.09523809523809523, 0.09523809523809523, 0.0, 0.09523809523809523, 0.0, 0.047619047619047616, 0.0, 0.01639344262295082, 0.0, 0.01639344262295082, 0.01639344262295082]"
890.0,7.18000970620242,1.2997478255808248,0.026624933193969615,"[4.55, 4.65, 4.75, 4.85, 4.95, 5.05, 5.15, 5.25, 5.35, 5.45, 5.55, 5.65, 5.75, 5.85, 5.95, 6.05, 6.15, 6.25, 6.35, 6.45, 6.55, 6.65, 6.75, 6.85, 6.95, 7.05, 7.15]","[5.0, 5.0, 5.0, 6.0, 1.0, 0.0, 0.0, 1.0, 0.0, 0.0, 0.23809523809523808, 0.047619047619047616, 0.19047619047619047, 0.0, 0.09523809523809523, 0.09523809523809523, 0.0, 0.09523809523809523, 0.0, 0.047619047619047616, 0.0, 0.01639344262295082, 0.0, 0.01639344262295082, 0.01639344262295082, 0.008620689655172414, 0.008620689655172414]"
891.0,7.581607397764153,1.3838259620703572,0.017577933538144803,"[4.55, 4.65, 4.75, 4.85, 4.95, 5.05, 5.15, 5.25, 5.35, 5.45, 5.55, 5.65, 5.75, 5.85, 5.95, 6.05, 6.15, 6.25, 6.35, 6.45, 6.55, 6.65, 6.75, 6.85, 6.95]","[5.0, 5.0, 5.0, 6.0, 1.0, 0.0, 0.0, 1.0, 0.0, 0.0, 0.23809523809523808, 0.047619047619047616, 0.19047619047619047, 0.0, 0.09523809523809523, 0.09523809523809523, 0.0, 0.09523809523809523, 0.0, 0.047619047619047616, 0.0, 0.012345679012345678, 0.0, 0.012345679012345678, 0.012345679012345678]"
892.0,7.581607397764153,1.3838259620703572,0.011793625207822105,"[4.55, 4.65, 4.75, 4.85, 4.95, 5.05, 5.15, 5.25, 5.35, 5.45, 5.55, 5.65, 5.75, 5.85, 5.95, 6.05, 6.15, 6.25, 6.35, 6.45, 6.55, 6.65, 6.75, 6.85, 6.95]","[5.0, 5.0, 5.0, 6.0, 1.0, 0.0, 0.0, 1.0, 0.0, 0.0, 0.23809523809523808, 0.047619047619047616, 0.19047619047619047, 0.0, 0.09523809523809523, 0.09523809523809523, 0.0, 0.09523809523809523, 0.0, 0.047619047619047616, 0.0, 0.012345679012345678, 0.0, 0.012345679012345678, 0.012345679012345678]"
893.0,7.287964535341948,1.322574686876659,0.025069482778842047,"[4.55, 4.65, 4.75, 4.85, 4.95, 5.05, 5.15, 5.25, 5.35, 5.45, 5.55, 5.65, 5.75, 5.85, 5.95, 6.05, 6.15, 6.25, 6.35, 6.45, 6.55, 6.65, 6.75, 6.85, 6.95, 7.05, 7.15]","[5.0, 5.0, 5.0, 6.0, 1.0, 0.0, 0.0, 1.0, 0.0, 0.0, 0.23809523809523808, 0.047619047619047616, 0.19047619047619047, 0.0, 0.09523809523809523, 0.09523809523809523, 0.0, 0.09523809523809523, 0.0, 0.047619047619047616, 0.0, 0.012345679012345678, 0.0, 0.012345679012345678, 0.012345679012345678, 0.008620689655172414, 0.008620689655172414]"
894.0,7.40230364579187,1.3455587240465374,0.021629644132995927,"[4.55, 4.65, 4.75, 4.85, 4.95, 5.05, 5.15, 5.25, 5.35, 5.45, 5.55, 5.65, 5.75, 5.85, 5.95, 6.05, 6.15, 6.25, 6.35, 6.45, 6.55, 6.65, 6.75, 6.85, 6.95]","[5.0, 5.0, 5.0, 6.0, 1.0, 0.0, 0.0, 1.0, 0.0, 0.0, 0.23809523809523808, 0.047619047619047616, 0.19047619047619047, 0.0, 0.09523809523809523, 0.09523809523809523, 0.0, 0.09523809523809523, 0.0, 0.047619047619047616, 0.009900990099009901, 0.019801980198019802, 0.0, 0.009900990099009901, 0.009900990099009901]"
895.0,7.160926989567165,1.2954246887897574,0.02663806034430134,"[4.55, 4.65, 4.75, 4.85, 4.95, 5.05, 5.15, 5.25, 5.35, 5.45, 5.55, 5.65, 5.75, 5.85, 5.95, 6.05, 6.15, 6.25, 6.35, 6.45, 6.55, 6.65, 6.75, 6.85, 6.95, 7.05, 7.15]","[5.0, 5.0, 5.0, 6.0, 1.0, 0.0, 0.0, 1.0, 0.0, 0.0, 0.23809523809523808, 0.047619047619047616, 0.19047619047619047, 0.0, 0.09523809523809523, 0.09523809523809523, 0.0, 0.09523809523809523, 0.0, 0.047619047619047616, 0.009900990099009901, 0.019801980198019802, 0.0, 0.009900990099009901, 0.009900990099009901, 0.008620689655172414, 0.008620689655172414]"
896.0,6.8958682181104365,1.2399464571383758,0.05841419069847437,"[4.55, 4.65, 4.75, 4.85, 4.95, 5.05, 5.15, 5.25, 5.35, 5.45, 5.55, 5.65, 5.75, 5.85, 5.95, 6.05, 6.15, 6.25, 6.35, 6.45, 6.55, 6.65, 6.75, 6.85, 6.95, 7.05, 7.15]","[5.0, 5.0, 5.0, 6.0, 1.0, 0.0, 0.0, 1.0, 0.0, 0.0, 0.23809523809523808, 0.047619047619047616, 0.19047619047619047, 0.0, 0.09523809523809523, 0.09523809523809523, 0.0, 0.09523809523809523, 0.0, 0.047619047619047616, 0.008620689655172414, 0.02586206896551724, 0.008620689655172414, 0.008620689655172414, 0.017241379310344827, 0.008620689655172414, 0.008620689655172414]"
897.0,7.8772935690616865,1.4483080647275577,0.01574860221047557,"[4.55, 4.65, 4.75, 4.85, 4.95, 5.05, 5.15, 5.25, 5.35, 5.45, 5.55, 5.65, 5.75, 5.85, 5.95, 6.05, 6.15, 6.25, 6.35, 6.45, 6.55, 6.65, 6.75, 6.85]","[5.0, 5.0, 5.0, 6.0, 1.0, 0.0, 0.0, 1.0, 0.0, 0.0, 0.23809523809523808, 0.047619047619047616, 0.19047619047619047, 0.0, 0.09523809523809523, 0.04878048780487805, 0.0, 0.04878048780487805, 0.0, 0.024390243902439025, 0.0, 0.024390243902439025, 0.0, 0.024390243902439025]"
898.0,7.8772935690616865,1.4483080647275577,0.009951133147699505,"[4.55, 4.65, 4.75, 4.85, 4.95, 5.05, 5.15, 5.25, 5.35, 5.45, 5.55, 5.65, 5.75, 5.85, 5.95, 6.05, 6.15, 6.25, 6.35, 6.45, 6.55, 6.65, 6.75, 6.85]","[5.0, 5.0, 5.0, 6.0, 1.0, 0.0, 0.0, 1.0, 0.0, 0.0, 0.23809523809523808, 0.047619047619047616, 0.19047619047619047, 0.0, 0.09523809523809523, 0.04878048780487805, 0.0, 0.04878048780487805, 0.0, 0.024390243902439025, 0.0, 0.024390243902439025, 0.0, 0.024390243902439025]"
899.0,7.8772935690616865,1.4483080647275577,0.009951133147699505,"[4.55, 4.65, 4.75, 4.85, 4.95, 5.05, 5.15, 5.25, 5.35, 5.45, 5.55, 5.65, 5.75, 5.85, 5.95, 6.05, 6.15, 6.25, 6.35, 6.45, 6.55, 6.65, 6.75, 6.85]","[5.0, 5.0, 5.0, 6.0, 1.0, 0.0, 0.0, 1.0, 0.0, 0.0, 0.23809523809523808, 0.047619047619047616, 0.19047619047619047, 0.0, 0.09523809523809523, 0.04878048780487805, 0.0, 0.04878048780487805, 0.0, 0.024390243902439025, 0.0, 0.024390243902439025, 0.0, 0.024390243902439025]"
900.0,7.8772935690616865,1.4483080647275577,0.009951133147699505,"[4.55, 4.65, 4.75, 4.85, 4.95, 5.05, 5.15, 5.25, 5.35, 5.45, 5.55, 5.65, 5.75, 5.85, 5.95, 6.05, 6.15, 6.25, 6.35, 6.45, 6.55, 6.65, 6.75, 6.85]","[5.0, 5.0, 5.0, 6.0, 1.0, 0.0, 0.0, 1.0, 0.0, 0.0, 0.23809523809523808, 0.047619047619047616, 0.19047619047619047, 0.0, 0.09523809523809523, 0.04878048780487805, 0.0, 0.04878048780487805, 0.0, 0.024390243902439025, 0.0, 0.024390243902439025, 0.0, 0.024390243902439025]"
901.0,7.536628109447009,1.3772637850840685,0.02305555361056226,"[4.55, 4.65, 4.75, 4.85, 4.95, 5.05, 5.15, 5.25, 5.35, 5.45, 5.55, 5.65, 5.75, 5.85, 5.95, 6.05, 6.15, 6.25, 6.35, 6.45, 6.55, 6.65, 6.75, 6.85, 6.95, 7.05, 7.15]","[5.0, 5.0, 5.0, 6.0, 1.0, 0.0, 0.0, 1.0, 0.0, 0.0, 0.23809523809523808, 0.047619047619047616, 0.19047619047619047, 0.0, 0.09523809523809523, 0.04878048780487805, 0.0, 0.04878048780487805, 0.0, 0.024390243902439025, 0.0, 0.024390243902439025, 0.0, 0.024390243902439025, 0.0, 0.008620689655172414, 0.008620689655172414]"
902.0,7.772746102295895,1.4265330458439982,0.011431546600625642,"[4.55, 4.65, 4.75, 4.85, 4.95, 5.05, 5.15, 5.25, 5.35, 5.45, 5.55, 5.65, 5.75, 5.85, 5.95, 6.05, 6.15, 6.25, 6.35, 6.45, 6.55, 6.65, 6.75, 6.85, 6.95]","[5.0, 5.0, 5.0, 6.0, 1.0, 0.0, 0.0, 1.0, 0.0, 0.0, 0.23809523809523808, 0.047619047619047616, 0.19047619047619047, 0.0, 0.09523809523809523, 0.04878048780487805, 0.0, 0.04878048780487805, 0.0, 0.024390243902439025, 0.0, 0.01639344262295082, 0.0, 0.01639344262295082, 0.01639344262295082]"
903.0,7.772746102295895,1.4265330458439982,0.007813418007581409,"[4.55, 4.65, 4.75, 4.85, 4.95, 5.05, 5.15, 5.25, 5.35, 5.45, 5.55, 5.65, 5.75, 5.85, 5.95, 6.05, 6.15, 6.25, 6.35, 6.45, 6.55, 6.65, 6.75, 6.85, 6.95]","[5.0, 5.0, 5.0, 6.0, 1.0, 0.0, 0.0, 1.0, 0.0, 0.0, 0.23809523809523808, 0.047619047619047616, 0.19047619047619047, 0.0, 0.09523809523809523, 0.04878048780487805, 0.0, 0.04878048780487805, 0.0, 0.024390243902439025, 0.0, 0.01639344262295082, 0.0, 0.01639344262295082, 0.01639344262295082]"
904.0,7.772746102295895,1.4265330458439982,0.007813418007581409,"[4.55, 4.65, 4.75, 4.85, 4.95, 5.05, 5.15, 5.25, 5.35, 5.45, 5.55, 5.65, 5.75, 5.85, 5.95, 6.05, 6.15, 6.25, 6.35, 6.45, 6.55, 6.65, 6.75, 6.85, 6.95]","[5.0, 5.0, 5.0, 6.0, 1.0, 0.0, 0.0, 1.0, 0.0, 0.0, 0.23809523809523808, 0.047619047619047616, 0.19047619047619047, 0.0, 0.09523809523809523, 0.04878048780487805, 0.0, 0.04878048780487805, 0.0, 0.024390243902439025, 0.0, 0.01639344262295082, 0.0, 0.01639344262295082, 0.01639344262295082]"
905.0,7.4529035756532185,1.360016977997359,0.015986696596730587,"[4.55, 4.65, 4.75, 4.85, 4.95, 5.05, 5.15, 5.25, 5.35, 5.45, 5.55, 5.65, 5.75, 5.85, 5.95, 6.05, 6.15, 6.25, 6.35, 6.45, 6.55, 6.65, 6.75, 6.85, 6.95, 7.05, 7.15]","[5.0, 5.0, 5.0, 6.0, 1.0, 0.0, 0.0, 1.0, 0.0, 0.0, 0.23809523809523808, 0.047619047619047616, 0.19047619047619047, 0.0, 0.09523809523809523, 0.04878048780487805, 0.0, 0.04878048780487805, 0.0, 0.024390243902439025, 0.0, 0.01639344262295082, 0.0, 0.01639344262295082, 0.01639344262295082, 0.008620689655172414, 0.008620689655172414]"
906.0,7.852701385687702,1.443463482996854,0.010103205686924084,"[4.55, 4.65, 4.75, 4.85, 4.95, 5.05, 5.15, 5.25, 5.35, 5.45, 5.55, 5.65, 5.75, 5.85, 5.95, 6.05, 6.15, 6.25, 6.35, 6.45, 6.55, 6.65, 6.75, 6.85, 6.95]","[5.0, 5.0, 5.0, 6.0, 1.0, 0.0, 0.0, 1.0, 0.0, 0.0, 0.23809523809523808, 0.047619047619047616, 0.19047619047619047, 0.0, 0.09523809523809523, 0.04878048780487805, 0.0, 0.04878048780487805, 0.0, 0.024390243902439025, 0.0, 0.012345679012345678, 0.0, 0.012345679012345678, 0.012345679012345678]"
907.0,7.852701385687702,1.443463482996854,0.00700776630744904,"[4.55, 4.65, 4.75, 4.85, 4.95, 5.05, 5.15, 5.25, 5.35, 5.45, 5.55, 5.65, 5.75, 5.85, 5.95, 6.05, 6.15, 6.25, 6.35, 6.45, 6.55, 6.65, 6.75, 6.85, 6.95]","[5.0, 5.0, 5.0, 6.0, 1.0, 0.0, 0.0, 1.0, 0.0, 0.0, 0.23809523809523808, 0.047619047619047616, 0.19047619047619047, 0.0, 0.09523809523809523, 0.04878048780487805, 0.0, 0.04878048780487805, 0.0, 0.024390243902439025, 0.0, 0.012345679012345678, 0.0, 0.012345679012345678, 0.012345679012345678]"
908.0,7.537227447214093,1.3778019694416037,0.015159568285613892,"[4.55, 4.65, 4.75, 4.85, 4.95, 5.05, 5.15, 5.25, 5.35, 5.45, 5.55, 5.65, 5.75, 5.85, 5.95, 6.05, 6.15, 6.25, 6.35, 6.45, 6.55, 6.65, 6.75, 6.85, 6.95, 7.05, 7.15]","[5.0, 5.0, 5.0, 6.0, 1.0, 0.0, 0.0, 1.0, 0.0, 0.0, 0.23809523809523808, 0.047619047619047616, 0.19047619047619047, 0.0, 0.09523809523809523, 0.04878048780487805, 0.0, 0.04878048780487805, 0.0, 0.024390243902439025, 0.0, 0.012345679012345678, 0.0, 0.012345679012345678, 0.012345679012345678, 0.008620689655172414, 0.008620689655172414]"
909.0,7.654470806398789,1.4012564830685323,0.012533905125681116,"[4.55, 4.65, 4.75, 4.85, 4.95, 5.05, 5.15, 5.25, 5.35, 5.45, 5.55, 5.65, 5.75, 5.85, 5.95, 6.05, 6.15, 6.25, 6.35, 6.45, 6.55, 6.65, 6.75, 6.85, 6.95]","[5.0, 5.0, 5.0, 6.0, 1.0, 0.0, 0.0, 1.0, 0.0, 0.0, 0.23809523809523808, 0.047619047619047616, 0.19047619047619047, 0.0, 0.09523809523809523, 0.04878048780487805, 0.0, 0.04878048780487805, 0.0, 0.024390243902439025, 0.009900990099009901, 0.019801980198019802, 0.0, 0.009900990099009901, 0.009900990099009901]"
910.0,7.3884947096768805,1.3461646334816537,0.016313788075261883,"[4.55, 4.65, 4.75, 4.85, 4.95, 5.05, 5.15, 5.25, 5.35, 5.45, 5.55, 5.65, 5.75, 5.85, 5.95, 6.05, 6.15, 6.25, 6.35, 6.45, 6.55, 6.65, 6.75, 6.85, 6.95, 7.05, 7.15]","[5.0, 5.0, 5.0, 6.0, 1.0, 0.0, 0.0, 1.0, 0.0, 0.0, 0.23809523809523808, 0.047619047619047616, 0.19047619047619047, 0.0, 0.09523809523809523, 0.04878048780487805, 0.0, 0.04878048780487805, 0.0, 0.024390243902439025, 0.009900990099009901, 0.019801980198019802, 0.0, 0.009900990099009901, 0.009900990099009901, 0.008620689655172414, 0.008620689655172414]"
911.0,7.103292943521142,1.2866804777670684,0.03255872288632645,"[4.55, 4.65, 4.75, 4.85, 4.95, 5.05, 5.15, 5.25, 5.35, 5.45, 5.55, 5.65, 5.75, 5.85, 5.95, 6.05, 6.15, 6.25, 6.35, 6.45, 6.55, 6.65, 6.75, 6.85, 6.95, 7.05, 7.15]","[5.0, 5.0, 5.0, 6.0, 1.0, 0.0, 0.0, 1.0, 0.0, 0.0, 0.23809523809523808, 0.047619047619047616, 0.19047619047619047, 0.0, 0.09523809523809523, 0.04878048780487805, 0.0, 0.04878048780487805, 0.0, 0.024390243902439025, 0.008620689655172414, 0.02586206896551724, 0.008620689655172414, 0.008620689655172414, 0.017241379310344827, 0.008620689655172414, 0.008620689655172414]"
912.0,7.477872209943831,1.3625299321680115,0.021738455370934665,"[4.55, 4.65, 4.75, 4.85, 4.95, 5.05, 5.15, 5.25, 5.35, 5.45, 5.55, 5.65, 5.75, 5.85, 5.95, 6.05, 6.15, 6.25, 6.35, 6.45, 6.55, 6.65, 6.75, 6.85, 6.95]","[5.0, 5.0, 5.0, 6.0, 1.0, 0.0, 0.0, 1.0, 0.0, 0.0, 0.23809523809523808, 0.047619047619047616, 0.19047619047619047, 0.0, 0.09523809523809523, 0.06557377049180328, 0.01639344262295082, 0.04918032786885246, 0.0, 0.04918032786885246, 0.0, 0.01639344262295082, 0.0, 0.01639344262295082, 0.01639344262295082]"
913.0,7.477872209943831,1.3625299321680115,0.013715171605754584,"[4.55, 4.65, 4.75, 4.85, 4.95, 5.05, 5.15, 5.25, 5.35, 5.45, 5.55, 5.65, 5.75, 5.85, 5.95, 6.05, 6.15, 6.25, 6.35, 6.45, 6.55, 6.65, 6.75, 6.85, 6.95]","[5.0, 5.0, 5.0, 6.0, 1.0, 0.0, 0.0, 1.0, 0.0, 0.0, 0.23809523809523808, 0.047619047619047616, 0.19047619047619047, 0.0, 0.09523809523809523, 0.06557377049180328, 0.01639344262295082, 0.04918032786885246, 0.0, 0.04918032786885246, 0.0, 0.01639344262295082, 0.0, 0.01639344262295082, 0.01639344262295082]"
914.0,7.477872209943831,1.3625299321680115,0.013715171605754584,"[4.55, 4.65, 4.75, 4.85, 4.95, 5.05, 5.15, 5.25, 5.35, 5.45, 5.55, 5.65, 5.75, 5.85, 5.95, 6.05, 6.15, 6.25, 6.35, 6.45, 6.55, 6.65, 6.75, 6.85, 6.95]","[5.0, 5.0, 5.0, 6.0, 1.0, 0.0, 0.0, 1.0, 0.0, 0.0, 0.23809523809523808, 0.047619047619047616, 0.19047619047619047, 0.0, 0.09523809523809523, 0.06557377049180328, 0.01639344262295082, 0.04918032786885246, 0.0, 0.04918032786885246, 0.0, 0.01639344262295082, 0.0, 0.01639344262295082, 0.01639344262295082]"
915.0,7.242042518433608,1.3141348235561563,0.02550503673904032,"[4.55, 4.65, 4.75, 4.85, 4.95, 5.05, 5.15, 5.25, 5.35, 5.45, 5.55, 5.65, 5.75, 5.85, 5.95, 6.05, 6.15, 6.25, 6.35, 6.45, 6.55, 6.65, 6.75, 6.85, 6.95, 7.05, 7.15]","[5.0, 5.0, 5.0, 6.0, 1.0, 0.0, 0.0, 1.0, 0.0, 0.0, 0.23809523809523808, 0.047619047619047616, 0.19047619047619047, 0.0, 0.09523809523809523, 0.06557377049180328, 0.01639344262295082, 0.04918032786885246, 0.0, 0.04918032786885246, 0.0, 0.01639344262295082, 0.0, 0.01639344262295082, 0.01639344262295082, 0.008620689655172414, 0.008620689655172414]"
916.0,7.557716129115577,1.3792519712901565,0.01190733447600886,"[4.55, 4.65, 4.75, 4.85, 4.95, 5.05, 5.15, 5.25, 5.35, 5.45, 5.55, 5.65, 5.75, 5.85, 5.95, 6.05, 6.15, 6.25, 6.35, 6.45, 6.55, 6.65, 6.75, 6.85, 6.95]","[5.0, 5.0, 5.0, 6.0, 1.0, 0.0, 0.0, 1.0, 0.0, 0.0, 0.23809523809523808, 0.047619047619047616, 0.19047619047619047, 0.0, 0.09523809523809523, 0.06557377049180328, 0.01639344262295082, 0.04918032786885246, 0.0, 0.04918032786885246, 0.0, 0.012345679012345678, 0.0, 0.012345679012345678, 0.012345679012345678]"
917.0,7.557716129115577,1.3792519712901565,0.008555470361140573,"[4.55, 4.65, 4.75, 4.85, 4.95, 5.05, 5.15, 5.25, 5.35, 5.45, 5.55, 5.65, 5.75, 5.85, 5.95, 6.05, 6.15, 6.25, 6.35, 6.45, 6.55, 6.65, 6.75, 6.85, 6.95]","[5.0, 5.0, 5.0, 6.0, 1.0, 0.0, 0.0, 1.0, 0.0, 0.0, 0.23809523809523808, 0.047619047619047616, 0.19047619047619047, 0.0, 0.09523809523809523, 0.06557377049180328, 0.01639344262295082, 0.04918032786885246, 0.0, 0.04918032786885246, 0.0, 0.012345679012345678, 0.0, 0.012345679012345678, 0.012345679012345678]"
918.0,7.323388458343954,1.331121697662855,0.01536633454334175,"[4.55, 4.65, 4.75, 4.85, 4.95, 5.05, 5.15, 5.25, 5.35, 5.45, 5.55, 5.65, 5.75, 5.85, 5.95, 6.05, 6.15, 6.25, 6.35, 6.45, 6.55, 6.65, 6.75, 6.85, 6.95, 7.05, 7.15]","[5.0, 5.0, 5.0, 6.0, 1.0, 0.0, 0.0, 1.0, 0.0, 0.0, 0.23809523809523808, 0.047619047619047616, 0.19047619047619047, 0.0, 0.09523809523809523, 0.06557377049180328, 0.01639344262295082, 0.04918032786885246, 0.0, 0.04918032786885246, 0.0, 0.012345679012345678, 0.0, 0.012345679012345678, 0.012345679012345678, 0.008620689655172414, 0.008620689655172414]"
919.0,7.420784054096029,1.3503243557535582,0.013543077193239769,"[4.55, 4.65, 4.75, 4.85, 4.95, 5.05, 5.15, 5.25, 5.35, 5.45, 5.55, 5.65, 5.75, 5.85, 5.95, 6.05, 6.15, 6.25, 6.35, 6.45, 6.55, 6.65, 6.75, 6.85, 6.95]","[5.0, 5.0, 5.0, 6.0, 1.0, 0.0, 0.0, 1.0, 0.0, 0.0, 0.23809523809523808, 0.047619047619047616, 0.19047619047619047, 0.0, 0.09523809523809523, 0.06557377049180328, 0.01639344262295082, 0.04918032786885246, 0.0, 0.04918032786885246, 0.009900990099009901, 0.019801980198019802, 0.0, 0.009900990099009901, 0.009900990099009901]"
920.0,7.216824174957597,1.308600530993862,0.015936186147550543,"[4.55, 4.65, 4.75, 4.85, 4.95, 5.05, 5.15, 5.25, 5.35, 5.45, 5.55, 5.65, 5.75, 5.85, 5.95, 6.05, 6.15, 6.25, 6.35, 6.45, 6.55, 6.65, 6.75, 6.85, 6.95, 7.05, 7.15]","[5.0, 5.0, 5.0, 6.0, 1.0, 0.0, 0.0, 1.0, 0.0, 0.0, 0.23809523809523808, 0.047619047619047616, 0.19047619047619047, 0.0, 0.09523809523809523, 0.06557377049180328, 0.01639344262295082, 0.04918032786885246, 0.0, 0.04918032786885246, 0.009900990099009901, 0.019801980198019802, 0.0, 0.009900990099009901, 0.009900990099009901, 0.008620689655172414, 0.008620689655172414]"
921.0,6.9841400393009625,1.2605709778617753,0.031773986509121416,"[4.55, 4.65, 4.75, 4.85, 4.95, 5.05, 5.15, 5.25, 5.35, 5.45, 5.55, 5.65, 5.75, 5.85, 5.95, 6.05, 6.15, 6.25, 6.35, 6.45, 6.55, 6.65, 6.75, 6.85, 6.95, 7.05, 7.15]","[5.0, 5.0, 5.0, 6.0, 1.0, 0.0, 0.0, 1.0, 0.0, 0.0, 0.23809523809523808, 0.047619047619047616, 0.19047619047619047, 0.0, 0.09523809523809523, 0.06557377049180328, 0.01639344262295082, 0.04918032786885246, 0.0, 0.04918032786885246, 0.008620689655172414, 0.02586206896551724, 0.008620689655172414, 0.008620689655172414, 0.017241379310344827, 0.008620689655172414, 0.008620689655172414]"
922.0,7.681829998252919,1.406736328274839,0.01853112486812036,"[4.55, 4.65, 4.75, 4.85, 4.95, 5.05, 5.15, 5.25, 5.35, 5.45, 5.55, 5.65, 5.75, 5.85, 5.95, 6.05, 6.15, 6.25, 6.35, 6.45, 6.55, 6.65, 6.75, 6.85, 6.95]","[5.0, 5.0, 5.0, 6.0, 1.0, 0.0, 0.0, 1.0, 0.0, 0.0, 0.23809523809523808, 0.047619047619047616, 0.19047619047619047, 0.0, 0.09523809523809523, 0.04938271604938271, 0.012345679012345678, 0.04938271604938271, 0.0, 0.037037037037037035, 0.0, 0.012345679012345678, 0.0, 0.012345679012345678, 0.012345679012345678]"
923.0,7.681829998252919,1.406736328274839,0.011891410099961738,"[4.55, 4.65, 4.75, 4.85, 4.95, 5.05, 5.15, 5.25, 5.35, 5.45, 5.55, 5.65, 5.75, 5.85, 5.95, 6.05, 6.15, 6.25, 6.35, 6.45, 6.55, 6.65, 6.75, 6.85, 6.95]","[5.0, 5.0, 5.0, 6.0, 1.0, 0.0, 0.0, 1.0, 0.0, 0.0, 0.23809523809523808, 0.047619047619047616, 0.19047619047619047, 0.0, 0.09523809523809523, 0.04938271604938271, 0.012345679012345678, 0.04938271604938271, 0.0, 0.037037037037037035, 0.0, 0.012345679012345678, 0.0, 0.012345679012345678, 0.012345679012345678]"
924.0,7.4454669576224255,1.358358780571724,0.023895117675427832,"[4.55, 4.65, 4.75, 4.85, 4.95, 5.05, 5.15, 5.25, 5.35, 5.45, 5.55, 5.65, 5.75, 5.85, 5.95, 6.05, 6.15, 6.25, 6.35, 6.45, 6.55, 6.65, 6.75, 6.85, 6.95, 7.05, 7.15]","[5.0, 5.0, 5.0, 6.0, 1.0, 0.0, 0.0, 1.0, 0.0, 0.0, 0.23809523809523808, 0.047619047619047616, 0.19047619047619047, 0.0, 0.09523809523809523, 0.04938271604938271, 0.012345679012345678, 0.04938271604938271, 0.0, 0.037037037037037035, 0.0, 0.012345679012345678, 0.0, 0.012345679012345678, 0.012345679012345678, 0.008620689655172414, 0.008620689655172414]"
925.0,7.542314281027369,1.3773533385534908,0.013061001128226746,"[4.55, 4.65, 4.75, 4.85, 4.95, 5.05, 5.15, 5.25, 5.35, 5.45, 5.55, 5.65, 5.75, 5.85, 5.95, 6.05, 6.15, 6.25, 6.35, 6.45, 6.55, 6.65, 6.75, 6.85, 6.95]","[5.0, 5.0, 5.0, 6.0, 1.0, 0.0, 0.0, 1.0, 0.0, 0.0, 0.23809523809523808, 0.047619047619047616, 0.19047619047619047, 0.0, 0.09523809523809523, 0.04938271604938271, 0.012345679012345678, 0.04938271604938271, 0.0, 0.037037037037037035, 0.009900990099009901, 0.019801980198019802, 0.0, 0.009900990099009901, 0.009900990099009901]"
926.0,7.3333190583854115,1.3347573845190772,0.016489824047744718,"[4.55, 4.65, 4.75, 4.85, 4.95, 5.05, 5.15, 5.25, 5.35, 5.45, 5.55, 5.65, 5.75, 5.85, 5.95, 6.05, 6.15, 6.25, 6.35, 6.45, 6.55, 6.65, 6.75, 6.85, 6.95, 7.05, 7.15]","[5.0, 5.0, 5.0, 6.0, 1.0, 0.0, 0.0, 1.0, 0.0, 0.0, 0.23809523809523808, 0.047619047619047616, 0.19047619047619047, 0.0, 0.09523809523809523, 0.04938271604938271, 0.012345679012345678, 0.04938271604938271, 0.0, 0.037037037037037035, 0.009900990099009901, 0.019801980198019802, 0.0, 0.009900990099009901, 0.009900990099009901, 0.008620689655172414, 0.008620689655172414]"
927.0,7.097302777655991,1.2862235131224968,0.03274382624808629,"[4.55, 4.65, 4.75, 4.85, 4.95, 5.05, 5.15, 5.25, 5.35, 5.45, 5.55, 5.65, 5.75, 5.85, 5.95, 6.05, 6.15, 6.25, 6.35, 6.45, 6.55, 6.65, 6.75, 6.85, 6.95, 7.05, 7.15]","[5.0, 5.0, 5.0, 6.0, 1.0, 0.0, 0.0, 1.0, 0.0, 0.0, 0.23809523809523808, 0.047619047619047616, 0.19047619047619047, 0.0, 0.09523809523809523, 0.04938271604938271, 0.012345679012345678, 0.04938271604938271, 0.0, 0.037037037037037035, 0.008620689655172414, 0.02586206896551724, 0.008620689655172414, 0.008620689655172414, 0.017241379310344827, 0.008620689655172414, 0.008620689655172414]"
928.0,7.443253235549452,1.3554512559057725,0.021562712451929852,"[4.55, 4.65, 4.75, 4.85, 4.95, 5.05, 5.15, 5.25, 5.35, 5.45, 5.55, 5.65, 5.75, 5.85, 5.95, 6.05, 6.15, 6.25, 6.35, 6.45, 6.55, 6.65, 6.75, 6.85, 6.95]","[5.0, 5.0, 5.0, 6.0, 1.0, 0.0, 0.0, 1.0, 0.0, 0.0, 0.23809523809523808, 0.047619047619047616, 0.19047619047619047, 0.0, 0.09523809523809523, 0.0594059405940594, 0.019801980198019802, 0.04950495049504951, 0.0, 0.039603960396039604, 0.009900990099009901, 0.019801980198019802, 0.0, 0.009900990099009901, 0.009900990099009901]"
929.0,7.262335120414229,1.3189027298250502,0.025194176875681585,"[4.55, 4.65, 4.75, 4.85, 4.95, 5.05, 5.15, 5.25, 5.35, 5.45, 5.55, 5.65, 5.75, 5.85, 5.95, 6.05, 6.15, 6.25, 6.35, 6.45, 6.55, 6.65, 6.75, 6.85, 6.95, 7.05, 7.15]","[5.0, 5.0, 5.0, 6.0, 1.0, 0.0, 0.0, 1.0, 0.0, 0.0, 0.23809523809523808, 0.047619047619047616, 0.19047619047619047, 0.0, 0.09523809523809523, 0.0594059405940594, 0.019801980198019802, 0.04950495049504951, 0.0, 0.039603960396039604, 0.009900990099009901, 0.019801980198019802, 0.0, 0.009900990099009901, 0.009900990099009901, 0.008620689655172414, 0.008620689655172414]"
930.0,7.052116154934285,1.2760069035596364,0.03227630050197735,"[4.55, 4.65, 4.75, 4.85, 4.95, 5.05, 5.15, 5.25, 5.35, 5.45, 5.55, 5.65, 5.75, 5.85, 5.95, 6.05, 6.15, 6.25, 6.35, 6.45, 6.55, 6.65, 6.75, 6.85, 6.95, 7.05, 7.15]","[5.0, 5.0, 5.0, 6.0, 1.0, 0.0, 0.0, 1.0, 0.0, 0.0, 0.23809523809523808, 0.047619047619047616, 0.19047619047619047, 0.0, 0.09523809523809523, 0.0594059405940594, 0.019801980198019802, 0.04950495049504951, 0.0, 0.039603960396039604, 0.008620689655172414, 0.02586206896551724, 0.008620689655172414, 0.008620689655172414, 0.017241379310344827, 0.008620689655172414, 0.008620689655172414]"
931.0,6.951313074630088,1.253368543751783,0.054026967507006134,"[4.55, 4.65, 4.75, 4.85, 4.95, 5.05, 5.15, 5.25, 5.35, 5.45, 5.55, 5.65, 5.75, 5.85, 5.95, 6.05, 6.15, 6.25, 6.35, 6.45, 6.55, 6.65, 6.75, 6.85, 6.95, 7.05, 7.15]","[5.0, 5.0, 5.0, 6.0, 1.0, 0.0, 0.0, 1.0, 0.0, 0.0, 0.23809523809523808, 0.047619047619047616, 0.19047619047619047, 0.0, 0.09523809523809523, 0.06896551724137931, 0.02586206896551724, 0.05172413793103448, 0.017241379310344827, 0.034482758620689655, 0.008620689655172414, 0.02586206896551724, 0.008620689655172414, 0.008620689655172414, 0.017241379310344827, 0.008620689655172414, 0.008620689655172414]"
932.0,7.842951302303029,1.441922104967027,0.03148551853445007,"[4.55, 4.65, 4.75, 4.85, 4.95, 5.05, 5.15, 5.25, 5.35, 5.45, 5.55, 5.65, 5.75, 5.85, 5.95, 6.05, 6.15, 6.25, 6.35, 6.45, 6.55, 6.65, 6.75, 6.85]","[5.0, 5.0, 5.0, 6.0, 1.0, 0.0, 0.0, 1.0, 0.0, 0.0, 0.17073170731707318, 0.17073170731707318, 0.14634146341463414, 0.024390243902439025, 0.0975609756097561, 0.04878048780487805, 0.0, 0.04878048780487805, 0.0, 0.024390243902439025, 0.0, 0.024390243902439025, 0.0, 0.024390243902439025]"
933.0,7.842951302303029,1.441922104967027,0.016807607048507915,"[4.55, 4.65, 4.75, 4.85, 4.95, 5.05, 5.15, 5.25, 5.35, 5.45, 5.55, 5.65, 5.75, 5.85, 5.95, 6.05, 6.15, 6.25, 6.35, 6.45, 6.55, 6.65, 6.75, 6.85]","[5.0, 5.0, 5.0, 6.0, 1.0, 0.0, 0.0, 1.0, 0.0, 0.0, 0.17073170731707318, 0.17073170731707318, 0.14634146341463414, 0.024390243902439025, 0.0975609756097561, 0.04878048780487805, 0.0, 0.04878048780487805, 0.0, 0.024390243902439025, 0.0, 0.024390243902439025, 0.0, 0.024390243902439025]"
934.0,7.842951302303029,1.441922104967027,0.016807607048507915,"[4.55, 4.65, 4.75, 4.85, 4.95, 5.05, 5.15, 5.25, 5.35, 5.45, 5.55, 5.65, 5.75, 5.85, 5.95, 6.05, 6.15, 6.25, 6.35, 6.45, 6.55, 6.65, 6.75, 6.85]","[5.0, 5.0, 5.0, 6.0, 1.0, 0.0, 0.0, 1.0, 0.0, 0.0, 0.17073170731707318, 0.17073170731707318, 0.14634146341463414, 0.024390243902439025, 0.0975609756097561, 0.04878048780487805, 0.0, 0.04878048780487805, 0.0, 0.024390243902439025, 0.0, 0.024390243902439025, 0.0, 0.024390243902439025]"
935.0,7.842951302303029,1.441922104967027,0.016807607048507915,"[4.55, 4.65, 4.75, 4.85, 4.95, 5.05, 5.15, 5.25, 5.35, 5.45, 5.55, 5.65, 5.75, 5.85, 5.95, 6.05, 6.15, 6.25, 6.35, 6.45, 6.55, 6.65, 6.75, 6.85]","[5.0, 5.0, 5.0, 6.0, 1.0, 0.0, 0.0, 1.0, 0.0, 0.0, 0.17073170731707318, 0.17073170731707318, 0.14634146341463414, 0.024390243902439025, 0.0975609756097561, 0.04878048780487805, 0.0, 0.04878048780487805, 0.0, 0.024390243902439025, 0.0, 0.024390243902439025, 0.0, 0.024390243902439025]"
936.0,7.5353599921910055,1.379307539078822,0.04808668519852613,"[4.55, 4.65, 4.75, 4.85, 4.95, 5.05, 5.15, 5.25, 5.35, 5.45, 5.55, 5.65, 5.75, 5.85, 5.95, 6.05, 6.15, 6.25, 6.35, 6.45, 6.55, 6.65, 6.75, 6.85, 6.95, 7.05, 7.15]","[5.0, 5.0, 5.0, 6.0, 1.0, 0.0, 0.0, 1.0, 0.0, 0.0, 0.17073170731707318, 0.17073170731707318, 0.14634146341463414, 0.024390243902439025, 0.0975609756097561, 0.04878048780487805, 0.0, 0.04878048780487805, 0.0, 0.024390243902439025, 0.0, 0.024390243902439025, 0.0, 0.024390243902439025, 0.0, 0.008620689655172414, 0.008620689655172414]"
937.0,7.750859252009926,1.4231997794097504,0.020162478388358197,"[4.55, 4.65, 4.75, 4.85, 4.95, 5.05, 5.15, 5.25, 5.35, 5.45, 5.55, 5.65, 5.75, 5.85, 5.95, 6.05, 6.15, 6.25, 6.35, 6.45, 6.55, 6.65, 6.75, 6.85, 6.95]","[5.0, 5.0, 5.0, 6.0, 1.0, 0.0, 0.0, 1.0, 0.0, 0.0, 0.17073170731707318, 0.17073170731707318, 0.14634146341463414, 0.024390243902439025, 0.0975609756097561, 0.04878048780487805, 0.0, 0.04878048780487805, 0.0, 0.024390243902439025, 0.0, 0.01639344262295082, 0.0, 0.01639344262295082, 0.01639344262295082]"
938.0,7.750859252009926,1.4231997794097504,0.012723846955563287,"[4.55, 4.65, 4.75, 4.85, 4.95, 5.05, 5.15, 5.25, 5.35, 5.45, 5.55, 5.65, 5.75, 5.85, 5.95, 6.05, 6.15, 6.25, 6.35, 6.45, 6.55, 6.65, 6.75, 6.85, 6.95]","[5.0, 5.0, 5.0, 6.0, 1.0, 0.0, 0.0, 1.0, 0.0, 0.0, 0.17073170731707318, 0.17073170731707318, 0.14634146341463414, 0.024390243902439025, 0.0975609756097561, 0.04878048780487805, 0.0, 0.04878048780487805, 0.0, 0.024390243902439025, 0.0, 0.01639344262295082, 0.0, 0.01639344262295082, 0.01639344262295082]"
939.0,7.750859252009926,1.4231997794097504,0.012723846955563287,"[4.55, 4.65, 4.75, 4.85, 4.95, 5.05, 5.15, 5.25, 5.35, 5.45, 5.55, 5.65, 5.75, 5.85, 5.95, 6.05, 6.15, 6.25, 6.35, 6.45, 6.55, 6.65, 6.75, 6.85, 6.95]","[5.0, 5.0, 5.0, 6.0, 1.0, 0.0, 0.0, 1.0, 0.0, 0.0, 0.17073170731707318, 0.17073170731707318, 0.14634146341463414, 0.024390243902439025, 0.0975609756097561, 0.04878048780487805, 0.0, 0.04878048780487805, 0.0, 0.024390243902439025, 0.0, 0.01639344262295082, 0.0, 0.01639344262295082, 0.01639344262295082]"
940.0,7.452953944099894,1.3626946026698243,0.027809957750277323,"[4.55, 4.65, 4.75, 4.85, 4.95, 5.05, 5.15, 5.25, 5.35, 5.45, 5.55, 5.65, 5.75, 5.85, 5.95, 6.05, 6.15, 6.25, 6.35, 6.45, 6.55, 6.65, 6.75, 6.85, 6.95, 7.05, 7.15]","[5.0, 5.0, 5.0, 6.0, 1.0, 0.0, 0.0, 1.0, 0.0, 0.0, 0.17073170731707318, 0.17073170731707318, 0.14634146341463414, 0.024390243902439025, 0.0975609756097561, 0.04878048780487805, 0.0, 0.04878048780487805, 0.0, 0.024390243902439025, 0.0, 0.01639344262295082, 0.0, 0.01639344262295082, 0.01639344262295082, 0.008620689655172414, 0.008620689655172414]"
941.0,7.821906455262088,1.4378661387154696,0.017932462384473734,"[4.55, 4.65, 4.75, 4.85, 4.95, 5.05, 5.15, 5.25, 5.35, 5.45, 5.55, 5.65, 5.75, 5.85, 5.95, 6.05, 6.15, 6.25, 6.35, 6.45, 6.55, 6.65, 6.75, 6.85, 6.95]","[5.0, 5.0, 5.0, 6.0, 1.0, 0.0, 0.0, 1.0, 0.0, 0.0, 0.17073170731707318, 0.17073170731707318, 0.14634146341463414, 0.024390243902439025, 0.0975609756097561, 0.04878048780487805, 0.0, 0.04878048780487805, 0.0, 0.024390243902439025, 0.0, 0.012345679012345678, 0.0, 0.012345679012345678, 0.012345679012345678]"
942.0,7.821906455262088,1.4378661387154696,0.011476656173037635,"[4.55, 4.65, 4.75, 4.85, 4.95, 5.05, 5.15, 5.25, 5.35, 5.45, 5.55, 5.65, 5.75, 5.85, 5.95, 6.05, 6.15, 6.25, 6.35, 6.45, 6.55, 6.65, 6.75, 6.85, 6.95]","[5.0, 5.0, 5.0, 6.0, 1.0, 0.0, 0.0, 1.0, 0.0, 0.0, 0.17073170731707318, 0.17073170731707318, 0.14634146341463414, 0.024390243902439025, 0.0975609756097561, 0.04878048780487805, 0.0, 0.04878048780487805, 0.0, 0.024390243902439025, 0.0, 0.012345679012345678, 0.0, 0.012345679012345678, 0.012345679012345678]"
943.0,7.529811734829356,1.378495651400572,0.026340131112143242,"[4.55, 4.65, 4.75, 4.85, 4.95, 5.05, 5.15, 5.25, 5.35, 5.45, 5.55, 5.65, 5.75, 5.85, 5.95, 6.05, 6.15, 6.25, 6.35, 6.45, 6.55, 6.65, 6.75, 6.85, 6.95, 7.05, 7.15]","[5.0, 5.0, 5.0, 6.0, 1.0, 0.0, 0.0, 1.0, 0.0, 0.0, 0.17073170731707318, 0.17073170731707318, 0.14634146341463414, 0.024390243902439025, 0.0975609756097561, 0.04878048780487805, 0.0, 0.04878048780487805, 0.0, 0.024390243902439025, 0.0, 0.012345679012345678, 0.0, 0.012345679012345678, 0.012345679012345678, 0.008620689655172414, 0.008620689655172414]"
944.0,7.643234961376459,1.4007982193439932,0.022248979603301047,"[4.55, 4.65, 4.75, 4.85, 4.95, 5.05, 5.15, 5.25, 5.35, 5.45, 5.55, 5.65, 5.75, 5.85, 5.95, 6.05, 6.15, 6.25, 6.35, 6.45, 6.55, 6.65, 6.75, 6.85, 6.95]","[5.0, 5.0, 5.0, 6.0, 1.0, 0.0, 0.0, 1.0, 0.0, 0.0, 0.17073170731707318, 0.17073170731707318, 0.14634146341463414, 0.024390243902439025, 0.0975609756097561, 0.04878048780487805, 0.0, 0.04878048780487805, 0.0, 0.024390243902439025, 0.009900990099009901, 0.019801980198019802, 0.0, 0.009900990099009901, 0.009900990099009901]"
945.0,7.385367559132891,1.3485894051731082,0.028657733527703063,"[4.55, 4.65, 4.75, 4.85, 4.95, 5.05, 5.15, 5.25, 5.35, 5.45, 5.55, 5.65, 5.75, 5.85, 5.95, 6.05, 6.15, 6.25, 6.35, 6.45, 6.55, 6.65, 6.75, 6.85, 6.95, 7.05, 7.15]","[5.0, 5.0, 5.0, 6.0, 1.0, 0.0, 0.0, 1.0, 0.0, 0.0, 0.17073170731707318, 0.17073170731707318, 0.14634146341463414, 0.024390243902439025, 0.0975609756097561, 0.04878048780487805, 0.0, 0.04878048780487805, 0.0, 0.024390243902439025, 0.009900990099009901, 0.019801980198019802, 0.0, 0.009900990099009901, 0.009900990099009901, 0.008620689655172414, 0.008620689655172414]"
946.0,7.096776390708306,1.2898395628485073,0.0650390504007478,"[4.55, 4.65, 4.75, 4.85, 4.95, 5.05, 5.15, 5.25, 5.35, 5.45, 5.55, 5.65, 5.75, 5.85, 5.95, 6.05, 6.15, 6.25, 6.35, 6.45, 6.55, 6.65, 6.75, 6.85, 6.95, 7.05, 7.15]","[5.0, 5.0, 5.0, 6.0, 1.0, 0.0, 0.0, 1.0, 0.0, 0.0, 0.17073170731707318, 0.17073170731707318, 0.14634146341463414, 0.024390243902439025, 0.0975609756097561, 0.04878048780487805, 0.0, 0.04878048780487805, 0.0, 0.024390243902439025, 0.008620689655172414, 0.02586206896551724, 0.008620689655172414, 0.008620689655172414, 0.017241379310344827, 0.008620689655172414, 0.008620689655172414]"
947.0,7.479451907313841,1.3658479476569876,0.024122721791799886,"[4.55, 4.65, 4.75, 4.85, 4.95, 5.05, 5.15, 5.25, 5.35, 5.45, 5.55, 5.65, 5.75, 5.85, 5.95, 6.05, 6.15, 6.25, 6.35, 6.45, 6.55, 6.65, 6.75, 6.85, 6.95]","[5.0, 5.0, 5.0, 6.0, 1.0, 0.0, 0.0, 1.0, 0.0, 0.0, 0.17073170731707318, 0.17073170731707318, 0.14634146341463414, 0.024390243902439025, 0.0975609756097561, 0.06557377049180328, 0.01639344262295082, 0.04918032786885246, 0.0, 0.04918032786885246, 0.0, 0.01639344262295082, 0.0, 0.01639344262295082, 0.01639344262295082]"
948.0,7.479451907313841,1.3658479476569876,0.015133963701563103,"[4.55, 4.65, 4.75, 4.85, 4.95, 5.05, 5.15, 5.25, 5.35, 5.45, 5.55, 5.65, 5.75, 5.85, 5.95, 6.05, 6.15, 6.25, 6.35, 6.45, 6.55, 6.65, 6.75, 6.85, 6.95]","[5.0, 5.0, 5.0, 6.0, 1.0, 0.0, 0.0, 1.0, 0.0, 0.0, 0.17073170731707318, 0.17073170731707318, 0.14634146341463414, 0.024390243902439025, 0.0975609756097561, 0.06557377049180328, 0.01639344262295082, 0.04918032786885246, 0.0, 0.04918032786885246, 0.0, 0.01639344262295082, 0.0, 0.01639344262295082, 0.01639344262295082]"
949.0,7.479451907313841,1.3658479476569876,0.015133963701563103,"[4.55, 4.65, 4.75, 4.85, 4.95, 5.05, 5.15, 5.25, 5.35, 5.45, 5.55, 5.65, 5.75, 5.85, 5.95, 6.05, 6.15, 6.25, 6.35, 6.45, 6.55, 6.65, 6.75, 6.85, 6.95]","[5.0, 5.0, 5.0, 6.0, 1.0, 0.0, 0.0, 1.0, 0.0, 0.0, 0.17073170731707318, 0.17073170731707318, 0.14634146341463414, 0.024390243902439025, 0.0975609756097561, 0.06557377049180328, 0.01639344262295082, 0.04918032786885246, 0.0, 0.04918032786885246, 0.0, 0.01639344262295082, 0.0, 0.01639344262295082, 0.01639344262295082]"
950.0,7.241547375655725,1.3180078796438337,0.02824115112416594,"[4.55, 4.65, 4.75, 4.85, 4.95, 5.05, 5.15, 5.25, 5.35, 5.45, 5.55, 5.65, 5.75, 5.85, 5.95, 6.05, 6.15, 6.25, 6.35, 6.45, 6.55, 6.65, 6.75, 6.85, 6.95, 7.05, 7.15]","[5.0, 5.0, 5.0, 6.0, 1.0, 0.0, 0.0, 1.0, 0.0, 0.0, 0.17073170731707318, 0.17073170731707318, 0.14634146341463414, 0.024390243902439025, 0.0975609756097561, 0.06557377049180328, 0.01639344262295082, 0.04918032786885246, 0.0, 0.04918032786885246, 0.0, 0.01639344262295082, 0.0, 0.01639344262295082, 0.01639344262295082, 0.008620689655172414, 0.008620689655172414]"
951.0,7.553214909206655,1.3809398009935265,0.013305840423019171,"[4.55, 4.65, 4.75, 4.85, 4.95, 5.05, 5.15, 5.25, 5.35, 5.45, 5.55, 5.65, 5.75, 5.85, 5.95, 6.05, 6.15, 6.25, 6.35, 6.45, 6.55, 6.65, 6.75, 6.85, 6.95]","[5.0, 5.0, 5.0, 6.0, 1.0, 0.0, 0.0, 1.0, 0.0, 0.0, 0.17073170731707318, 0.17073170731707318, 0.14634146341463414, 0.024390243902439025, 0.0975609756097561, 0.06557377049180328, 0.01639344262295082, 0.04918032786885246, 0.0, 0.04918032786885246, 0.0, 0.012345679012345678, 0.0, 0.012345679012345678, 0.012345679012345678]"
952.0,7.553214909206655,1.3809398009935265,0.009502265999222133,"[4.55, 4.65, 4.75, 4.85, 4.95, 5.05, 5.15, 5.25, 5.35, 5.45, 5.55, 5.65, 5.75, 5.85, 5.95, 6.05, 6.15, 6.25, 6.35, 6.45, 6.55, 6.65, 6.75, 6.85, 6.95]","[5.0, 5.0, 5.0, 6.0, 1.0, 0.0, 0.0, 1.0, 0.0, 0.0, 0.17073170731707318, 0.17073170731707318, 0.14634146341463414, 0.024390243902439025, 0.0975609756097561, 0.06557377049180328, 0.01639344262295082, 0.04918032786885246, 0.0, 0.04918032786885246, 0.0, 0.012345679012345678, 0.0, 0.012345679012345678, 0.012345679012345678]"
953.0,7.3186387397936485,1.333732360719767,0.016991447212428328,"[4.55, 4.65, 4.75, 4.85, 4.95, 5.05, 5.15, 5.25, 5.35, 5.45, 5.55, 5.65, 5.75, 5.85, 5.95, 6.05, 6.15, 6.25, 6.35, 6.45, 6.55, 6.65, 6.75, 6.85, 6.95, 7.05, 7.15]","[5.0, 5.0, 5.0, 6.0, 1.0, 0.0, 0.0, 1.0, 0.0, 0.0, 0.17073170731707318, 0.17073170731707318, 0.14634146341463414, 0.024390243902439025, 0.0975609756097561, 0.06557377049180328, 0.01639344262295082, 0.04918032786885246, 0.0, 0.04918032786885246, 0.0, 0.012345679012345678, 0.0, 0.012345679012345678, 0.012345679012345678, 0.008620689655172414, 0.008620689655172414]"
954.0,7.4173389303257,1.3529409877993366,0.015139349463706856,"[4.55, 4.65, 4.75, 4.85, 4.95, 5.05, 5.15, 5.25, 5.35, 5.45, 5.55, 5.65, 5.75, 5.85, 5.95, 6.05, 6.15, 6.25, 6.35, 6.45, 6.55, 6.65, 6.75, 6.85, 6.95]","[5.0, 5.0, 5.0, 6.0, 1.0, 0.0, 0.0, 1.0, 0.0, 0.0, 0.17073170731707318, 0.17073170731707318, 0.14634146341463414, 0.024390243902439025, 0.0975609756097561, 0.06557377049180328, 0.01639344262295082, 0.04918032786885246, 0.0, 0.04918032786885246, 0.009900990099009901, 0.019801980198019802, 0.0, 0.009900990099009901, 0.009900990099009901]"
955.0,7.207456755579606,1.310840404491569,0.017847409838260598,"[4.55, 4.65, 4.75, 4.85, 4.95, 5.05, 5.15, 5.25, 5.35, 5.45, 5.55, 5.65, 5.75, 5.85, 5.95, 6.05, 6.15, 6.25, 6.35, 6.45, 6.55, 6.65, 6.75, 6.85, 6.95, 7.05, 7.15]","[5.0, 5.0, 5.0, 6.0, 1.0, 0.0, 0.0, 1.0, 0.0, 0.0, 0.17073170731707318, 0.17073170731707318, 0.14634146341463414, 0.024390243902439025, 0.0975609756097561, 0.06557377049180328, 0.01639344262295082, 0.04918032786885246, 0.0, 0.04918032786885246, 0.009900990099009901, 0.019801980198019802, 0.0, 0.009900990099009901, 0.009900990099009901, 0.008620689655172414, 0.008620689655172414]"
956.0,6.962922688834435,1.2614458209634605,0.03447498638559463,"[4.55, 4.65, 4.75, 4.85, 4.95, 5.05, 5.15, 5.25, 5.35, 5.45, 5.55, 5.65, 5.75, 5.85, 5.95, 6.05, 6.15, 6.25, 6.35, 6.45, 6.55, 6.65, 6.75, 6.85, 6.95, 7.05, 7.15]","[5.0, 5.0, 5.0, 6.0, 1.0, 0.0, 0.0, 1.0, 0.0, 0.0, 0.17073170731707318, 0.17073170731707318, 0.14634146341463414, 0.024390243902439025, 0.0975609756097561, 0.06557377049180328, 0.01639344262295082, 0.04918032786885246, 0.0, 0.04918032786885246, 0.008620689655172414, 0.02586206896551724, 0.008620689655172414, 0.008620689655172414, 0.017241379310344827, 0.008620689655172414, 0.008620689655172414]"
957.0,7.664435228181109,1.4048724530185352,0.020262764273992147,"[4.55, 4.65, 4.75, 4.85, 4.95, 5.05, 5.15, 5.25, 5.35, 5.45, 5.55, 5.65, 5.75, 5.85, 5.95, 6.05, 6.15, 6.25, 6.35, 6.45, 6.55, 6.65, 6.75, 6.85, 6.95]","[5.0, 5.0, 5.0, 6.0, 1.0, 0.0, 0.0, 1.0, 0.0, 0.0, 0.17073170731707318, 0.17073170731707318, 0.14634146341463414, 0.024390243902439025, 0.0975609756097561, 0.04938271604938271, 0.012345679012345678, 0.04938271604938271, 0.0, 0.037037037037037035, 0.0, 0.012345679012345678, 0.0, 0.012345679012345678, 0.012345679012345678]"
958.0,7.664435228181109,1.4048724530185352,0.012945824507815337,"[4.55, 4.65, 4.75, 4.85, 4.95, 5.05, 5.15, 5.25, 5.35, 5.45, 5.55, 5.65, 5.75, 5.85, 5.95, 6.05, 6.15, 6.25, 6.35, 6.45, 6.55, 6.65, 6.75, 6.85, 6.95]","[5.0, 5.0, 5.0, 6.0, 1.0, 0.0, 0.0, 1.0, 0.0, 0.0, 0.17073170731707318, 0.17073170731707318, 0.14634146341463414, 0.024390243902439025, 0.0975609756097561, 0.04938271604938271, 0.012345679012345678, 0.04938271604938271, 0.0, 0.037037037037037035, 0.0, 0.012345679012345678, 0.0, 0.012345679012345678, 0.012345679012345678]"
959.0,7.431141589254611,1.358030546675103,0.025359477320619554,"[4.55, 4.65, 4.75, 4.85, 4.95, 5.05, 5.15, 5.25, 5.35, 5.45, 5.55, 5.65, 5.75, 5.85, 5.95, 6.05, 6.15, 6.25, 6.35, 6.45, 6.55, 6.65, 6.75, 6.85, 6.95, 7.05, 7.15]","[5.0, 5.0, 5.0, 6.0, 1.0, 0.0, 0.0, 1.0, 0.0, 0.0, 0.17073170731707318, 0.17073170731707318, 0.14634146341463414, 0.024390243902439025, 0.0975609756097561, 0.04938271604938271, 0.012345679012345678, 0.04938271604938271, 0.0, 0.037037037037037035, 0.0, 0.012345679012345678, 0.0, 0.012345679012345678, 0.012345679012345678, 0.008620689655172414, 0.008620689655172414]"
960.0,7.528323087564665,1.376872539533884,0.014153035857775564,"[4.55, 4.65, 4.75, 4.85, 4.95, 5.05, 5.15, 5.25, 5.35, 5.45, 5.55, 5.65, 5.75, 5.85, 5.95, 6.05, 6.15, 6.25, 6.35, 6.45, 6.55, 6.65, 6.75, 6.85, 6.95]","[5.0, 5.0, 5.0, 6.0, 1.0, 0.0, 0.0, 1.0, 0.0, 0.0, 0.17073170731707318, 0.17073170731707318, 0.14634146341463414, 0.024390243902439025, 0.0975609756097561, 0.04938271604938271, 0.012345679012345678, 0.04938271604938271, 0.0, 0.037037037037037035, 0.009900990099009901, 0.019801980198019802, 0.0, 0.009900990099009901, 0.009900990099009901]"
961.0,7.317017998488726,1.3345889784990197,0.017643150167737393,"[4.55, 4.65, 4.75, 4.85, 4.95, 5.05, 5.15, 5.25, 5.35, 5.45, 5.55, 5.65, 5.75, 5.85, 5.95, 6.05, 6.15, 6.25, 6.35, 6.45, 6.55, 6.65, 6.75, 6.85, 6.95, 7.05, 7.15]","[5.0, 5.0, 5.0, 6.0, 1.0, 0.0, 0.0, 1.0, 0.0, 0.0, 0.17073170731707318, 0.17073170731707318, 0.14634146341463414, 0.024390243902439025, 0.0975609756097561, 0.04938271604938271, 0.012345679012345678, 0.04938271604938271, 0.0, 0.037037037037037035, 0.009900990099009901, 0.019801980198019802, 0.0, 0.009900990099009901, 0.009900990099009901, 0.008620689655172414, 0.008620689655172414]"
962.0,7.072842476346225,1.2853819337231729,0.0349258613000248,"[4.55, 4.65, 4.75, 4.85, 4.95, 5.05, 5.15, 5.25, 5.35, 5.45, 5.55, 5.65, 5.75, 5.85, 5.95, 6.05, 6.15, 6.25, 6.35, 6.45, 6.55, 6.65, 6.75, 6.85, 6.95, 7.05, 7.15]","[5.0, 5.0, 5.0, 6.0, 1.0, 0.0, 0.0, 1.0, 0.0, 0.0, 0.17073170731707318, 0.17073170731707318, 0.14634146341463414, 0.024390243902439025, 0.0975609756097561, 0.04938271604938271, 0.012345679012345678, 0.04938271604938271, 0.0, 0.037037037037037035, 0.008620689655172414, 0.02586206896551724, 0.008620689655172414, 0.008620689655172414, 0.017241379310344827, 0.008620689655172414, 0.008620689655172414]"
963.0,7.426375516717574,1.3550087472239307,0.024204222695615653,"[4.55, 4.65, 4.75, 4.85, 4.95, 5.05, 5.15, 5.25, 5.35, 5.45, 5.55, 5.65, 5.75, 5.85, 5.95, 6.05, 6.15, 6.25, 6.35, 6.45, 6.55, 6.65, 6.75, 6.85, 6.95]","[5.0, 5.0, 5.0, 6.0, 1.0, 0.0, 0.0, 1.0, 0.0, 0.0, 0.17073170731707318, 0.17073170731707318, 0.14634146341463414, 0.024390243902439025, 0.0975609756097561, 0.0594059405940594, 0.019801980198019802, 0.04950495049504951, 0.0, 0.039603960396039604, 0.009900990099009901, 0.019801980198019802, 0.0, 0.009900990099009901, 0.009900990099009901]"
964.0,7.239344378020423,1.3178293288593064,0.027951793245601073,"[4.55, 4.65, 4.75, 4.85, 4.95, 5.05, 5.15, 5.25, 5.35, 5.45, 5.55, 5.65, 5.75, 5.85, 5.95, 6.05, 6.15, 6.25, 6.35, 6.45, 6.55, 6.65, 6.75, 6.85, 6.95, 7.05, 7.15]","[5.0, 5.0, 5.0, 6.0, 1.0, 0.0, 0.0, 1.0, 0.0, 0.0, 0.17073170731707318, 0.17073170731707318, 0.14634146341463414, 0.024390243902439025, 0.0975609756097561, 0.0594059405940594, 0.019801980198019802, 0.04950495049504951, 0.0, 0.039603960396039604, 0.009900990099009901, 0.019801980198019802, 0.0, 0.009900990099009901, 0.009900990099009901, 0.008620689655172414, 0.008620689655172414]"
965.0,7.018683037724196,1.2736163322608547,0.0346661221804862,"[4.55, 4.65, 4.75, 4.85, 4.95, 5.05, 5.15, 5.25, 5.35, 5.45, 5.55, 5.65, 5.75, 5.85, 5.95, 6.05, 6.15, 6.25, 6.35, 6.45, 6.55, 6.65, 6.75, 6.85, 6.95, 7.05, 7.15]","[5.0, 5.0, 5.0, 6.0, 1.0, 0.0, 0.0, 1.0, 0.0, 0.0, 0.17073170731707318, 0.17073170731707318, 0.14634146341463414, 0.024390243902439025, 0.0975609756097561, 0.0594059405940594, 0.019801980198019802, 0.04950495049504951, 0.0, 0.039603960396039604, 0.008620689655172414, 0.02586206896551724, 0.008620689655172414, 0.008620689655172414, 0.017241379310344827, 0.008620689655172414, 0.008620689655172414]"
966.0,6.905463796712124,1.2491556669864299,0.06246872186834937,"[4.55, 4.65, 4.75, 4.85, 4.95, 5.05, 5.15, 5.25, 5.35, 5.45, 5.55, 5.65, 5.75, 5.85, 5.95, 6.05, 6.15, 6.25, 6.35, 6.45, 6.55, 6.65, 6.75, 6.85, 6.95, 7.05, 7.15]","[5.0, 5.0, 5.0, 6.0, 1.0, 0.0, 0.0, 1.0, 0.0, 0.0, 0.17073170731707318, 0.17073170731707318, 0.14634146341463414, 0.024390243902439025, 0.0975609756097561, 0.06896551724137931, 0.02586206896551724, 0.05172413793103448, 0.017241379310344827, 0.034482758620689655, 0.008620689655172414, 0.02586206896551724, 0.008620689655172414, 0.008620689655172414, 0.017241379310344827, 0.008620689655172414, 0.008620689655172414]"
967.0,7.328955314904302,1.3345450650864452,0.04624198913047803,"[4.55, 4.65, 4.75, 4.85, 4.95, 5.05, 5.15, 5.25, 5.35, 5.45, 5.55, 5.65, 5.75, 5.85, 5.95, 6.05, 6.15, 6.25, 6.35, 6.45, 6.55, 6.65, 6.75, 6.85, 6.95]","[5.0, 5.0, 5.0, 6.0, 1.0, 0.0, 0.0, 1.0, 0.0, 0.0, 0.16393442622950818, 0.18032786885245902, 0.13114754098360656, 0.08196721311475409, 0.13114754098360656, 0.06557377049180328, 0.01639344262295082, 0.04918032786885246, 0.0, 0.04918032786885246, 0.0, 0.01639344262295082, 0.0, 0.01639344262295082, 0.01639344262295082]"
968.0,7.328955314904302,1.3345450650864452,0.024889474510632715,"[4.55, 4.65, 4.75, 4.85, 4.95, 5.05, 5.15, 5.25, 5.35, 5.45, 5.55, 5.65, 5.75, 5.85, 5.95, 6.05, 6.15, 6.25, 6.35, 6.45, 6.55, 6.65, 6.75, 6.85, 6.95]","[5.0, 5.0, 5.0, 6.0, 1.0, 0.0, 0.0, 1.0, 0.0, 0.0, 0.16393442622950818, 0.18032786885245902, 0.13114754098360656, 0.08196721311475409, 0.13114754098360656, 0.06557377049180328, 0.01639344262295082, 0.04918032786885246, 0.0, 0.04918032786885246, 0.0, 0.01639344262295082, 0.0, 0.01639344262295082, 0.01639344262295082]"
969.0,7.328955314904302,1.3345450650864452,0.024889474510632715,"[4.55, 4.65, 4.75, 4.85, 4.95, 5.05, 5.15, 5.25, 5.35, 5.45, 5.55, 5.65, 5.75, 5.85, 5.95, 6.05, 6.15, 6.25, 6.35, 6.45, 6.55, 6.65, 6.75, 6.85, 6.95]","[5.0, 5.0, 5.0, 6.0, 1.0, 0.0, 0.0, 1.0, 0.0, 0.0, 0.16393442622950818, 0.18032786885245902, 0.13114754098360656, 0.08196721311475409, 0.13114754098360656, 0.06557377049180328, 0.01639344262295082, 0.04918032786885246, 0.0, 0.04918032786885246, 0.0, 0.01639344262295082, 0.0, 0.01639344262295082, 0.01639344262295082]"
970.0,7.114777935662241,1.2921368064990029,0.0542268350906766,"[4.55, 4.65, 4.75, 4.85, 4.95, 5.05, 5.15, 5.25, 5.35, 5.45, 5.55, 5.65, 5.75, 5.85, 5.95, 6.05, 6.15, 6.25, 6.35, 6.45, 6.55, 6.65, 6.75, 6.85, 6.95, 7.05, 7.15]","[5.0, 5.0, 5.0, 6.0, 1.0, 0.0, 0.0, 1.0, 0.0, 0.0, 0.16393442622950818, 0.18032786885245902, 0.13114754098360656, 0.08196721311475409, 0.13114754098360656, 0.06557377049180328, 0.01639344262295082, 0.04918032786885246, 0.0, 0.04918032786885246, 0.0, 0.01639344262295082, 0.0, 0.01639344262295082, 0.01639344262295082, 0.008620689655172414, 0.008620689655172414]"
971.0,7.405149982892936,1.3498552915776854,0.02246994470764416,"[4.55, 4.65, 4.75, 4.85, 4.95, 5.05, 5.15, 5.25, 5.35, 5.45, 5.55, 5.65, 5.75, 5.85, 5.95, 6.05, 6.15, 6.25, 6.35, 6.45, 6.55, 6.65, 6.75, 6.85, 6.95]","[5.0, 5.0, 5.0, 6.0, 1.0, 0.0, 0.0, 1.0, 0.0, 0.0, 0.16393442622950818, 0.18032786885245902, 0.13114754098360656, 0.08196721311475409, 0.13114754098360656, 0.06557377049180328, 0.01639344262295082, 0.04918032786885246, 0.0, 0.04918032786885246, 0.0, 0.012345679012345678, 0.0, 0.012345679012345678, 0.012345679012345678]"
972.0,7.405149982892936,1.3498552915776854,0.014447719410739527,"[4.55, 4.65, 4.75, 4.85, 4.95, 5.05, 5.15, 5.25, 5.35, 5.45, 5.55, 5.65, 5.75, 5.85, 5.95, 6.05, 6.15, 6.25, 6.35, 6.45, 6.55, 6.65, 6.75, 6.85, 6.95]","[5.0, 5.0, 5.0, 6.0, 1.0, 0.0, 0.0, 1.0, 0.0, 0.0, 0.16393442622950818, 0.18032786885245902, 0.13114754098360656, 0.08196721311475409, 0.13114754098360656, 0.06557377049180328, 0.01639344262295082, 0.04918032786885246, 0.0, 0.04918032786885246, 0.0, 0.012345679012345678, 0.0, 0.012345679012345678, 0.012345679012345678]"
973.0,7.194040347559521,1.3080283664196148,0.027960826155338146,"[4.55, 4.65, 4.75, 4.85, 4.95, 5.05, 5.15, 5.25, 5.35, 5.45, 5.55, 5.65, 5.75, 5.85, 5.95, 6.05, 6.15, 6.25, 6.35, 6.45, 6.55, 6.65, 6.75, 6.85, 6.95, 7.05, 7.15]","[5.0, 5.0, 5.0, 6.0, 1.0, 0.0, 0.0, 1.0, 0.0, 0.0, 0.16393442622950818, 0.18032786885245902, 0.13114754098360656, 0.08196721311475409, 0.13114754098360656, 0.06557377049180328, 0.01639344262295082, 0.04918032786885246, 0.0, 0.04918032786885246, 0.0, 0.012345679012345678, 0.0, 0.012345679012345678, 0.012345679012345678, 0.008620689655172414, 0.008620689655172414]"
974.0,7.287188133752584,1.3259843106592204,0.025130361542318125,"[4.55, 4.65, 4.75, 4.85, 4.95, 5.05, 5.15, 5.25, 5.35, 5.45, 5.55, 5.65, 5.75, 5.85, 5.95, 6.05, 6.15, 6.25, 6.35, 6.45, 6.55, 6.65, 6.75, 6.85, 6.95]","[5.0, 5.0, 5.0, 6.0, 1.0, 0.0, 0.0, 1.0, 0.0, 0.0, 0.16393442622950818, 0.18032786885245902, 0.13114754098360656, 0.08196721311475409, 0.13114754098360656, 0.06557377049180328, 0.01639344262295082, 0.04918032786885246, 0.0, 0.04918032786885246, 0.009900990099009901, 0.019801980198019802, 0.0, 0.009900990099009901, 0.009900990099009901]"
975.0,7.09540559491853,1.2880752303566225,0.02971693660261693,"[4.55, 4.65, 4.75, 4.85, 4.95, 5.05, 5.15, 5.25, 5.35, 5.45, 5.55, 5.65, 5.75, 5.85, 5.95, 6.05, 6.15, 6.25, 6.35, 6.45, 6.55, 6.65, 6.75, 6.85, 6.95, 7.05, 7.15]","[5.0, 5.0, 5.0, 6.0, 1.0, 0.0, 0.0, 1.0, 0.0, 0.0, 0.16393442622950818, 0.18032786885245902, 0.13114754098360656, 0.08196721311475409, 0.13114754098360656, 0.06557377049180328, 0.01639344262295082, 0.04918032786885246, 0.0, 0.04918032786885246, 0.009900990099009901, 0.019801980198019802, 0.0, 0.009900990099009901, 0.009900990099009901, 0.008620689655172414, 0.008620689655172414]"
976.0,6.863240997392405,1.2418965698814834,0.06512629781106394,"[4.55, 4.65, 4.75, 4.85, 4.95, 5.05, 5.15, 5.25, 5.35, 5.45, 5.55, 5.65, 5.75, 5.85, 5.95, 6.05, 6.15, 6.25, 6.35, 6.45, 6.55, 6.65, 6.75, 6.85, 6.95, 7.05, 7.15]","[5.0, 5.0, 5.0, 6.0, 1.0, 0.0, 0.0, 1.0, 0.0, 0.0, 0.16393442622950818, 0.18032786885245902, 0.13114754098360656, 0.08196721311475409, 0.13114754098360656, 0.06557377049180328, 0.01639344262295082, 0.04918032786885246, 0.0, 0.04918032786885246, 0.008620689655172414, 0.02586206896551724, 0.008620689655172414, 0.008620689655172414, 0.017241379310344827, 0.008620689655172414, 0.008620689655172414]"
977.0,7.517881466110191,1.3735812028500316,0.01996227657960886,"[4.55, 4.65, 4.75, 4.85, 4.95, 5.05, 5.15, 5.25, 5.35, 5.45, 5.55, 5.65, 5.75, 5.85, 5.95, 6.05, 6.15, 6.25, 6.35, 6.45, 6.55, 6.65, 6.75, 6.85, 6.95]","[5.0, 5.0, 5.0, 6.0, 1.0, 0.0, 0.0, 1.0, 0.0, 0.0, 0.16393442622950818, 0.18032786885245902, 0.13114754098360656, 0.08196721311475409, 0.13114754098360656, 0.04938271604938271, 0.012345679012345678, 0.04938271604938271, 0.0, 0.037037037037037035, 0.0, 0.012345679012345678, 0.0, 0.012345679012345678, 0.012345679012345678]"
978.0,7.517881466110191,1.3735812028500316,0.013032726655688335,"[4.55, 4.65, 4.75, 4.85, 4.95, 5.05, 5.15, 5.25, 5.35, 5.45, 5.55, 5.65, 5.75, 5.85, 5.95, 6.05, 6.15, 6.25, 6.35, 6.45, 6.55, 6.65, 6.75, 6.85, 6.95]","[5.0, 5.0, 5.0, 6.0, 1.0, 0.0, 0.0, 1.0, 0.0, 0.0, 0.16393442622950818, 0.18032786885245902, 0.13114754098360656, 0.08196721311475409, 0.13114754098360656, 0.04938271604938271, 0.012345679012345678, 0.04938271604938271, 0.0, 0.037037037037037035, 0.0, 0.012345679012345678, 0.0, 0.012345679012345678, 0.012345679012345678]"
979.0,7.307261462566004,1.331923450882109,0.02651537153204213,"[4.55, 4.65, 4.75, 4.85, 4.95, 5.05, 5.15, 5.25, 5.35, 5.45, 5.55, 5.65, 5.75, 5.85, 5.95, 6.05, 6.15, 6.25, 6.35, 6.45, 6.55, 6.65, 6.75, 6.85, 6.95, 7.05, 7.15]","[5.0, 5.0, 5.0, 6.0, 1.0, 0.0, 0.0, 1.0, 0.0, 0.0, 0.16393442622950818, 0.18032786885245902, 0.13114754098360656, 0.08196721311475409, 0.13114754098360656, 0.04938271604938271, 0.012345679012345678, 0.04938271604938271, 0.0, 0.037037037037037035, 0.0, 0.012345679012345678, 0.0, 0.012345679012345678, 0.012345679012345678, 0.008620689655172414, 0.008620689655172414]"
980.0,7.399103572564203,1.3495742623325093,0.01480944734655142,"[4.55, 4.65, 4.75, 4.85, 4.95, 5.05, 5.15, 5.25, 5.35, 5.45, 5.55, 5.65, 5.75, 5.85, 5.95, 6.05, 6.15, 6.25, 6.35, 6.45, 6.55, 6.65, 6.75, 6.85, 6.95]","[5.0, 5.0, 5.0, 6.0, 1.0, 0.0, 0.0, 1.0, 0.0, 0.0, 0.16393442622950818, 0.18032786885245902, 0.13114754098360656, 0.08196721311475409, 0.13114754098360656, 0.04938271604938271, 0.012345679012345678, 0.04938271604938271, 0.0, 0.037037037037037035, 0.009900990099009901, 0.019801980198019802, 0.0, 0.009900990099009901, 0.009900990099009901]"
981.0,7.205725286304194,1.311420397071179,0.01795599810207684,"[4.55, 4.65, 4.75, 4.85, 4.95, 5.05, 5.15, 5.25, 5.35, 5.45, 5.55, 5.65, 5.75, 5.85, 5.95, 6.05, 6.15, 6.25, 6.35, 6.45, 6.55, 6.65, 6.75, 6.85, 6.95, 7.05, 7.15]","[5.0, 5.0, 5.0, 6.0, 1.0, 0.0, 0.0, 1.0, 0.0, 0.0, 0.16393442622950818, 0.18032786885245902, 0.13114754098360656, 0.08196721311475409, 0.13114754098360656, 0.04938271604938271, 0.012345679012345678, 0.04938271604938271, 0.0, 0.037037037037037035, 0.009900990099009901, 0.019801980198019802, 0.0, 0.009900990099009901, 0.009900990099009901, 0.008620689655172414, 0.008620689655172414]"
982.0,6.974542258479064,1.2655165457141977,0.03521015011861095,"[4.55, 4.65, 4.75, 4.85, 4.95, 5.05, 5.15, 5.25, 5.35, 5.45, 5.55, 5.65, 5.75, 5.85, 5.95, 6.05, 6.15, 6.25, 6.35, 6.45, 6.55, 6.65, 6.75, 6.85, 6.95, 7.05, 7.15]","[5.0, 5.0, 5.0, 6.0, 1.0, 0.0, 0.0, 1.0, 0.0, 0.0, 0.16393442622950818, 0.18032786885245902, 0.13114754098360656, 0.08196721311475409, 0.13114754098360656, 0.04938271604938271, 0.012345679012345678, 0.04938271604938271, 0.0, 0.037037037037037035, 0.008620689655172414, 0.02586206896551724, 0.008620689655172414, 0.008620689655172414, 0.017241379310344827, 0.008620689655172414, 0.008620689655172414]"
983.0,7.314812562547065,1.3318767759192596,0.024264837240084988,"[4.55, 4.65, 4.75, 4.85, 4.95, 5.05, 5.15, 5.25, 5.35, 5.45, 5.55, 5.65, 5.75, 5.85, 5.95, 6.05, 6.15, 6.25, 6.35, 6.45, 6.55, 6.65, 6.75, 6.85, 6.95]","[5.0, 5.0, 5.0, 6.0, 1.0, 0.0, 0.0, 1.0, 0.0, 0.0, 0.16393442622950818, 0.18032786885245902, 0.13114754098360656, 0.08196721311475409, 0.13114754098360656, 0.0594059405940594, 0.019801980198019802, 0.04950495049504951, 0.0, 0.039603960396039604, 0.009900990099009901, 0.019801980198019802, 0.0, 0.009900990099009901, 0.009900990099009901]"
984.0,7.140075308468103,1.2975689273893807,0.027706758694426778,"[4.55, 4.65, 4.75, 4.85, 4.95, 5.05, 5.15, 5.25, 5.35, 5.45, 5.55, 5.65, 5.75, 5.85, 5.95, 6.05, 6.15, 6.25, 6.35, 6.45, 6.55, 6.65, 6.75, 6.85, 6.95, 7.05, 7.15]","[5.0, 5.0, 5.0, 6.0, 1.0, 0.0, 0.0, 1.0, 0.0, 0.0, 0.16393442622950818, 0.18032786885245902, 0.13114754098360656, 0.08196721311475409, 0.13114754098360656, 0.0594059405940594, 0.019801980198019802, 0.04950495049504951, 0.0, 0.039603960396039604, 0.009900990099009901, 0.019801980198019802, 0.0, 0.009900990099009901, 0.009900990099009901, 0.008620689655172414, 0.008620689655172414]"
985.0,6.927674717224633,1.255576343049551,0.0350609636409386,"[4.55, 4.65, 4.75, 4.85, 4.95, 5.05, 5.15, 5.25, 5.35, 5.45, 5.55, 5.65, 5.75, 5.85, 5.95, 6.05, 6.15, 6.25, 6.35, 6.45, 6.55, 6.65, 6.75, 6.85, 6.95, 7.05, 7.15]","[5.0, 5.0, 5.0, 6.0, 1.0, 0.0, 0.0, 1.0, 0.0, 0.0, 0.16393442622950818, 0.18032786885245902, 0.13114754098360656, 0.08196721311475409, 0.13114754098360656, 0.0594059405940594, 0.019801980198019802, 0.04950495049504951, 0.0, 0.039603960396039604, 0.008620689655172414, 0.02586206896551724, 0.008620689655172414, 0.008620689655172414, 0.017241379310344827, 0.008620689655172414, 0.008620689655172414]"
986.0,6.8186684911879425,1.2325951361791025,0.06200160981676944,"[4.55, 4.65, 4.75, 4.85, 4.95, 5.05, 5.15, 5.25, 5.35, 5.45, 5.55, 5.65, 5.75, 5.85, 5.95, 6.05, 6.15, 6.25, 6.35, 6.45, 6.55, 6.65, 6.75, 6.85, 6.95, 7.05, 7.15]","[5.0, 5.0, 5.0, 6.0, 1.0, 0.0, 0.0, 1.0, 0.0, 0.0, 0.16393442622950818, 0.18032786885245902, 0.13114754098360656, 0.08196721311475409, 0.13114754098360656, 0.06896551724137931, 0.02586206896551724, 0.05172413793103448, 0.017241379310344827, 0.034482758620689655, 0.008620689655172414, 0.02586206896551724, 0.008620689655172414, 0.008620689655172414, 0.017241379310344827, 0.008620689655172414, 0.008620689655172414]"
987.0,7.572395873558683,1.387152743455816,0.041479956013130925,"[4.55, 4.65, 4.75, 4.85, 4.95, 5.05, 5.15, 5.25, 5.35, 5.45, 5.55, 5.65, 5.75, 5.85, 5.95, 6.05, 6.15, 6.25, 6.35, 6.45, 6.55, 6.65, 6.75, 6.85, 6.95]","[5.0, 5.0, 5.0, 6.0, 1.0, 0.0, 0.0, 1.0, 0.0, 0.0, 0.1728395061728395, 0.18518518518518517, 0.1111111111111111, 0.08641975308641975, 0.09876543209876543, 0.04938271604938271, 0.012345679012345678, 0.04938271604938271, 0.0, 0.037037037037037035, 0.0, 0.012345679012345678, 0.0, 0.012345679012345678, 0.012345679012345678]"
988.0,7.572395873558683,1.387152743455816,0.02241364224946237,"[4.55, 4.65, 4.75, 4.85, 4.95, 5.05, 5.15, 5.25, 5.35, 5.45, 5.55, 5.65, 5.75, 5.85, 5.95, 6.05, 6.15, 6.25, 6.35, 6.45, 6.55, 6.65, 6.75, 6.85, 6.95]","[5.0, 5.0, 5.0, 6.0, 1.0, 0.0, 0.0, 1.0, 0.0, 0.0, 0.1728395061728395, 0.18518518518518517, 0.1111111111111111, 0.08641975308641975, 0.09876543209876543, 0.04938271604938271, 0.012345679012345678, 0.04938271604938271, 0.0, 0.037037037037037035, 0.0, 0.012345679012345678, 0.0, 0.012345679012345678, 0.012345679012345678]"
989.0,7.352570491431408,1.3440005113547318,0.05240655236804054,"[4.55, 4.65, 4.75, 4.85, 4.95, 5.05, 5.15, 5.25, 5.35, 5.45, 5.55, 5.65, 5.75, 5.85, 5.95, 6.05, 6.15, 6.25, 6.35, 6.45, 6.55, 6.65, 6.75, 6.85, 6.95, 7.05, 7.15]","[5.0, 5.0, 5.0, 6.0, 1.0, 0.0, 0.0, 1.0, 0.0, 0.0, 0.1728395061728395, 0.18518518518518517, 0.1111111111111111, 0.08641975308641975, 0.09876543209876543, 0.04938271604938271, 0.012345679012345678, 0.04938271604938271, 0.0, 0.037037037037037035, 0.0, 0.012345679012345678, 0.0, 0.012345679012345678, 0.012345679012345678, 0.008620689655172414, 0.008620689655172414]"
990.0,7.447205280178059,1.3621134714837284,0.0252990511976681,"[4.55, 4.65, 4.75, 4.85, 4.95, 5.05, 5.15, 5.25, 5.35, 5.45, 5.55, 5.65, 5.75, 5.85, 5.95, 6.05, 6.15, 6.25, 6.35, 6.45, 6.55, 6.65, 6.75, 6.85, 6.95]","[5.0, 5.0, 5.0, 6.0, 1.0, 0.0, 0.0, 1.0, 0.0, 0.0, 0.1728395061728395, 0.18518518518518517, 0.1111111111111111, 0.08641975308641975, 0.09876543209876543, 0.04938271604938271, 0.012345679012345678, 0.04938271604938271, 0.0, 0.037037037037037035, 0.009900990099009901, 0.019801980198019802, 0.0, 0.009900990099009901, 0.009900990099009901]"
991.0,7.2432646127921965,1.32216544521812,0.030541476718954044,"[4.55, 4.65, 4.75, 4.85, 4.95, 5.05, 5.15, 5.25, 5.35, 5.45, 5.55, 5.65, 5.75, 5.85, 5.95, 6.05, 6.15, 6.25, 6.35, 6.45, 6.55, 6.65, 6.75, 6.85, 6.95, 7.05, 7.15]","[5.0, 5.0, 5.0, 6.0, 1.0, 0.0, 0.0, 1.0, 0.0, 0.0, 0.1728395061728395, 0.18518518518518517, 0.1111111111111111, 0.08641975308641975, 0.09876543209876543, 0.04938271604938271, 0.012345679012345678, 0.04938271604938271, 0.0, 0.037037037037037035, 0.009900990099009901, 0.019801980198019802, 0.0, 0.009900990099009901, 0.009900990099009901, 0.008620689655172414, 0.008620689655172414]"
992.0,6.9996005854019625,1.2741767255893868,0.06776872802182306,"[4.55, 4.65, 4.75, 4.85, 4.95, 5.05, 5.15, 5.25, 5.35, 5.45, 5.55, 5.65, 5.75, 5.85, 5.95, 6.05, 6.15, 6.25, 6.35, 6.45, 6.55, 6.65, 6.75, 6.85, 6.95, 7.05, 7.15]","[5.0, 5.0, 5.0, 6.0, 1.0, 0.0, 0.0, 1.0, 0.0, 0.0, 0.1728395061728395, 0.18518518518518517, 0.1111111111111111, 0.08641975308641975, 0.09876543209876543, 0.04938271604938271, 0.012345679012345678, 0.04938271604938271, 0.0, 0.037037037037037035, 0.008620689655172414, 0.02586206896551724, 0.008620689655172414, 0.008620689655172414, 0.017241379310344827, 0.008620689655172414, 0.008620689655172414]"
993.0,7.351698483642457,1.3423672769745227,0.026470253919092492,"[4.55, 4.65, 4.75, 4.85, 4.95, 5.05, 5.15, 5.25, 5.35, 5.45, 5.55, 5.65, 5.75, 5.85, 5.95, 6.05, 6.15, 6.25, 6.35, 6.45, 6.55, 6.65, 6.75, 6.85, 6.95]","[5.0, 5.0, 5.0, 6.0, 1.0, 0.0, 0.0, 1.0, 0.0, 0.0, 0.1728395061728395, 0.18518518518518517, 0.1111111111111111, 0.08641975308641975, 0.09876543209876543, 0.0594059405940594, 0.019801980198019802, 0.04950495049504951, 0.0, 0.039603960396039604, 0.009900990099009901, 0.019801980198019802, 0.0, 0.009900990099009901, 0.009900990099009901]"
994.0,7.166150147125309,1.3061710164914977,0.030103978532969186,"[4.55, 4.65, 4.75, 4.85, 4.95, 5.05, 5.15, 5.25, 5.35, 5.45, 5.55, 5.65, 5.75, 5.85, 5.95, 6.05, 6.15, 6.25, 6.35, 6.45, 6.55, 6.65, 6.75, 6.85, 6.95, 7.05, 7.15]","[5.0, 5.0, 5.0, 6.0, 1.0, 0.0, 0.0, 1.0, 0.0, 0.0, 0.1728395061728395, 0.18518518518518517, 0.1111111111111111, 0.08641975308641975, 0.09876543209876543, 0.0594059405940594, 0.019801980198019802, 0.04950495049504951, 0.0, 0.039603960396039604, 0.009900990099009901, 0.019801980198019802, 0.0, 0.009900990099009901, 0.009900990099009901, 0.008620689655172414, 0.008620689655172414]"
995.0,6.941377484639407,1.2620624307164212,0.03671900891148897,"[4.55, 4.65, 4.75, 4.85, 4.95, 5.05, 5.15, 5.25, 5.35, 5.45, 5.55, 5.65, 5.75, 5.85, 5.95, 6.05, 6.15, 6.25, 6.35, 6.45, 6.55, 6.65, 6.75, 6.85, 6.95, 7.05, 7.15]","[5.0, 5.0, 5.0, 6.0, 1.0, 0.0, 0.0, 1.0, 0.0, 0.0, 0.1728395061728395, 0.18518518518518517, 0.1111111111111111, 0.08641975308641975, 0.09876543209876543, 0.0594059405940594, 0.019801980198019802, 0.04950495049504951, 0.0, 0.039603960396039604, 0.008620689655172414, 0.02586206896551724, 0.008620689655172414, 0.008620689655172414, 0.017241379310344827, 0.008620689655172414, 0.008620689655172414]"
996.0,6.819289488609322,1.2367744215110335,0.06853122835741036,"[4.55, 4.65, 4.75, 4.85, 4.95, 5.05, 5.15, 5.25, 5.35, 5.45, 5.55, 5.65, 5.75, 5.85, 5.95, 6.05, 6.15, 6.25, 6.35, 6.45, 6.55, 6.65, 6.75, 6.85, 6.95, 7.05, 7.15]","[5.0, 5.0, 5.0, 6.0, 1.0, 0.0, 0.0, 1.0, 0.0, 0.0, 0.1728395061728395, 0.18518518518518517, 0.1111111111111111, 0.08641975308641975, 0.09876543209876543, 0.06896551724137931, 0.02586206896551724, 0.05172413793103448, 0.017241379310344827, 0.034482758620689655, 0.008620689655172414, 0.02586206896551724, 0.008620689655172414, 0.008620689655172414, 0.017241379310344827, 0.008620689655172414, 0.008620689655172414]"
997.0,7.257442208102166,1.3215167248433983,0.04863820262190254,"[4.55, 4.65, 4.75, 4.85, 4.95, 5.05, 5.15, 5.25, 5.35, 5.45, 5.55, 5.65, 5.75, 5.85, 5.95, 6.05, 6.15, 6.25, 6.35, 6.45, 6.55, 6.65, 6.75, 6.85, 6.95]","[5.0, 5.0, 5.0, 6.0, 1.0, 0.0, 0.0, 1.0, 0.0, 0.0, 0.1782178217821782, 0.19801980198019803, 0.09900990099009901, 0.12871287128712872, 0.10891089108910891, 0.0594059405940594, 0.019801980198019802, 0.04950495049504951, 0.0, 0.039603960396039604, 0.009900990099009901, 0.019801980198019802, 0.0, 0.009900990099009901, 0.009900990099009901]"
998.0,7.086151339322557,1.288317514857004,0.054985831663049684,"[4.55, 4.65, 4.75, 4.85, 4.95, 5.05, 5.15, 5.25, 5.35, 5.45, 5.55, 5.65, 5.75, 5.85, 5.95, 6.05, 6.15, 6.25, 6.35, 6.45, 6.55, 6.65, 6.75, 6.85, 6.95, 7.05, 7.15]","[5.0, 5.0, 5.0, 6.0, 1.0, 0.0, 0.0, 1.0, 0.0, 0.0, 0.1782178217821782, 0.19801980198019803, 0.09900990099009901, 0.12871287128712872, 0.10891089108910891, 0.0594059405940594, 0.019801980198019802, 0.04950495049504951, 0.0, 0.039603960396039604, 0.009900990099009901, 0.019801980198019802, 0.0, 0.009900990099009901, 0.009900990099009901, 0.008620689655172414, 0.008620689655172414]"
999.0,6.8735959107992,1.246895103475418,0.06637623561319182,"[4.55, 4.65, 4.75, 4.85, 4.95, 5.05, 5.15, 5.25, 5.35, 5.45, 5.55, 5.65, 5.75, 5.85, 5.95, 6.05, 6.15, 6.25, 6.35, 6.45, 6.55, 6.65, 6.75, 6.85, 6.95, 7.05, 7.15]","[5.0, 5.0, 5.0, 6.0, 1.0, 0.0, 0.0, 1.0, 0.0, 0.0, 0.1782178217821782, 0.19801980198019803, 0.09900990099009901, 0.12871287128712872, 0.10891089108910891, 0.0594059405940594, 0.019801980198019802, 0.04950495049504951, 0.0, 0.039603960396039604, 0.008620689655172414, 0.02586206896551724, 0.008620689655172414, 0.008620689655172414, 0.017241379310344827, 0.008620689655172414, 0.008620689655172414]"
1000.0,6.760056692517846,1.2236743620097243,0.06537468704703156,"[4.55, 4.65, 4.75, 4.85, 4.95, 5.05, 5.15, 5.25, 5.35, 5.45, 5.55, 5.65, 5.75, 5.85, 5.95, 6.05, 6.15, 6.25, 6.35, 6.45, 6.55, 6.65, 6.75, 6.85, 6.95, 7.05, 7.15]","[5.0, 5.0, 5.0, 6.0, 1.0, 0.0, 0.0, 1.0, 0.0, 0.0, 0.1782178217821782, 0.19801980198019803, 0.09900990099009901, 0.12871287128712872, 0.10891089108910891, 0.06896551724137931, 0.02586206896551724, 0.05172413793103448, 0.017241379310344827, 0.034482758620689655, 0.008620689655172414, 0.02586206896551724, 0.008620689655172414, 0.008620689655172414, 0.017241379310344827, 0.008620689655172414, 0.008620689655172414]"
1001.0,6.744150078632958,1.2168393384125271,0.156164770805289,"[4.55, 4.65, 4.75, 4.85, 4.95, 5.05, 5.15, 5.25, 5.35, 5.45, 5.55, 5.65, 5.75, 5.85, 5.95, 6.05, 6.15, 6.25, 6.35, 6.45, 6.55, 6.65, 6.75, 6.85, 6.95, 7.05, 7.15]","[5.0, 5.0, 5.0, 6.0, 1.0, 0.0, 0.0, 1.0, 0.0, 0.0, 0.19827586206896552, 0.20689655172413793, 0.1206896551724138, 0.12931034482758622, 0.12931034482758622, 0.06896551724137931, 0.02586206896551724, 0.05172413793103448, 0.017241379310344827, 0.034482758620689655, 0.008620689655172414, 0.02586206896551724, 0.008620689655172414, 0.008620689655172414, 0.017241379310344827, 0.008620689655172414, 0.008620689655172414]"
1002.0,7.252992004191864,1.3429408052370904,0.06664159999023243,"[4.55, 4.65, 4.75, 4.85, 4.95, 5.05, 5.15, 5.25, 5.35, 5.45, 5.55, 5.65, 5.75, 5.85, 5.95, 6.05, 6.15, 6.25, 6.35, 6.45, 6.55, 6.65]","[5.0, 5.0, 5.0, 6.0, 1.0, 0.6190476190476191, 0.5238095238095238, 0.42857142857142855, 0.38095238095238093, 0.19047619047619047, 0.23809523809523808, 0.047619047619047616, 0.19047619047619047, 0.0, 0.09523809523809523, 0.09523809523809523, 0.0, 0.09523809523809523, 0.0, 0.047619047619047616, 0.0, 0.047619047619047616]"
1003.0,7.252992004191864,1.3429408052370904,0.033995376191794664,"[4.55, 4.65, 4.75, 4.85, 4.95, 5.05, 5.15, 5.25, 5.35, 5.45, 5.55, 5.65, 5.75, 5.85, 5.95, 6.05, 6.15, 6.25, 6.35, 6.45, 6.55, 6.65]","[5.0, 5.0, 5.0, 6.0, 1.0, 0.6190476190476191, 0.5238095238095238, 0.42857142857142855, 0.38095238095238093, 0.19047619047619047, 0.23809523809523808, 0.047619047619047616, 0.19047619047619047, 0.0, 0.09523809523809523, 0.09523809523809523, 0.0, 0.09523809523809523, 0.0, 0.047619047619047616, 0.0, 0.047619047619047616]"
1004.0,7.252992004191864,1.3429408052370904,0.033995376191794664,"[4.55, 4.65, 4.75, 4.85, 4.95, 5.05, 5.15, 5.25, 5.35, 5.45, 5.55, 5.65, 5.75, 5.85, 5.95, 6.05, 6.15, 6.25, 6.35, 6.45, 6.55, 6.65]","[5.0, 5.0, 5.0, 6.0, 1.0, 0.6190476190476191, 0.5238095238095238, 0.42857142857142855, 0.38095238095238093, 0.19047619047619047, 0.23809523809523808, 0.047619047619047616, 0.19047619047619047, 0.0, 0.09523809523809523, 0.09523809523809523, 0.0, 0.09523809523809523, 0.0, 0.047619047619047616, 0.0, 0.047619047619047616]"
1005.0,7.252992004191864,1.3429408052370904,0.033995376191794664,"[4.55, 4.65, 4.75, 4.85, 4.95, 5.05, 5.15, 5.25, 5.35, 5.45, 5.55, 5.65, 5.75, 5.85, 5.95, 6.05, 6.15, 6.25, 6.35, 6.45, 6.55, 6.65]","[5.0, 5.0, 5.0, 6.0, 1.0, 0.6190476190476191, 0.5238095238095238, 0.42857142857142855, 0.38095238095238093, 0.19047619047619047, 0.23809523809523808, 0.047619047619047616, 0.19047619047619047, 0.0, 0.09523809523809523, 0.09523809523809523, 0.0, 0.09523809523809523, 0.0, 0.047619047619047616, 0.0, 0.047619047619047616]"
1006.0,7.252992004191864,1.3429408052370904,0.033995376191794664,"[4.55, 4.65, 4.75, 4.85, 4.95, 5.05, 5.15, 5.25, 5.35, 5.45, 5.55, 5.65, 5.75, 5.85, 5.95, 6.05, 6.15, 6.25, 6.35, 6.45, 6.55, 6.65]","[5.0, 5.0, 5.0, 6.0, 1.0, 0.6190476190476191, 0.5238095238095238, 0.42857142857142855, 0.38095238095238093, 0.19047619047619047, 0.23809523809523808, 0.047619047619047616, 0.19047619047619047, 0.0, 0.09523809523809523, 0.09523809523809523, 0.0, 0.09523809523809523, 0.0, 0.047619047619047616, 0.0, 0.047619047619047616]"
1007.0,6.8432773099757025,1.2580784584485611,0.06761961961482392,"[4.55, 4.65, 4.75, 4.85, 4.95, 5.05, 5.15, 5.25, 5.35, 5.45, 5.55, 5.65, 5.75, 5.85, 5.95, 6.05, 6.15, 6.25, 6.35, 6.45, 6.55, 6.65, 6.75, 6.85, 6.95, 7.05, 7.15]","[5.0, 5.0, 5.0, 6.0, 1.0, 0.6190476190476191, 0.5238095238095238, 0.42857142857142855, 0.38095238095238093, 0.19047619047619047, 0.23809523809523808, 0.047619047619047616, 0.19047619047619047, 0.0, 0.09523809523809523, 0.09523809523809523, 0.0, 0.09523809523809523, 0.0, 0.047619047619047616, 0.0, 0.047619047619047616, 0.0, 0.0, 0.0, 0.008620689655172414, 0.008620689655172414]"
1008.0,7.14098487509224,1.3197255156174246,0.032117009482482334,"[4.55, 4.65, 4.75, 4.85, 4.95, 5.05, 5.15, 5.25, 5.35, 5.45, 5.55, 5.65, 5.75, 5.85, 5.95, 6.05, 6.15, 6.25, 6.35, 6.45, 6.55, 6.65, 6.75, 6.85]","[5.0, 5.0, 5.0, 6.0, 1.0, 0.6190476190476191, 0.5238095238095238, 0.42857142857142855, 0.38095238095238093, 0.19047619047619047, 0.23809523809523808, 0.047619047619047616, 0.19047619047619047, 0.0, 0.09523809523809523, 0.09523809523809523, 0.0, 0.09523809523809523, 0.0, 0.047619047619047616, 0.0, 0.024390243902439025, 0.0, 0.024390243902439025]"
1009.0,7.14098487509224,1.3197255156174246,0.020499358087728882,"[4.55, 4.65, 4.75, 4.85, 4.95, 5.05, 5.15, 5.25, 5.35, 5.45, 5.55, 5.65, 5.75, 5.85, 5.95, 6.05, 6.15, 6.25, 6.35, 6.45, 6.55, 6.65, 6.75, 6.85]","[5.0, 5.0, 5.0, 6.0, 1.0, 0.6190476190476191, 0.5238095238095238, 0.42857142857142855, 0.38095238095238093, 0.19047619047619047, 0.23809523809523808, 0.047619047619047616, 0.19047619047619047, 0.0, 0.09523809523809523, 0.09523809523809523, 0.0, 0.09523809523809523, 0.0, 0.047619047619047616, 0.0, 0.024390243902439025, 0.0, 0.024390243902439025]"
1010.0,7.14098487509224,1.3197255156174246,0.020499358087728882,"[4.55, 4.65, 4.75, 4.85, 4.95, 5.05, 5.15, 5.25, 5.35, 5.45, 5.55, 5.65, 5.75, 5.85, 5.95, 6.05, 6.15, 6.25, 6.35, 6.45, 6.55, 6.65, 6.75, 6.85]","[5.0, 5.0, 5.0, 6.0, 1.0, 0.6190476190476191, 0.5238095238095238, 0.42857142857142855, 0.38095238095238093, 0.19047619047619047, 0.23809523809523808, 0.047619047619047616, 0.19047619047619047, 0.0, 0.09523809523809523, 0.09523809523809523, 0.0, 0.09523809523809523, 0.0, 0.047619047619047616, 0.0, 0.024390243902439025, 0.0, 0.024390243902439025]"
1011.0,7.14098487509224,1.3197255156174246,0.020499358087728882,"[4.55, 4.65, 4.75, 4.85, 4.95, 5.05, 5.15, 5.25, 5.35, 5.45, 5.55, 5.65, 5.75, 5.85, 5.95, 6.05, 6.15, 6.25, 6.35, 6.45, 6.55, 6.65, 6.75, 6.85]","[5.0, 5.0, 5.0, 6.0, 1.0, 0.6190476190476191, 0.5238095238095238, 0.42857142857142855, 0.38095238095238093, 0.19047619047619047, 0.23809523809523808, 0.047619047619047616, 0.19047619047619047, 0.0, 0.09523809523809523, 0.09523809523809523, 0.0, 0.09523809523809523, 0.0, 0.047619047619047616, 0.0, 0.024390243902439025, 0.0, 0.024390243902439025]"
1012.0,6.76812133846505,1.2425491500621502,0.03470822645452122,"[4.55, 4.65, 4.75, 4.85, 4.95, 5.05, 5.15, 5.25, 5.35, 5.45, 5.55, 5.65, 5.75, 5.85, 5.95, 6.05, 6.15, 6.25, 6.35, 6.45, 6.55, 6.65, 6.75, 6.85, 6.95, 7.05, 7.15]","[5.0, 5.0, 5.0, 6.0, 1.0, 0.6190476190476191, 0.5238095238095238, 0.42857142857142855, 0.38095238095238093, 0.19047619047619047, 0.23809523809523808, 0.047619047619047616, 0.19047619047619047, 0.0, 0.09523809523809523, 0.09523809523809523, 0.0, 0.09523809523809523, 0.0, 0.047619047619047616, 0.0, 0.024390243902439025, 0.0, 0.024390243902439025, 0.0, 0.008620689655172414, 0.008620689655172414]"
1013.0,7.041448460470073,1.2991812767332611,0.03260607517339003,"[4.55, 4.65, 4.75, 4.85, 4.95, 5.05, 5.15, 5.25, 5.35, 5.45, 5.55, 5.65, 5.75, 5.85, 5.95, 6.05, 6.15, 6.25, 6.35, 6.45, 6.55, 6.65, 6.75, 6.85, 6.95]","[5.0, 5.0, 5.0, 6.0, 1.0, 0.6190476190476191, 0.5238095238095238, 0.42857142857142855, 0.38095238095238093, 0.19047619047619047, 0.23809523809523808, 0.047619047619047616, 0.19047619047619047, 0.0, 0.09523809523809523, 0.09523809523809523, 0.0, 0.09523809523809523, 0.0, 0.047619047619047616, 0.0, 0.01639344262295082, 0.0, 0.01639344262295082, 0.01639344262295082]"
1014.0,7.041448460470073,1.2991812767332611,0.020879218555157175,"[4.55, 4.65, 4.75, 4.85, 4.95, 5.05, 5.15, 5.25, 5.35, 5.45, 5.55, 5.65, 5.75, 5.85, 5.95, 6.05, 6.15, 6.25, 6.35, 6.45, 6.55, 6.65, 6.75, 6.85, 6.95]","[5.0, 5.0, 5.0, 6.0, 1.0, 0.6190476190476191, 0.5238095238095238, 0.42857142857142855, 0.38095238095238093, 0.19047619047619047, 0.23809523809523808, 0.047619047619047616, 0.19047619047619047, 0.0, 0.09523809523809523, 0.09523809523809523, 0.0, 0.09523809523809523, 0.0, 0.047619047619047616, 0.0, 0.01639344262295082, 0.0, 0.01639344262295082, 0.01639344262295082]"
1015.0,7.041448460470073,1.2991812767332611,0.020879218555157175,"[4.55, 4.65, 4.75, 4.85, 4.95, 5.05, 5.15, 5.25, 5.35, 5.45, 5.55, 5.65, 5.75, 5.85, 5.95, 6.05, 6.15, 6.25, 6.35, 6.45, 6.55, 6.65, 6.75, 6.85, 6.95]","[5.0, 5.0, 5.0, 6.0, 1.0, 0.6190476190476191, 0.5238095238095238, 0.42857142857142855, 0.38095238095238093, 0.19047619047619047, 0.23809523809523808, 0.047619047619047616, 0.19047619047619047, 0.0, 0.09523809523809523, 0.09523809523809523, 0.0, 0.09523809523809523, 0.0, 0.047619047619047616, 0.0, 0.01639344262295082, 0.0, 0.01639344262295082, 0.01639344262295082]"
1016.0,6.695901927867002,1.2277007864755856,0.034781541492538585,"[4.55, 4.65, 4.75, 4.85, 4.95, 5.05, 5.15, 5.25, 5.35, 5.45, 5.55, 5.65, 5.75, 5.85, 5.95, 6.05, 6.15, 6.25, 6.35, 6.45, 6.55, 6.65, 6.75, 6.85, 6.95, 7.05, 7.15]","[5.0, 5.0, 5.0, 6.0, 1.0, 0.6190476190476191, 0.5238095238095238, 0.42857142857142855, 0.38095238095238093, 0.19047619047619047, 0.23809523809523808, 0.047619047619047616, 0.19047619047619047, 0.0, 0.09523809523809523, 0.09523809523809523, 0.0, 0.09523809523809523, 0.0, 0.047619047619047616, 0.0, 0.01639344262295082, 0.0, 0.01639344262295082, 0.01639344262295082, 0.008620689655172414, 0.008620689655172414]"
1017.0,7.159709076190264,1.323767878054608,0.0311955368595792,"[4.55, 4.65, 4.75, 4.85, 4.95, 5.05, 5.15, 5.25, 5.35, 5.45, 5.55, 5.65, 5.75, 5.85, 5.95, 6.05, 6.15, 6.25, 6.35, 6.45, 6.55, 6.65, 6.75, 6.85, 6.95]","[5.0, 5.0, 5.0, 6.0, 1.0, 0.6190476190476191, 0.5238095238095238, 0.42857142857142855, 0.38095238095238093, 0.19047619047619047, 0.23809523809523808, 0.047619047619047616, 0.19047619047619047, 0.0, 0.09523809523809523, 0.09523809523809523, 0.0, 0.09523809523809523, 0.0, 0.047619047619047616, 0.0, 0.012345679012345678, 0.0, 0.012345679012345678, 0.012345679012345678]"
1018.0,7.159709076190264,1.323767878054608,0.020206634838798802,"[4.55, 4.65, 4.75, 4.85, 4.95, 5.05, 5.15, 5.25, 5.35, 5.45, 5.55, 5.65, 5.75, 5.85, 5.95, 6.05, 6.15, 6.25, 6.35, 6.45, 6.55, 6.65, 6.75, 6.85, 6.95]","[5.0, 5.0, 5.0, 6.0, 1.0, 0.6190476190476191, 0.5238095238095238, 0.42857142857142855, 0.38095238095238093, 0.19047619047619047, 0.23809523809523808, 0.047619047619047616, 0.19047619047619047, 0.0, 0.09523809523809523, 0.09523809523809523, 0.0, 0.09523809523809523, 0.0, 0.047619047619047616, 0.0, 0.012345679012345678, 0.0, 0.012345679012345678, 0.012345679012345678]"
1019.0,6.815435246713353,1.2525837594430351,0.0340913009184306,"[4.55, 4.65, 4.75, 4.85, 4.95, 5.05, 5.15, 5.25, 5.35, 5.45, 5.55, 5.65, 5.75, 5.85, 5.95, 6.05, 6.15, 6.25, 6.35, 6.45, 6.55, 6.65, 6.75, 6.85, 6.95, 7.05, 7.15]","[5.0, 5.0, 5.0, 6.0, 1.0, 0.6190476190476191, 0.5238095238095238, 0.42857142857142855, 0.38095238095238093, 0.19047619047619047, 0.23809523809523808, 0.047619047619047616, 0.19047619047619047, 0.0, 0.09523809523809523, 0.09523809523809523, 0.0, 0.09523809523809523, 0.0, 0.047619047619047616, 0.0, 0.012345679012345678, 0.0, 0.012345679012345678, 0.012345679012345678, 0.008620689655172414, 0.008620689655172414]"
1020.0,6.933186007876207,1.276536977437403,0.03319132661985163,"[4.55, 4.65, 4.75, 4.85, 4.95, 5.05, 5.15, 5.25, 5.35, 5.45, 5.55, 5.65, 5.75, 5.85, 5.95, 6.05, 6.15, 6.25, 6.35, 6.45, 6.55, 6.65, 6.75, 6.85, 6.95]","[5.0, 5.0, 5.0, 6.0, 1.0, 0.6190476190476191, 0.5238095238095238, 0.42857142857142855, 0.38095238095238093, 0.19047619047619047, 0.23809523809523808, 0.047619047619047616, 0.19047619047619047, 0.0, 0.09523809523809523, 0.09523809523809523, 0.0, 0.09523809523809523, 0.0, 0.047619047619047616, 0.009900990099009901, 0.019801980198019802, 0.0, 0.009900990099009901, 0.009900990099009901]"
1021.0,6.658000803320376,1.2196701470774147,0.03486826460948721,"[4.55, 4.65, 4.75, 4.85, 4.95, 5.05, 5.15, 5.25, 5.35, 5.45, 5.55, 5.65, 5.75, 5.85, 5.95, 6.05, 6.15, 6.25, 6.35, 6.45, 6.55, 6.65, 6.75, 6.85, 6.95, 7.05, 7.15]","[5.0, 5.0, 5.0, 6.0, 1.0, 0.6190476190476191, 0.5238095238095238, 0.42857142857142855, 0.38095238095238093, 0.19047619047619047, 0.23809523809523808, 0.047619047619047616, 0.19047619047619047, 0.0, 0.09523809523809523, 0.09523809523809523, 0.0, 0.09523809523809523, 0.0, 0.047619047619047616, 0.009900990099009901, 0.019801980198019802, 0.0, 0.009900990099009901, 0.009900990099009901, 0.008620689655172414, 0.008620689655172414]"
1022.0,6.355283722456717,1.1567942459023837,0.06926639174231229,"[4.55, 4.65, 4.75, 4.85, 4.95, 5.05, 5.15, 5.25, 5.35, 5.45, 5.55, 5.65, 5.75, 5.85, 5.95, 6.05, 6.15, 6.25, 6.35, 6.45, 6.55, 6.65, 6.75, 6.85, 6.95, 7.05, 7.15]","[5.0, 5.0, 5.0, 6.0, 1.0, 0.6190476190476191, 0.5238095238095238, 0.42857142857142855, 0.38095238095238093, 0.19047619047619047, 0.23809523809523808, 0.047619047619047616, 0.19047619047619047, 0.0, 0.09523809523809523, 0.09523809523809523, 0.0, 0.09523809523809523, 0.0, 0.047619047619047616, 0.008620689655172414, 0.02586206896551724, 0.008620689655172414, 0.008620689655172414, 0.017241379310344827, 0.008620689655172414, 0.008620689655172414]"
1023.0,7.495887591832433,1.39428268931439,0.028965469154563196,"[4.55, 4.65, 4.75, 4.85, 4.95, 5.05, 5.15, 5.25, 5.35, 5.45, 5.55, 5.65, 5.75, 5.85, 5.95, 6.05, 6.15, 6.25, 6.35, 6.45, 6.55, 6.65, 6.75, 6.85]","[5.0, 5.0, 5.0, 6.0, 1.0, 0.6190476190476191, 0.5238095238095238, 0.42857142857142855, 0.38095238095238093, 0.19047619047619047, 0.23809523809523808, 0.047619047619047616, 0.19047619047619047, 0.0, 0.09523809523809523, 0.04878048780487805, 0.0, 0.04878048780487805, 0.0, 0.024390243902439025, 0.0, 0.024390243902439025, 0.0, 0.024390243902439025]"
1024.0,7.495887591832433,1.39428268931439,0.018159610226480945,"[4.55, 4.65, 4.75, 4.85, 4.95, 5.05, 5.15, 5.25, 5.35, 5.45, 5.55, 5.65, 5.75, 5.85, 5.95, 6.05, 6.15, 6.25, 6.35, 6.45, 6.55, 6.65, 6.75, 6.85]","[5.0, 5.0, 5.0, 6.0, 1.0, 0.6190476190476191, 0.5238095238095238, 0.42857142857142855, 0.38095238095238093, 0.19047619047619047, 0.23809523809523808, 0.047619047619047616, 0.19047619047619047, 0.0, 0.09523809523809523, 0.04878048780487805, 0.0, 0.04878048780487805, 0.0, 0.024390243902439025, 0.0, 0.024390243902439025, 0.0, 0.024390243902439025]"
1025.0,7.495887591832433,1.39428268931439,0.018159610226480945,"[4.55, 4.65, 4.75, 4.85, 4.95, 5.05, 5.15, 5.25, 5.35, 5.45, 5.55, 5.65, 5.75, 5.85, 5.95, 6.05, 6.15, 6.25, 6.35, 6.45, 6.55, 6.65, 6.75, 6.85]","[5.0, 5.0, 5.0, 6.0, 1.0, 0.6190476190476191, 0.5238095238095238, 0.42857142857142855, 0.38095238095238093, 0.19047619047619047, 0.23809523809523808, 0.047619047619047616, 0.19047619047619047, 0.0, 0.09523809523809523, 0.04878048780487805, 0.0, 0.04878048780487805, 0.0, 0.024390243902439025, 0.0, 0.024390243902439025, 0.0, 0.024390243902439025]"
1026.0,7.495887591832433,1.39428268931439,0.018159610226480945,"[4.55, 4.65, 4.75, 4.85, 4.95, 5.05, 5.15, 5.25, 5.35, 5.45, 5.55, 5.65, 5.75, 5.85, 5.95, 6.05, 6.15, 6.25, 6.35, 6.45, 6.55, 6.65, 6.75, 6.85]","[5.0, 5.0, 5.0, 6.0, 1.0, 0.6190476190476191, 0.5238095238095238, 0.42857142857142855, 0.38095238095238093, 0.19047619047619047, 0.23809523809523808, 0.047619047619047616, 0.19047619047619047, 0.0, 0.09523809523809523, 0.04878048780487805, 0.0, 0.04878048780487805, 0.0, 0.024390243902439025, 0.0, 0.024390243902439025, 0.0, 0.024390243902439025]"
1027.0,7.096329415141891,1.3118081979247405,0.030782608026345956,"[4.55, 4.65, 4.75, 4.85, 4.95, 5.05, 5.15, 5.25, 5.35, 5.45, 5.55, 5.65, 5.75, 5.85, 5.95, 6.05, 6.15, 6.25, 6.35, 6.45, 6.55, 6.65, 6.75, 6.85, 6.95, 7.05, 7.15]","[5.0, 5.0, 5.0, 6.0, 1.0, 0.6190476190476191, 0.5238095238095238, 0.42857142857142855, 0.38095238095238093, 0.19047619047619047, 0.23809523809523808, 0.047619047619047616, 0.19047619047619047, 0.0, 0.09523809523809523, 0.04878048780487805, 0.0, 0.04878048780487805, 0.0, 0.024390243902439025, 0.0, 0.024390243902439025, 0.0, 0.024390243902439025, 0.0, 0.008620689655172414, 0.008620689655172414]"
1028.0,7.365113029202859,1.3673098394061656,0.018186567994905447,"[4.55, 4.65, 4.75, 4.85, 4.95, 5.05, 5.15, 5.25, 5.35, 5.45, 5.55, 5.65, 5.75, 5.85, 5.95, 6.05, 6.15, 6.25, 6.35, 6.45, 6.55, 6.65, 6.75, 6.85, 6.95]","[5.0, 5.0, 5.0, 6.0, 1.0, 0.6190476190476191, 0.5238095238095238, 0.42857142857142855, 0.38095238095238093, 0.19047619047619047, 0.23809523809523808, 0.047619047619047616, 0.19047619047619047, 0.0, 0.09523809523809523, 0.04878048780487805, 0.0, 0.04878048780487805, 0.0, 0.024390243902439025, 0.0, 0.01639344262295082, 0.0, 0.01639344262295082, 0.01639344262295082]"
1029.0,7.365113029202859,1.3673098394061656,0.012487142218837411,"[4.55, 4.65, 4.75, 4.85, 4.95, 5.05, 5.15, 5.25, 5.35, 5.45, 5.55, 5.65, 5.75, 5.85, 5.95, 6.05, 6.15, 6.25, 6.35, 6.45, 6.55, 6.65, 6.75, 6.85, 6.95]","[5.0, 5.0, 5.0, 6.0, 1.0, 0.6190476190476191, 0.5238095238095238, 0.42857142857142855, 0.38095238095238093, 0.19047619047619047, 0.23809523809523808, 0.047619047619047616, 0.19047619047619047, 0.0, 0.09523809523809523, 0.04878048780487805, 0.0, 0.04878048780487805, 0.0, 0.024390243902439025, 0.0, 0.01639344262295082, 0.0, 0.01639344262295082, 0.01639344262295082]"
1030.0,7.365113029202859,1.3673098394061656,0.012487142218837411,"[4.55, 4.65, 4.75, 4.85, 4.95, 5.05, 5.15, 5.25, 5.35, 5.45, 5.55, 5.65, 5.75, 5.85, 5.95, 6.05, 6.15, 6.25, 6.35, 6.45, 6.55, 6.65, 6.75, 6.85, 6.95]","[5.0, 5.0, 5.0, 6.0, 1.0, 0.6190476190476191, 0.5238095238095238, 0.42857142857142855, 0.38095238095238093, 0.19047619047619047, 0.23809523809523808, 0.047619047619047616, 0.19047619047619047, 0.0, 0.09523809523809523, 0.04878048780487805, 0.0, 0.04878048780487805, 0.0, 0.024390243902439025, 0.0, 0.01639344262295082, 0.0, 0.01639344262295082, 0.01639344262295082]"
1031.0,6.997037719374811,1.2913851731010457,0.02000828591720919,"[4.55, 4.65, 4.75, 4.85, 4.95, 5.05, 5.15, 5.25, 5.35, 5.45, 5.55, 5.65, 5.75, 5.85, 5.95, 6.05, 6.15, 6.25, 6.35, 6.45, 6.55, 6.65, 6.75, 6.85, 6.95, 7.05, 7.15]","[5.0, 5.0, 5.0, 6.0, 1.0, 0.6190476190476191, 0.5238095238095238, 0.42857142857142855, 0.38095238095238093, 0.19047619047619047, 0.23809523809523808, 0.047619047619047616, 0.19047619047619047, 0.0, 0.09523809523809523, 0.04878048780487805, 0.0, 0.04878048780487805, 0.0, 0.024390243902439025, 0.0, 0.01639344262295082, 0.0, 0.01639344262295082, 0.01639344262295082, 0.008620689655172414, 0.008620689655172414]"
1032.0,7.453950829421698,1.3857427565609408,0.017694171776594877,"[4.55, 4.65, 4.75, 4.85, 4.95, 5.05, 5.15, 5.25, 5.35, 5.45, 5.55, 5.65, 5.75, 5.85, 5.95, 6.05, 6.15, 6.25, 6.35, 6.45, 6.55, 6.65, 6.75, 6.85, 6.95]","[5.0, 5.0, 5.0, 6.0, 1.0, 0.6190476190476191, 0.5238095238095238, 0.42857142857142855, 0.38095238095238093, 0.19047619047619047, 0.23809523809523808, 0.047619047619047616, 0.19047619047619047, 0.0, 0.09523809523809523, 0.04878048780487805, 0.0, 0.04878048780487805, 0.0, 0.024390243902439025, 0.0, 0.012345679012345678, 0.0, 0.012345679012345678, 0.012345679012345678]"
1033.0,7.453950829421698,1.3857427565609408,0.012253426396914999,"[4.55, 4.65, 4.75, 4.85, 4.95, 5.05, 5.15, 5.25, 5.35, 5.45, 5.55, 5.65, 5.75, 5.85, 5.95, 6.05, 6.15, 6.25, 6.35, 6.45, 6.55, 6.65, 6.75, 6.85, 6.95]","[5.0, 5.0, 5.0, 6.0, 1.0, 0.6190476190476191, 0.5238095238095238, 0.42857142857142855, 0.38095238095238093, 0.19047619047619047, 0.23809523809523808, 0.047619047619047616, 0.19047619047619047, 0.0, 0.09523809523809523, 0.04878048780487805, 0.0, 0.04878048780487805, 0.0, 0.024390243902439025, 0.0, 0.012345679012345678, 0.0, 0.012345679012345678, 0.012345679012345678]"
1034.0,7.090998836722924,1.3108898211336724,0.01960534561192507,"[4.55, 4.65, 4.75, 4.85, 4.95, 5.05, 5.15, 5.25, 5.35, 5.45, 5.55, 5.65, 5.75, 5.85, 5.95, 6.05, 6.15, 6.25, 6.35, 6.45, 6.55, 6.65, 6.75, 6.85, 6.95, 7.05, 7.15]","[5.0, 5.0, 5.0, 6.0, 1.0, 0.6190476190476191, 0.5238095238095238, 0.42857142857142855, 0.38095238095238093, 0.19047619047619047, 0.23809523809523808, 0.047619047619047616, 0.19047619047619047, 0.0, 0.09523809523809523, 0.04878048780487805, 0.0, 0.04878048780487805, 0.0, 0.024390243902439025, 0.0, 0.012345679012345678, 0.0, 0.012345679012345678, 0.012345679012345678, 0.008620689655172414, 0.008620689655172414]"
1035.0,7.211858092310716,1.335383635025975,0.018459850819122915,"[4.55, 4.65, 4.75, 4.85, 4.95, 5.05, 5.15, 5.25, 5.35, 5.45, 5.55, 5.65, 5.75, 5.85, 5.95, 6.05, 6.15, 6.25, 6.35, 6.45, 6.55, 6.65, 6.75, 6.85, 6.95]","[5.0, 5.0, 5.0, 6.0, 1.0, 0.6190476190476191, 0.5238095238095238, 0.42857142857142855, 0.38095238095238093, 0.19047619047619047, 0.23809523809523808, 0.047619047619047616, 0.19047619047619047, 0.0, 0.09523809523809523, 0.04878048780487805, 0.0, 0.04878048780487805, 0.0, 0.024390243902439025, 0.009900990099009901, 0.019801980198019802, 0.0, 0.009900990099009901, 0.009900990099009901]"
1036.0,6.912814379402461,1.2737656911368915,0.0201818281939923,"[4.55, 4.65, 4.75, 4.85, 4.95, 5.05, 5.15, 5.25, 5.35, 5.45, 5.55, 5.65, 5.75, 5.85, 5.95, 6.05, 6.15, 6.25, 6.35, 6.45, 6.55, 6.65, 6.75, 6.85, 6.95, 7.05, 7.15]","[5.0, 5.0, 5.0, 6.0, 1.0, 0.6190476190476191, 0.5238095238095238, 0.42857142857142855, 0.38095238095238093, 0.19047619047619047, 0.23809523809523808, 0.047619047619047616, 0.19047619047619047, 0.0, 0.09523809523809523, 0.04878048780487805, 0.0, 0.04878048780487805, 0.0, 0.024390243902439025, 0.009900990099009901, 0.019801980198019802, 0.0, 0.009900990099009901, 0.009900990099009901, 0.008620689655172414, 0.008620689655172414]"
1037.0,6.591805901029671,1.2073060578424928,0.036364176123263064,"[4.55, 4.65, 4.75, 4.85, 4.95, 5.05, 5.15, 5.25, 5.35, 5.45, 5.55, 5.65, 5.75, 5.85, 5.95, 6.05, 6.15, 6.25, 6.35, 6.45, 6.55, 6.65, 6.75, 6.85, 6.95, 7.05, 7.15]","[5.0, 5.0, 5.0, 6.0, 1.0, 0.6190476190476191, 0.5238095238095238, 0.42857142857142855, 0.38095238095238093, 0.19047619047619047, 0.23809523809523808, 0.047619047619047616, 0.19047619047619047, 0.0, 0.09523809523809523, 0.04878048780487805, 0.0, 0.04878048780487805, 0.0, 0.024390243902439025, 0.008620689655172414, 0.02586206896551724, 0.008620689655172414, 0.008620689655172414, 0.017241379310344827, 0.008620689655172414, 0.008620689655172414]"
1038.0,6.964891403421135,1.2833255332927027,0.03211976717474579,"[4.55, 4.65, 4.75, 4.85, 4.95, 5.05, 5.15, 5.25, 5.35, 5.45, 5.55, 5.65, 5.75, 5.85, 5.95, 6.05, 6.15, 6.25, 6.35, 6.45, 6.55, 6.65, 6.75, 6.85, 6.95]","[5.0, 5.0, 5.0, 6.0, 1.0, 0.6190476190476191, 0.5238095238095238, 0.42857142857142855, 0.38095238095238093, 0.19047619047619047, 0.23809523809523808, 0.047619047619047616, 0.19047619047619047, 0.0, 0.09523809523809523, 0.06557377049180328, 0.01639344262295082, 0.04918032786885246, 0.0, 0.04918032786885246, 0.0, 0.01639344262295082, 0.0, 0.01639344262295082, 0.01639344262295082]"
1039.0,6.964891403421135,1.2833255332927027,0.02019448630620329,"[4.55, 4.65, 4.75, 4.85, 4.95, 5.05, 5.15, 5.25, 5.35, 5.45, 5.55, 5.65, 5.75, 5.85, 5.95, 6.05, 6.15, 6.25, 6.35, 6.45, 6.55, 6.65, 6.75, 6.85, 6.95]","[5.0, 5.0, 5.0, 6.0, 1.0, 0.6190476190476191, 0.5238095238095238, 0.42857142857142855, 0.38095238095238093, 0.19047619047619047, 0.23809523809523808, 0.047619047619047616, 0.19047619047619047, 0.0, 0.09523809523809523, 0.06557377049180328, 0.01639344262295082, 0.04918032786885246, 0.0, 0.04918032786885246, 0.0, 0.01639344262295082, 0.0, 0.01639344262295082, 0.01639344262295082]"
1040.0,6.964891403421135,1.2833255332927027,0.02019448630620329,"[4.55, 4.65, 4.75, 4.85, 4.95, 5.05, 5.15, 5.25, 5.35, 5.45, 5.55, 5.65, 5.75, 5.85, 5.95, 6.05, 6.15, 6.25, 6.35, 6.45, 6.55, 6.65, 6.75, 6.85, 6.95]","[5.0, 5.0, 5.0, 6.0, 1.0, 0.6190476190476191, 0.5238095238095238, 0.42857142857142855, 0.38095238095238093, 0.19047619047619047, 0.23809523809523808, 0.047619047619047616, 0.19047619047619047, 0.0, 0.09523809523809523, 0.06557377049180328, 0.01639344262295082, 0.04918032786885246, 0.0, 0.04918032786885246, 0.0, 0.01639344262295082, 0.0, 0.01639344262295082, 0.01639344262295082]"
1041.0,6.709352576086864,1.2308143117980712,0.0322935398049545,"[4.55, 4.65, 4.75, 4.85, 4.95, 5.05, 5.15, 5.25, 5.35, 5.45, 5.55, 5.65, 5.75, 5.85, 5.95, 6.05, 6.15, 6.25, 6.35, 6.45, 6.55, 6.65, 6.75, 6.85, 6.95, 7.05, 7.15]","[5.0, 5.0, 5.0, 6.0, 1.0, 0.6190476190476191, 0.5238095238095238, 0.42857142857142855, 0.38095238095238093, 0.19047619047619047, 0.23809523809523808, 0.047619047619047616, 0.19047619047619047, 0.0, 0.09523809523809523, 0.06557377049180328, 0.01639344262295082, 0.04918032786885246, 0.0, 0.04918032786885246, 0.0, 0.01639344262295082, 0.0, 0.01639344262295082, 0.01639344262295082, 0.008620689655172414, 0.008620689655172414]"
1042.0,7.055963299205351,1.302174055478617,0.018740051178770877,"[4.55, 4.65, 4.75, 4.85, 4.95, 5.05, 5.15, 5.25, 5.35, 5.45, 5.55, 5.65, 5.75, 5.85, 5.95, 6.05, 6.15, 6.25, 6.35, 6.45, 6.55, 6.65, 6.75, 6.85, 6.95]","[5.0, 5.0, 5.0, 6.0, 1.0, 0.6190476190476191, 0.5238095238095238, 0.42857142857142855, 0.38095238095238093, 0.19047619047619047, 0.23809523809523808, 0.047619047619047616, 0.19047619047619047, 0.0, 0.09523809523809523, 0.06557377049180328, 0.01639344262295082, 0.04918032786885246, 0.0, 0.04918032786885246, 0.0, 0.012345679012345678, 0.0, 0.012345679012345678, 0.012345679012345678]"
1043.0,7.055963299205351,1.302174055478617,0.01338220179524723,"[4.55, 4.65, 4.75, 4.85, 4.95, 5.05, 5.15, 5.25, 5.35, 5.45, 5.55, 5.65, 5.75, 5.85, 5.95, 6.05, 6.15, 6.25, 6.35, 6.45, 6.55, 6.65, 6.75, 6.85, 6.95]","[5.0, 5.0, 5.0, 6.0, 1.0, 0.6190476190476191, 0.5238095238095238, 0.42857142857142855, 0.38095238095238093, 0.19047619047619047, 0.23809523809523808, 0.047619047619047616, 0.19047619047619047, 0.0, 0.09523809523809523, 0.06557377049180328, 0.01639344262295082, 0.04918032786885246, 0.0, 0.04918032786885246, 0.0, 0.012345679012345678, 0.0, 0.012345679012345678, 0.012345679012345678]"
1044.0,6.800563522144322,1.2497038763174237,0.020050749785260082,"[4.55, 4.65, 4.75, 4.85, 4.95, 5.05, 5.15, 5.25, 5.35, 5.45, 5.55, 5.65, 5.75, 5.85, 5.95, 6.05, 6.15, 6.25, 6.35, 6.45, 6.55, 6.65, 6.75, 6.85, 6.95, 7.05, 7.15]","[5.0, 5.0, 5.0, 6.0, 1.0, 0.6190476190476191, 0.5238095238095238, 0.42857142857142855, 0.38095238095238093, 0.19047619047619047, 0.23809523809523808, 0.047619047619047616, 0.19047619047619047, 0.0, 0.09523809523809523, 0.06557377049180328, 0.01639344262295082, 0.04918032786885246, 0.0, 0.04918032786885246, 0.0, 0.012345679012345678, 0.0, 0.012345679012345678, 0.012345679012345678, 0.008620689655172414, 0.008620689655172414]"
1045.0,6.893513050211135,1.268422479796747,0.019683423242677644,"[4.55, 4.65, 4.75, 4.85, 4.95, 5.05, 5.15, 5.25, 5.35, 5.45, 5.55, 5.65, 5.75, 5.85, 5.95, 6.05, 6.15, 6.25, 6.35, 6.45, 6.55, 6.65, 6.75, 6.85, 6.95]","[5.0, 5.0, 5.0, 6.0, 1.0, 0.6190476190476191, 0.5238095238095238, 0.42857142857142855, 0.38095238095238093, 0.19047619047619047, 0.23809523809523808, 0.047619047619047616, 0.19047619047619047, 0.0, 0.09523809523809523, 0.06557377049180328, 0.01639344262295082, 0.04918032786885246, 0.0, 0.04918032786885246, 0.009900990099009901, 0.019801980198019802, 0.0, 0.009900990099009901, 0.009900990099009901]"
1046.0,6.67744722050494,1.2240714036511233,0.0202473407640904,"[4.55, 4.65, 4.75, 4.85, 4.95, 5.05, 5.15, 5.25, 5.35, 5.45, 5.55, 5.65, 5.75, 5.85, 5.95, 6.05, 6.15, 6.25, 6.35, 6.45, 6.55, 6.65, 6.75, 6.85, 6.95, 7.05, 7.15]","[5.0, 5.0, 5.0, 6.0, 1.0, 0.6190476190476191, 0.5238095238095238, 0.42857142857142855, 0.38095238095238093, 0.19047619047619047, 0.23809523809523808, 0.047619047619047616, 0.19047619047619047, 0.0, 0.09523809523809523, 0.06557377049180328, 0.01639344262295082, 0.04918032786885246, 0.0, 0.04918032786885246, 0.009900990099009901, 0.019801980198019802, 0.0, 0.009900990099009901, 0.009900990099009901, 0.008620689655172414, 0.008620689655172414]"
1047.0,6.425825086948087,1.1721387849965208,0.035077634846185306,"[4.55, 4.65, 4.75, 4.85, 4.95, 5.05, 5.15, 5.25, 5.35, 5.45, 5.55, 5.65, 5.75, 5.85, 5.95, 6.05, 6.15, 6.25, 6.35, 6.45, 6.55, 6.65, 6.75, 6.85, 6.95, 7.05, 7.15]","[5.0, 5.0, 5.0, 6.0, 1.0, 0.6190476190476191, 0.5238095238095238, 0.42857142857142855, 0.38095238095238093, 0.19047619047619047, 0.23809523809523808, 0.047619047619047616, 0.19047619047619047, 0.0, 0.09523809523809523, 0.06557377049180328, 0.01639344262295082, 0.04918032786885246, 0.0, 0.04918032786885246, 0.008620689655172414, 0.02586206896551724, 0.008620689655172414, 0.008620689655172414, 0.017241379310344827, 0.008620689655172414, 0.008620689655172414]"
1048.0,7.1892749822477295,1.3303530324744304,0.02998624589584131,"[4.55, 4.65, 4.75, 4.85, 4.95, 5.05, 5.15, 5.25, 5.35, 5.45, 5.55, 5.65, 5.75, 5.85, 5.95, 6.05, 6.15, 6.25, 6.35, 6.45, 6.55, 6.65, 6.75, 6.85, 6.95]","[5.0, 5.0, 5.0, 6.0, 1.0, 0.6190476190476191, 0.5238095238095238, 0.42857142857142855, 0.38095238095238093, 0.19047619047619047, 0.23809523809523808, 0.047619047619047616, 0.19047619047619047, 0.0, 0.09523809523809523, 0.04938271604938271, 0.012345679012345678, 0.04938271604938271, 0.0, 0.037037037037037035, 0.0, 0.012345679012345678, 0.0, 0.012345679012345678, 0.012345679012345678]"
1049.0,7.1892749822477295,1.3303530324744304,0.019014709975715548,"[4.55, 4.65, 4.75, 4.85, 4.95, 5.05, 5.15, 5.25, 5.35, 5.45, 5.55, 5.65, 5.75, 5.85, 5.95, 6.05, 6.15, 6.25, 6.35, 6.45, 6.55, 6.65, 6.75, 6.85, 6.95]","[5.0, 5.0, 5.0, 6.0, 1.0, 0.6190476190476191, 0.5238095238095238, 0.42857142857142855, 0.38095238095238093, 0.19047619047619047, 0.23809523809523808, 0.047619047619047616, 0.19047619047619047, 0.0, 0.09523809523809523, 0.04938271604938271, 0.012345679012345678, 0.04938271604938271, 0.0, 0.037037037037037035, 0.0, 0.012345679012345678, 0.0, 0.012345679012345678, 0.012345679012345678]"
1050.0,6.934724906735228,1.2781870815515717,0.03112272701354425,"[4.55, 4.65, 4.75, 4.85, 4.95, 5.05, 5.15, 5.25, 5.35, 5.45, 5.55, 5.65, 5.75, 5.85, 5.95, 6.05, 6.15, 6.25, 6.35, 6.45, 6.55, 6.65, 6.75, 6.85, 6.95, 7.05, 7.15]","[5.0, 5.0, 5.0, 6.0, 1.0, 0.6190476190476191, 0.5238095238095238, 0.42857142857142855, 0.38095238095238093, 0.19047619047619047, 0.23809523809523808, 0.047619047619047616, 0.19047619047619047, 0.0, 0.09523809523809523, 0.04938271604938271, 0.012345679012345678, 0.04938271604938271, 0.0, 0.037037037037037035, 0.0, 0.012345679012345678, 0.0, 0.012345679012345678, 0.012345679012345678, 0.008620689655172414, 0.008620689655172414]"
1051.0,7.026601425207021,1.296622640098652,0.01911172145518685,"[4.55, 4.65, 4.75, 4.85, 4.95, 5.05, 5.15, 5.25, 5.35, 5.45, 5.55, 5.65, 5.75, 5.85, 5.95, 6.05, 6.15, 6.25, 6.35, 6.45, 6.55, 6.65, 6.75, 6.85, 6.95]","[5.0, 5.0, 5.0, 6.0, 1.0, 0.6190476190476191, 0.5238095238095238, 0.42857142857142855, 0.38095238095238093, 0.19047619047619047, 0.23809523809523808, 0.047619047619047616, 0.19047619047619047, 0.0, 0.09523809523809523, 0.04938271604938271, 0.012345679012345678, 0.04938271604938271, 0.0, 0.037037037037037035, 0.009900990099009901, 0.019801980198019802, 0.0, 0.009900990099009901, 0.009900990099009901]"
1052.0,6.807413061894901,1.2517496611174153,0.019921171694501114,"[4.55, 4.65, 4.75, 4.85, 4.95, 5.05, 5.15, 5.25, 5.35, 5.45, 5.55, 5.65, 5.75, 5.85, 5.95, 6.05, 6.15, 6.25, 6.35, 6.45, 6.55, 6.65, 6.75, 6.85, 6.95, 7.05, 7.15]","[5.0, 5.0, 5.0, 6.0, 1.0, 0.6190476190476191, 0.5238095238095238, 0.42857142857142855, 0.38095238095238093, 0.19047619047619047, 0.23809523809523808, 0.047619047619047616, 0.19047619047619047, 0.0, 0.09523809523809523, 0.04938271604938271, 0.012345679012345678, 0.04938271604938271, 0.0, 0.037037037037037035, 0.009900990099009901, 0.019801980198019802, 0.0, 0.009900990099009901, 0.009900990099009901, 0.008620689655172414, 0.008620689655172414]"
1053.0,6.5552216130628125,1.1998369654799348,0.03591939051526546,"[4.55, 4.65, 4.75, 4.85, 4.95, 5.05, 5.15, 5.25, 5.35, 5.45, 5.55, 5.65, 5.75, 5.85, 5.95, 6.05, 6.15, 6.25, 6.35, 6.45, 6.55, 6.65, 6.75, 6.85, 6.95, 7.05, 7.15]","[5.0, 5.0, 5.0, 6.0, 1.0, 0.6190476190476191, 0.5238095238095238, 0.42857142857142855, 0.38095238095238093, 0.19047619047619047, 0.23809523809523808, 0.047619047619047616, 0.19047619047619047, 0.0, 0.09523809523809523, 0.04938271604938271, 0.012345679012345678, 0.04938271604938271, 0.0, 0.037037037037037035, 0.008620689655172414, 0.02586206896551724, 0.008620689655172414, 0.008620689655172414, 0.017241379310344827, 0.008620689655172414, 0.008620689655172414]"
1054.0,6.8839965923995345,1.2664528537491866,0.031611346707979354,"[4.55, 4.65, 4.75, 4.85, 4.95, 5.05, 5.15, 5.25, 5.35, 5.45, 5.55, 5.65, 5.75, 5.85, 5.95, 6.05, 6.15, 6.25, 6.35, 6.45, 6.55, 6.65, 6.75, 6.85, 6.95]","[5.0, 5.0, 5.0, 6.0, 1.0, 0.6190476190476191, 0.5238095238095238, 0.42857142857142855, 0.38095238095238093, 0.19047619047619047, 0.23809523809523808, 0.047619047619047616, 0.19047619047619047, 0.0, 0.09523809523809523, 0.0594059405940594, 0.019801980198019802, 0.04950495049504951, 0.0, 0.039603960396039604, 0.009900990099009901, 0.019801980198019802, 0.0, 0.009900990099009901, 0.009900990099009901]"
1055.0,6.702095542965187,1.2293451102665893,0.03184080812043824,"[4.55, 4.65, 4.75, 4.85, 4.95, 5.05, 5.15, 5.25, 5.35, 5.45, 5.55, 5.65, 5.75, 5.85, 5.95, 6.05, 6.15, 6.25, 6.35, 6.45, 6.55, 6.65, 6.75, 6.85, 6.95, 7.05, 7.15]","[5.0, 5.0, 5.0, 6.0, 1.0, 0.6190476190476191, 0.5238095238095238, 0.42857142857142855, 0.38095238095238093, 0.19047619047619047, 0.23809523809523808, 0.047619047619047616, 0.19047619047619047, 0.0, 0.09523809523809523, 0.0594059405940594, 0.019801980198019802, 0.04950495049504951, 0.0, 0.039603960396039604, 0.009900990099009901, 0.019801980198019802, 0.0, 0.009900990099009901, 0.009900990099009901, 0.008620689655172414, 0.008620689655172414]"
1056.0,6.483729952122861,1.1845329490192227,0.03547752029432311,"[4.55, 4.65, 4.75, 4.85, 4.95, 5.05, 5.15, 5.25, 5.35, 5.45, 5.55, 5.65, 5.75, 5.85, 5.95, 6.05, 6.15, 6.25, 6.35, 6.45, 6.55, 6.65, 6.75, 6.85, 6.95, 7.05, 7.15]","[5.0, 5.0, 5.0, 6.0, 1.0, 0.6190476190476191, 0.5238095238095238, 0.42857142857142855, 0.38095238095238093, 0.19047619047619047, 0.23809523809523808, 0.047619047619047616, 0.19047619047619047, 0.0, 0.09523809523809523, 0.0594059405940594, 0.019801980198019802, 0.04950495049504951, 0.0, 0.039603960396039604, 0.008620689655172414, 0.02586206896551724, 0.008620689655172414, 0.008620689655172414, 0.017241379310344827, 0.008620689655172414, 0.008620689655172414]"
1057.0,6.347721048468839,1.155452732169222,0.06455845870420918,"[4.55, 4.65, 4.75, 4.85, 4.95, 5.05, 5.15, 5.25, 5.35, 5.45, 5.55, 5.65, 5.75, 5.85, 5.95, 6.05, 6.15, 6.25, 6.35, 6.45, 6.55, 6.65, 6.75, 6.85, 6.95, 7.05, 7.15]","[5.0, 5.0, 5.0, 6.0, 1.0, 0.6190476190476191, 0.5238095238095238, 0.42857142857142855, 0.38095238095238093, 0.19047619047619047, 0.23809523809523808, 0.047619047619047616, 0.19047619047619047, 0.0, 0.09523809523809523, 0.06896551724137931, 0.02586206896551724, 0.05172413793103448, 0.017241379310344827, 0.034482758620689655, 0.008620689655172414, 0.02586206896551724, 0.008620689655172414, 0.008620689655172414, 0.017241379310344827, 0.008620689655172414, 0.008620689655172414]"
1058.0,7.3461453335986855,1.3622099695606302,0.028258624868642022,"[4.55, 4.65, 4.75, 4.85, 4.95, 5.05, 5.15, 5.25, 5.35, 5.45, 5.55, 5.65, 5.75, 5.85, 5.95, 6.05, 6.15, 6.25, 6.35, 6.45, 6.55, 6.65, 6.75, 6.85]","[5.0, 5.0, 5.0, 6.0, 1.0, 0.6190476190476191, 0.5238095238095238, 0.42857142857142855, 0.38095238095238093, 0.19047619047619047, 0.17073170731707318, 0.17073170731707318, 0.14634146341463414, 0.024390243902439025, 0.0975609756097561, 0.04878048780487805, 0.0, 0.04878048780487805, 0.0, 0.024390243902439025, 0.0, 0.024390243902439025, 0.0, 0.024390243902439025]"
1059.0,7.3461453335986855,1.3622099695606302,0.01750756895487183,"[4.55, 4.65, 4.75, 4.85, 4.95, 5.05, 5.15, 5.25, 5.35, 5.45, 5.55, 5.65, 5.75, 5.85, 5.95, 6.05, 6.15, 6.25, 6.35, 6.45, 6.55, 6.65, 6.75, 6.85]","[5.0, 5.0, 5.0, 6.0, 1.0, 0.6190476190476191, 0.5238095238095238, 0.42857142857142855, 0.38095238095238093, 0.19047619047619047, 0.17073170731707318, 0.17073170731707318, 0.14634146341463414, 0.024390243902439025, 0.0975609756097561, 0.04878048780487805, 0.0, 0.04878048780487805, 0.0, 0.024390243902439025, 0.0, 0.024390243902439025, 0.0, 0.024390243902439025]"
1060.0,7.3461453335986855,1.3622099695606302,0.01750756895487183,"[4.55, 4.65, 4.75, 4.85, 4.95, 5.05, 5.15, 5.25, 5.35, 5.45, 5.55, 5.65, 5.75, 5.85, 5.95, 6.05, 6.15, 6.25, 6.35, 6.45, 6.55, 6.65, 6.75, 6.85]","[5.0, 5.0, 5.0, 6.0, 1.0, 0.6190476190476191, 0.5238095238095238, 0.42857142857142855, 0.38095238095238093, 0.19047619047619047, 0.17073170731707318, 0.17073170731707318, 0.14634146341463414, 0.024390243902439025, 0.0975609756097561, 0.04878048780487805, 0.0, 0.04878048780487805, 0.0, 0.024390243902439025, 0.0, 0.024390243902439025, 0.0, 0.024390243902439025]"
1061.0,7.3461453335986855,1.3622099695606302,0.01750756895487183,"[4.55, 4.65, 4.75, 4.85, 4.95, 5.05, 5.15, 5.25, 5.35, 5.45, 5.55, 5.65, 5.75, 5.85, 5.95, 6.05, 6.15, 6.25, 6.35, 6.45, 6.55, 6.65, 6.75, 6.85]","[5.0, 5.0, 5.0, 6.0, 1.0, 0.6190476190476191, 0.5238095238095238, 0.42857142857142855, 0.38095238095238093, 0.19047619047619047, 0.17073170731707318, 0.17073170731707318, 0.14634146341463414, 0.024390243902439025, 0.0975609756097561, 0.04878048780487805, 0.0, 0.04878048780487805, 0.0, 0.024390243902439025, 0.0, 0.024390243902439025, 0.0, 0.024390243902439025]"
1062.0,7.02462856192515,1.296487162378473,0.026637469452223516,"[4.55, 4.65, 4.75, 4.85, 4.95, 5.05, 5.15, 5.25, 5.35, 5.45, 5.55, 5.65, 5.75, 5.85, 5.95, 6.05, 6.15, 6.25, 6.35, 6.45, 6.55, 6.65, 6.75, 6.85, 6.95, 7.05, 7.15]","[5.0, 5.0, 5.0, 6.0, 1.0, 0.6190476190476191, 0.5238095238095238, 0.42857142857142855, 0.38095238095238093, 0.19047619047619047, 0.17073170731707318, 0.17073170731707318, 0.14634146341463414, 0.024390243902439025, 0.0975609756097561, 0.04878048780487805, 0.0, 0.04878048780487805, 0.0, 0.024390243902439025, 0.0, 0.024390243902439025, 0.0, 0.024390243902439025, 0.0, 0.008620689655172414, 0.008620689655172414]"
1063.0,7.25008143903097,1.3426008599912462,0.01676413539395122,"[4.55, 4.65, 4.75, 4.85, 4.95, 5.05, 5.15, 5.25, 5.35, 5.45, 5.55, 5.65, 5.75, 5.85, 5.95, 6.05, 6.15, 6.25, 6.35, 6.45, 6.55, 6.65, 6.75, 6.85, 6.95]","[5.0, 5.0, 5.0, 6.0, 1.0, 0.6190476190476191, 0.5238095238095238, 0.42857142857142855, 0.38095238095238093, 0.19047619047619047, 0.17073170731707318, 0.17073170731707318, 0.14634146341463414, 0.024390243902439025, 0.0975609756097561, 0.04878048780487805, 0.0, 0.04878048780487805, 0.0, 0.024390243902439025, 0.0, 0.01639344262295082, 0.0, 0.01639344262295082, 0.01639344262295082]"
1064.0,7.25008143903097,1.3426008599912462,0.011548013954491197,"[4.55, 4.65, 4.75, 4.85, 4.95, 5.05, 5.15, 5.25, 5.35, 5.45, 5.55, 5.65, 5.75, 5.85, 5.95, 6.05, 6.15, 6.25, 6.35, 6.45, 6.55, 6.65, 6.75, 6.85, 6.95]","[5.0, 5.0, 5.0, 6.0, 1.0, 0.6190476190476191, 0.5238095238095238, 0.42857142857142855, 0.38095238095238093, 0.19047619047619047, 0.17073170731707318, 0.17073170731707318, 0.14634146341463414, 0.024390243902439025, 0.0975609756097561, 0.04878048780487805, 0.0, 0.04878048780487805, 0.0, 0.024390243902439025, 0.0, 0.01639344262295082, 0.0, 0.01639344262295082, 0.01639344262295082]"
1065.0,7.25008143903097,1.3426008599912462,0.011548013954491197,"[4.55, 4.65, 4.75, 4.85, 4.95, 5.05, 5.15, 5.25, 5.35, 5.45, 5.55, 5.65, 5.75, 5.85, 5.95, 6.05, 6.15, 6.25, 6.35, 6.45, 6.55, 6.65, 6.75, 6.85, 6.95]","[5.0, 5.0, 5.0, 6.0, 1.0, 0.6190476190476191, 0.5238095238095238, 0.42857142857142855, 0.38095238095238093, 0.19047619047619047, 0.17073170731707318, 0.17073170731707318, 0.14634146341463414, 0.024390243902439025, 0.0975609756097561, 0.04878048780487805, 0.0, 0.04878048780487805, 0.0, 0.024390243902439025, 0.0, 0.01639344262295082, 0.0, 0.01639344262295082, 0.01639344262295082]"
1066.0,6.943049586683021,1.2798829940052854,0.017913499506284923,"[4.55, 4.65, 4.75, 4.85, 4.95, 5.05, 5.15, 5.25, 5.35, 5.45, 5.55, 5.65, 5.75, 5.85, 5.95, 6.05, 6.15, 6.25, 6.35, 6.45, 6.55, 6.65, 6.75, 6.85, 6.95, 7.05, 7.15]","[5.0, 5.0, 5.0, 6.0, 1.0, 0.6190476190476191, 0.5238095238095238, 0.42857142857142855, 0.38095238095238093, 0.19047619047619047, 0.17073170731707318, 0.17073170731707318, 0.14634146341463414, 0.024390243902439025, 0.0975609756097561, 0.04878048780487805, 0.0, 0.04878048780487805, 0.0, 0.024390243902439025, 0.0, 0.01639344262295082, 0.0, 0.01639344262295082, 0.01639344262295082, 0.008620689655172414, 0.008620689655172414]"
1067.0,7.331292468164019,1.3592961817194957,0.016526767927570917,"[4.55, 4.65, 4.75, 4.85, 4.95, 5.05, 5.15, 5.25, 5.35, 5.45, 5.55, 5.65, 5.75, 5.85, 5.95, 6.05, 6.15, 6.25, 6.35, 6.45, 6.55, 6.65, 6.75, 6.85, 6.95]","[5.0, 5.0, 5.0, 6.0, 1.0, 0.6190476190476191, 0.5238095238095238, 0.42857142857142855, 0.38095238095238093, 0.19047619047619047, 0.17073170731707318, 0.17073170731707318, 0.14634146341463414, 0.024390243902439025, 0.0975609756097561, 0.04878048780487805, 0.0, 0.04878048780487805, 0.0, 0.024390243902439025, 0.0, 0.012345679012345678, 0.0, 0.012345679012345678, 0.012345679012345678]"
1068.0,7.331292468164019,1.3592961817194957,0.01151325811294094,"[4.55, 4.65, 4.75, 4.85, 4.95, 5.05, 5.15, 5.25, 5.35, 5.45, 5.55, 5.65, 5.75, 5.85, 5.95, 6.05, 6.15, 6.25, 6.35, 6.45, 6.55, 6.65, 6.75, 6.85, 6.95]","[5.0, 5.0, 5.0, 6.0, 1.0, 0.6190476190476191, 0.5238095238095238, 0.42857142857142855, 0.38095238095238093, 0.19047619047619047, 0.17073170731707318, 0.17073170731707318, 0.14634146341463414, 0.024390243902439025, 0.0975609756097561, 0.04878048780487805, 0.0, 0.04878048780487805, 0.0, 0.024390243902439025, 0.0, 0.012345679012345678, 0.0, 0.012345679012345678, 0.012345679012345678]"
1069.0,7.028495107701188,1.2974505652630544,0.017209082098266788,"[4.55, 4.65, 4.75, 4.85, 4.95, 5.05, 5.15, 5.25, 5.35, 5.45, 5.55, 5.65, 5.75, 5.85, 5.95, 6.05, 6.15, 6.25, 6.35, 6.45, 6.55, 6.65, 6.75, 6.85, 6.95, 7.05, 7.15]","[5.0, 5.0, 5.0, 6.0, 1.0, 0.6190476190476191, 0.5238095238095238, 0.42857142857142855, 0.38095238095238093, 0.19047619047619047, 0.17073170731707318, 0.17073170731707318, 0.14634146341463414, 0.024390243902439025, 0.0975609756097561, 0.04878048780487805, 0.0, 0.04878048780487805, 0.0, 0.024390243902439025, 0.0, 0.012345679012345678, 0.0, 0.012345679012345678, 0.012345679012345678, 0.008620689655172414, 0.008620689655172414]"
1070.0,7.134994575946297,1.3188276317878311,0.016279898598820956,"[4.55, 4.65, 4.75, 4.85, 4.95, 5.05, 5.15, 5.25, 5.35, 5.45, 5.55, 5.65, 5.75, 5.85, 5.95, 6.05, 6.15, 6.25, 6.35, 6.45, 6.55, 6.65, 6.75, 6.85, 6.95]","[5.0, 5.0, 5.0, 6.0, 1.0, 0.6190476190476191, 0.5238095238095238, 0.42857142857142855, 0.38095238095238093, 0.19047619047619047, 0.17073170731707318, 0.17073170731707318, 0.14634146341463414, 0.024390243902439025, 0.0975609756097561, 0.04878048780487805, 0.0, 0.04878048780487805, 0.0, 0.024390243902439025, 0.009900990099009901, 0.019801980198019802, 0.0, 0.009900990099009901, 0.009900990099009901]"
1071.0,6.875805205799064,1.2659361940372642,0.01821097567605467,"[4.55, 4.65, 4.75, 4.85, 4.95, 5.05, 5.15, 5.25, 5.35, 5.45, 5.55, 5.65, 5.75, 5.85, 5.95, 6.05, 6.15, 6.25, 6.35, 6.45, 6.55, 6.65, 6.75, 6.85, 6.95, 7.05, 7.15]","[5.0, 5.0, 5.0, 6.0, 1.0, 0.6190476190476191, 0.5238095238095238, 0.42857142857142855, 0.38095238095238093, 0.19047619047619047, 0.17073170731707318, 0.17073170731707318, 0.14634146341463414, 0.024390243902439025, 0.0975609756097561, 0.04878048780487805, 0.0, 0.04878048780487805, 0.0, 0.024390243902439025, 0.009900990099009901, 0.019801980198019802, 0.0, 0.009900990099009901, 0.009900990099009901, 0.008620689655172414, 0.008620689655172414]"
1072.0,6.583663132580495,1.2060503699232212,0.03387729472407111,"[4.55, 4.65, 4.75, 4.85, 4.95, 5.05, 5.15, 5.25, 5.35, 5.45, 5.55, 5.65, 5.75, 5.85, 5.95, 6.05, 6.15, 6.25, 6.35, 6.45, 6.55, 6.65, 6.75, 6.85, 6.95, 7.05, 7.15]","[5.0, 5.0, 5.0, 6.0, 1.0, 0.6190476190476191, 0.5238095238095238, 0.42857142857142855, 0.38095238095238093, 0.19047619047619047, 0.17073170731707318, 0.17073170731707318, 0.14634146341463414, 0.024390243902439025, 0.0975609756097561, 0.04878048780487805, 0.0, 0.04878048780487805, 0.0, 0.024390243902439025, 0.008620689655172414, 0.02586206896551724, 0.008620689655172414, 0.008620689655172414, 0.017241379310344827, 0.008620689655172414, 0.008620689655172414]"
1073.0,6.9243970908454555,1.2748300342694063,0.01802812894767664,"[4.55, 4.65, 4.75, 4.85, 4.95, 5.05, 5.15, 5.25, 5.35, 5.45, 5.55, 5.65, 5.75, 5.85, 5.95, 6.05, 6.15, 6.25, 6.35, 6.45, 6.55, 6.65, 6.75, 6.85, 6.95]","[5.0, 5.0, 5.0, 6.0, 1.0, 0.6190476190476191, 0.5238095238095238, 0.42857142857142855, 0.38095238095238093, 0.19047619047619047, 0.17073170731707318, 0.17073170731707318, 0.14634146341463414, 0.024390243902439025, 0.0975609756097561, 0.06557377049180328, 0.01639344262295082, 0.04918032786885246, 0.0, 0.04918032786885246, 0.0, 0.01639344262295082, 0.0, 0.01639344262295082, 0.01639344262295082]"
1074.0,6.9243970908454555,1.2748300342694063,0.012305635843023107,"[4.55, 4.65, 4.75, 4.85, 4.95, 5.05, 5.15, 5.25, 5.35, 5.45, 5.55, 5.65, 5.75, 5.85, 5.95, 6.05, 6.15, 6.25, 6.35, 6.45, 6.55, 6.65, 6.75, 6.85, 6.95]","[5.0, 5.0, 5.0, 6.0, 1.0, 0.6190476190476191, 0.5238095238095238, 0.42857142857142855, 0.38095238095238093, 0.19047619047619047, 0.17073170731707318, 0.17073170731707318, 0.14634146341463414, 0.024390243902439025, 0.0975609756097561, 0.06557377049180328, 0.01639344262295082, 0.04918032786885246, 0.0, 0.04918032786885246, 0.0, 0.01639344262295082, 0.0, 0.01639344262295082, 0.01639344262295082]"
1075.0,6.9243970908454555,1.2748300342694063,0.012305635843023107,"[4.55, 4.65, 4.75, 4.85, 4.95, 5.05, 5.15, 5.25, 5.35, 5.45, 5.55, 5.65, 5.75, 5.85, 5.95, 6.05, 6.15, 6.25, 6.35, 6.45, 6.55, 6.65, 6.75, 6.85, 6.95]","[5.0, 5.0, 5.0, 6.0, 1.0, 0.6190476190476191, 0.5238095238095238, 0.42857142857142855, 0.38095238095238093, 0.19047619047619047, 0.17073170731707318, 0.17073170731707318, 0.14634146341463414, 0.024390243902439025, 0.0975609756097561, 0.06557377049180328, 0.01639344262295082, 0.04918032786885246, 0.0, 0.04918032786885246, 0.0, 0.01639344262295082, 0.0, 0.01639344262295082, 0.01639344262295082]"
1076.0,6.694579008843271,1.2280461927916895,0.018290482171812707,"[4.55, 4.65, 4.75, 4.85, 4.95, 5.05, 5.15, 5.25, 5.35, 5.45, 5.55, 5.65, 5.75, 5.85, 5.95, 6.05, 6.15, 6.25, 6.35, 6.45, 6.55, 6.65, 6.75, 6.85, 6.95, 7.05, 7.15]","[5.0, 5.0, 5.0, 6.0, 1.0, 0.6190476190476191, 0.5238095238095238, 0.42857142857142855, 0.38095238095238093, 0.19047619047619047, 0.17073170731707318, 0.17073170731707318, 0.14634146341463414, 0.024390243902439025, 0.0975609756097561, 0.06557377049180328, 0.01639344262295082, 0.04918032786885246, 0.0, 0.04918032786885246, 0.0, 0.01639344262295082, 0.0, 0.01639344262295082, 0.01639344262295082, 0.008620689655172414, 0.008620689655172414]"
1077.0,7.007926160597814,1.2919573659104278,0.011404922385783452,"[4.55, 4.65, 4.75, 4.85, 4.95, 5.05, 5.15, 5.25, 5.35, 5.45, 5.55, 5.65, 5.75, 5.85, 5.95, 6.05, 6.15, 6.25, 6.35, 6.45, 6.55, 6.65, 6.75, 6.85, 6.95]","[5.0, 5.0, 5.0, 6.0, 1.0, 0.6190476190476191, 0.5238095238095238, 0.42857142857142855, 0.38095238095238093, 0.19047619047619047, 0.17073170731707318, 0.17073170731707318, 0.14634146341463414, 0.024390243902439025, 0.0975609756097561, 0.06557377049180328, 0.01639344262295082, 0.04918032786885246, 0.0, 0.04918032786885246, 0.0, 0.012345679012345678, 0.0, 0.012345679012345678, 0.012345679012345678]"
1078.0,7.007926160597814,1.2919573659104278,0.008522995003582732,"[4.55, 4.65, 4.75, 4.85, 4.95, 5.05, 5.15, 5.25, 5.35, 5.45, 5.55, 5.65, 5.75, 5.85, 5.95, 6.05, 6.15, 6.25, 6.35, 6.45, 6.55, 6.65, 6.75, 6.85, 6.95]","[5.0, 5.0, 5.0, 6.0, 1.0, 0.6190476190476191, 0.5238095238095238, 0.42857142857142855, 0.38095238095238093, 0.19047619047619047, 0.17073170731707318, 0.17073170731707318, 0.14634146341463414, 0.024390243902439025, 0.0975609756097561, 0.06557377049180328, 0.01639344262295082, 0.04918032786885246, 0.0, 0.04918032786885246, 0.0, 0.012345679012345678, 0.0, 0.012345679012345678, 0.012345679012345678]"
1079.0,6.778895724711454,1.2453414158941196,0.012218582808083273,"[4.55, 4.65, 4.75, 4.85, 4.95, 5.05, 5.15, 5.25, 5.35, 5.45, 5.55, 5.65, 5.75, 5.85, 5.95, 6.05, 6.15, 6.25, 6.35, 6.45, 6.55, 6.65, 6.75, 6.85, 6.95, 7.05, 7.15]","[5.0, 5.0, 5.0, 6.0, 1.0, 0.6190476190476191, 0.5238095238095238, 0.42857142857142855, 0.38095238095238093, 0.19047619047619047, 0.17073170731707318, 0.17073170731707318, 0.14634146341463414, 0.024390243902439025, 0.0975609756097561, 0.06557377049180328, 0.01639344262295082, 0.04918032786885246, 0.0, 0.04918032786885246, 0.0, 0.012345679012345678, 0.0, 0.012345679012345678, 0.012345679012345678, 0.008620689655172414, 0.008620689655172414]"
1080.0,6.865251489295202,1.2625853178032627,0.01195773089105017,"[4.55, 4.65, 4.75, 4.85, 4.95, 5.05, 5.15, 5.25, 5.35, 5.45, 5.55, 5.65, 5.75, 5.85, 5.95, 6.05, 6.15, 6.25, 6.35, 6.45, 6.55, 6.65, 6.75, 6.85, 6.95]","[5.0, 5.0, 5.0, 6.0, 1.0, 0.6190476190476191, 0.5238095238095238, 0.42857142857142855, 0.38095238095238093, 0.19047619047619047, 0.17073170731707318, 0.17073170731707318, 0.14634146341463414, 0.024390243902439025, 0.0975609756097561, 0.06557377049180328, 0.01639344262295082, 0.04918032786885246, 0.0, 0.04918032786885246, 0.009900990099009901, 0.019801980198019802, 0.0, 0.009900990099009901, 0.009900990099009901]"
1081.0,6.666333386578617,1.2221308386207124,0.012422458371149784,"[4.55, 4.65, 4.75, 4.85, 4.95, 5.05, 5.15, 5.25, 5.35, 5.45, 5.55, 5.65, 5.75, 5.85, 5.95, 6.05, 6.15, 6.25, 6.35, 6.45, 6.55, 6.65, 6.75, 6.85, 6.95, 7.05, 7.15]","[5.0, 5.0, 5.0, 6.0, 1.0, 0.6190476190476191, 0.5238095238095238, 0.42857142857142855, 0.38095238095238093, 0.19047619047619047, 0.17073170731707318, 0.17073170731707318, 0.14634146341463414, 0.024390243902439025, 0.0975609756097561, 0.06557377049180328, 0.01639344262295082, 0.04918032786885246, 0.0, 0.04918032786885246, 0.009900990099009901, 0.019801980198019802, 0.0, 0.009900990099009901, 0.009900990099009901, 0.008620689655172414, 0.008620689655172414]"
1082.0,6.427718262743395,1.1733556577526458,0.020111892560038598,"[4.55, 4.65, 4.75, 4.85, 4.95, 5.05, 5.15, 5.25, 5.35, 5.45, 5.55, 5.65, 5.75, 5.85, 5.95, 6.05, 6.15, 6.25, 6.35, 6.45, 6.55, 6.65, 6.75, 6.85, 6.95, 7.05, 7.15]","[5.0, 5.0, 5.0, 6.0, 1.0, 0.6190476190476191, 0.5238095238095238, 0.42857142857142855, 0.38095238095238093, 0.19047619047619047, 0.17073170731707318, 0.17073170731707318, 0.14634146341463414, 0.024390243902439025, 0.0975609756097561, 0.06557377049180328, 0.01639344262295082, 0.04918032786885246, 0.0, 0.04918032786885246, 0.008620689655172414, 0.02586206896551724, 0.008620689655172414, 0.008620689655172414, 0.017241379310344827, 0.008620689655172414, 0.008620689655172414]"
1083.0,7.12985047806494,1.3175190033738082,0.01671852275335251,"[4.55, 4.65, 4.75, 4.85, 4.95, 5.05, 5.15, 5.25, 5.35, 5.45, 5.55, 5.65, 5.75, 5.85, 5.95, 6.05, 6.15, 6.25, 6.35, 6.45, 6.55, 6.65, 6.75, 6.85, 6.95]","[5.0, 5.0, 5.0, 6.0, 1.0, 0.6190476190476191, 0.5238095238095238, 0.42857142857142855, 0.38095238095238093, 0.19047619047619047, 0.17073170731707318, 0.17073170731707318, 0.14634146341463414, 0.024390243902439025, 0.0975609756097561, 0.04938271604938271, 0.012345679012345678, 0.04938271604938271, 0.0, 0.037037037037037035, 0.0, 0.012345679012345678, 0.0, 0.012345679012345678, 0.012345679012345678]"
1084.0,7.12985047806494,1.3175190033738082,0.011567680929662103,"[4.55, 4.65, 4.75, 4.85, 4.95, 5.05, 5.15, 5.25, 5.35, 5.45, 5.55, 5.65, 5.75, 5.85, 5.95, 6.05, 6.15, 6.25, 6.35, 6.45, 6.55, 6.65, 6.75, 6.85, 6.95]","[5.0, 5.0, 5.0, 6.0, 1.0, 0.6190476190476191, 0.5238095238095238, 0.42857142857142855, 0.38095238095238093, 0.19047619047619047, 0.17073170731707318, 0.17073170731707318, 0.14634146341463414, 0.024390243902439025, 0.0975609756097561, 0.04938271604938271, 0.012345679012345678, 0.04938271604938271, 0.0, 0.037037037037037035, 0.0, 0.012345679012345678, 0.0, 0.012345679012345678, 0.012345679012345678]"
1085.0,6.901629133448436,1.2711646734600583,0.01731051486602405,"[4.55, 4.65, 4.75, 4.85, 4.95, 5.05, 5.15, 5.25, 5.35, 5.45, 5.55, 5.65, 5.75, 5.85, 5.95, 6.05, 6.15, 6.25, 6.35, 6.45, 6.55, 6.65, 6.75, 6.85, 6.95, 7.05, 7.15]","[5.0, 5.0, 5.0, 6.0, 1.0, 0.6190476190476191, 0.5238095238095238, 0.42857142857142855, 0.38095238095238093, 0.19047619047619047, 0.17073170731707318, 0.17073170731707318, 0.14634146341463414, 0.024390243902439025, 0.0975609756097561, 0.04938271604938271, 0.012345679012345678, 0.04938271604938271, 0.0, 0.037037037037037035, 0.0, 0.012345679012345678, 0.0, 0.012345679012345678, 0.012345679012345678, 0.008620689655172414, 0.008620689655172414]"
1086.0,6.986974180711548,1.2881537068509659,0.011451969168572633,"[4.55, 4.65, 4.75, 4.85, 4.95, 5.05, 5.15, 5.25, 5.35, 5.45, 5.55, 5.65, 5.75, 5.85, 5.95, 6.05, 6.15, 6.25, 6.35, 6.45, 6.55, 6.65, 6.75, 6.85, 6.95]","[5.0, 5.0, 5.0, 6.0, 1.0, 0.6190476190476191, 0.5238095238095238, 0.42857142857142855, 0.38095238095238093, 0.19047619047619047, 0.17073170731707318, 0.17073170731707318, 0.14634146341463414, 0.024390243902439025, 0.0975609756097561, 0.04938271604938271, 0.012345679012345678, 0.04938271604938271, 0.0, 0.037037037037037035, 0.009900990099009901, 0.019801980198019802, 0.0, 0.009900990099009901, 0.009900990099009901]"
1087.0,6.78595853021691,1.2473634090768941,0.01220319527376402,"[4.55, 4.65, 4.75, 4.85, 4.95, 5.05, 5.15, 5.25, 5.35, 5.45, 5.55, 5.65, 5.75, 5.85, 5.95, 6.05, 6.15, 6.25, 6.35, 6.45, 6.55, 6.65, 6.75, 6.85, 6.95, 7.05, 7.15]","[5.0, 5.0, 5.0, 6.0, 1.0, 0.6190476190476191, 0.5238095238095238, 0.42857142857142855, 0.38095238095238093, 0.19047619047619047, 0.17073170731707318, 0.17073170731707318, 0.14634146341463414, 0.024390243902439025, 0.0975609756097561, 0.04938271604938271, 0.012345679012345678, 0.04938271604938271, 0.0, 0.037037037037037035, 0.009900990099009901, 0.019801980198019802, 0.0, 0.009900990099009901, 0.009900990099009901, 0.008620689655172414, 0.008620689655172414]"
1088.0,6.547997046893126,1.198826737750446,0.02071886720870175,"[4.55, 4.65, 4.75, 4.85, 4.95, 5.05, 5.15, 5.25, 5.35, 5.45, 5.55, 5.65, 5.75, 5.85, 5.95, 6.05, 6.15, 6.25, 6.35, 6.45, 6.55, 6.65, 6.75, 6.85, 6.95, 7.05, 7.15]","[5.0, 5.0, 5.0, 6.0, 1.0, 0.6190476190476191, 0.5238095238095238, 0.42857142857142855, 0.38095238095238093, 0.19047619047619047, 0.17073170731707318, 0.17073170731707318, 0.14634146341463414, 0.024390243902439025, 0.0975609756097561, 0.04938271604938271, 0.012345679012345678, 0.04938271604938271, 0.0, 0.037037037037037035, 0.008620689655172414, 0.02586206896551724, 0.008620689655172414, 0.008620689655172414, 0.017241379310344827, 0.008620689655172414, 0.008620689655172414]"
1089.0,6.861047105676227,1.2617424311773995,0.017735598434640974,"[4.55, 4.65, 4.75, 4.85, 4.95, 5.05, 5.15, 5.25, 5.35, 5.45, 5.55, 5.65, 5.75, 5.85, 5.95, 6.05, 6.15, 6.25, 6.35, 6.45, 6.55, 6.65, 6.75, 6.85, 6.95]","[5.0, 5.0, 5.0, 6.0, 1.0, 0.6190476190476191, 0.5238095238095238, 0.42857142857142855, 0.38095238095238093, 0.19047619047619047, 0.17073170731707318, 0.17073170731707318, 0.14634146341463414, 0.024390243902439025, 0.0975609756097561, 0.0594059405940594, 0.019801980198019802, 0.04950495049504951, 0.0, 0.039603960396039604, 0.009900990099009901, 0.019801980198019802, 0.0, 0.009900990099009901, 0.009900990099009901]"
1090.0,6.689555133936626,1.2270496691953379,0.018005846661799232,"[4.55, 4.65, 4.75, 4.85, 4.95, 5.05, 5.15, 5.25, 5.35, 5.45, 5.55, 5.65, 5.75, 5.85, 5.95, 6.05, 6.15, 6.25, 6.35, 6.45, 6.55, 6.65, 6.75, 6.85, 6.95, 7.05, 7.15]","[5.0, 5.0, 5.0, 6.0, 1.0, 0.6190476190476191, 0.5238095238095238, 0.42857142857142855, 0.38095238095238093, 0.19047619047619047, 0.17073170731707318, 0.17073170731707318, 0.14634146341463414, 0.024390243902439025, 0.0975609756097561, 0.0594059405940594, 0.019801980198019802, 0.04950495049504951, 0.0, 0.039603960396039604, 0.009900990099009901, 0.019801980198019802, 0.0, 0.009900990099009901, 0.009900990099009901, 0.008620689655172414, 0.008620689655172414]"
1091.0,6.479522560173302,1.184324444396445,0.020429482373068034,"[4.55, 4.65, 4.75, 4.85, 4.95, 5.05, 5.15, 5.25, 5.35, 5.45, 5.55, 5.65, 5.75, 5.85, 5.95, 6.05, 6.15, 6.25, 6.35, 6.45, 6.55, 6.65, 6.75, 6.85, 6.95, 7.05, 7.15]","[5.0, 5.0, 5.0, 6.0, 1.0, 0.6190476190476191, 0.5238095238095238, 0.42857142857142855, 0.38095238095238093, 0.19047619047619047, 0.17073170731707318, 0.17073170731707318, 0.14634146341463414, 0.024390243902439025, 0.0975609756097561, 0.0594059405940594, 0.019801980198019802, 0.04950495049504951, 0.0, 0.039603960396039604, 0.008620689655172414, 0.02586206896551724, 0.008620689655172414, 0.008620689655172414, 0.017241379310344827, 0.008620689655172414, 0.008620689655172414]"
1092.0,6.34713362012509,1.156329203641113,0.03318375477507042,"[4.55, 4.65, 4.75, 4.85, 4.95, 5.05, 5.15, 5.25, 5.35, 5.45, 5.55, 5.65, 5.75, 5.85, 5.95, 6.05, 6.15, 6.25, 6.35, 6.45, 6.55, 6.65, 6.75, 6.85, 6.95, 7.05, 7.15]","[5.0, 5.0, 5.0, 6.0, 1.0, 0.6190476190476191, 0.5238095238095238, 0.42857142857142855, 0.38095238095238093, 0.19047619047619047, 0.17073170731707318, 0.17073170731707318, 0.14634146341463414, 0.024390243902439025, 0.0975609756097561, 0.06896551724137931, 0.02586206896551724, 0.05172413793103448, 0.017241379310344827, 0.034482758620689655, 0.008620689655172414, 0.02586206896551724, 0.008620689655172414, 0.008620689655172414, 0.017241379310344827, 0.008620689655172414, 0.008620689655172414]"
1093.0,6.7166496269026545,1.2307205283115685,0.028774882141224253,"[4.55, 4.65, 4.75, 4.85, 4.95, 5.05, 5.15, 5.25, 5.35, 5.45, 5.55, 5.65, 5.75, 5.85, 5.95, 6.05, 6.15, 6.25, 6.35, 6.45, 6.55, 6.65, 6.75, 6.85, 6.95]","[5.0, 5.0, 5.0, 6.0, 1.0, 0.6190476190476191, 0.5238095238095238, 0.42857142857142855, 0.38095238095238093, 0.19047619047619047, 0.16393442622950818, 0.18032786885245902, 0.13114754098360656, 0.08196721311475409, 0.13114754098360656, 0.06557377049180328, 0.01639344262295082, 0.04918032786885246, 0.0, 0.04918032786885246, 0.0, 0.01639344262295082, 0.0, 0.01639344262295082, 0.01639344262295082]"
1094.0,6.7166496269026545,1.2307205283115685,0.018359130749475216,"[4.55, 4.65, 4.75, 4.85, 4.95, 5.05, 5.15, 5.25, 5.35, 5.45, 5.55, 5.65, 5.75, 5.85, 5.95, 6.05, 6.15, 6.25, 6.35, 6.45, 6.55, 6.65, 6.75, 6.85, 6.95]","[5.0, 5.0, 5.0, 6.0, 1.0, 0.6190476190476191, 0.5238095238095238, 0.42857142857142855, 0.38095238095238093, 0.19047619047619047, 0.16393442622950818, 0.18032786885245902, 0.13114754098360656, 0.08196721311475409, 0.13114754098360656, 0.06557377049180328, 0.01639344262295082, 0.04918032786885246, 0.0, 0.04918032786885246, 0.0, 0.01639344262295082, 0.0, 0.01639344262295082, 0.01639344262295082]"
1095.0,6.7166496269026545,1.2307205283115685,0.018359130749475216,"[4.55, 4.65, 4.75, 4.85, 4.95, 5.05, 5.15, 5.25, 5.35, 5.45, 5.55, 5.65, 5.75, 5.85, 5.95, 6.05, 6.15, 6.25, 6.35, 6.45, 6.55, 6.65, 6.75, 6.85, 6.95]","[5.0, 5.0, 5.0, 6.0, 1.0, 0.6190476190476191, 0.5238095238095238, 0.42857142857142855, 0.38095238095238093, 0.19047619047619047, 0.16393442622950818, 0.18032786885245902, 0.13114754098360656, 0.08196721311475409, 0.13114754098360656, 0.06557377049180328, 0.01639344262295082, 0.04918032786885246, 0.0, 0.04918032786885246, 0.0, 0.01639344262295082, 0.0, 0.01639344262295082, 0.01639344262295082]"
1096.0,6.531996484432521,1.193431170395298,0.026035607021767836,"[4.55, 4.65, 4.75, 4.85, 4.95, 5.05, 5.15, 5.25, 5.35, 5.45, 5.55, 5.65, 5.75, 5.85, 5.95, 6.05, 6.15, 6.25, 6.35, 6.45, 6.55, 6.65, 6.75, 6.85, 6.95, 7.05, 7.15]","[5.0, 5.0, 5.0, 6.0, 1.0, 0.6190476190476191, 0.5238095238095238, 0.42857142857142855, 0.38095238095238093, 0.19047619047619047, 0.16393442622950818, 0.18032786885245902, 0.13114754098360656, 0.08196721311475409, 0.13114754098360656, 0.06557377049180328, 0.01639344262295082, 0.04918032786885246, 0.0, 0.04918032786885246, 0.0, 0.01639344262295082, 0.0, 0.01639344262295082, 0.01639344262295082, 0.008620689655172414, 0.008620689655172414]"
1097.0,6.801267034644565,1.2479289260714774,0.01787794335868755,"[4.55, 4.65, 4.75, 4.85, 4.95, 5.05, 5.15, 5.25, 5.35, 5.45, 5.55, 5.65, 5.75, 5.85, 5.95, 6.05, 6.15, 6.25, 6.35, 6.45, 6.55, 6.65, 6.75, 6.85, 6.95]","[5.0, 5.0, 5.0, 6.0, 1.0, 0.6190476190476191, 0.5238095238095238, 0.42857142857142855, 0.38095238095238093, 0.19047619047619047, 0.16393442622950818, 0.18032786885245902, 0.13114754098360656, 0.08196721311475409, 0.13114754098360656, 0.06557377049180328, 0.01639344262295082, 0.04918032786885246, 0.0, 0.04918032786885246, 0.0, 0.012345679012345678, 0.0, 0.012345679012345678, 0.012345679012345678]"
1098.0,6.801267034644565,1.2479289260714774,0.012211994155161403,"[4.55, 4.65, 4.75, 4.85, 4.95, 5.05, 5.15, 5.25, 5.35, 5.45, 5.55, 5.65, 5.75, 5.85, 5.95, 6.05, 6.15, 6.25, 6.35, 6.45, 6.55, 6.65, 6.75, 6.85, 6.95]","[5.0, 5.0, 5.0, 6.0, 1.0, 0.6190476190476191, 0.5238095238095238, 0.42857142857142855, 0.38095238095238093, 0.19047619047619047, 0.16393442622950818, 0.18032786885245902, 0.13114754098360656, 0.08196721311475409, 0.13114754098360656, 0.06557377049180328, 0.01639344262295082, 0.04918032786885246, 0.0, 0.04918032786885246, 0.0, 0.012345679012345678, 0.0, 0.012345679012345678, 0.012345679012345678]"
1099.0,6.616134512521163,1.210550573253281,0.017313237727557333,"[4.55, 4.65, 4.75, 4.85, 4.95, 5.05, 5.15, 5.25, 5.35, 5.45, 5.55, 5.65, 5.75, 5.85, 5.95, 6.05, 6.15, 6.25, 6.35, 6.45, 6.55, 6.65, 6.75, 6.85, 6.95, 7.05, 7.15]","[5.0, 5.0, 5.0, 6.0, 1.0, 0.6190476190476191, 0.5238095238095238, 0.42857142857142855, 0.38095238095238093, 0.19047619047619047, 0.16393442622950818, 0.18032786885245902, 0.13114754098360656, 0.08196721311475409, 0.13114754098360656, 0.06557377049180328, 0.01639344262295082, 0.04918032786885246, 0.0, 0.04918032786885246, 0.0, 0.012345679012345678, 0.0, 0.012345679012345678, 0.012345679012345678, 0.008620689655172414, 0.008620689655172414]"
1100.0,6.690493493193373,1.225294097620406,0.017154842578793593,"[4.55, 4.65, 4.75, 4.85, 4.95, 5.05, 5.15, 5.25, 5.35, 5.45, 5.55, 5.65, 5.75, 5.85, 5.95, 6.05, 6.15, 6.25, 6.35, 6.45, 6.55, 6.65, 6.75, 6.85, 6.95]","[5.0, 5.0, 5.0, 6.0, 1.0, 0.6190476190476191, 0.5238095238095238, 0.42857142857142855, 0.38095238095238093, 0.19047619047619047, 0.16393442622950818, 0.18032786885245902, 0.13114754098360656, 0.08196721311475409, 0.13114754098360656, 0.06557377049180328, 0.01639344262295082, 0.04918032786885246, 0.0, 0.04918032786885246, 0.009900990099009901, 0.019801980198019802, 0.0, 0.009900990099009901, 0.009900990099009901]"
1101.0,6.526993903523551,1.1923034443956357,0.016627183144294438,"[4.55, 4.65, 4.75, 4.85, 4.95, 5.05, 5.15, 5.25, 5.35, 5.45, 5.55, 5.65, 5.75, 5.85, 5.95, 6.05, 6.15, 6.25, 6.35, 6.45, 6.55, 6.65, 6.75, 6.85, 6.95, 7.05, 7.15]","[5.0, 5.0, 5.0, 6.0, 1.0, 0.6190476190476191, 0.5238095238095238, 0.42857142857142855, 0.38095238095238093, 0.19047619047619047, 0.16393442622950818, 0.18032786885245902, 0.13114754098360656, 0.08196721311475409, 0.13114754098360656, 0.06557377049180328, 0.01639344262295082, 0.04918032786885246, 0.0, 0.04918032786885246, 0.009900990099009901, 0.019801980198019802, 0.0, 0.009900990099009901, 0.009900990099009901, 0.008620689655172414, 0.008620689655172414]"
1102.0,6.318236075011482,1.1499762634900077,0.031364589554629126,"[4.55, 4.65, 4.75, 4.85, 4.95, 5.05, 5.15, 5.25, 5.35, 5.45, 5.55, 5.65, 5.75, 5.85, 5.95, 6.05, 6.15, 6.25, 6.35, 6.45, 6.55, 6.65, 6.75, 6.85, 6.95, 7.05, 7.15]","[5.0, 5.0, 5.0, 6.0, 1.0, 0.6190476190476191, 0.5238095238095238, 0.42857142857142855, 0.38095238095238093, 0.19047619047619047, 0.16393442622950818, 0.18032786885245902, 0.13114754098360656, 0.08196721311475409, 0.13114754098360656, 0.06557377049180328, 0.01639344262295082, 0.04918032786885246, 0.0, 0.04918032786885246, 0.008620689655172414, 0.02586206896551724, 0.008620689655172414, 0.008620689655172414, 0.017241379310344827, 0.008620689655172414, 0.008620689655172414]"
1103.0,6.924377961144552,1.2735599999522955,0.016783280159462358,"[4.55, 4.65, 4.75, 4.85, 4.95, 5.05, 5.15, 5.25, 5.35, 5.45, 5.55, 5.65, 5.75, 5.85, 5.95, 6.05, 6.15, 6.25, 6.35, 6.45, 6.55, 6.65, 6.75, 6.85, 6.95]","[5.0, 5.0, 5.0, 6.0, 1.0, 0.6190476190476191, 0.5238095238095238, 0.42857142857142855, 0.38095238095238093, 0.19047619047619047, 0.16393442622950818, 0.18032786885245902, 0.13114754098360656, 0.08196721311475409, 0.13114754098360656, 0.04938271604938271, 0.012345679012345678, 0.04938271604938271, 0.0, 0.037037037037037035, 0.0, 0.012345679012345678, 0.0, 0.012345679012345678, 0.012345679012345678]"
1104.0,6.924377961144552,1.2735599999522955,0.01168049216967048,"[4.55, 4.65, 4.75, 4.85, 4.95, 5.05, 5.15, 5.25, 5.35, 5.45, 5.55, 5.65, 5.75, 5.85, 5.95, 6.05, 6.15, 6.25, 6.35, 6.45, 6.55, 6.65, 6.75, 6.85, 6.95]","[5.0, 5.0, 5.0, 6.0, 1.0, 0.6190476190476191, 0.5238095238095238, 0.42857142857142855, 0.38095238095238093, 0.19047619047619047, 0.16393442622950818, 0.18032786885245902, 0.13114754098360656, 0.08196721311475409, 0.13114754098360656, 0.04938271604938271, 0.012345679012345678, 0.04938271604938271, 0.0, 0.037037037037037035, 0.0, 0.012345679012345678, 0.0, 0.012345679012345678, 0.012345679012345678]"
1105.0,6.737119026161811,1.235827162863268,0.017634746802162583,"[4.55, 4.65, 4.75, 4.85, 4.95, 5.05, 5.15, 5.25, 5.35, 5.45, 5.55, 5.65, 5.75, 5.85, 5.95, 6.05, 6.15, 6.25, 6.35, 6.45, 6.55, 6.65, 6.75, 6.85, 6.95, 7.05, 7.15]","[5.0, 5.0, 5.0, 6.0, 1.0, 0.6190476190476191, 0.5238095238095238, 0.42857142857142855, 0.38095238095238093, 0.19047619047619047, 0.16393442622950818, 0.18032786885245902, 0.13114754098360656, 0.08196721311475409, 0.13114754098360656, 0.04938271604938271, 0.012345679012345678, 0.04938271604938271, 0.0, 0.037037037037037035, 0.0, 0.012345679012345678, 0.0, 0.012345679012345678, 0.012345679012345678, 0.008620689655172414, 0.008620689655172414]"
1106.0,6.81146546024015,1.2505253860785448,0.011761554416095847,"[4.55, 4.65, 4.75, 4.85, 4.95, 5.05, 5.15, 5.25, 5.35, 5.45, 5.55, 5.65, 5.75, 5.85, 5.95, 6.05, 6.15, 6.25, 6.35, 6.45, 6.55, 6.65, 6.75, 6.85, 6.95]","[5.0, 5.0, 5.0, 6.0, 1.0, 0.6190476190476191, 0.5238095238095238, 0.42857142857142855, 0.38095238095238093, 0.19047619047619047, 0.16393442622950818, 0.18032786885245902, 0.13114754098360656, 0.08196721311475409, 0.13114754098360656, 0.04938271604938271, 0.012345679012345678, 0.04938271604938271, 0.0, 0.037037037037037035, 0.009900990099009901, 0.019801980198019802, 0.0, 0.009900990099009901, 0.009900990099009901]"
1107.0,6.644086598451755,1.2168226872880405,0.012097886328335855,"[4.55, 4.65, 4.75, 4.85, 4.95, 5.05, 5.15, 5.25, 5.35, 5.45, 5.55, 5.65, 5.75, 5.85, 5.95, 6.05, 6.15, 6.25, 6.35, 6.45, 6.55, 6.65, 6.75, 6.85, 6.95, 7.05, 7.15]","[5.0, 5.0, 5.0, 6.0, 1.0, 0.6190476190476191, 0.5238095238095238, 0.42857142857142855, 0.38095238095238093, 0.19047619047619047, 0.16393442622950818, 0.18032786885245902, 0.13114754098360656, 0.08196721311475409, 0.13114754098360656, 0.04938271604938271, 0.012345679012345678, 0.04938271604938271, 0.0, 0.037037037037037035, 0.009900990099009901, 0.019801980198019802, 0.0, 0.009900990099009901, 0.009900990099009901, 0.008620689655172414, 0.008620689655172414]"
1108.0,6.435155878846686,1.174542869014561,0.01999571862152684,"[4.55, 4.65, 4.75, 4.85, 4.95, 5.05, 5.15, 5.25, 5.35, 5.45, 5.55, 5.65, 5.75, 5.85, 5.95, 6.05, 6.15, 6.25, 6.35, 6.45, 6.55, 6.65, 6.75, 6.85, 6.95, 7.05, 7.15]","[5.0, 5.0, 5.0, 6.0, 1.0, 0.6190476190476191, 0.5238095238095238, 0.42857142857142855, 0.38095238095238093, 0.19047619047619047, 0.16393442622950818, 0.18032786885245902, 0.13114754098360656, 0.08196721311475409, 0.13114754098360656, 0.04938271604938271, 0.012345679012345678, 0.04938271604938271, 0.0, 0.037037037037037035, 0.008620689655172414, 0.02586206896551724, 0.008620689655172414, 0.008620689655172414, 0.017241379310344827, 0.008620689655172414, 0.008620689655172414]"
1109.0,6.718001075468234,1.2310482639217246,0.017050965976240985,"[4.55, 4.65, 4.75, 4.85, 4.95, 5.05, 5.15, 5.25, 5.35, 5.45, 5.55, 5.65, 5.75, 5.85, 5.95, 6.05, 6.15, 6.25, 6.35, 6.45, 6.55, 6.65, 6.75, 6.85, 6.95]","[5.0, 5.0, 5.0, 6.0, 1.0, 0.6190476190476191, 0.5238095238095238, 0.42857142857142855, 0.38095238095238093, 0.19047619047619047, 0.16393442622950818, 0.18032786885245902, 0.13114754098360656, 0.08196721311475409, 0.13114754098360656, 0.0594059405940594, 0.019801980198019802, 0.04950495049504951, 0.0, 0.039603960396039604, 0.009900990099009901, 0.019801980198019802, 0.0, 0.009900990099009901, 0.009900990099009901]"
1110.0,6.571448519452047,1.2016159985515005,0.016530297028914315,"[4.55, 4.65, 4.75, 4.85, 4.95, 5.05, 5.15, 5.25, 5.35, 5.45, 5.55, 5.65, 5.75, 5.85, 5.95, 6.05, 6.15, 6.25, 6.35, 6.45, 6.55, 6.65, 6.75, 6.85, 6.95, 7.05, 7.15]","[5.0, 5.0, 5.0, 6.0, 1.0, 0.6190476190476191, 0.5238095238095238, 0.42857142857142855, 0.38095238095238093, 0.19047619047619047, 0.16393442622950818, 0.18032786885245902, 0.13114754098360656, 0.08196721311475409, 0.13114754098360656, 0.0594059405940594, 0.019801980198019802, 0.04950495049504951, 0.0, 0.039603960396039604, 0.009900990099009901, 0.019801980198019802, 0.0, 0.009900990099009901, 0.009900990099009901, 0.008620689655172414, 0.008620689655172414]"
1111.0,6.383069067918842,1.1635854740570297,0.019789831284385162,"[4.55, 4.65, 4.75, 4.85, 4.95, 5.05, 5.15, 5.25, 5.35, 5.45, 5.55, 5.65, 5.75, 5.85, 5.95, 6.05, 6.15, 6.25, 6.35, 6.45, 6.55, 6.65, 6.75, 6.85, 6.95, 7.05, 7.15]","[5.0, 5.0, 5.0, 6.0, 1.0, 0.6190476190476191, 0.5238095238095238, 0.42857142857142855, 0.38095238095238093, 0.19047619047619047, 0.16393442622950818, 0.18032786885245902, 0.13114754098360656, 0.08196721311475409, 0.13114754098360656, 0.0594059405940594, 0.019801980198019802, 0.04950495049504951, 0.0, 0.039603960396039604, 0.008620689655172414, 0.02586206896551724, 0.008620689655172414, 0.008620689655172414, 0.017241379310344827, 0.008620689655172414, 0.008620689655172414]"
1112.0,6.267328738630903,1.1393036937974408,0.030565779960455976,"[4.55, 4.65, 4.75, 4.85, 4.95, 5.05, 5.15, 5.25, 5.35, 5.45, 5.55, 5.65, 5.75, 5.85, 5.95, 6.05, 6.15, 6.25, 6.35, 6.45, 6.55, 6.65, 6.75, 6.85, 6.95, 7.05, 7.15]","[5.0, 5.0, 5.0, 6.0, 1.0, 0.6190476190476191, 0.5238095238095238, 0.42857142857142855, 0.38095238095238093, 0.19047619047619047, 0.16393442622950818, 0.18032786885245902, 0.13114754098360656, 0.08196721311475409, 0.13114754098360656, 0.06896551724137931, 0.02586206896551724, 0.05172413793103448, 0.017241379310344827, 0.034482758620689655, 0.008620689655172414, 0.02586206896551724, 0.008620689655172414, 0.008620689655172414, 0.017241379310344827, 0.008620689655172414, 0.008620689655172414]"
1113.0,6.9854922810726645,1.28663533559112,0.027610990700828317,"[4.55, 4.65, 4.75, 4.85, 4.95, 5.05, 5.15, 5.25, 5.35, 5.45, 5.55, 5.65, 5.75, 5.85, 5.95, 6.05, 6.15, 6.25, 6.35, 6.45, 6.55, 6.65, 6.75, 6.85, 6.95]","[5.0, 5.0, 5.0, 6.0, 1.0, 0.6190476190476191, 0.5238095238095238, 0.42857142857142855, 0.38095238095238093, 0.19047619047619047, 0.1728395061728395, 0.18518518518518517, 0.1111111111111111, 0.08641975308641975, 0.09876543209876543, 0.04938271604938271, 0.012345679012345678, 0.04938271604938271, 0.0, 0.037037037037037035, 0.0, 0.012345679012345678, 0.0, 0.012345679012345678, 0.012345679012345678]"
1114.0,6.9854922810726645,1.28663533559112,0.017562601837852118,"[4.55, 4.65, 4.75, 4.85, 4.95, 5.05, 5.15, 5.25, 5.35, 5.45, 5.55, 5.65, 5.75, 5.85, 5.95, 6.05, 6.15, 6.25, 6.35, 6.45, 6.55, 6.65, 6.75, 6.85, 6.95]","[5.0, 5.0, 5.0, 6.0, 1.0, 0.6190476190476191, 0.5238095238095238, 0.42857142857142855, 0.38095238095238093, 0.19047619047619047, 0.1728395061728395, 0.18518518518518517, 0.1111111111111111, 0.08641975308641975, 0.09876543209876543, 0.04938271604938271, 0.012345679012345678, 0.04938271604938271, 0.0, 0.037037037037037035, 0.0, 0.012345679012345678, 0.0, 0.012345679012345678, 0.012345679012345678]"
1115.0,6.797250734633003,1.248921958294168,0.02635973491255889,"[4.55, 4.65, 4.75, 4.85, 4.95, 5.05, 5.15, 5.25, 5.35, 5.45, 5.55, 5.65, 5.75, 5.85, 5.95, 6.05, 6.15, 6.25, 6.35, 6.45, 6.55, 6.65, 6.75, 6.85, 6.95, 7.05, 7.15]","[5.0, 5.0, 5.0, 6.0, 1.0, 0.6190476190476191, 0.5238095238095238, 0.42857142857142855, 0.38095238095238093, 0.19047619047619047, 0.1728395061728395, 0.18518518518518517, 0.1111111111111111, 0.08641975308641975, 0.09876543209876543, 0.04938271604938271, 0.012345679012345678, 0.04938271604938271, 0.0, 0.037037037037037035, 0.0, 0.012345679012345678, 0.0, 0.012345679012345678, 0.012345679012345678, 0.008620689655172414, 0.008620689655172414]"
1116.0,6.871996540256422,1.26363003785103,0.016756440832769122,"[4.55, 4.65, 4.75, 4.85, 4.95, 5.05, 5.15, 5.25, 5.35, 5.45, 5.55, 5.65, 5.75, 5.85, 5.95, 6.05, 6.15, 6.25, 6.35, 6.45, 6.55, 6.65, 6.75, 6.85, 6.95]","[5.0, 5.0, 5.0, 6.0, 1.0, 0.6190476190476191, 0.5238095238095238, 0.42857142857142855, 0.38095238095238093, 0.19047619047619047, 0.1728395061728395, 0.18518518518518517, 0.1111111111111111, 0.08641975308641975, 0.09876543209876543, 0.04938271604938271, 0.012345679012345678, 0.04938271604938271, 0.0, 0.037037037037037035, 0.009900990099009901, 0.019801980198019802, 0.0, 0.009900990099009901, 0.009900990099009901]"
1117.0,6.701787338434397,1.2295525200784436,0.017510271698308495,"[4.55, 4.65, 4.75, 4.85, 4.95, 5.05, 5.15, 5.25, 5.35, 5.45, 5.55, 5.65, 5.75, 5.85, 5.95, 6.05, 6.15, 6.25, 6.35, 6.45, 6.55, 6.65, 6.75, 6.85, 6.95, 7.05, 7.15]","[5.0, 5.0, 5.0, 6.0, 1.0, 0.6190476190476191, 0.5238095238095238, 0.42857142857142855, 0.38095238095238093, 0.19047619047619047, 0.1728395061728395, 0.18518518518518517, 0.1111111111111111, 0.08641975308641975, 0.09876543209876543, 0.04938271604938271, 0.012345679012345678, 0.04938271604938271, 0.0, 0.037037037037037035, 0.009900990099009901, 0.019801980198019802, 0.0, 0.009900990099009901, 0.009900990099009901, 0.008620689655172414, 0.008620689655172414]"
1118.0,6.490321863734696,1.1870169114249085,0.03254949342410901,"[4.55, 4.65, 4.75, 4.85, 4.95, 5.05, 5.15, 5.25, 5.35, 5.45, 5.55, 5.65, 5.75, 5.85, 5.95, 6.05, 6.15, 6.25, 6.35, 6.45, 6.55, 6.65, 6.75, 6.85, 6.95, 7.05, 7.15]","[5.0, 5.0, 5.0, 6.0, 1.0, 0.6190476190476191, 0.5238095238095238, 0.42857142857142855, 0.38095238095238093, 0.19047619047619047, 0.1728395061728395, 0.18518518518518517, 0.1111111111111111, 0.08641975308641975, 0.09876543209876543, 0.04938271604938271, 0.012345679012345678, 0.04938271604938271, 0.0, 0.037037037037037035, 0.008620689655172414, 0.02586206896551724, 0.008620689655172414, 0.008620689655172414, 0.017241379310344827, 0.008620689655172414, 0.008620689655172414]"
1119.0,6.774572726525021,1.2434770135655877,0.017044328171181726,"[4.55, 4.65, 4.75, 4.85, 4.95, 5.05, 5.15, 5.25, 5.35, 5.45, 5.55, 5.65, 5.75, 5.85, 5.95, 6.05, 6.15, 6.25, 6.35, 6.45, 6.55, 6.65, 6.75, 6.85, 6.95]","[5.0, 5.0, 5.0, 6.0, 1.0, 0.6190476190476191, 0.5238095238095238, 0.42857142857142855, 0.38095238095238093, 0.19047619047619047, 0.1728395061728395, 0.18518518518518517, 0.1111111111111111, 0.08641975308641975, 0.09876543209876543, 0.0594059405940594, 0.019801980198019802, 0.04950495049504951, 0.0, 0.039603960396039604, 0.009900990099009901, 0.019801980198019802, 0.0, 0.009900990099009901, 0.009900990099009901]"
1120.0,6.624022894268949,1.213405088390253,0.01738591628040502,"[4.55, 4.65, 4.75, 4.85, 4.95, 5.05, 5.15, 5.25, 5.35, 5.45, 5.55, 5.65, 5.75, 5.85, 5.95, 6.05, 6.15, 6.25, 6.35, 6.45, 6.55, 6.65, 6.75, 6.85, 6.95, 7.05, 7.15]","[5.0, 5.0, 5.0, 6.0, 1.0, 0.6190476190476191, 0.5238095238095238, 0.42857142857142855, 0.38095238095238093, 0.19047619047619047, 0.1728395061728395, 0.18518518518518517, 0.1111111111111111, 0.08641975308641975, 0.09876543209876543, 0.0594059405940594, 0.019801980198019802, 0.04950495049504951, 0.0, 0.039603960396039604, 0.009900990099009901, 0.019801980198019802, 0.0, 0.009900990099009901, 0.009900990099009901, 0.008620689655172414, 0.008620689655172414]"
1121.0,6.432194182176641,1.17490008594801,0.020078750318468418,"[4.55, 4.65, 4.75, 4.85, 4.95, 5.05, 5.15, 5.25, 5.35, 5.45, 5.55, 5.65, 5.75, 5.85, 5.95, 6.05, 6.15, 6.25, 6.35, 6.45, 6.55, 6.65, 6.75, 6.85, 6.95, 7.05, 7.15]","[5.0, 5.0, 5.0, 6.0, 1.0, 0.6190476190476191, 0.5238095238095238, 0.42857142857142855, 0.38095238095238093, 0.19047619047619047, 0.1728395061728395, 0.18518518518518517, 0.1111111111111111, 0.08641975308641975, 0.09876543209876543, 0.0594059405940594, 0.019801980198019802, 0.04950495049504951, 0.0, 0.039603960396039604, 0.008620689655172414, 0.02586206896551724, 0.008620689655172414, 0.008620689655172414, 0.017241379310344827, 0.008620689655172414, 0.008620689655172414]"
1122.0,6.311296263840593,1.1497545807010634,0.03247084955746359,"[4.55, 4.65, 4.75, 4.85, 4.95, 5.05, 5.15, 5.25, 5.35, 5.45, 5.55, 5.65, 5.75, 5.85, 5.95, 6.05, 6.15, 6.25, 6.35, 6.45, 6.55, 6.65, 6.75, 6.85, 6.95, 7.05, 7.15]","[5.0, 5.0, 5.0, 6.0, 1.0, 0.6190476190476191, 0.5238095238095238, 0.42857142857142855, 0.38095238095238093, 0.19047619047619047, 0.1728395061728395, 0.18518518518518517, 0.1111111111111111, 0.08641975308641975, 0.09876543209876543, 0.06896551724137931, 0.02586206896551724, 0.05172413793103448, 0.017241379310344827, 0.034482758620689655, 0.008620689655172414, 0.02586206896551724, 0.008620689655172414, 0.008620689655172414, 0.017241379310344827, 0.008620689655172414, 0.008620689655172414]"
1123.0,6.650239688122131,1.2162707531468522,0.028043455077772353,"[4.55, 4.65, 4.75, 4.85, 4.95, 5.05, 5.15, 5.25, 5.35, 5.45, 5.55, 5.65, 5.75, 5.85, 5.95, 6.05, 6.15, 6.25, 6.35, 6.45, 6.55, 6.65, 6.75, 6.85, 6.95]","[5.0, 5.0, 5.0, 6.0, 1.0, 0.6190476190476191, 0.5238095238095238, 0.42857142857142855, 0.38095238095238093, 0.19047619047619047, 0.1782178217821782, 0.19801980198019803, 0.09900990099009901, 0.12871287128712872, 0.10891089108910891, 0.0594059405940594, 0.019801980198019802, 0.04950495049504951, 0.0, 0.039603960396039604, 0.009900990099009901, 0.019801980198019802, 0.0, 0.009900990099009901, 0.009900990099009901]"
1124.0,6.51975465400534,1.1903365441220328,0.026270386886679542,"[4.55, 4.65, 4.75, 4.85, 4.95, 5.05, 5.15, 5.25, 5.35, 5.45, 5.55, 5.65, 5.75, 5.85, 5.95, 6.05, 6.15, 6.25, 6.35, 6.45, 6.55, 6.65, 6.75, 6.85, 6.95, 7.05, 7.15]","[5.0, 5.0, 5.0, 6.0, 1.0, 0.6190476190476191, 0.5238095238095238, 0.42857142857142855, 0.38095238095238093, 0.19047619047619047, 0.1782178217821782, 0.19801980198019803, 0.09900990099009901, 0.12871287128712872, 0.10891089108910891, 0.0594059405940594, 0.019801980198019802, 0.04950495049504951, 0.0, 0.039603960396039604, 0.009900990099009901, 0.019801980198019802, 0.0, 0.009900990099009901, 0.009900990099009901, 0.008620689655172414, 0.008620689655172414]"
1125.0,6.345928076186389,1.1556316454623148,0.030975123886225295,"[4.55, 4.65, 4.75, 4.85, 4.95, 5.05, 5.15, 5.25, 5.35, 5.45, 5.55, 5.65, 5.75, 5.85, 5.95, 6.05, 6.15, 6.25, 6.35, 6.45, 6.55, 6.65, 6.75, 6.85, 6.95, 7.05, 7.15]","[5.0, 5.0, 5.0, 6.0, 1.0, 0.6190476190476191, 0.5238095238095238, 0.42857142857142855, 0.38095238095238093, 0.19047619047619047, 0.1782178217821782, 0.19801980198019803, 0.09900990099009901, 0.12871287128712872, 0.10891089108910891, 0.0594059405940594, 0.019801980198019802, 0.04950495049504951, 0.0, 0.039603960396039604, 0.008620689655172414, 0.02586206896551724, 0.008620689655172414, 0.008620689655172414, 0.017241379310344827, 0.008620689655172414, 0.008620689655172414]"
1126.0,6.239791126132876,1.1336848147258678,0.029508605461371896,"[4.55, 4.65, 4.75, 4.85, 4.95, 5.05, 5.15, 5.25, 5.35, 5.45, 5.55, 5.65, 5.75, 5.85, 5.95, 6.05, 6.15, 6.25, 6.35, 6.45, 6.55, 6.65, 6.75, 6.85, 6.95, 7.05, 7.15]","[5.0, 5.0, 5.0, 6.0, 1.0, 0.6190476190476191, 0.5238095238095238, 0.42857142857142855, 0.38095238095238093, 0.19047619047619047, 0.1782178217821782, 0.19801980198019803, 0.09900990099009901, 0.12871287128712872, 0.10891089108910891, 0.06896551724137931, 0.02586206896551724, 0.05172413793103448, 0.017241379310344827, 0.034482758620689655, 0.008620689655172414, 0.02586206896551724, 0.008620689655172414, 0.008620689655172414, 0.017241379310344827, 0.008620689655172414, 0.008620689655172414]"
1127.0,6.18136810333312,1.1189355952978708,0.04890348507637507,"[4.55, 4.65, 4.75, 4.85, 4.95, 5.05, 5.15, 5.25, 5.35, 5.45, 5.55, 5.65, 5.75, 5.85, 5.95, 6.05, 6.15, 6.25, 6.35, 6.45, 6.55, 6.65, 6.75, 6.85, 6.95, 7.05, 7.15]","[5.0, 5.0, 5.0, 6.0, 1.0, 0.6190476190476191, 0.5238095238095238, 0.42857142857142855, 0.38095238095238093, 0.19047619047619047, 0.19827586206896552, 0.20689655172413793, 0.1206896551724138, 0.12931034482758622, 0.12931034482758622, 0.06896551724137931, 0.02586206896551724, 0.05172413793103448, 0.017241379310344827, 0.034482758620689655, 0.008620689655172414, 0.02586206896551724, 0.008620689655172414, 0.008620689655172414, 0.017241379310344827, 0.008620689655172414, 0.008620689655172414]"
1128.0,7.177238250379041,1.331139703502288,0.05900657493919744,"[4.55, 4.65, 4.75, 4.85, 4.95, 5.05, 5.15, 5.25, 5.35, 5.45, 5.55, 5.65, 5.75, 5.85, 5.95, 6.05, 6.15, 6.25, 6.35, 6.45, 6.55, 6.65, 6.75, 6.85]","[5.0, 5.0, 5.0, 6.0, 1.0, 0.7073170731707317, 0.5121951219512195, 0.43902439024390244, 0.36585365853658536, 0.2682926829268293, 0.17073170731707318, 0.17073170731707318, 0.14634146341463414, 0.024390243902439025, 0.0975609756097561, 0.04878048780487805, 0.0, 0.04878048780487805, 0.0, 0.024390243902439025, 0.0, 0.024390243902439025, 0.0, 0.024390243902439025]"
1129.0,7.177238250379041,1.331139703502288,0.030657539093824206,"[4.55, 4.65, 4.75, 4.85, 4.95, 5.05, 5.15, 5.25, 5.35, 5.45, 5.55, 5.65, 5.75, 5.85, 5.95, 6.05, 6.15, 6.25, 6.35, 6.45, 6.55, 6.65, 6.75, 6.85]","[5.0, 5.0, 5.0, 6.0, 1.0, 0.7073170731707317, 0.5121951219512195, 0.43902439024390244, 0.36585365853658536, 0.2682926829268293, 0.17073170731707318, 0.17073170731707318, 0.14634146341463414, 0.024390243902439025, 0.0975609756097561, 0.04878048780487805, 0.0, 0.04878048780487805, 0.0, 0.024390243902439025, 0.0, 0.024390243902439025, 0.0, 0.024390243902439025]"
1130.0,7.177238250379041,1.331139703502288,0.030657539093824206,"[4.55, 4.65, 4.75, 4.85, 4.95, 5.05, 5.15, 5.25, 5.35, 5.45, 5.55, 5.65, 5.75, 5.85, 5.95, 6.05, 6.15, 6.25, 6.35, 6.45, 6.55, 6.65, 6.75, 6.85]","[5.0, 5.0, 5.0, 6.0, 1.0, 0.7073170731707317, 0.5121951219512195, 0.43902439024390244, 0.36585365853658536, 0.2682926829268293, 0.17073170731707318, 0.17073170731707318, 0.14634146341463414, 0.024390243902439025, 0.0975609756097561, 0.04878048780487805, 0.0, 0.04878048780487805, 0.0, 0.024390243902439025, 0.0, 0.024390243902439025, 0.0, 0.024390243902439025]"
1131.0,7.177238250379041,1.331139703502288,0.030657539093824206,"[4.55, 4.65, 4.75, 4.85, 4.95, 5.05, 5.15, 5.25, 5.35, 5.45, 5.55, 5.65, 5.75, 5.85, 5.95, 6.05, 6.15, 6.25, 6.35, 6.45, 6.55, 6.65, 6.75, 6.85]","[5.0, 5.0, 5.0, 6.0, 1.0, 0.7073170731707317, 0.5121951219512195, 0.43902439024390244, 0.36585365853658536, 0.2682926829268293, 0.17073170731707318, 0.17073170731707318, 0.14634146341463414, 0.024390243902439025, 0.0975609756097561, 0.04878048780487805, 0.0, 0.04878048780487805, 0.0, 0.024390243902439025, 0.0, 0.024390243902439025, 0.0, 0.024390243902439025]"
1132.0,6.883012106048387,1.2707931551149638,0.06048056162749033,"[4.55, 4.65, 4.75, 4.85, 4.95, 5.05, 5.15, 5.25, 5.35, 5.45, 5.55, 5.65, 5.75, 5.85, 5.95, 6.05, 6.15, 6.25, 6.35, 6.45, 6.55, 6.65, 6.75, 6.85, 6.95, 7.05, 7.15]","[5.0, 5.0, 5.0, 6.0, 1.0, 0.7073170731707317, 0.5121951219512195, 0.43902439024390244, 0.36585365853658536, 0.2682926829268293, 0.17073170731707318, 0.17073170731707318, 0.14634146341463414, 0.024390243902439025, 0.0975609756097561, 0.04878048780487805, 0.0, 0.04878048780487805, 0.0, 0.024390243902439025, 0.0, 0.024390243902439025, 0.0, 0.024390243902439025, 0.0, 0.008620689655172414, 0.008620689655172414]"
1133.0,7.093769181770386,1.314047784543454,0.02970726865625646,"[4.55, 4.65, 4.75, 4.85, 4.95, 5.05, 5.15, 5.25, 5.35, 5.45, 5.55, 5.65, 5.75, 5.85, 5.95, 6.05, 6.15, 6.25, 6.35, 6.45, 6.55, 6.65, 6.75, 6.85, 6.95]","[5.0, 5.0, 5.0, 6.0, 1.0, 0.7073170731707317, 0.5121951219512195, 0.43902439024390244, 0.36585365853658536, 0.2682926829268293, 0.17073170731707318, 0.17073170731707318, 0.14634146341463414, 0.024390243902439025, 0.0975609756097561, 0.04878048780487805, 0.0, 0.04878048780487805, 0.0, 0.024390243902439025, 0.0, 0.01639344262295082, 0.0, 0.01639344262295082, 0.01639344262295082]"
1134.0,7.093769181770386,1.314047784543454,0.018931261724303806,"[4.55, 4.65, 4.75, 4.85, 4.95, 5.05, 5.15, 5.25, 5.35, 5.45, 5.55, 5.65, 5.75, 5.85, 5.95, 6.05, 6.15, 6.25, 6.35, 6.45, 6.55, 6.65, 6.75, 6.85, 6.95]","[5.0, 5.0, 5.0, 6.0, 1.0, 0.7073170731707317, 0.5121951219512195, 0.43902439024390244, 0.36585365853658536, 0.2682926829268293, 0.17073170731707318, 0.17073170731707318, 0.14634146341463414, 0.024390243902439025, 0.0975609756097561, 0.04878048780487805, 0.0, 0.04878048780487805, 0.0, 0.024390243902439025, 0.0, 0.01639344262295082, 0.0, 0.01639344262295082, 0.01639344262295082]"
1135.0,7.093769181770386,1.314047784543454,0.018931261724303806,"[4.55, 4.65, 4.75, 4.85, 4.95, 5.05, 5.15, 5.25, 5.35, 5.45, 5.55, 5.65, 5.75, 5.85, 5.95, 6.05, 6.15, 6.25, 6.35, 6.45, 6.55, 6.65, 6.75, 6.85, 6.95]","[5.0, 5.0, 5.0, 6.0, 1.0, 0.7073170731707317, 0.5121951219512195, 0.43902439024390244, 0.36585365853658536, 0.2682926829268293, 0.17073170731707318, 0.17073170731707318, 0.14634146341463414, 0.024390243902439025, 0.0975609756097561, 0.04878048780487805, 0.0, 0.04878048780487805, 0.0, 0.024390243902439025, 0.0, 0.01639344262295082, 0.0, 0.01639344262295082, 0.01639344262295082]"
1136.0,6.810870024384032,1.2560404253890287,0.032061513677045544,"[4.55, 4.65, 4.75, 4.85, 4.95, 5.05, 5.15, 5.25, 5.35, 5.45, 5.55, 5.65, 5.75, 5.85, 5.95, 6.05, 6.15, 6.25, 6.35, 6.45, 6.55, 6.65, 6.75, 6.85, 6.95, 7.05, 7.15]","[5.0, 5.0, 5.0, 6.0, 1.0, 0.7073170731707317, 0.5121951219512195, 0.43902439024390244, 0.36585365853658536, 0.2682926829268293, 0.17073170731707318, 0.17073170731707318, 0.14634146341463414, 0.024390243902439025, 0.0975609756097561, 0.04878048780487805, 0.0, 0.04878048780487805, 0.0, 0.024390243902439025, 0.0, 0.01639344262295082, 0.0, 0.01639344262295082, 0.01639344262295082, 0.008620689655172414, 0.008620689655172414]"
1137.0,7.175765030383054,1.330920111810905,0.028590519583339934,"[4.55, 4.65, 4.75, 4.85, 4.95, 5.05, 5.15, 5.25, 5.35, 5.45, 5.55, 5.65, 5.75, 5.85, 5.95, 6.05, 6.15, 6.25, 6.35, 6.45, 6.55, 6.65, 6.75, 6.85, 6.95]","[5.0, 5.0, 5.0, 6.0, 1.0, 0.7073170731707317, 0.5121951219512195, 0.43902439024390244, 0.36585365853658536, 0.2682926829268293, 0.17073170731707318, 0.17073170731707318, 0.14634146341463414, 0.024390243902439025, 0.0975609756097561, 0.04878048780487805, 0.0, 0.04878048780487805, 0.0, 0.024390243902439025, 0.0, 0.012345679012345678, 0.0, 0.012345679012345678, 0.012345679012345678]"
1138.0,7.175765030383054,1.330920111810905,0.018429106944041034,"[4.55, 4.65, 4.75, 4.85, 4.95, 5.05, 5.15, 5.25, 5.35, 5.45, 5.55, 5.65, 5.75, 5.85, 5.95, 6.05, 6.15, 6.25, 6.35, 6.45, 6.55, 6.65, 6.75, 6.85, 6.95]","[5.0, 5.0, 5.0, 6.0, 1.0, 0.7073170731707317, 0.5121951219512195, 0.43902439024390244, 0.36585365853658536, 0.2682926829268293, 0.17073170731707318, 0.17073170731707318, 0.14634146341463414, 0.024390243902439025, 0.0975609756097561, 0.04878048780487805, 0.0, 0.04878048780487805, 0.0, 0.024390243902439025, 0.0, 0.012345679012345678, 0.0, 0.012345679012345678, 0.012345679012345678]"
1139.0,6.89584276826259,1.2735456829679483,0.03148513593117552,"[4.55, 4.65, 4.75, 4.85, 4.95, 5.05, 5.15, 5.25, 5.35, 5.45, 5.55, 5.65, 5.75, 5.85, 5.95, 6.05, 6.15, 6.25, 6.35, 6.45, 6.55, 6.65, 6.75, 6.85, 6.95, 7.05, 7.15]","[5.0, 5.0, 5.0, 6.0, 1.0, 0.7073170731707317, 0.5121951219512195, 0.43902439024390244, 0.36585365853658536, 0.2682926829268293, 0.17073170731707318, 0.17073170731707318, 0.14634146341463414, 0.024390243902439025, 0.0975609756097561, 0.04878048780487805, 0.0, 0.04878048780487805, 0.0, 0.024390243902439025, 0.0, 0.012345679012345678, 0.0, 0.012345679012345678, 0.012345679012345678, 0.008620689655172414, 0.008620689655172414]"
1140.0,6.992163564867385,1.2930579603868957,0.030272701465141157,"[4.55, 4.65, 4.75, 4.85, 4.95, 5.05, 5.15, 5.25, 5.35, 5.45, 5.55, 5.65, 5.75, 5.85, 5.95, 6.05, 6.15, 6.25, 6.35, 6.45, 6.55, 6.65, 6.75, 6.85, 6.95]","[5.0, 5.0, 5.0, 6.0, 1.0, 0.7073170731707317, 0.5121951219512195, 0.43902439024390244, 0.36585365853658536, 0.2682926829268293, 0.17073170731707318, 0.17073170731707318, 0.14634146341463414, 0.024390243902439025, 0.0975609756097561, 0.04878048780487805, 0.0, 0.04878048780487805, 0.0, 0.024390243902439025, 0.009900990099009901, 0.019801980198019802, 0.0, 0.009900990099009901, 0.009900990099009901]"
1141.0,6.752939246194294,1.2440226766641678,0.03223947447935454,"[4.55, 4.65, 4.75, 4.85, 4.95, 5.05, 5.15, 5.25, 5.35, 5.45, 5.55, 5.65, 5.75, 5.85, 5.95, 6.05, 6.15, 6.25, 6.35, 6.45, 6.55, 6.65, 6.75, 6.85, 6.95, 7.05, 7.15]","[5.0, 5.0, 5.0, 6.0, 1.0, 0.7073170731707317, 0.5121951219512195, 0.43902439024390244, 0.36585365853658536, 0.2682926829268293, 0.17073170731707318, 0.17073170731707318, 0.14634146341463414, 0.024390243902439025, 0.0975609756097561, 0.04878048780487805, 0.0, 0.04878048780487805, 0.0, 0.024390243902439025, 0.009900990099009901, 0.019801980198019802, 0.0, 0.009900990099009901, 0.009900990099009901, 0.008620689655172414, 0.008620689655172414]"
1142.0,6.4778090170904985,1.1874054697060525,0.06570937728937641,"[4.55, 4.65, 4.75, 4.85, 4.95, 5.05, 5.15, 5.25, 5.35, 5.45, 5.55, 5.65, 5.75, 5.85, 5.95, 6.05, 6.15, 6.25, 6.35, 6.45, 6.55, 6.65, 6.75, 6.85, 6.95, 7.05, 7.15]","[5.0, 5.0, 5.0, 6.0, 1.0, 0.7073170731707317, 0.5121951219512195, 0.43902439024390244, 0.36585365853658536, 0.2682926829268293, 0.17073170731707318, 0.17073170731707318, 0.14634146341463414, 0.024390243902439025, 0.0975609756097561, 0.04878048780487805, 0.0, 0.04878048780487805, 0.0, 0.024390243902439025, 0.008620689655172414, 0.02586206896551724, 0.008620689655172414, 0.008620689655172414, 0.017241379310344827, 0.008620689655172414, 0.008620689655172414]"
1143.0,6.78274563784113,1.2494741103221676,0.03020455826668632,"[4.55, 4.65, 4.75, 4.85, 4.95, 5.05, 5.15, 5.25, 5.35, 5.45, 5.55, 5.65, 5.75, 5.85, 5.95, 6.05, 6.15, 6.25, 6.35, 6.45, 6.55, 6.65, 6.75, 6.85, 6.95]","[5.0, 5.0, 5.0, 6.0, 1.0, 0.7073170731707317, 0.5121951219512195, 0.43902439024390244, 0.36585365853658536, 0.2682926829268293, 0.17073170731707318, 0.17073170731707318, 0.14634146341463414, 0.024390243902439025, 0.0975609756097561, 0.06557377049180328, 0.01639344262295082, 0.04918032786885246, 0.0, 0.04918032786885246, 0.0, 0.01639344262295082, 0.0, 0.01639344262295082, 0.01639344262295082]"
1144.0,6.78274563784113,1.2494741103221676,0.019090045539588603,"[4.55, 4.65, 4.75, 4.85, 4.95, 5.05, 5.15, 5.25, 5.35, 5.45, 5.55, 5.65, 5.75, 5.85, 5.95, 6.05, 6.15, 6.25, 6.35, 6.45, 6.55, 6.65, 6.75, 6.85, 6.95]","[5.0, 5.0, 5.0, 6.0, 1.0, 0.7073170731707317, 0.5121951219512195, 0.43902439024390244, 0.36585365853658536, 0.2682926829268293, 0.17073170731707318, 0.17073170731707318, 0.14634146341463414, 0.024390243902439025, 0.0975609756097561, 0.06557377049180328, 0.01639344262295082, 0.04918032786885246, 0.0, 0.04918032786885246, 0.0, 0.01639344262295082, 0.0, 0.01639344262295082, 0.01639344262295082]"
1145.0,6.78274563784113,1.2494741103221676,0.019090045539588603,"[4.55, 4.65, 4.75, 4.85, 4.95, 5.05, 5.15, 5.25, 5.35, 5.45, 5.55, 5.65, 5.75, 5.85, 5.95, 6.05, 6.15, 6.25, 6.35, 6.45, 6.55, 6.65, 6.75, 6.85, 6.95]","[5.0, 5.0, 5.0, 6.0, 1.0, 0.7073170731707317, 0.5121951219512195, 0.43902439024390244, 0.36585365853658536, 0.2682926829268293, 0.17073170731707318, 0.17073170731707318, 0.14634146341463414, 0.024390243902439025, 0.0975609756097561, 0.06557377049180328, 0.01639344262295082, 0.04918032786885246, 0.0, 0.04918032786885246, 0.0, 0.01639344262295082, 0.0, 0.01639344262295082, 0.01639344262295082]"
1146.0,6.572211737430453,1.206355873871916,0.030038518110177017,"[4.55, 4.65, 4.75, 4.85, 4.95, 5.05, 5.15, 5.25, 5.35, 5.45, 5.55, 5.65, 5.75, 5.85, 5.95, 6.05, 6.15, 6.25, 6.35, 6.45, 6.55, 6.65, 6.75, 6.85, 6.95, 7.05, 7.15]","[5.0, 5.0, 5.0, 6.0, 1.0, 0.7073170731707317, 0.5121951219512195, 0.43902439024390244, 0.36585365853658536, 0.2682926829268293, 0.17073170731707318, 0.17073170731707318, 0.14634146341463414, 0.024390243902439025, 0.0975609756097561, 0.06557377049180328, 0.01639344262295082, 0.04918032786885246, 0.0, 0.04918032786885246, 0.0, 0.01639344262295082, 0.0, 0.01639344262295082, 0.01639344262295082, 0.008620689655172414, 0.008620689655172414]"
1147.0,6.86604686157706,1.2666046463290717,0.018093829392434164,"[4.55, 4.65, 4.75, 4.85, 4.95, 5.05, 5.15, 5.25, 5.35, 5.45, 5.55, 5.65, 5.75, 5.85, 5.95, 6.05, 6.15, 6.25, 6.35, 6.45, 6.55, 6.65, 6.75, 6.85, 6.95]","[5.0, 5.0, 5.0, 6.0, 1.0, 0.7073170731707317, 0.5121951219512195, 0.43902439024390244, 0.36585365853658536, 0.2682926829268293, 0.17073170731707318, 0.17073170731707318, 0.14634146341463414, 0.024390243902439025, 0.0975609756097561, 0.06557377049180328, 0.01639344262295082, 0.04918032786885246, 0.0, 0.04918032786885246, 0.0, 0.012345679012345678, 0.0, 0.012345679012345678, 0.012345679012345678]"
1148.0,6.86604686157706,1.2666046463290717,0.012644232722859536,"[4.55, 4.65, 4.75, 4.85, 4.95, 5.05, 5.15, 5.25, 5.35, 5.45, 5.55, 5.65, 5.75, 5.85, 5.95, 6.05, 6.15, 6.25, 6.35, 6.45, 6.55, 6.65, 6.75, 6.85, 6.95]","[5.0, 5.0, 5.0, 6.0, 1.0, 0.7073170731707317, 0.5121951219512195, 0.43902439024390244, 0.36585365853658536, 0.2682926829268293, 0.17073170731707318, 0.17073170731707318, 0.14634146341463414, 0.024390243902439025, 0.0975609756097561, 0.06557377049180328, 0.01639344262295082, 0.04918032786885246, 0.0, 0.04918032786885246, 0.0, 0.012345679012345678, 0.0, 0.012345679012345678, 0.012345679012345678]"
1149.0,6.655340687455199,1.223470784943174,0.018716337128098306,"[4.55, 4.65, 4.75, 4.85, 4.95, 5.05, 5.15, 5.25, 5.35, 5.45, 5.55, 5.65, 5.75, 5.85, 5.95, 6.05, 6.15, 6.25, 6.35, 6.45, 6.55, 6.65, 6.75, 6.85, 6.95, 7.05, 7.15]","[5.0, 5.0, 5.0, 6.0, 1.0, 0.7073170731707317, 0.5121951219512195, 0.43902439024390244, 0.36585365853658536, 0.2682926829268293, 0.17073170731707318, 0.17073170731707318, 0.14634146341463414, 0.024390243902439025, 0.0975609756097561, 0.06557377049180328, 0.01639344262295082, 0.04918032786885246, 0.0, 0.04918032786885246, 0.0, 0.012345679012345678, 0.0, 0.012345679012345678, 0.012345679012345678, 0.008620689655172414, 0.008620689655172414]"
1150.0,6.73236707423975,1.2390330580603763,0.018446866204864788,"[4.55, 4.65, 4.75, 4.85, 4.95, 5.05, 5.15, 5.25, 5.35, 5.45, 5.55, 5.65, 5.75, 5.85, 5.95, 6.05, 6.15, 6.25, 6.35, 6.45, 6.55, 6.65, 6.75, 6.85, 6.95]","[5.0, 5.0, 5.0, 6.0, 1.0, 0.7073170731707317, 0.5121951219512195, 0.43902439024390244, 0.36585365853658536, 0.2682926829268293, 0.17073170731707318, 0.17073170731707318, 0.14634146341463414, 0.024390243902439025, 0.0975609756097561, 0.06557377049180328, 0.01639344262295082, 0.04918032786885246, 0.0, 0.04918032786885246, 0.009900990099009901, 0.019801980198019802, 0.0, 0.009900990099009901, 0.009900990099009901]"
1151.0,6.549804553623799,1.201660733388426,0.018829413872520885,"[4.55, 4.65, 4.75, 4.85, 4.95, 5.05, 5.15, 5.25, 5.35, 5.45, 5.55, 5.65, 5.75, 5.85, 5.95, 6.05, 6.15, 6.25, 6.35, 6.45, 6.55, 6.65, 6.75, 6.85, 6.95, 7.05, 7.15]","[5.0, 5.0, 5.0, 6.0, 1.0, 0.7073170731707317, 0.5121951219512195, 0.43902439024390244, 0.36585365853658536, 0.2682926829268293, 0.17073170731707318, 0.17073170731707318, 0.14634146341463414, 0.024390243902439025, 0.0975609756097561, 0.06557377049180328, 0.01639344262295082, 0.04918032786885246, 0.0, 0.04918032786885246, 0.009900990099009901, 0.019801980198019802, 0.0, 0.009900990099009901, 0.009900990099009901, 0.008620689655172414, 0.008620689655172414]"
1152.0,6.325441684368843,1.155545391359154,0.03279233665431017,"[4.55, 4.65, 4.75, 4.85, 4.95, 5.05, 5.15, 5.25, 5.35, 5.45, 5.55, 5.65, 5.75, 5.85, 5.95, 6.05, 6.15, 6.25, 6.35, 6.45, 6.55, 6.65, 6.75, 6.85, 6.95, 7.05, 7.15]","[5.0, 5.0, 5.0, 6.0, 1.0, 0.7073170731707317, 0.5121951219512195, 0.43902439024390244, 0.36585365853658536, 0.2682926829268293, 0.17073170731707318, 0.17073170731707318, 0.14634146341463414, 0.024390243902439025, 0.0975609756097561, 0.06557377049180328, 0.01639344262295082, 0.04918032786885246, 0.0, 0.04918032786885246, 0.008620689655172414, 0.02586206896551724, 0.008620689655172414, 0.008620689655172414, 0.017241379310344827, 0.008620689655172414, 0.008620689655172414]"
1153.0,6.989747080270599,1.2924117613848893,0.02791732492669875,"[4.55, 4.65, 4.75, 4.85, 4.95, 5.05, 5.15, 5.25, 5.35, 5.45, 5.55, 5.65, 5.75, 5.85, 5.95, 6.05, 6.15, 6.25, 6.35, 6.45, 6.55, 6.65, 6.75, 6.85, 6.95]","[5.0, 5.0, 5.0, 6.0, 1.0, 0.7073170731707317, 0.5121951219512195, 0.43902439024390244, 0.36585365853658536, 0.2682926829268293, 0.17073170731707318, 0.17073170731707318, 0.14634146341463414, 0.024390243902439025, 0.0975609756097561, 0.04938271604938271, 0.012345679012345678, 0.04938271604938271, 0.0, 0.037037037037037035, 0.0, 0.012345679012345678, 0.0, 0.012345679012345678, 0.012345679012345678]"
1154.0,6.989747080270599,1.2924117613848893,0.017898837685889537,"[4.55, 4.65, 4.75, 4.85, 4.95, 5.05, 5.15, 5.25, 5.35, 5.45, 5.55, 5.65, 5.75, 5.85, 5.95, 6.05, 6.15, 6.25, 6.35, 6.45, 6.55, 6.65, 6.75, 6.85, 6.95]","[5.0, 5.0, 5.0, 6.0, 1.0, 0.7073170731707317, 0.5121951219512195, 0.43902439024390244, 0.36585365853658536, 0.2682926829268293, 0.17073170731707318, 0.17073170731707318, 0.14634146341463414, 0.024390243902439025, 0.0975609756097561, 0.04938271604938271, 0.012345679012345678, 0.04938271604938271, 0.0, 0.037037037037037035, 0.0, 0.012345679012345678, 0.0, 0.012345679012345678, 0.012345679012345678]"
1155.0,6.779257907076702,1.2494055218253615,0.028706460342035733,"[4.55, 4.65, 4.75, 4.85, 4.95, 5.05, 5.15, 5.25, 5.35, 5.45, 5.55, 5.65, 5.75, 5.85, 5.95, 6.05, 6.15, 6.25, 6.35, 6.45, 6.55, 6.65, 6.75, 6.85, 6.95, 7.05, 7.15]","[5.0, 5.0, 5.0, 6.0, 1.0, 0.7073170731707317, 0.5121951219512195, 0.43902439024390244, 0.36585365853658536, 0.2682926829268293, 0.17073170731707318, 0.17073170731707318, 0.14634146341463414, 0.024390243902439025, 0.0975609756097561, 0.04938271604938271, 0.012345679012345678, 0.04938271604938271, 0.0, 0.037037037037037035, 0.0, 0.012345679012345678, 0.0, 0.012345679012345678, 0.012345679012345678, 0.008620689655172414, 0.008620689655172414]"
1156.0,6.855499881092822,1.2647666328245015,0.01788302836388095,"[4.55, 4.65, 4.75, 4.85, 4.95, 5.05, 5.15, 5.25, 5.35, 5.45, 5.55, 5.65, 5.75, 5.85, 5.95, 6.05, 6.15, 6.25, 6.35, 6.45, 6.55, 6.65, 6.75, 6.85, 6.95]","[5.0, 5.0, 5.0, 6.0, 1.0, 0.7073170731707317, 0.5121951219512195, 0.43902439024390244, 0.36585365853658536, 0.2682926829268293, 0.17073170731707318, 0.17073170731707318, 0.14634146341463414, 0.024390243902439025, 0.0975609756097561, 0.04938271604938271, 0.012345679012345678, 0.04938271604938271, 0.0, 0.037037037037037035, 0.009900990099009901, 0.019801980198019802, 0.0, 0.009900990099009901, 0.009900990099009901]"
1157.0,6.670613020069958,1.226996063113851,0.01864569014843207,"[4.55, 4.65, 4.75, 4.85, 4.95, 5.05, 5.15, 5.25, 5.35, 5.45, 5.55, 5.65, 5.75, 5.85, 5.95, 6.05, 6.15, 6.25, 6.35, 6.45, 6.55, 6.65, 6.75, 6.85, 6.95, 7.05, 7.15]","[5.0, 5.0, 5.0, 6.0, 1.0, 0.7073170731707317, 0.5121951219512195, 0.43902439024390244, 0.36585365853658536, 0.2682926829268293, 0.17073170731707318, 0.17073170731707318, 0.14634146341463414, 0.024390243902439025, 0.0975609756097561, 0.04938271604938271, 0.012345679012345678, 0.04938271604938271, 0.0, 0.037037037037037035, 0.009900990099009901, 0.019801980198019802, 0.0, 0.009900990099009901, 0.009900990099009901, 0.008620689655172414, 0.008620689655172414]"
1158.0,6.447049314448939,1.1811354086367236,0.03374167447908234,"[4.55, 4.65, 4.75, 4.85, 4.95, 5.05, 5.15, 5.25, 5.35, 5.45, 5.55, 5.65, 5.75, 5.85, 5.95, 6.05, 6.15, 6.25, 6.35, 6.45, 6.55, 6.65, 6.75, 6.85, 6.95, 7.05, 7.15]","[5.0, 5.0, 5.0, 6.0, 1.0, 0.7073170731707317, 0.5121951219512195, 0.43902439024390244, 0.36585365853658536, 0.2682926829268293, 0.17073170731707318, 0.17073170731707318, 0.14634146341463414, 0.024390243902439025, 0.0975609756097561, 0.04938271604938271, 0.012345679012345678, 0.04938271604938271, 0.0, 0.037037037037037035, 0.008620689655172414, 0.02586206896551724, 0.008620689655172414, 0.008620689655172414, 0.017241379310344827, 0.008620689655172414, 0.008620689655172414]"
1159.0,6.732626932349951,1.2391080547405007,0.02960339894791404,"[4.55, 4.65, 4.75, 4.85, 4.95, 5.05, 5.15, 5.25, 5.35, 5.45, 5.55, 5.65, 5.75, 5.85, 5.95, 6.05, 6.15, 6.25, 6.35, 6.45, 6.55, 6.65, 6.75, 6.85, 6.95]","[5.0, 5.0, 5.0, 6.0, 1.0, 0.7073170731707317, 0.5121951219512195, 0.43902439024390244, 0.36585365853658536, 0.2682926829268293, 0.17073170731707318, 0.17073170731707318, 0.14634146341463414, 0.024390243902439025, 0.0975609756097561, 0.0594059405940594, 0.019801980198019802, 0.04950495049504951, 0.0, 0.039603960396039604, 0.009900990099009901, 0.019801980198019802, 0.0, 0.009900990099009901, 0.009900990099009901]"
1160.0,6.5757354042902465,1.2071090899778152,0.029594571061941445,"[4.55, 4.65, 4.75, 4.85, 4.95, 5.05, 5.15, 5.25, 5.35, 5.45, 5.55, 5.65, 5.75, 5.85, 5.95, 6.05, 6.15, 6.25, 6.35, 6.45, 6.55, 6.65, 6.75, 6.85, 6.95, 7.05, 7.15]","[5.0, 5.0, 5.0, 6.0, 1.0, 0.7073170731707317, 0.5121951219512195, 0.43902439024390244, 0.36585365853658536, 0.2682926829268293, 0.17073170731707318, 0.17073170731707318, 0.14634146341463414, 0.024390243902439025, 0.0975609756097561, 0.0594059405940594, 0.019801980198019802, 0.04950495049504951, 0.0, 0.039603960396039604, 0.009900990099009901, 0.019801980198019802, 0.0, 0.009900990099009901, 0.009900990099009901, 0.008620689655172414, 0.008620689655172414]"
1161.0,6.378972321793999,1.1668075666248132,0.03327119002027879,"[4.55, 4.65, 4.75, 4.85, 4.95, 5.05, 5.15, 5.25, 5.35, 5.45, 5.55, 5.65, 5.75, 5.85, 5.95, 6.05, 6.15, 6.25, 6.35, 6.45, 6.55, 6.65, 6.75, 6.85, 6.95, 7.05, 7.15]","[5.0, 5.0, 5.0, 6.0, 1.0, 0.7073170731707317, 0.5121951219512195, 0.43902439024390244, 0.36585365853658536, 0.2682926829268293, 0.17073170731707318, 0.17073170731707318, 0.14634146341463414, 0.024390243902439025, 0.0975609756097561, 0.0594059405940594, 0.019801980198019802, 0.04950495049504951, 0.0, 0.039603960396039604, 0.008620689655172414, 0.02586206896551724, 0.008620689655172414, 0.008620689655172414, 0.017241379310344827, 0.008620689655172414, 0.008620689655172414]"
1162.0,6.246176225133435,1.138874860405542,0.061248058847342614,"[4.55, 4.65, 4.75, 4.85, 4.95, 5.05, 5.15, 5.25, 5.35, 5.45, 5.55, 5.65, 5.75, 5.85, 5.95, 6.05, 6.15, 6.25, 6.35, 6.45, 6.55, 6.65, 6.75, 6.85, 6.95, 7.05, 7.15]","[5.0, 5.0, 5.0, 6.0, 1.0, 0.7073170731707317, 0.5121951219512195, 0.43902439024390244, 0.36585365853658536, 0.2682926829268293, 0.17073170731707318, 0.17073170731707318, 0.14634146341463414, 0.024390243902439025, 0.0975609756097561, 0.06896551724137931, 0.02586206896551724, 0.05172413793103448, 0.017241379310344827, 0.034482758620689655, 0.008620689655172414, 0.02586206896551724, 0.008620689655172414, 0.008620689655172414, 0.017241379310344827, 0.008620689655172414, 0.008620689655172414]"
1163.0,6.5688778616425,1.2043704032709928,0.028820266422849863,"[4.55, 4.65, 4.75, 4.85, 4.95, 5.05, 5.15, 5.25, 5.35, 5.45, 5.55, 5.65, 5.75, 5.85, 5.95, 6.05, 6.15, 6.25, 6.35, 6.45, 6.55, 6.65, 6.75, 6.85, 6.95]","[5.0, 5.0, 5.0, 6.0, 1.0, 0.7073170731707317, 0.5121951219512195, 0.43902439024390244, 0.36585365853658536, 0.2682926829268293, 0.16393442622950818, 0.18032786885245902, 0.13114754098360656, 0.08196721311475409, 0.13114754098360656, 0.06557377049180328, 0.01639344262295082, 0.04918032786885246, 0.0, 0.04918032786885246, 0.0, 0.01639344262295082, 0.0, 0.01639344262295082, 0.01639344262295082]"
1164.0,6.5688778616425,1.2043704032709928,0.018343237914742697,"[4.55, 4.65, 4.75, 4.85, 4.95, 5.05, 5.15, 5.25, 5.35, 5.45, 5.55, 5.65, 5.75, 5.85, 5.95, 6.05, 6.15, 6.25, 6.35, 6.45, 6.55, 6.65, 6.75, 6.85, 6.95]","[5.0, 5.0, 5.0, 6.0, 1.0, 0.7073170731707317, 0.5121951219512195, 0.43902439024390244, 0.36585365853658536, 0.2682926829268293, 0.16393442622950818, 0.18032786885245902, 0.13114754098360656, 0.08196721311475409, 0.13114754098360656, 0.06557377049180328, 0.01639344262295082, 0.04918032786885246, 0.0, 0.04918032786885246, 0.0, 0.01639344262295082, 0.0, 0.01639344262295082, 0.01639344262295082]"
1165.0,6.5688778616425,1.2043704032709928,0.018343237914742697,"[4.55, 4.65, 4.75, 4.85, 4.95, 5.05, 5.15, 5.25, 5.35, 5.45, 5.55, 5.65, 5.75, 5.85, 5.95, 6.05, 6.15, 6.25, 6.35, 6.45, 6.55, 6.65, 6.75, 6.85, 6.95]","[5.0, 5.0, 5.0, 6.0, 1.0, 0.7073170731707317, 0.5121951219512195, 0.43902439024390244, 0.36585365853658536, 0.2682926829268293, 0.16393442622950818, 0.18032786885245902, 0.13114754098360656, 0.08196721311475409, 0.13114754098360656, 0.06557377049180328, 0.01639344262295082, 0.04918032786885246, 0.0, 0.04918032786885246, 0.0, 0.01639344262295082, 0.0, 0.01639344262295082, 0.01639344262295082]"
1166.0,6.403874829334512,1.1707420203320373,0.025867845272658882,"[4.55, 4.65, 4.75, 4.85, 4.95, 5.05, 5.15, 5.25, 5.35, 5.45, 5.55, 5.65, 5.75, 5.85, 5.95, 6.05, 6.15, 6.25, 6.35, 6.45, 6.55, 6.65, 6.75, 6.85, 6.95, 7.05, 7.15]","[5.0, 5.0, 5.0, 6.0, 1.0, 0.7073170731707317, 0.5121951219512195, 0.43902439024390244, 0.36585365853658536, 0.2682926829268293, 0.16393442622950818, 0.18032786885245902, 0.13114754098360656, 0.08196721311475409, 0.13114754098360656, 0.06557377049180328, 0.01639344262295082, 0.04918032786885246, 0.0, 0.04918032786885246, 0.0, 0.01639344262295082, 0.0, 0.01639344262295082, 0.01639344262295082, 0.008620689655172414, 0.008620689655172414]"
1167.0,6.652165891140989,1.2214152789190584,0.017918947034167406,"[4.55, 4.65, 4.75, 4.85, 4.95, 5.05, 5.15, 5.25, 5.35, 5.45, 5.55, 5.65, 5.75, 5.85, 5.95, 6.05, 6.15, 6.25, 6.35, 6.45, 6.55, 6.65, 6.75, 6.85, 6.95]","[5.0, 5.0, 5.0, 6.0, 1.0, 0.7073170731707317, 0.5121951219512195, 0.43902439024390244, 0.36585365853658536, 0.2682926829268293, 0.16393442622950818, 0.18032786885245902, 0.13114754098360656, 0.08196721311475409, 0.13114754098360656, 0.06557377049180328, 0.01639344262295082, 0.04918032786885246, 0.0, 0.04918032786885246, 0.0, 0.012345679012345678, 0.0, 0.012345679012345678, 0.012345679012345678]"
1168.0,6.652165891140989,1.2214152789190584,0.01226033763284385,"[4.55, 4.65, 4.75, 4.85, 4.95, 5.05, 5.15, 5.25, 5.35, 5.45, 5.55, 5.65, 5.75, 5.85, 5.95, 6.05, 6.15, 6.25, 6.35, 6.45, 6.55, 6.65, 6.75, 6.85, 6.95]","[5.0, 5.0, 5.0, 6.0, 1.0, 0.7073170731707317, 0.5121951219512195, 0.43902439024390244, 0.36585365853658536, 0.2682926829268293, 0.16393442622950818, 0.18032786885245902, 0.13114754098360656, 0.08196721311475409, 0.13114754098360656, 0.06557377049180328, 0.01639344262295082, 0.04918032786885246, 0.0, 0.04918032786885246, 0.0, 0.012345679012345678, 0.0, 0.012345679012345678, 0.012345679012345678]"
1169.0,6.485723869730966,1.1875105946022164,0.017087112008553916,"[4.55, 4.65, 4.75, 4.85, 4.95, 5.05, 5.15, 5.25, 5.35, 5.45, 5.55, 5.65, 5.75, 5.85, 5.95, 6.05, 6.15, 6.25, 6.35, 6.45, 6.55, 6.65, 6.75, 6.85, 6.95, 7.05, 7.15]","[5.0, 5.0, 5.0, 6.0, 1.0, 0.7073170731707317, 0.5121951219512195, 0.43902439024390244, 0.36585365853658536, 0.2682926829268293, 0.16393442622950818, 0.18032786885245902, 0.13114754098360656, 0.08196721311475409, 0.13114754098360656, 0.06557377049180328, 0.01639344262295082, 0.04918032786885246, 0.0, 0.04918032786885246, 0.0, 0.012345679012345678, 0.0, 0.012345679012345678, 0.012345679012345678, 0.008620689655172414, 0.008620689655172414]"
1170.0,6.55029444514235,1.200492175526361,0.01736041419048753,"[4.55, 4.65, 4.75, 4.85, 4.95, 5.05, 5.15, 5.25, 5.35, 5.45, 5.55, 5.65, 5.75, 5.85, 5.95, 6.05, 6.15, 6.25, 6.35, 6.45, 6.55, 6.65, 6.75, 6.85, 6.95]","[5.0, 5.0, 5.0, 6.0, 1.0, 0.7073170731707317, 0.5121951219512195, 0.43902439024390244, 0.36585365853658536, 0.2682926829268293, 0.16393442622950818, 0.18032786885245902, 0.13114754098360656, 0.08196721311475409, 0.13114754098360656, 0.06557377049180328, 0.01639344262295082, 0.04918032786885246, 0.0, 0.04918032786885246, 0.009900990099009901, 0.019801980198019802, 0.0, 0.009900990099009901, 0.009900990099009901]"
1171.0,6.403771521241964,1.1706448446791258,0.01621954716573954,"[4.55, 4.65, 4.75, 4.85, 4.95, 5.05, 5.15, 5.25, 5.35, 5.45, 5.55, 5.65, 5.75, 5.85, 5.95, 6.05, 6.15, 6.25, 6.35, 6.45, 6.55, 6.65, 6.75, 6.85, 6.95, 7.05, 7.15]","[5.0, 5.0, 5.0, 6.0, 1.0, 0.7073170731707317, 0.5121951219512195, 0.43902439024390244, 0.36585365853658536, 0.2682926829268293, 0.16393442622950818, 0.18032786885245902, 0.13114754098360656, 0.08196721311475409, 0.13114754098360656, 0.06557377049180328, 0.01639344262295082, 0.04918032786885246, 0.0, 0.04918032786885246, 0.009900990099009901, 0.019801980198019802, 0.0, 0.009900990099009901, 0.009900990099009901, 0.008620689655172414, 0.008620689655172414]"
1172.0,6.210897041009059,1.1312093122462883,0.03004920736478379,"[4.55, 4.65, 4.75, 4.85, 4.95, 5.05, 5.15, 5.25, 5.35, 5.45, 5.55, 5.65, 5.75, 5.85, 5.95, 6.05, 6.15, 6.25, 6.35, 6.45, 6.55, 6.65, 6.75, 6.85, 6.95, 7.05, 7.15]","[5.0, 5.0, 5.0, 6.0, 1.0, 0.7073170731707317, 0.5121951219512195, 0.43902439024390244, 0.36585365853658536, 0.2682926829268293, 0.16393442622950818, 0.18032786885245902, 0.13114754098360656, 0.08196721311475409, 0.13114754098360656, 0.06557377049180328, 0.01639344262295082, 0.04918032786885246, 0.0, 0.04918032786885246, 0.008620689655172414, 0.02586206896551724, 0.008620689655172414, 0.008620689655172414, 0.017241379310344827, 0.008620689655172414, 0.008620689655172414]"
1173.0,6.775860154338406,1.247134341542223,0.016983134835728435,"[4.55, 4.65, 4.75, 4.85, 4.95, 5.05, 5.15, 5.25, 5.35, 5.45, 5.55, 5.65, 5.75, 5.85, 5.95, 6.05, 6.15, 6.25, 6.35, 6.45, 6.55, 6.65, 6.75, 6.85, 6.95]","[5.0, 5.0, 5.0, 6.0, 1.0, 0.7073170731707317, 0.5121951219512195, 0.43902439024390244, 0.36585365853658536, 0.2682926829268293, 0.16393442622950818, 0.18032786885245902, 0.13114754098360656, 0.08196721311475409, 0.13114754098360656, 0.04938271604938271, 0.012345679012345678, 0.04938271604938271, 0.0, 0.037037037037037035, 0.0, 0.012345679012345678, 0.0, 0.012345679012345678, 0.012345679012345678]"
1174.0,6.775860154338406,1.247134341542223,0.011365680588282717,"[4.55, 4.65, 4.75, 4.85, 4.95, 5.05, 5.15, 5.25, 5.35, 5.45, 5.55, 5.65, 5.75, 5.85, 5.95, 6.05, 6.15, 6.25, 6.35, 6.45, 6.55, 6.65, 6.75, 6.85, 6.95]","[5.0, 5.0, 5.0, 6.0, 1.0, 0.7073170731707317, 0.5121951219512195, 0.43902439024390244, 0.36585365853658536, 0.2682926829268293, 0.16393442622950818, 0.18032786885245902, 0.13114754098360656, 0.08196721311475409, 0.13114754098360656, 0.04938271604938271, 0.012345679012345678, 0.04938271604938271, 0.0, 0.037037037037037035, 0.0, 0.012345679012345678, 0.0, 0.012345679012345678, 0.012345679012345678]"
1175.0,6.606730200849999,1.2127490262280376,0.017397046062997187,"[4.55, 4.65, 4.75, 4.85, 4.95, 5.05, 5.15, 5.25, 5.35, 5.45, 5.55, 5.65, 5.75, 5.85, 5.95, 6.05, 6.15, 6.25, 6.35, 6.45, 6.55, 6.65, 6.75, 6.85, 6.95, 7.05, 7.15]","[5.0, 5.0, 5.0, 6.0, 1.0, 0.7073170731707317, 0.5121951219512195, 0.43902439024390244, 0.36585365853658536, 0.2682926829268293, 0.16393442622950818, 0.18032786885245902, 0.13114754098360656, 0.08196721311475409, 0.13114754098360656, 0.04938271604938271, 0.012345679012345678, 0.04938271604938271, 0.0, 0.037037037037037035, 0.0, 0.012345679012345678, 0.0, 0.012345679012345678, 0.012345679012345678, 0.008620689655172414, 0.008620689655172414]"
1176.0,6.671537406102926,1.2257424444889002,0.011614026344488717,"[4.55, 4.65, 4.75, 4.85, 4.95, 5.05, 5.15, 5.25, 5.35, 5.45, 5.55, 5.65, 5.75, 5.85, 5.95, 6.05, 6.15, 6.25, 6.35, 6.45, 6.55, 6.65, 6.75, 6.85, 6.95]","[5.0, 5.0, 5.0, 6.0, 1.0, 0.7073170731707317, 0.5121951219512195, 0.43902439024390244, 0.36585365853658536, 0.2682926829268293, 0.16393442622950818, 0.18032786885245902, 0.13114754098360656, 0.08196721311475409, 0.13114754098360656, 0.04938271604938271, 0.012345679012345678, 0.04938271604938271, 0.0, 0.037037037037037035, 0.009900990099009901, 0.019801980198019802, 0.0, 0.009900990099009901, 0.009900990099009901]"
1177.0,6.520891395113672,1.1951179571854615,0.011852759658998057,"[4.55, 4.65, 4.75, 4.85, 4.95, 5.05, 5.15, 5.25, 5.35, 5.45, 5.55, 5.65, 5.75, 5.85, 5.95, 6.05, 6.15, 6.25, 6.35, 6.45, 6.55, 6.65, 6.75, 6.85, 6.95, 7.05, 7.15]","[5.0, 5.0, 5.0, 6.0, 1.0, 0.7073170731707317, 0.5121951219512195, 0.43902439024390244, 0.36585365853658536, 0.2682926829268293, 0.16393442622950818, 0.18032786885245902, 0.13114754098360656, 0.08196721311475409, 0.13114754098360656, 0.04938271604938271, 0.012345679012345678, 0.04938271604938271, 0.0, 0.037037037037037035, 0.009900990099009901, 0.019801980198019802, 0.0, 0.009900990099009901, 0.009900990099009901, 0.008620689655172414, 0.008620689655172414]"
1178.0,6.327824324583745,1.1557163431251047,0.019102297123332744,"[4.55, 4.65, 4.75, 4.85, 4.95, 5.05, 5.15, 5.25, 5.35, 5.45, 5.55, 5.65, 5.75, 5.85, 5.95, 6.05, 6.15, 6.25, 6.35, 6.45, 6.55, 6.65, 6.75, 6.85, 6.95, 7.05, 7.15]","[5.0, 5.0, 5.0, 6.0, 1.0, 0.7073170731707317, 0.5121951219512195, 0.43902439024390244, 0.36585365853658536, 0.2682926829268293, 0.16393442622950818, 0.18032786885245902, 0.13114754098360656, 0.08196721311475409, 0.13114754098360656, 0.04938271604938271, 0.012345679012345678, 0.04938271604938271, 0.0, 0.037037037037037035, 0.008620689655172414, 0.02586206896551724, 0.008620689655172414, 0.008620689655172414, 0.017241379310344827, 0.008620689655172414, 0.008620689655172414]"
1179.0,6.581382801198827,1.2069744314055424,0.016675558084770982,"[4.55, 4.65, 4.75, 4.85, 4.95, 5.05, 5.15, 5.25, 5.35, 5.45, 5.55, 5.65, 5.75, 5.85, 5.95, 6.05, 6.15, 6.25, 6.35, 6.45, 6.55, 6.65, 6.75, 6.85, 6.95]","[5.0, 5.0, 5.0, 6.0, 1.0, 0.7073170731707317, 0.5121951219512195, 0.43902439024390244, 0.36585365853658536, 0.2682926829268293, 0.16393442622950818, 0.18032786885245902, 0.13114754098360656, 0.08196721311475409, 0.13114754098360656, 0.0594059405940594, 0.019801980198019802, 0.04950495049504951, 0.0, 0.039603960396039604, 0.009900990099009901, 0.019801980198019802, 0.0, 0.009900990099009901, 0.009900990099009901]"
1180.0,6.4503053180117345,1.1803686755476281,0.016033378030077983,"[4.55, 4.65, 4.75, 4.85, 4.95, 5.05, 5.15, 5.25, 5.35, 5.45, 5.55, 5.65, 5.75, 5.85, 5.95, 6.05, 6.15, 6.25, 6.35, 6.45, 6.55, 6.65, 6.75, 6.85, 6.95, 7.05, 7.15]","[5.0, 5.0, 5.0, 6.0, 1.0, 0.7073170731707317, 0.5121951219512195, 0.43902439024390244, 0.36585365853658536, 0.2682926829268293, 0.16393442622950818, 0.18032786885245902, 0.13114754098360656, 0.08196721311475409, 0.13114754098360656, 0.0594059405940594, 0.019801980198019802, 0.04950495049504951, 0.0, 0.039603960396039604, 0.009900990099009901, 0.019801980198019802, 0.0, 0.009900990099009901, 0.009900990099009901, 0.008620689655172414, 0.008620689655172414]"
1181.0,6.276826267098917,1.1450176162081112,0.019035237009665477,"[4.55, 4.65, 4.75, 4.85, 4.95, 5.05, 5.15, 5.25, 5.35, 5.45, 5.55, 5.65, 5.75, 5.85, 5.95, 6.05, 6.15, 6.25, 6.35, 6.45, 6.55, 6.65, 6.75, 6.85, 6.95, 7.05, 7.15]","[5.0, 5.0, 5.0, 6.0, 1.0, 0.7073170731707317, 0.5121951219512195, 0.43902439024390244, 0.36585365853658536, 0.2682926829268293, 0.16393442622950818, 0.18032786885245902, 0.13114754098360656, 0.08196721311475409, 0.13114754098360656, 0.0594059405940594, 0.019801980198019802, 0.04950495049504951, 0.0, 0.039603960396039604, 0.008620689655172414, 0.02586206896551724, 0.008620689655172414, 0.008620689655172414, 0.017241379310344827, 0.008620689655172414, 0.008620689655172414]"
1182.0,6.162478475709122,1.121065959038236,0.02918850363707737,"[4.55, 4.65, 4.75, 4.85, 4.95, 5.05, 5.15, 5.25, 5.35, 5.45, 5.55, 5.65, 5.75, 5.85, 5.95, 6.05, 6.15, 6.25, 6.35, 6.45, 6.55, 6.65, 6.75, 6.85, 6.95, 7.05, 7.15]","[5.0, 5.0, 5.0, 6.0, 1.0, 0.7073170731707317, 0.5121951219512195, 0.43902439024390244, 0.36585365853658536, 0.2682926829268293, 0.16393442622950818, 0.18032786885245902, 0.13114754098360656, 0.08196721311475409, 0.13114754098360656, 0.06896551724137931, 0.02586206896551724, 0.05172413793103448, 0.017241379310344827, 0.034482758620689655, 0.008620689655172414, 0.02586206896551724, 0.008620689655172414, 0.008620689655172414, 0.017241379310344827, 0.008620689655172414, 0.008620689655172414]"
1183.0,6.835898099051717,1.259784466898466,0.027593089709804845,"[4.55, 4.65, 4.75, 4.85, 4.95, 5.05, 5.15, 5.25, 5.35, 5.45, 5.55, 5.65, 5.75, 5.85, 5.95, 6.05, 6.15, 6.25, 6.35, 6.45, 6.55, 6.65, 6.75, 6.85, 6.95]","[5.0, 5.0, 5.0, 6.0, 1.0, 0.7073170731707317, 0.5121951219512195, 0.43902439024390244, 0.36585365853658536, 0.2682926829268293, 0.1728395061728395, 0.18518518518518517, 0.1111111111111111, 0.08641975308641975, 0.09876543209876543, 0.04938271604938271, 0.012345679012345678, 0.04938271604938271, 0.0, 0.037037037037037035, 0.0, 0.012345679012345678, 0.0, 0.012345679012345678, 0.012345679012345678]"
1184.0,6.835898099051717,1.259784466898466,0.017529888435785332,"[4.55, 4.65, 4.75, 4.85, 4.95, 5.05, 5.15, 5.25, 5.35, 5.45, 5.55, 5.65, 5.75, 5.85, 5.95, 6.05, 6.15, 6.25, 6.35, 6.45, 6.55, 6.65, 6.75, 6.85, 6.95]","[5.0, 5.0, 5.0, 6.0, 1.0, 0.7073170731707317, 0.5121951219512195, 0.43902439024390244, 0.36585365853658536, 0.2682926829268293, 0.1728395061728395, 0.18518518518518517, 0.1111111111111111, 0.08641975308641975, 0.09876543209876543, 0.04938271604938271, 0.012345679012345678, 0.04938271604938271, 0.0, 0.037037037037037035, 0.0, 0.012345679012345678, 0.0, 0.012345679012345678, 0.012345679012345678]"
1185.0,6.667796999281784,1.2257675399670374,0.026268708719887998,"[4.55, 4.65, 4.75, 4.85, 4.95, 5.05, 5.15, 5.25, 5.35, 5.45, 5.55, 5.65, 5.75, 5.85, 5.95, 6.05, 6.15, 6.25, 6.35, 6.45, 6.55, 6.65, 6.75, 6.85, 6.95, 7.05, 7.15]","[5.0, 5.0, 5.0, 6.0, 1.0, 0.7073170731707317, 0.5121951219512195, 0.43902439024390244, 0.36585365853658536, 0.2682926829268293, 0.1728395061728395, 0.18518518518518517, 0.1111111111111111, 0.08641975308641975, 0.09876543209876543, 0.04938271604938271, 0.012345679012345678, 0.04938271604938271, 0.0, 0.037037037037037035, 0.0, 0.012345679012345678, 0.0, 0.012345679012345678, 0.012345679012345678, 0.008620689655172414, 0.008620689655172414]"
1186.0,6.732298113211248,1.2386430546158218,0.016639804933726472,"[4.55, 4.65, 4.75, 4.85, 4.95, 5.05, 5.15, 5.25, 5.35, 5.45, 5.55, 5.65, 5.75, 5.85, 5.95, 6.05, 6.15, 6.25, 6.35, 6.45, 6.55, 6.65, 6.75, 6.85, 6.95]","[5.0, 5.0, 5.0, 6.0, 1.0, 0.7073170731707317, 0.5121951219512195, 0.43902439024390244, 0.36585365853658536, 0.2682926829268293, 0.1728395061728395, 0.18518518518518517, 0.1111111111111111, 0.08641975308641975, 0.09876543209876543, 0.04938271604938271, 0.012345679012345678, 0.04938271604938271, 0.0, 0.037037037037037035, 0.009900990099009901, 0.019801980198019802, 0.0, 0.009900990099009901, 0.009900990099009901]"
1187.0,6.5808548306102574,1.2080007951022473,0.016777651551668177,"[4.55, 4.65, 4.75, 4.85, 4.95, 5.05, 5.15, 5.25, 5.35, 5.45, 5.55, 5.65, 5.75, 5.85, 5.95, 6.05, 6.15, 6.25, 6.35, 6.45, 6.55, 6.65, 6.75, 6.85, 6.95, 7.05, 7.15]","[5.0, 5.0, 5.0, 6.0, 1.0, 0.7073170731707317, 0.5121951219512195, 0.43902439024390244, 0.36585365853658536, 0.2682926829268293, 0.1728395061728395, 0.18518518518518517, 0.1111111111111111, 0.08641975308641975, 0.09876543209876543, 0.04938271604938271, 0.012345679012345678, 0.04938271604938271, 0.0, 0.037037037037037035, 0.009900990099009901, 0.019801980198019802, 0.0, 0.009900990099009901, 0.009900990099009901, 0.008620689655172414, 0.008620689655172414]"
1188.0,6.387991680352326,1.168830355326715,0.0314921711601488,"[4.55, 4.65, 4.75, 4.85, 4.95, 5.05, 5.15, 5.25, 5.35, 5.45, 5.55, 5.65, 5.75, 5.85, 5.95, 6.05, 6.15, 6.25, 6.35, 6.45, 6.55, 6.65, 6.75, 6.85, 6.95, 7.05, 7.15]","[5.0, 5.0, 5.0, 6.0, 1.0, 0.7073170731707317, 0.5121951219512195, 0.43902439024390244, 0.36585365853658536, 0.2682926829268293, 0.1728395061728395, 0.18518518518518517, 0.1111111111111111, 0.08641975308641975, 0.09876543209876543, 0.04938271604938271, 0.012345679012345678, 0.04938271604938271, 0.0, 0.037037037037037035, 0.008620689655172414, 0.02586206896551724, 0.008620689655172414, 0.008620689655172414, 0.017241379310344827, 0.008620689655172414, 0.008620689655172414]"
1189.0,6.639813262914329,1.2194866870232821,0.016801830537758272,"[4.55, 4.65, 4.75, 4.85, 4.95, 5.05, 5.15, 5.25, 5.35, 5.45, 5.55, 5.65, 5.75, 5.85, 5.95, 6.05, 6.15, 6.25, 6.35, 6.45, 6.55, 6.65, 6.75, 6.85, 6.95]","[5.0, 5.0, 5.0, 6.0, 1.0, 0.7073170731707317, 0.5121951219512195, 0.43902439024390244, 0.36585365853658536, 0.2682926829268293, 0.1728395061728395, 0.18518518518518517, 0.1111111111111111, 0.08641975308641975, 0.09876543209876543, 0.0594059405940594, 0.019801980198019802, 0.04950495049504951, 0.0, 0.039603960396039604, 0.009900990099009901, 0.019801980198019802, 0.0, 0.009900990099009901, 0.009900990099009901]"
1190.0,6.506648740336443,1.192580505828291,0.01659941015160165,"[4.55, 4.65, 4.75, 4.85, 4.95, 5.05, 5.15, 5.25, 5.35, 5.45, 5.55, 5.65, 5.75, 5.85, 5.95, 6.05, 6.15, 6.25, 6.35, 6.45, 6.55, 6.65, 6.75, 6.85, 6.95, 7.05, 7.15]","[5.0, 5.0, 5.0, 6.0, 1.0, 0.7073170731707317, 0.5121951219512195, 0.43902439024390244, 0.36585365853658536, 0.2682926829268293, 0.1728395061728395, 0.18518518518518517, 0.1111111111111111, 0.08641975308641975, 0.09876543209876543, 0.0594059405940594, 0.019801980198019802, 0.04950495049504951, 0.0, 0.039603960396039604, 0.009900990099009901, 0.019801980198019802, 0.0, 0.009900990099009901, 0.009900990099009901, 0.008620689655172414, 0.008620689655172414]"
1191.0,6.332257793120665,1.1572097049860712,0.019430887246818507,"[4.55, 4.65, 4.75, 4.85, 4.95, 5.05, 5.15, 5.25, 5.35, 5.45, 5.55, 5.65, 5.75, 5.85, 5.95, 6.05, 6.15, 6.25, 6.35, 6.45, 6.55, 6.65, 6.75, 6.85, 6.95, 7.05, 7.15]","[5.0, 5.0, 5.0, 6.0, 1.0, 0.7073170731707317, 0.5121951219512195, 0.43902439024390244, 0.36585365853658536, 0.2682926829268293, 0.1728395061728395, 0.18518518518518517, 0.1111111111111111, 0.08641975308641975, 0.09876543209876543, 0.0594059405940594, 0.019801980198019802, 0.04950495049504951, 0.0, 0.039603960396039604, 0.008620689655172414, 0.02586206896551724, 0.008620689655172414, 0.008620689655172414, 0.017241379310344827, 0.008620689655172414, 0.008620689655172414]"
1192.0,6.214897655042433,1.1327710287170802,0.031231855633240903,"[4.55, 4.65, 4.75, 4.85, 4.95, 5.05, 5.15, 5.25, 5.35, 5.45, 5.55, 5.65, 5.75, 5.85, 5.95, 6.05, 6.15, 6.25, 6.35, 6.45, 6.55, 6.65, 6.75, 6.85, 6.95, 7.05, 7.15]","[5.0, 5.0, 5.0, 6.0, 1.0, 0.7073170731707317, 0.5121951219512195, 0.43902439024390244, 0.36585365853658536, 0.2682926829268293, 0.1728395061728395, 0.18518518518518517, 0.1111111111111111, 0.08641975308641975, 0.09876543209876543, 0.06896551724137931, 0.02586206896551724, 0.05172413793103448, 0.017241379310344827, 0.034482758620689655, 0.008620689655172414, 0.02586206896551724, 0.008620689655172414, 0.008620689655172414, 0.017241379310344827, 0.008620689655172414, 0.008620689655172414]"
1193.0,6.5038728950631794,1.1902355900943449,0.028256202996692868,"[4.55, 4.65, 4.75, 4.85, 4.95, 5.05, 5.15, 5.25, 5.35, 5.45, 5.55, 5.65, 5.75, 5.85, 5.95, 6.05, 6.15, 6.25, 6.35, 6.45, 6.55, 6.65, 6.75, 6.85, 6.95]","[5.0, 5.0, 5.0, 6.0, 1.0, 0.7073170731707317, 0.5121951219512195, 0.43902439024390244, 0.36585365853658536, 0.2682926829268293, 0.1782178217821782, 0.19801980198019803, 0.09900990099009901, 0.12871287128712872, 0.10891089108910891, 0.0594059405940594, 0.019801980198019802, 0.04950495049504951, 0.0, 0.039603960396039604, 0.009900990099009901, 0.019801980198019802, 0.0, 0.009900990099009901, 0.009900990099009901]"
1194.0,6.390952051041759,1.1675027710832846,0.025906717589716324,"[4.55, 4.65, 4.75, 4.85, 4.95, 5.05, 5.15, 5.25, 5.35, 5.45, 5.55, 5.65, 5.75, 5.85, 5.95, 6.05, 6.15, 6.25, 6.35, 6.45, 6.55, 6.65, 6.75, 6.85, 6.95, 7.05, 7.15]","[5.0, 5.0, 5.0, 6.0, 1.0, 0.7073170731707317, 0.5121951219512195, 0.43902439024390244, 0.36585365853658536, 0.2682926829268293, 0.1782178217821782, 0.19801980198019803, 0.09900990099009901, 0.12871287128712872, 0.10891089108910891, 0.0594059405940594, 0.019801980198019802, 0.04950495049504951, 0.0, 0.039603960396039604, 0.009900990099009901, 0.019801980198019802, 0.0, 0.009900990099009901, 0.009900990099009901, 0.008620689655172414, 0.008620689655172414]"
1195.0,6.235189874680721,1.1360383421946971,0.029635804664688792,"[4.55, 4.65, 4.75, 4.85, 4.95, 5.05, 5.15, 5.25, 5.35, 5.45, 5.55, 5.65, 5.75, 5.85, 5.95, 6.05, 6.15, 6.25, 6.35, 6.45, 6.55, 6.65, 6.75, 6.85, 6.95, 7.05, 7.15]","[5.0, 5.0, 5.0, 6.0, 1.0, 0.7073170731707317, 0.5121951219512195, 0.43902439024390244, 0.36585365853658536, 0.2682926829268293, 0.1782178217821782, 0.19801980198019803, 0.09900990099009901, 0.12871287128712872, 0.10891089108910891, 0.0594059405940594, 0.019801980198019802, 0.04950495049504951, 0.0, 0.039603960396039604, 0.008620689655172414, 0.02586206896551724, 0.008620689655172414, 0.008620689655172414, 0.017241379310344827, 0.008620689655172414, 0.008620689655172414]"
1196.0,6.133544216582764,1.1149440065899536,0.02769221982393516,"[4.55, 4.65, 4.75, 4.85, 4.95, 5.05, 5.15, 5.25, 5.35, 5.45, 5.55, 5.65, 5.75, 5.85, 5.95, 6.05, 6.15, 6.25, 6.35, 6.45, 6.55, 6.65, 6.75, 6.85, 6.95, 7.05, 7.15]","[5.0, 5.0, 5.0, 6.0, 1.0, 0.7073170731707317, 0.5121951219512195, 0.43902439024390244, 0.36585365853658536, 0.2682926829268293, 0.1782178217821782, 0.19801980198019803, 0.09900990099009901, 0.12871287128712872, 0.10891089108910891, 0.06896551724137931, 0.02586206896551724, 0.05172413793103448, 0.017241379310344827, 0.034482758620689655, 0.008620689655172414, 0.02586206896551724, 0.008620689655172414, 0.008620689655172414, 0.017241379310344827, 0.008620689655172414, 0.008620689655172414]"
1197.0,6.05327791636395,1.09636562677945,0.05275445072879583,"[4.55, 4.65, 4.75, 4.85, 4.95, 5.05, 5.15, 5.25, 5.35, 5.45, 5.55, 5.65, 5.75, 5.85, 5.95, 6.05, 6.15, 6.25, 6.35, 6.45, 6.55, 6.65, 6.75, 6.85, 6.95, 7.05, 7.15]","[5.0, 5.0, 5.0, 6.0, 1.0, 0.7073170731707317, 0.5121951219512195, 0.43902439024390244, 0.36585365853658536, 0.2682926829268293, 0.19827586206896552, 0.20689655172413793, 0.1206896551724138, 0.12931034482758622, 0.12931034482758622, 0.06896551724137931, 0.02586206896551724, 0.05172413793103448, 0.017241379310344827, 0.034482758620689655, 0.008620689655172414, 0.02586206896551724, 0.008620689655172414, 0.008620689655172414, 0.017241379310344827, 0.008620689655172414, 0.008620689655172414]"
1198.0,6.566467208683377,1.2054213321178322,0.05971056596101477,"[4.55, 4.65, 4.75, 4.85, 4.95, 5.05, 5.15, 5.25, 5.35, 5.45, 5.55, 5.65, 5.75, 5.85, 5.95, 6.05, 6.15, 6.25, 6.35, 6.45, 6.55, 6.65, 6.75, 6.85, 6.95]","[5.0, 5.0, 5.0, 6.0, 1.0, 0.8032786885245902, 0.45901639344262296, 0.4426229508196721, 0.4262295081967213, 0.21311475409836064, 0.16393442622950818, 0.18032786885245902, 0.13114754098360656, 0.08196721311475409, 0.13114754098360656, 0.06557377049180328, 0.01639344262295082, 0.04918032786885246, 0.0, 0.04918032786885246, 0.0, 0.01639344262295082, 0.0, 0.01639344262295082, 0.01639344262295082]"
1199.0,6.566467208683377,1.2054213321178322,0.031376536282256236,"[4.55, 4.65, 4.75, 4.85, 4.95, 5.05, 5.15, 5.25, 5.35, 5.45, 5.55, 5.65, 5.75, 5.85, 5.95, 6.05, 6.15, 6.25, 6.35, 6.45, 6.55, 6.65, 6.75, 6.85, 6.95]","[5.0, 5.0, 5.0, 6.0, 1.0, 0.8032786885245902, 0.45901639344262296, 0.4426229508196721, 0.4262295081967213, 0.21311475409836064, 0.16393442622950818, 0.18032786885245902, 0.13114754098360656, 0.08196721311475409, 0.13114754098360656, 0.06557377049180328, 0.01639344262295082, 0.04918032786885246, 0.0, 0.04918032786885246, 0.0, 0.01639344262295082, 0.0, 0.01639344262295082, 0.01639344262295082]"
1200.0,6.566467208683377,1.2054213321178322,0.031376536282256236,"[4.55, 4.65, 4.75, 4.85, 4.95, 5.05, 5.15, 5.25, 5.35, 5.45, 5.55, 5.65, 5.75, 5.85, 5.95, 6.05, 6.15, 6.25, 6.35, 6.45, 6.55, 6.65, 6.75, 6.85, 6.95]","[5.0, 5.0, 5.0, 6.0, 1.0, 0.8032786885245902, 0.45901639344262296, 0.4426229508196721, 0.4262295081967213, 0.21311475409836064, 0.16393442622950818, 0.18032786885245902, 0.13114754098360656, 0.08196721311475409, 0.13114754098360656, 0.06557377049180328, 0.01639344262295082, 0.04918032786885246, 0.0, 0.04918032786885246, 0.0, 0.01639344262295082, 0.0, 0.01639344262295082, 0.01639344262295082]"
1201.0,6.40555965824897,1.1724743423773287,0.05606593048884015,"[4.55, 4.65, 4.75, 4.85, 4.95, 5.05, 5.15, 5.25, 5.35, 5.45, 5.55, 5.65, 5.75, 5.85, 5.95, 6.05, 6.15, 6.25, 6.35, 6.45, 6.55, 6.65, 6.75, 6.85, 6.95, 7.05, 7.15]","[5.0, 5.0, 5.0, 6.0, 1.0, 0.8032786885245902, 0.45901639344262296, 0.4426229508196721, 0.4262295081967213, 0.21311475409836064, 0.16393442622950818, 0.18032786885245902, 0.13114754098360656, 0.08196721311475409, 0.13114754098360656, 0.06557377049180328, 0.01639344262295082, 0.04918032786885246, 0.0, 0.04918032786885246, 0.0, 0.01639344262295082, 0.0, 0.01639344262295082, 0.01639344262295082, 0.008620689655172414, 0.008620689655172414]"
1202.0,6.645742775223802,1.2216968020193975,0.029171021321284022,"[4.55, 4.65, 4.75, 4.85, 4.95, 5.05, 5.15, 5.25, 5.35, 5.45, 5.55, 5.65, 5.75, 5.85, 5.95, 6.05, 6.15, 6.25, 6.35, 6.45, 6.55, 6.65, 6.75, 6.85, 6.95]","[5.0, 5.0, 5.0, 6.0, 1.0, 0.8032786885245902, 0.45901639344262296, 0.4426229508196721, 0.4262295081967213, 0.21311475409836064, 0.16393442622950818, 0.18032786885245902, 0.13114754098360656, 0.08196721311475409, 0.13114754098360656, 0.06557377049180328, 0.01639344262295082, 0.04918032786885246, 0.0, 0.04918032786885246, 0.0, 0.012345679012345678, 0.0, 0.012345679012345678, 0.012345679012345678]"
1203.0,6.645742775223802,1.2216968020193975,0.01839994636825023,"[4.55, 4.65, 4.75, 4.85, 4.95, 5.05, 5.15, 5.25, 5.35, 5.45, 5.55, 5.65, 5.75, 5.85, 5.95, 6.05, 6.15, 6.25, 6.35, 6.45, 6.55, 6.65, 6.75, 6.85, 6.95]","[5.0, 5.0, 5.0, 6.0, 1.0, 0.8032786885245902, 0.45901639344262296, 0.4426229508196721, 0.4262295081967213, 0.21311475409836064, 0.16393442622950818, 0.18032786885245902, 0.13114754098360656, 0.08196721311475409, 0.13114754098360656, 0.06557377049180328, 0.01639344262295082, 0.04918032786885246, 0.0, 0.04918032786885246, 0.0, 0.012345679012345678, 0.0, 0.012345679012345678, 0.012345679012345678]"
1204.0,6.483593268231788,1.1885152753341208,0.029440009757343285,"[4.55, 4.65, 4.75, 4.85, 4.95, 5.05, 5.15, 5.25, 5.35, 5.45, 5.55, 5.65, 5.75, 5.85, 5.95, 6.05, 6.15, 6.25, 6.35, 6.45, 6.55, 6.65, 6.75, 6.85, 6.95, 7.05, 7.15]","[5.0, 5.0, 5.0, 6.0, 1.0, 0.8032786885245902, 0.45901639344262296, 0.4426229508196721, 0.4262295081967213, 0.21311475409836064, 0.16393442622950818, 0.18032786885245902, 0.13114754098360656, 0.08196721311475409, 0.13114754098360656, 0.06557377049180328, 0.01639344262295082, 0.04918032786885246, 0.0, 0.04918032786885246, 0.0, 0.012345679012345678, 0.0, 0.012345679012345678, 0.012345679012345678, 0.008620689655172414, 0.008620689655172414]"
1205.0,6.544760157547682,1.2009072373864933,0.029191879223058194,"[4.55, 4.65, 4.75, 4.85, 4.95, 5.05, 5.15, 5.25, 5.35, 5.45, 5.55, 5.65, 5.75, 5.85, 5.95, 6.05, 6.15, 6.25, 6.35, 6.45, 6.55, 6.65, 6.75, 6.85, 6.95]","[5.0, 5.0, 5.0, 6.0, 1.0, 0.8032786885245902, 0.45901639344262296, 0.4426229508196721, 0.4262295081967213, 0.21311475409836064, 0.16393442622950818, 0.18032786885245902, 0.13114754098360656, 0.08196721311475409, 0.13114754098360656, 0.06557377049180328, 0.01639344262295082, 0.04918032786885246, 0.0, 0.04918032786885246, 0.009900990099009901, 0.019801980198019802, 0.0, 0.009900990099009901, 0.009900990099009901]"
1206.0,6.401803065016275,1.1716443817626792,0.029371541601953963,"[4.55, 4.65, 4.75, 4.85, 4.95, 5.05, 5.15, 5.25, 5.35, 5.45, 5.55, 5.65, 5.75, 5.85, 5.95, 6.05, 6.15, 6.25, 6.35, 6.45, 6.55, 6.65, 6.75, 6.85, 6.95, 7.05, 7.15]","[5.0, 5.0, 5.0, 6.0, 1.0, 0.8032786885245902, 0.45901639344262296, 0.4426229508196721, 0.4262295081967213, 0.21311475409836064, 0.16393442622950818, 0.18032786885245902, 0.13114754098360656, 0.08196721311475409, 0.13114754098360656, 0.06557377049180328, 0.01639344262295082, 0.04918032786885246, 0.0, 0.04918032786885246, 0.009900990099009901, 0.019801980198019802, 0.0, 0.009900990099009901, 0.009900990099009901, 0.008620689655172414, 0.008620689655172414]"
1207.0,6.213342061146645,1.1329492385321898,0.059774445387882263,"[4.55, 4.65, 4.75, 4.85, 4.95, 5.05, 5.15, 5.25, 5.35, 5.45, 5.55, 5.65, 5.75, 5.85, 5.95, 6.05, 6.15, 6.25, 6.35, 6.45, 6.55, 6.65, 6.75, 6.85, 6.95, 7.05, 7.15]","[5.0, 5.0, 5.0, 6.0, 1.0, 0.8032786885245902, 0.45901639344262296, 0.4426229508196721, 0.4262295081967213, 0.21311475409836064, 0.16393442622950818, 0.18032786885245902, 0.13114754098360656, 0.08196721311475409, 0.13114754098360656, 0.06557377049180328, 0.01639344262295082, 0.04918032786885246, 0.0, 0.04918032786885246, 0.008620689655172414, 0.02586206896551724, 0.008620689655172414, 0.008620689655172414, 0.017241379310344827, 0.008620689655172414, 0.008620689655172414]"
1208.0,6.765481251952148,1.2465732723529281,0.02648680843676675,"[4.55, 4.65, 4.75, 4.85, 4.95, 5.05, 5.15, 5.25, 5.35, 5.45, 5.55, 5.65, 5.75, 5.85, 5.95, 6.05, 6.15, 6.25, 6.35, 6.45, 6.55, 6.65, 6.75, 6.85, 6.95]","[5.0, 5.0, 5.0, 6.0, 1.0, 0.8032786885245902, 0.45901639344262296, 0.4426229508196721, 0.4262295081967213, 0.21311475409836064, 0.16393442622950818, 0.18032786885245902, 0.13114754098360656, 0.08196721311475409, 0.13114754098360656, 0.04938271604938271, 0.012345679012345678, 0.04938271604938271, 0.0, 0.037037037037037035, 0.0, 0.012345679012345678, 0.0, 0.012345679012345678, 0.012345679012345678]"
1209.0,6.765481251952148,1.2465732723529281,0.016873452548097842,"[4.55, 4.65, 4.75, 4.85, 4.95, 5.05, 5.15, 5.25, 5.35, 5.45, 5.55, 5.65, 5.75, 5.85, 5.95, 6.05, 6.15, 6.25, 6.35, 6.45, 6.55, 6.65, 6.75, 6.85, 6.95]","[5.0, 5.0, 5.0, 6.0, 1.0, 0.8032786885245902, 0.45901639344262296, 0.4426229508196721, 0.4262295081967213, 0.21311475409836064, 0.16393442622950818, 0.18032786885245902, 0.13114754098360656, 0.08196721311475409, 0.13114754098360656, 0.04938271604938271, 0.012345679012345678, 0.04938271604938271, 0.0, 0.037037037037037035, 0.0, 0.012345679012345678, 0.0, 0.012345679012345678, 0.012345679012345678]"
1210.0,6.601386508149284,1.213054526217022,0.02781821594551608,"[4.55, 4.65, 4.75, 4.85, 4.95, 5.05, 5.15, 5.25, 5.35, 5.45, 5.55, 5.65, 5.75, 5.85, 5.95, 6.05, 6.15, 6.25, 6.35, 6.45, 6.55, 6.65, 6.75, 6.85, 6.95, 7.05, 7.15]","[5.0, 5.0, 5.0, 6.0, 1.0, 0.8032786885245902, 0.45901639344262296, 0.4426229508196721, 0.4262295081967213, 0.21311475409836064, 0.16393442622950818, 0.18032786885245902, 0.13114754098360656, 0.08196721311475409, 0.13114754098360656, 0.04938271604938271, 0.012345679012345678, 0.04938271604938271, 0.0, 0.037037037037037035, 0.0, 0.012345679012345678, 0.0, 0.012345679012345678, 0.012345679012345678, 0.008620689655172414, 0.008620689655172414]"
1211.0,6.662561712914345,1.2254168175761682,0.017117502253879986,"[4.55, 4.65, 4.75, 4.85, 4.95, 5.05, 5.15, 5.25, 5.35, 5.45, 5.55, 5.65, 5.75, 5.85, 5.95, 6.05, 6.15, 6.25, 6.35, 6.45, 6.55, 6.65, 6.75, 6.85, 6.95]","[5.0, 5.0, 5.0, 6.0, 1.0, 0.8032786885245902, 0.45901639344262296, 0.4426229508196721, 0.4262295081967213, 0.21311475409836064, 0.16393442622950818, 0.18032786885245902, 0.13114754098360656, 0.08196721311475409, 0.13114754098360656, 0.04938271604938271, 0.012345679012345678, 0.04938271604938271, 0.0, 0.037037037037037035, 0.009900990099009901, 0.019801980198019802, 0.0, 0.009900990099009901, 0.009900990099009901]"
1212.0,6.516259683315261,1.1955263189879086,0.017778385662067582,"[4.55, 4.65, 4.75, 4.85, 4.95, 5.05, 5.15, 5.25, 5.35, 5.45, 5.55, 5.65, 5.75, 5.85, 5.95, 6.05, 6.15, 6.25, 6.35, 6.45, 6.55, 6.65, 6.75, 6.85, 6.95, 7.05, 7.15]","[5.0, 5.0, 5.0, 6.0, 1.0, 0.8032786885245902, 0.45901639344262296, 0.4426229508196721, 0.4262295081967213, 0.21311475409836064, 0.16393442622950818, 0.18032786885245902, 0.13114754098360656, 0.08196721311475409, 0.13114754098360656, 0.04938271604938271, 0.012345679012345678, 0.04938271604938271, 0.0, 0.037037037037037035, 0.009900990099009901, 0.019801980198019802, 0.0, 0.009900990099009901, 0.009900990099009901, 0.008620689655172414, 0.008620689655172414]"
1213.0,6.328141828139586,1.1569684160332845,0.032088480510313586,"[4.55, 4.65, 4.75, 4.85, 4.95, 5.05, 5.15, 5.25, 5.35, 5.45, 5.55, 5.65, 5.75, 5.85, 5.95, 6.05, 6.15, 6.25, 6.35, 6.45, 6.55, 6.65, 6.75, 6.85, 6.95, 7.05, 7.15]","[5.0, 5.0, 5.0, 6.0, 1.0, 0.8032786885245902, 0.45901639344262296, 0.4426229508196721, 0.4262295081967213, 0.21311475409836064, 0.16393442622950818, 0.18032786885245902, 0.13114754098360656, 0.08196721311475409, 0.13114754098360656, 0.04938271604938271, 0.012345679012345678, 0.04938271604938271, 0.0, 0.037037037037037035, 0.008620689655172414, 0.02586206896551724, 0.008620689655172414, 0.008620689655172414, 0.017241379310344827, 0.008620689655172414, 0.008620689655172414]"
1214.0,6.5700452944109085,1.2061751359759807,0.027528443033174473,"[4.55, 4.65, 4.75, 4.85, 4.95, 5.05, 5.15, 5.25, 5.35, 5.45, 5.55, 5.65, 5.75, 5.85, 5.95, 6.05, 6.15, 6.25, 6.35, 6.45, 6.55, 6.65, 6.75, 6.85, 6.95]","[5.0, 5.0, 5.0, 6.0, 1.0, 0.8032786885245902, 0.45901639344262296, 0.4426229508196721, 0.4262295081967213, 0.21311475409836064, 0.16393442622950818, 0.18032786885245902, 0.13114754098360656, 0.08196721311475409, 0.13114754098360656, 0.0594059405940594, 0.019801980198019802, 0.04950495049504951, 0.0, 0.039603960396039604, 0.009900990099009901, 0.019801980198019802, 0.0, 0.009900990099009901, 0.009900990099009901]"
1215.0,6.443074548997406,1.1802576721020055,0.027127411230036147,"[4.55, 4.65, 4.75, 4.85, 4.95, 5.05, 5.15, 5.25, 5.35, 5.45, 5.55, 5.65, 5.75, 5.85, 5.95, 6.05, 6.15, 6.25, 6.35, 6.45, 6.55, 6.65, 6.75, 6.85, 6.95, 7.05, 7.15]","[5.0, 5.0, 5.0, 6.0, 1.0, 0.8032786885245902, 0.45901639344262296, 0.4426229508196721, 0.4262295081967213, 0.21311475409836064, 0.16393442622950818, 0.18032786885245902, 0.13114754098360656, 0.08196721311475409, 0.13114754098360656, 0.0594059405940594, 0.019801980198019802, 0.04950495049504951, 0.0, 0.039603960396039604, 0.009900990099009901, 0.019801980198019802, 0.0, 0.009900990099009901, 0.009900990099009901, 0.008620689655172414, 0.008620689655172414]"
1216.0,6.274437360271109,1.145726531162624,0.031635383344567974,"[4.55, 4.65, 4.75, 4.85, 4.95, 5.05, 5.15, 5.25, 5.35, 5.45, 5.55, 5.65, 5.75, 5.85, 5.95, 6.05, 6.15, 6.25, 6.35, 6.45, 6.55, 6.65, 6.75, 6.85, 6.95, 7.05, 7.15]","[5.0, 5.0, 5.0, 6.0, 1.0, 0.8032786885245902, 0.45901639344262296, 0.4426229508196721, 0.4262295081967213, 0.21311475409836064, 0.16393442622950818, 0.18032786885245902, 0.13114754098360656, 0.08196721311475409, 0.13114754098360656, 0.0594059405940594, 0.019801980198019802, 0.04950495049504951, 0.0, 0.039603960396039604, 0.008620689655172414, 0.02586206896551724, 0.008620689655172414, 0.008620689655172414, 0.017241379310344827, 0.008620689655172414, 0.008620689655172414]"
1217.0,6.157994244124332,1.121369823547725,0.05615301616819113,"[4.55, 4.65, 4.75, 4.85, 4.95, 5.05, 5.15, 5.25, 5.35, 5.45, 5.55, 5.65, 5.75, 5.85, 5.95, 6.05, 6.15, 6.25, 6.35, 6.45, 6.55, 6.65, 6.75, 6.85, 6.95, 7.05, 7.15]","[5.0, 5.0, 5.0, 6.0, 1.0, 0.8032786885245902, 0.45901639344262296, 0.4426229508196721, 0.4262295081967213, 0.21311475409836064, 0.16393442622950818, 0.18032786885245902, 0.13114754098360656, 0.08196721311475409, 0.13114754098360656, 0.06896551724137931, 0.02586206896551724, 0.05172413793103448, 0.017241379310344827, 0.034482758620689655, 0.008620689655172414, 0.02586206896551724, 0.008620689655172414, 0.008620689655172414, 0.017241379310344827, 0.008620689655172414, 0.008620689655172414]"
1218.0,6.821846458378526,1.2583624284524733,0.027917210482081855,"[4.55, 4.65, 4.75, 4.85, 4.95, 5.05, 5.15, 5.25, 5.35, 5.45, 5.55, 5.65, 5.75, 5.85, 5.95, 6.05, 6.15, 6.25, 6.35, 6.45, 6.55, 6.65, 6.75, 6.85, 6.95]","[5.0, 5.0, 5.0, 6.0, 1.0, 0.8032786885245902, 0.45901639344262296, 0.4426229508196721, 0.4262295081967213, 0.21311475409836064, 0.1728395061728395, 0.18518518518518517, 0.1111111111111111, 0.08641975308641975, 0.09876543209876543, 0.04938271604938271, 0.012345679012345678, 0.04938271604938271, 0.0, 0.037037037037037035, 0.0, 0.012345679012345678, 0.0, 0.012345679012345678, 0.012345679012345678]"
1219.0,6.821846458378526,1.2583624284524733,0.017602407703869963,"[4.55, 4.65, 4.75, 4.85, 4.95, 5.05, 5.15, 5.25, 5.35, 5.45, 5.55, 5.65, 5.75, 5.85, 5.95, 6.05, 6.15, 6.25, 6.35, 6.45, 6.55, 6.65, 6.75, 6.85, 6.95]","[5.0, 5.0, 5.0, 6.0, 1.0, 0.8032786885245902, 0.45901639344262296, 0.4426229508196721, 0.4262295081967213, 0.21311475409836064, 0.1728395061728395, 0.18518518518518517, 0.1111111111111111, 0.08641975308641975, 0.09876543209876543, 0.04938271604938271, 0.012345679012345678, 0.04938271604938271, 0.0, 0.037037037037037035, 0.0, 0.012345679012345678, 0.0, 0.012345679012345678, 0.012345679012345678]"
1220.0,6.660493610073215,1.225531889782259,0.026801702202510724,"[4.55, 4.65, 4.75, 4.85, 4.95, 5.05, 5.15, 5.25, 5.35, 5.45, 5.55, 5.65, 5.75, 5.85, 5.95, 6.05, 6.15, 6.25, 6.35, 6.45, 6.55, 6.65, 6.75, 6.85, 6.95, 7.05, 7.15]","[5.0, 5.0, 5.0, 6.0, 1.0, 0.8032786885245902, 0.45901639344262296, 0.4426229508196721, 0.4262295081967213, 0.21311475409836064, 0.1728395061728395, 0.18518518518518517, 0.1111111111111111, 0.08641975308641975, 0.09876543209876543, 0.04938271604938271, 0.012345679012345678, 0.04938271604938271, 0.0, 0.037037037037037035, 0.0, 0.012345679012345678, 0.0, 0.012345679012345678, 0.012345679012345678, 0.008620689655172414, 0.008620689655172414]"
1221.0,6.720768601006497,1.2376644647940853,0.016709307800146955,"[4.55, 4.65, 4.75, 4.85, 4.95, 5.05, 5.15, 5.25, 5.35, 5.45, 5.55, 5.65, 5.75, 5.85, 5.95, 6.05, 6.15, 6.25, 6.35, 6.45, 6.55, 6.65, 6.75, 6.85, 6.95]","[5.0, 5.0, 5.0, 6.0, 1.0, 0.8032786885245902, 0.45901639344262296, 0.4426229508196721, 0.4262295081967213, 0.21311475409836064, 0.1728395061728395, 0.18518518518518517, 0.1111111111111111, 0.08641975308641975, 0.09876543209876543, 0.04938271604938271, 0.012345679012345678, 0.04938271604938271, 0.0, 0.037037037037037035, 0.009900990099009901, 0.019801980198019802, 0.0, 0.009900990099009901, 0.009900990099009901]"
1222.0,6.575297448971958,1.2080608597746025,0.016263050122583618,"[4.55, 4.65, 4.75, 4.85, 4.95, 5.05, 5.15, 5.25, 5.35, 5.45, 5.55, 5.65, 5.75, 5.85, 5.95, 6.05, 6.15, 6.25, 6.35, 6.45, 6.55, 6.65, 6.75, 6.85, 6.95, 7.05, 7.15]","[5.0, 5.0, 5.0, 6.0, 1.0, 0.8032786885245902, 0.45901639344262296, 0.4426229508196721, 0.4262295081967213, 0.21311475409836064, 0.1728395061728395, 0.18518518518518517, 0.1111111111111111, 0.08641975308641975, 0.09876543209876543, 0.04938271604938271, 0.012345679012345678, 0.04938271604938271, 0.0, 0.037037037037037035, 0.009900990099009901, 0.019801980198019802, 0.0, 0.009900990099009901, 0.009900990099009901, 0.008620689655172414, 0.008620689655172414]"
1223.0,6.389191942137083,1.1700681780555748,0.030939505401378277,"[4.55, 4.65, 4.75, 4.85, 4.95, 5.05, 5.15, 5.25, 5.35, 5.45, 5.55, 5.65, 5.75, 5.85, 5.95, 6.05, 6.15, 6.25, 6.35, 6.45, 6.55, 6.65, 6.75, 6.85, 6.95, 7.05, 7.15]","[5.0, 5.0, 5.0, 6.0, 1.0, 0.8032786885245902, 0.45901639344262296, 0.4426229508196721, 0.4262295081967213, 0.21311475409836064, 0.1728395061728395, 0.18518518518518517, 0.1111111111111111, 0.08641975308641975, 0.09876543209876543, 0.04938271604938271, 0.012345679012345678, 0.04938271604938271, 0.0, 0.037037037037037035, 0.008620689655172414, 0.02586206896551724, 0.008620689655172414, 0.008620689655172414, 0.017241379310344827, 0.008620689655172414, 0.008620689655172414]"
1224.0,6.627222816928511,1.2182829272459577,0.016859489734027705,"[4.55, 4.65, 4.75, 4.85, 4.95, 5.05, 5.15, 5.25, 5.35, 5.45, 5.55, 5.65, 5.75, 5.85, 5.95, 6.05, 6.15, 6.25, 6.35, 6.45, 6.55, 6.65, 6.75, 6.85, 6.95]","[5.0, 5.0, 5.0, 6.0, 1.0, 0.8032786885245902, 0.45901639344262296, 0.4426229508196721, 0.4262295081967213, 0.21311475409836064, 0.1728395061728395, 0.18518518518518517, 0.1111111111111111, 0.08641975308641975, 0.09876543209876543, 0.0594059405940594, 0.019801980198019802, 0.04950495049504951, 0.0, 0.039603960396039604, 0.009900990099009901, 0.019801980198019802, 0.0, 0.009900990099009901, 0.009900990099009901]"
1225.0,6.499592433805298,1.1923321138730527,0.016338854252238248,"[4.55, 4.65, 4.75, 4.85, 4.95, 5.05, 5.15, 5.25, 5.35, 5.45, 5.55, 5.65, 5.75, 5.85, 5.95, 6.05, 6.15, 6.25, 6.35, 6.45, 6.55, 6.65, 6.75, 6.85, 6.95, 7.05, 7.15]","[5.0, 5.0, 5.0, 6.0, 1.0, 0.8032786885245902, 0.45901639344262296, 0.4426229508196721, 0.4262295081967213, 0.21311475409836064, 0.1728395061728395, 0.18518518518518517, 0.1111111111111111, 0.08641975308641975, 0.09876543209876543, 0.0594059405940594, 0.019801980198019802, 0.04950495049504951, 0.0, 0.039603960396039604, 0.009900990099009901, 0.019801980198019802, 0.0, 0.009900990099009901, 0.009900990099009901, 0.008620689655172414, 0.008620689655172414]"
1226.0,6.331646092525351,1.158077446004227,0.019137244477015307,"[4.55, 4.65, 4.75, 4.85, 4.95, 5.05, 5.15, 5.25, 5.35, 5.45, 5.55, 5.65, 5.75, 5.85, 5.95, 6.05, 6.15, 6.25, 6.35, 6.45, 6.55, 6.65, 6.75, 6.85, 6.95, 7.05, 7.15]","[5.0, 5.0, 5.0, 6.0, 1.0, 0.8032786885245902, 0.45901639344262296, 0.4426229508196721, 0.4262295081967213, 0.21311475409836064, 0.1728395061728395, 0.18518518518518517, 0.1111111111111111, 0.08641975308641975, 0.09876543209876543, 0.0594059405940594, 0.019801980198019802, 0.04950495049504951, 0.0, 0.039603960396039604, 0.008620689655172414, 0.02586206896551724, 0.008620689655172414, 0.008620689655172414, 0.017241379310344827, 0.008620689655172414, 0.008620689655172414]"
1227.0,6.2134605380823675,1.133466645807729,0.031242497230103253,"[4.55, 4.65, 4.75, 4.85, 4.95, 5.05, 5.15, 5.25, 5.35, 5.45, 5.55, 5.65, 5.75, 5.85, 5.95, 6.05, 6.15, 6.25, 6.35, 6.45, 6.55, 6.65, 6.75, 6.85, 6.95, 7.05, 7.15]","[5.0, 5.0, 5.0, 6.0, 1.0, 0.8032786885245902, 0.45901639344262296, 0.4426229508196721, 0.4262295081967213, 0.21311475409836064, 0.1728395061728395, 0.18518518518518517, 0.1111111111111111, 0.08641975308641975, 0.09876543209876543, 0.06896551724137931, 0.02586206896551724, 0.05172413793103448, 0.017241379310344827, 0.034482758620689655, 0.008620689655172414, 0.02586206896551724, 0.008620689655172414, 0.008620689655172414, 0.017241379310344827, 0.008620689655172414, 0.008620689655172414]"
1228.0,6.48206144350724,1.1873303046111152,0.028696091688691805,"[4.55, 4.65, 4.75, 4.85, 4.95, 5.05, 5.15, 5.25, 5.35, 5.45, 5.55, 5.65, 5.75, 5.85, 5.95, 6.05, 6.15, 6.25, 6.35, 6.45, 6.55, 6.65, 6.75, 6.85, 6.95]","[5.0, 5.0, 5.0, 6.0, 1.0, 0.8032786885245902, 0.45901639344262296, 0.4426229508196721, 0.4262295081967213, 0.21311475409836064, 0.1782178217821782, 0.19801980198019803, 0.09900990099009901, 0.12871287128712872, 0.10891089108910891, 0.0594059405940594, 0.019801980198019802, 0.04950495049504951, 0.0, 0.039603960396039604, 0.009900990099009901, 0.019801980198019802, 0.0, 0.009900990099009901, 0.009900990099009901]"
1229.0,6.374961868955045,1.1656118545157634,0.02634960370978188,"[4.55, 4.65, 4.75, 4.85, 4.95, 5.05, 5.15, 5.25, 5.35, 5.45, 5.55, 5.65, 5.75, 5.85, 5.95, 6.05, 6.15, 6.25, 6.35, 6.45, 6.55, 6.65, 6.75, 6.85, 6.95, 7.05, 7.15]","[5.0, 5.0, 5.0, 6.0, 1.0, 0.8032786885245902, 0.45901639344262296, 0.4426229508196721, 0.4262295081967213, 0.21311475409836064, 0.1782178217821782, 0.19801980198019803, 0.09900990099009901, 0.12871287128712872, 0.10891089108910891, 0.0594059405940594, 0.019801980198019802, 0.04950495049504951, 0.0, 0.039603960396039604, 0.009900990099009901, 0.019801980198019802, 0.0, 0.009900990099009901, 0.009900990099009901, 0.008620689655172414, 0.008620689655172414]"
1230.0,6.226283171118129,1.1353808528943252,0.02883814573003627,"[4.55, 4.65, 4.75, 4.85, 4.95, 5.05, 5.15, 5.25, 5.35, 5.45, 5.55, 5.65, 5.75, 5.85, 5.95, 6.05, 6.15, 6.25, 6.35, 6.45, 6.55, 6.65, 6.75, 6.85, 6.95, 7.05, 7.15]","[5.0, 5.0, 5.0, 6.0, 1.0, 0.8032786885245902, 0.45901639344262296, 0.4426229508196721, 0.4262295081967213, 0.21311475409836064, 0.1782178217821782, 0.19801980198019803, 0.09900990099009901, 0.12871287128712872, 0.10891089108910891, 0.0594059405940594, 0.019801980198019802, 0.04950495049504951, 0.0, 0.039603960396039604, 0.008620689655172414, 0.02586206896551724, 0.008620689655172414, 0.008620689655172414, 0.017241379310344827, 0.008620689655172414, 0.008620689655172414]"
1231.0,6.124602072790002,1.1142527722162596,0.02782076825117957,"[4.55, 4.65, 4.75, 4.85, 4.95, 5.05, 5.15, 5.25, 5.35, 5.45, 5.55, 5.65, 5.75, 5.85, 5.95, 6.05, 6.15, 6.25, 6.35, 6.45, 6.55, 6.65, 6.75, 6.85, 6.95, 7.05, 7.15]","[5.0, 5.0, 5.0, 6.0, 1.0, 0.8032786885245902, 0.45901639344262296, 0.4426229508196721, 0.4262295081967213, 0.21311475409836064, 0.1782178217821782, 0.19801980198019803, 0.09900990099009901, 0.12871287128712872, 0.10891089108910891, 0.06896551724137931, 0.02586206896551724, 0.05172413793103448, 0.017241379310344827, 0.034482758620689655, 0.008620689655172414, 0.02586206896551724, 0.008620689655172414, 0.008620689655172414, 0.017241379310344827, 0.008620689655172414, 0.008620689655172414]"
1232.0,6.030625311143462,1.09322284693345,0.05634980675275746,"[4.55, 4.65, 4.75, 4.85, 4.95, 5.05, 5.15, 5.25, 5.35, 5.45, 5.55, 5.65, 5.75, 5.85, 5.95, 6.05, 6.15, 6.25, 6.35, 6.45, 6.55, 6.65, 6.75, 6.85, 6.95, 7.05, 7.15]","[5.0, 5.0, 5.0, 6.0, 1.0, 0.8032786885245902, 0.45901639344262296, 0.4426229508196721, 0.4262295081967213, 0.21311475409836064, 0.19827586206896552, 0.20689655172413793, 0.1206896551724138, 0.12931034482758622, 0.12931034482758622, 0.06896551724137931, 0.02586206896551724, 0.05172413793103448, 0.017241379310344827, 0.034482758620689655, 0.008620689655172414, 0.02586206896551724, 0.008620689655172414, 0.008620689655172414, 0.017241379310344827, 0.008620689655172414, 0.008620689655172414]"
1233.0,6.729467680712668,1.2422325654201696,0.05624953646112058,"[4.55, 4.65, 4.75, 4.85, 4.95, 5.05, 5.15, 5.25, 5.35, 5.45, 5.55, 5.65, 5.75, 5.85, 5.95, 6.05, 6.15, 6.25, 6.35, 6.45, 6.55, 6.65, 6.75, 6.85, 6.95]","[5.0, 5.0, 5.0, 6.0, 1.0, 0.7654320987654321, 0.4691358024691358, 0.4691358024691358, 0.3950617283950617, 0.20987654320987653, 0.1728395061728395, 0.18518518518518517, 0.1111111111111111, 0.08641975308641975, 0.09876543209876543, 0.04938271604938271, 0.012345679012345678, 0.04938271604938271, 0.0, 0.037037037037037035, 0.0, 0.012345679012345678, 0.0, 0.012345679012345678, 0.012345679012345678]"
1234.0,6.729467680712668,1.2422325654201696,0.029725502449335094,"[4.55, 4.65, 4.75, 4.85, 4.95, 5.05, 5.15, 5.25, 5.35, 5.45, 5.55, 5.65, 5.75, 5.85, 5.95, 6.05, 6.15, 6.25, 6.35, 6.45, 6.55, 6.65, 6.75, 6.85, 6.95]","[5.0, 5.0, 5.0, 6.0, 1.0, 0.7654320987654321, 0.4691358024691358, 0.4691358024691358, 0.3950617283950617, 0.20987654320987653, 0.1728395061728395, 0.18518518518518517, 0.1111111111111111, 0.08641975308641975, 0.09876543209876543, 0.04938271604938271, 0.012345679012345678, 0.04938271604938271, 0.0, 0.037037037037037035, 0.0, 0.012345679012345678, 0.0, 0.012345679012345678, 0.012345679012345678]"
1235.0,6.576154231805723,1.2109220737207442,0.05530314435277298,"[4.55, 4.65, 4.75, 4.85, 4.95, 5.05, 5.15, 5.25, 5.35, 5.45, 5.55, 5.65, 5.75, 5.85, 5.95, 6.05, 6.15, 6.25, 6.35, 6.45, 6.55, 6.65, 6.75, 6.85, 6.95, 7.05, 7.15]","[5.0, 5.0, 5.0, 6.0, 1.0, 0.7654320987654321, 0.4691358024691358, 0.4691358024691358, 0.3950617283950617, 0.20987654320987653, 0.1728395061728395, 0.18518518518518517, 0.1111111111111111, 0.08641975308641975, 0.09876543209876543, 0.04938271604938271, 0.012345679012345678, 0.04938271604938271, 0.0, 0.037037037037037035, 0.0, 0.012345679012345678, 0.0, 0.012345679012345678, 0.012345679012345678, 0.008620689655172414, 0.008620689655172414]"
1236.0,6.632646730400357,1.2223568465478818,0.028495317890824826,"[4.55, 4.65, 4.75, 4.85, 4.95, 5.05, 5.15, 5.25, 5.35, 5.45, 5.55, 5.65, 5.75, 5.85, 5.95, 6.05, 6.15, 6.25, 6.35, 6.45, 6.55, 6.65, 6.75, 6.85, 6.95]","[5.0, 5.0, 5.0, 6.0, 1.0, 0.7654320987654321, 0.4691358024691358, 0.4691358024691358, 0.3950617283950617, 0.20987654320987653, 0.1728395061728395, 0.18518518518518517, 0.1111111111111111, 0.08641975308641975, 0.09876543209876543, 0.04938271604938271, 0.012345679012345678, 0.04938271604938271, 0.0, 0.037037037037037035, 0.009900990099009901, 0.019801980198019802, 0.0, 0.009900990099009901, 0.009900990099009901]"
1237.0,6.4944950654798115,1.1941329978422264,0.029513589126051332,"[4.55, 4.65, 4.75, 4.85, 4.95, 5.05, 5.15, 5.25, 5.35, 5.45, 5.55, 5.65, 5.75, 5.85, 5.95, 6.05, 6.15, 6.25, 6.35, 6.45, 6.55, 6.65, 6.75, 6.85, 6.95, 7.05, 7.15]","[5.0, 5.0, 5.0, 6.0, 1.0, 0.7654320987654321, 0.4691358024691358, 0.4691358024691358, 0.3950617283950617, 0.20987654320987653, 0.1728395061728395, 0.18518518518518517, 0.1111111111111111, 0.08641975308641975, 0.09876543209876543, 0.04938271604938271, 0.012345679012345678, 0.04938271604938271, 0.0, 0.037037037037037035, 0.009900990099009901, 0.019801980198019802, 0.0, 0.009900990099009901, 0.009900990099009901, 0.008620689655172414, 0.008620689655172414]"
1238.0,6.315261493980159,1.157416591112323,0.060437580049767514,"[4.55, 4.65, 4.75, 4.85, 4.95, 5.05, 5.15, 5.25, 5.35, 5.45, 5.55, 5.65, 5.75, 5.85, 5.95, 6.05, 6.15, 6.25, 6.35, 6.45, 6.55, 6.65, 6.75, 6.85, 6.95, 7.05, 7.15]","[5.0, 5.0, 5.0, 6.0, 1.0, 0.7654320987654321, 0.4691358024691358, 0.4691358024691358, 0.3950617283950617, 0.20987654320987653, 0.1728395061728395, 0.18518518518518517, 0.1111111111111111, 0.08641975308641975, 0.09876543209876543, 0.04938271604938271, 0.012345679012345678, 0.04938271604938271, 0.0, 0.037037037037037035, 0.008620689655172414, 0.02586206896551724, 0.008620689655172414, 0.008620689655172414, 0.017241379310344827, 0.008620689655172414, 0.008620689655172414]"
1239.0,6.5412312928085825,1.2034011717797781,0.027846061597178107,"[4.55, 4.65, 4.75, 4.85, 4.95, 5.05, 5.15, 5.25, 5.35, 5.45, 5.55, 5.65, 5.75, 5.85, 5.95, 6.05, 6.15, 6.25, 6.35, 6.45, 6.55, 6.65, 6.75, 6.85, 6.95]","[5.0, 5.0, 5.0, 6.0, 1.0, 0.7654320987654321, 0.4691358024691358, 0.4691358024691358, 0.3950617283950617, 0.20987654320987653, 0.1728395061728395, 0.18518518518518517, 0.1111111111111111, 0.08641975308641975, 0.09876543209876543, 0.0594059405940594, 0.019801980198019802, 0.04950495049504951, 0.0, 0.039603960396039604, 0.009900990099009901, 0.019801980198019802, 0.0, 0.009900990099009901, 0.009900990099009901]"
1240.0,6.420191707847103,1.1786853573340146,0.027528163061952892,"[4.55, 4.65, 4.75, 4.85, 4.95, 5.05, 5.15, 5.25, 5.35, 5.45, 5.55, 5.65, 5.75, 5.85, 5.95, 6.05, 6.15, 6.25, 6.35, 6.45, 6.55, 6.65, 6.75, 6.85, 6.95, 7.05, 7.15]","[5.0, 5.0, 5.0, 6.0, 1.0, 0.7654320987654321, 0.4691358024691358, 0.4691358024691358, 0.3950617283950617, 0.20987654320987653, 0.1728395061728395, 0.18518518518518517, 0.1111111111111111, 0.08641975308641975, 0.09876543209876543, 0.0594059405940594, 0.019801980198019802, 0.04950495049504951, 0.0, 0.039603960396039604, 0.009900990099009901, 0.019801980198019802, 0.0, 0.009900990099009901, 0.009900990099009901, 0.008620689655172414, 0.008620689655172414]"
1241.0,6.2584835078369245,1.1455797868980984,0.031531188204796994,"[4.55, 4.65, 4.75, 4.85, 4.95, 5.05, 5.15, 5.25, 5.35, 5.45, 5.55, 5.65, 5.75, 5.85, 5.95, 6.05, 6.15, 6.25, 6.35, 6.45, 6.55, 6.65, 6.75, 6.85, 6.95, 7.05, 7.15]","[5.0, 5.0, 5.0, 6.0, 1.0, 0.7654320987654321, 0.4691358024691358, 0.4691358024691358, 0.3950617283950617, 0.20987654320987653, 0.1728395061728395, 0.18518518518518517, 0.1111111111111111, 0.08641975308641975, 0.09876543209876543, 0.0594059405940594, 0.019801980198019802, 0.04950495049504951, 0.0, 0.039603960396039604, 0.008620689655172414, 0.02586206896551724, 0.008620689655172414, 0.008620689655172414, 0.017241379310344827, 0.008620689655172414, 0.008620689655172414]"
1242.0,6.141857771802533,1.1212746119586339,0.05835462173779113,"[4.55, 4.65, 4.75, 4.85, 4.95, 5.05, 5.15, 5.25, 5.35, 5.45, 5.55, 5.65, 5.75, 5.85, 5.95, 6.05, 6.15, 6.25, 6.35, 6.45, 6.55, 6.65, 6.75, 6.85, 6.95, 7.05, 7.15]","[5.0, 5.0, 5.0, 6.0, 1.0, 0.7654320987654321, 0.4691358024691358, 0.4691358024691358, 0.3950617283950617, 0.20987654320987653, 0.1728395061728395, 0.18518518518518517, 0.1111111111111111, 0.08641975308641975, 0.09876543209876543, 0.06896551724137931, 0.02586206896551724, 0.05172413793103448, 0.017241379310344827, 0.034482758620689655, 0.008620689655172414, 0.02586206896551724, 0.008620689655172414, 0.008620689655172414, 0.017241379310344827, 0.008620689655172414, 0.008620689655172414]"
1243.0,6.3916062564036595,1.1716075876021796,0.029342501071459682,"[4.55, 4.65, 4.75, 4.85, 4.95, 5.05, 5.15, 5.25, 5.35, 5.45, 5.55, 5.65, 5.75, 5.85, 5.95, 6.05, 6.15, 6.25, 6.35, 6.45, 6.55, 6.65, 6.75, 6.85, 6.95]","[5.0, 5.0, 5.0, 6.0, 1.0, 0.7654320987654321, 0.4691358024691358, 0.4691358024691358, 0.3950617283950617, 0.20987654320987653, 0.1782178217821782, 0.19801980198019803, 0.09900990099009901, 0.12871287128712872, 0.10891089108910891, 0.0594059405940594, 0.019801980198019802, 0.04950495049504951, 0.0, 0.039603960396039604, 0.009900990099009901, 0.019801980198019802, 0.0, 0.009900990099009901, 0.009900990099009901]"
1244.0,6.2910415247756815,1.1511106327314404,0.026342610011738286,"[4.55, 4.65, 4.75, 4.85, 4.95, 5.05, 5.15, 5.25, 5.35, 5.45, 5.55, 5.65, 5.75, 5.85, 5.95, 6.05, 6.15, 6.25, 6.35, 6.45, 6.55, 6.65, 6.75, 6.85, 6.95, 7.05, 7.15]","[5.0, 5.0, 5.0, 6.0, 1.0, 0.7654320987654321, 0.4691358024691358, 0.4691358024691358, 0.3950617283950617, 0.20987654320987653, 0.1782178217821782, 0.19801980198019803, 0.09900990099009901, 0.12871287128712872, 0.10891089108910891, 0.0594059405940594, 0.019801980198019802, 0.04950495049504951, 0.0, 0.039603960396039604, 0.009900990099009901, 0.019801980198019802, 0.0, 0.009900990099009901, 0.009900990099009901, 0.008620689655172414, 0.008620689655172414]"
1245.0,6.148680051183543,1.1220354281488822,0.028371365703357052,"[4.55, 4.65, 4.75, 4.85, 4.95, 5.05, 5.15, 5.25, 5.35, 5.45, 5.55, 5.65, 5.75, 5.85, 5.95, 6.05, 6.15, 6.25, 6.35, 6.45, 6.55, 6.65, 6.75, 6.85, 6.95, 7.05, 7.15]","[5.0, 5.0, 5.0, 6.0, 1.0, 0.7654320987654321, 0.4691358024691358, 0.4691358024691358, 0.3950617283950617, 0.20987654320987653, 0.1782178217821782, 0.19801980198019803, 0.09900990099009901, 0.12871287128712872, 0.10891089108910891, 0.0594059405940594, 0.019801980198019802, 0.04950495049504951, 0.0, 0.039603960396039604, 0.008620689655172414, 0.02586206896551724, 0.008620689655172414, 0.008620689655172414, 0.017241379310344827, 0.008620689655172414, 0.008620689655172414]"
1246.0,6.0487450806080565,1.1012381211676585,0.027704059431832795,"[4.55, 4.65, 4.75, 4.85, 4.95, 5.05, 5.15, 5.25, 5.35, 5.45, 5.55, 5.65, 5.75, 5.85, 5.95, 6.05, 6.15, 6.25, 6.35, 6.45, 6.55, 6.65, 6.75, 6.85, 6.95, 7.05, 7.15]","[5.0, 5.0, 5.0, 6.0, 1.0, 0.7654320987654321, 0.4691358024691358, 0.4691358024691358, 0.3950617283950617, 0.20987654320987653, 0.1782178217821782, 0.19801980198019803, 0.09900990099009901, 0.12871287128712872, 0.10891089108910891, 0.06896551724137931, 0.02586206896551724, 0.05172413793103448, 0.017241379310344827, 0.034482758620689655, 0.008620689655172414, 0.02586206896551724, 0.008620689655172414, 0.008620689655172414, 0.017241379310344827, 0.008620689655172414, 0.008620689655172414]"
1247.0,5.94773703793486,1.0789349970647366,0.05910034801488698,"[4.55, 4.65, 4.75, 4.85, 4.95, 5.05, 5.15, 5.25, 5.35, 5.45, 5.55, 5.65, 5.75, 5.85, 5.95, 6.05, 6.15, 6.25, 6.35, 6.45, 6.55, 6.65, 6.75, 6.85, 6.95, 7.05, 7.15]","[5.0, 5.0, 5.0, 6.0, 1.0, 0.7654320987654321, 0.4691358024691358, 0.4691358024691358, 0.3950617283950617, 0.20987654320987653, 0.19827586206896552, 0.20689655172413793, 0.1206896551724138, 0.12931034482758622, 0.12931034482758622, 0.06896551724137931, 0.02586206896551724, 0.05172413793103448, 0.017241379310344827, 0.034482758620689655, 0.008620689655172414, 0.02586206896551724, 0.008620689655172414, 0.008620689655172414, 0.017241379310344827, 0.008620689655172414, 0.008620689655172414]"
1248.0,6.560787729427423,1.2016665946383738,0.05444396729863399,"[4.55, 4.65, 4.75, 4.85, 4.95, 5.05, 5.15, 5.25, 5.35, 5.45, 5.55, 5.65, 5.75, 5.85, 5.95, 6.05, 6.15, 6.25, 6.35, 6.45, 6.55, 6.65, 6.75, 6.85, 6.95]","[5.0, 5.0, 5.0, 6.0, 1.0, 0.8316831683168316, 0.5346534653465347, 0.5445544554455446, 0.38613861386138615, 0.21782178217821782, 0.1782178217821782, 0.19801980198019803, 0.09900990099009901, 0.12871287128712872, 0.10891089108910891, 0.0594059405940594, 0.019801980198019802, 0.04950495049504951, 0.0, 0.039603960396039604, 0.009900990099009901, 0.019801980198019802, 0.0, 0.009900990099009901, 0.009900990099009901]"
1249.0,6.46000841436499,1.1810782515623255,0.05118630366510321,"[4.55, 4.65, 4.75, 4.85, 4.95, 5.05, 5.15, 5.25, 5.35, 5.45, 5.55, 5.65, 5.75, 5.85, 5.95, 6.05, 6.15, 6.25, 6.35, 6.45, 6.55, 6.65, 6.75, 6.85, 6.95, 7.05, 7.15]","[5.0, 5.0, 5.0, 6.0, 1.0, 0.8316831683168316, 0.5346534653465347, 0.5445544554455446, 0.38613861386138615, 0.21782178217821782, 0.1782178217821782, 0.19801980198019803, 0.09900990099009901, 0.12871287128712872, 0.10891089108910891, 0.0594059405940594, 0.019801980198019802, 0.04950495049504951, 0.0, 0.039603960396039604, 0.009900990099009901, 0.019801980198019802, 0.0, 0.009900990099009901, 0.009900990099009901, 0.008620689655172414, 0.008620689655172414]"
1250.0,6.320568409251916,1.1525399714696012,0.05638164154837294,"[4.55, 4.65, 4.75, 4.85, 4.95, 5.05, 5.15, 5.25, 5.35, 5.45, 5.55, 5.65, 5.75, 5.85, 5.95, 6.05, 6.15, 6.25, 6.35, 6.45, 6.55, 6.65, 6.75, 6.85, 6.95, 7.05, 7.15]","[5.0, 5.0, 5.0, 6.0, 1.0, 0.8316831683168316, 0.5346534653465347, 0.5445544554455446, 0.38613861386138615, 0.21782178217821782, 0.1782178217821782, 0.19801980198019803, 0.09900990099009901, 0.12871287128712872, 0.10891089108910891, 0.0594059405940594, 0.019801980198019802, 0.04950495049504951, 0.0, 0.039603960396039604, 0.008620689655172414, 0.02586206896551724, 0.008620689655172414, 0.008620689655172414, 0.017241379310344827, 0.008620689655172414, 0.008620689655172414]"
1251.0,6.220255239425916,1.1316926126034756,0.05310543023263919,"[4.55, 4.65, 4.75, 4.85, 4.95, 5.05, 5.15, 5.25, 5.35, 5.45, 5.55, 5.65, 5.75, 5.85, 5.95, 6.05, 6.15, 6.25, 6.35, 6.45, 6.55, 6.65, 6.75, 6.85, 6.95, 7.05, 7.15]","[5.0, 5.0, 5.0, 6.0, 1.0, 0.8316831683168316, 0.5346534653465347, 0.5445544554455446, 0.38613861386138615, 0.21782178217821782, 0.1782178217821782, 0.19801980198019803, 0.09900990099009901, 0.12871287128712872, 0.10891089108910891, 0.06896551724137931, 0.02586206896551724, 0.05172413793103448, 0.017241379310344827, 0.034482758620689655, 0.008620689655172414, 0.02586206896551724, 0.008620689655172414, 0.008620689655172414, 0.017241379310344827, 0.008620689655172414, 0.008620689655172414]"
1252.0,6.114235430227718,1.108681506752147,0.05551488667518012,"[4.55, 4.65, 4.75, 4.85, 4.95, 5.05, 5.15, 5.25, 5.35, 5.45, 5.55, 5.65, 5.75, 5.85, 5.95, 6.05, 6.15, 6.25, 6.35, 6.45, 6.55, 6.65, 6.75, 6.85, 6.95, 7.05, 7.15]","[5.0, 5.0, 5.0, 6.0, 1.0, 0.8316831683168316, 0.5346534653465347, 0.5445544554455446, 0.38613861386138615, 0.21782178217821782, 0.19827586206896552, 0.20689655172413793, 0.1206896551724138, 0.12931034482758622, 0.12931034482758622, 0.06896551724137931, 0.02586206896551724, 0.05172413793103448, 0.017241379310344827, 0.034482758620689655, 0.008620689655172414, 0.02586206896551724, 0.008620689655172414, 0.008620689655172414, 0.017241379310344827, 0.008620689655172414, 0.008620689655172414]"
1253.0,6.23276579994634,1.127348887304141,0.15195331979221702,"[4.55, 4.65, 4.75, 4.85, 4.95, 5.05, 5.15, 5.25, 5.35, 5.45, 5.55, 5.65, 5.75, 5.85, 5.95, 6.05, 6.15, 6.25, 6.35, 6.45, 6.55, 6.65, 6.75, 6.85, 6.95, 7.05, 7.15]","[5.0, 5.0, 5.0, 6.0, 1.0, 0.9224137931034483, 0.5258620689655172, 0.5517241379310345, 0.5, 0.2672413793103448, 0.19827586206896552, 0.20689655172413793, 0.1206896551724138, 0.12931034482758622, 0.12931034482758622, 0.06896551724137931, 0.02586206896551724, 0.05172413793103448, 0.017241379310344827, 0.034482758620689655, 0.008620689655172414, 0.02586206896551724, 0.008620689655172414, 0.008620689655172414, 0.017241379310344827, 0.008620689655172414, 0.008620689655172414]"
1254.0,7.6266048723776665,1.4143317650542342,0.008081083268887455,"[4.55, 4.65, 4.75, 4.85, 4.95, 5.05, 5.15, 5.25, 5.35, 5.45, 5.55, 5.65, 5.75, 5.85, 5.95, 6.05, 6.15, 6.25, 6.35, 6.45, 6.55, 6.65]","[4.571428571428571, 4.190476190476191, 3.142857142857143, 2.2857142857142856, 1.0952380952380953, 0.6190476190476191, 0.5238095238095238, 0.42857142857142855, 0.38095238095238093, 0.19047619047619047, 0.23809523809523808, 0.047619047619047616, 0.19047619047619047, 0.0, 0.09523809523809523, 0.09523809523809523, 0.0, 0.09523809523809523, 0.0, 0.047619047619047616, 0.0, 0.047619047619047616]"
1255.0,7.6266048723776665,1.4143317650542342,0.005978529909131693,"[4.55, 4.65, 4.75, 4.85, 4.95, 5.05, 5.15, 5.25, 5.35, 5.45, 5.55, 5.65, 5.75, 5.85, 5.95, 6.05, 6.15, 6.25, 6.35, 6.45, 6.55, 6.65]","[4.571428571428571, 4.190476190476191, 3.142857142857143, 2.2857142857142856, 1.0952380952380953, 0.6190476190476191, 0.5238095238095238, 0.42857142857142855, 0.38095238095238093, 0.19047619047619047, 0.23809523809523808, 0.047619047619047616, 0.19047619047619047, 0.0, 0.09523809523809523, 0.09523809523809523, 0.0, 0.09523809523809523, 0.0, 0.047619047619047616, 0.0, 0.047619047619047616]"
1256.0,7.6266048723776665,1.4143317650542342,0.005978529909131693,"[4.55, 4.65, 4.75, 4.85, 4.95, 5.05, 5.15, 5.25, 5.35, 5.45, 5.55, 5.65, 5.75, 5.85, 5.95, 6.05, 6.15, 6.25, 6.35, 6.45, 6.55, 6.65]","[4.571428571428571, 4.190476190476191, 3.142857142857143, 2.2857142857142856, 1.0952380952380953, 0.6190476190476191, 0.5238095238095238, 0.42857142857142855, 0.38095238095238093, 0.19047619047619047, 0.23809523809523808, 0.047619047619047616, 0.19047619047619047, 0.0, 0.09523809523809523, 0.09523809523809523, 0.0, 0.09523809523809523, 0.0, 0.047619047619047616, 0.0, 0.047619047619047616]"
1257.0,7.6266048723776665,1.4143317650542342,0.005978529909131693,"[4.55, 4.65, 4.75, 4.85, 4.95, 5.05, 5.15, 5.25, 5.35, 5.45, 5.55, 5.65, 5.75, 5.85, 5.95, 6.05, 6.15, 6.25, 6.35, 6.45, 6.55, 6.65]","[4.571428571428571, 4.190476190476191, 3.142857142857143, 2.2857142857142856, 1.0952380952380953, 0.6190476190476191, 0.5238095238095238, 0.42857142857142855, 0.38095238095238093, 0.19047619047619047, 0.23809523809523808, 0.047619047619047616, 0.19047619047619047, 0.0, 0.09523809523809523, 0.09523809523809523, 0.0, 0.09523809523809523, 0.0, 0.047619047619047616, 0.0, 0.047619047619047616]"
1258.0,7.6266048723776665,1.4143317650542342,0.005978529909131693,"[4.55, 4.65, 4.75, 4.85, 4.95, 5.05, 5.15, 5.25, 5.35, 5.45, 5.55, 5.65, 5.75, 5.85, 5.95, 6.05, 6.15, 6.25, 6.35, 6.45, 6.55, 6.65]","[4.571428571428571, 4.190476190476191, 3.142857142857143, 2.2857142857142856, 1.0952380952380953, 0.6190476190476191, 0.5238095238095238, 0.42857142857142855, 0.38095238095238093, 0.19047619047619047, 0.23809523809523808, 0.047619047619047616, 0.19047619047619047, 0.0, 0.09523809523809523, 0.09523809523809523, 0.0, 0.09523809523809523, 0.0, 0.047619047619047616, 0.0, 0.047619047619047616]"
1259.0,7.447182971850972,1.3740340371275892,0.04492250964321088,"[4.55, 4.65, 4.75, 4.85, 4.95, 5.05, 5.15, 5.25, 5.35, 5.45, 5.55, 5.65, 5.75, 5.85, 5.95, 6.05, 6.15, 6.25, 6.35, 6.45, 6.55, 6.65, 6.75, 6.85, 6.95, 7.05, 7.15]","[4.571428571428571, 4.190476190476191, 3.142857142857143, 2.2857142857142856, 1.0952380952380953, 0.6190476190476191, 0.5238095238095238, 0.42857142857142855, 0.38095238095238093, 0.19047619047619047, 0.23809523809523808, 0.047619047619047616, 0.19047619047619047, 0.0, 0.09523809523809523, 0.09523809523809523, 0.0, 0.09523809523809523, 0.0, 0.047619047619047616, 0.0, 0.047619047619047616, 0.0, 0.0, 0.0, 0.008620689655172414, 0.008620689655172414]"
1260.0,7.572671553090851,1.4022001388092096,0.013371181005993908,"[4.55, 4.65, 4.75, 4.85, 4.95, 5.05, 5.15, 5.25, 5.35, 5.45, 5.55, 5.65, 5.75, 5.85, 5.95, 6.05, 6.15, 6.25, 6.35, 6.45, 6.55, 6.65, 6.75, 6.85]","[4.571428571428571, 4.190476190476191, 3.142857142857143, 2.2857142857142856, 1.0952380952380953, 0.6190476190476191, 0.5238095238095238, 0.42857142857142855, 0.38095238095238093, 0.19047619047619047, 0.23809523809523808, 0.047619047619047616, 0.19047619047619047, 0.0, 0.09523809523809523, 0.09523809523809523, 0.0, 0.09523809523809523, 0.0, 0.047619047619047616, 0.0, 0.024390243902439025, 0.0, 0.024390243902439025]"
1261.0,7.572671553090851,1.4022001388092096,0.0071638310215116595,"[4.55, 4.65, 4.75, 4.85, 4.95, 5.05, 5.15, 5.25, 5.35, 5.45, 5.55, 5.65, 5.75, 5.85, 5.95, 6.05, 6.15, 6.25, 6.35, 6.45, 6.55, 6.65, 6.75, 6.85]","[4.571428571428571, 4.190476190476191, 3.142857142857143, 2.2857142857142856, 1.0952380952380953, 0.6190476190476191, 0.5238095238095238, 0.42857142857142855, 0.38095238095238093, 0.19047619047619047, 0.23809523809523808, 0.047619047619047616, 0.19047619047619047, 0.0, 0.09523809523809523, 0.09523809523809523, 0.0, 0.09523809523809523, 0.0, 0.047619047619047616, 0.0, 0.024390243902439025, 0.0, 0.024390243902439025]"
1262.0,7.572671553090851,1.4022001388092096,0.0071638310215116595,"[4.55, 4.65, 4.75, 4.85, 4.95, 5.05, 5.15, 5.25, 5.35, 5.45, 5.55, 5.65, 5.75, 5.85, 5.95, 6.05, 6.15, 6.25, 6.35, 6.45, 6.55, 6.65, 6.75, 6.85]","[4.571428571428571, 4.190476190476191, 3.142857142857143, 2.2857142857142856, 1.0952380952380953, 0.6190476190476191, 0.5238095238095238, 0.42857142857142855, 0.38095238095238093, 0.19047619047619047, 0.23809523809523808, 0.047619047619047616, 0.19047619047619047, 0.0, 0.09523809523809523, 0.09523809523809523, 0.0, 0.09523809523809523, 0.0, 0.047619047619047616, 0.0, 0.024390243902439025, 0.0, 0.024390243902439025]"
1263.0,7.572671553090851,1.4022001388092096,0.0071638310215116595,"[4.55, 4.65, 4.75, 4.85, 4.95, 5.05, 5.15, 5.25, 5.35, 5.45, 5.55, 5.65, 5.75, 5.85, 5.95, 6.05, 6.15, 6.25, 6.35, 6.45, 6.55, 6.65, 6.75, 6.85]","[4.571428571428571, 4.190476190476191, 3.142857142857143, 2.2857142857142856, 1.0952380952380953, 0.6190476190476191, 0.5238095238095238, 0.42857142857142855, 0.38095238095238093, 0.19047619047619047, 0.23809523809523808, 0.047619047619047616, 0.19047619047619047, 0.0, 0.09523809523809523, 0.09523809523809523, 0.0, 0.09523809523809523, 0.0, 0.047619047619047616, 0.0, 0.024390243902439025, 0.0, 0.024390243902439025]"
1264.0,7.3979926121782835,1.3629942050412924,0.021235657194975128,"[4.55, 4.65, 4.75, 4.85, 4.95, 5.05, 5.15, 5.25, 5.35, 5.45, 5.55, 5.65, 5.75, 5.85, 5.95, 6.05, 6.15, 6.25, 6.35, 6.45, 6.55, 6.65, 6.75, 6.85, 6.95, 7.05, 7.15]","[4.571428571428571, 4.190476190476191, 3.142857142857143, 2.2857142857142856, 1.0952380952380953, 0.6190476190476191, 0.5238095238095238, 0.42857142857142855, 0.38095238095238093, 0.19047619047619047, 0.23809523809523808, 0.047619047619047616, 0.19047619047619047, 0.0, 0.09523809523809523, 0.09523809523809523, 0.0, 0.09523809523809523, 0.0, 0.047619047619047616, 0.0, 0.024390243902439025, 0.0, 0.024390243902439025, 0.0, 0.008620689655172414, 0.008620689655172414]"
1265.0,7.519675318969046,1.3903112424228141,0.015035631626055588,"[4.55, 4.65, 4.75, 4.85, 4.95, 5.05, 5.15, 5.25, 5.35, 5.45, 5.55, 5.65, 5.75, 5.85, 5.95, 6.05, 6.15, 6.25, 6.35, 6.45, 6.55, 6.65, 6.75, 6.85, 6.95]","[4.571428571428571, 4.190476190476191, 3.142857142857143, 2.2857142857142856, 1.0952380952380953, 0.6190476190476191, 0.5238095238095238, 0.42857142857142855, 0.38095238095238093, 0.19047619047619047, 0.23809523809523808, 0.047619047619047616, 0.19047619047619047, 0.0, 0.09523809523809523, 0.09523809523809523, 0.0, 0.09523809523809523, 0.0, 0.047619047619047616, 0.0, 0.01639344262295082, 0.0, 0.01639344262295082, 0.01639344262295082]"
1266.0,7.519675318969046,1.3903112424228141,0.008143684028559058,"[4.55, 4.65, 4.75, 4.85, 4.95, 5.05, 5.15, 5.25, 5.35, 5.45, 5.55, 5.65, 5.75, 5.85, 5.95, 6.05, 6.15, 6.25, 6.35, 6.45, 6.55, 6.65, 6.75, 6.85, 6.95]","[4.571428571428571, 4.190476190476191, 3.142857142857143, 2.2857142857142856, 1.0952380952380953, 0.6190476190476191, 0.5238095238095238, 0.42857142857142855, 0.38095238095238093, 0.19047619047619047, 0.23809523809523808, 0.047619047619047616, 0.19047619047619047, 0.0, 0.09523809523809523, 0.09523809523809523, 0.0, 0.09523809523809523, 0.0, 0.047619047619047616, 0.0, 0.01639344262295082, 0.0, 0.01639344262295082, 0.01639344262295082]"
1267.0,7.519675318969046,1.3903112424228141,0.008143684028559058,"[4.55, 4.65, 4.75, 4.85, 4.95, 5.05, 5.15, 5.25, 5.35, 5.45, 5.55, 5.65, 5.75, 5.85, 5.95, 6.05, 6.15, 6.25, 6.35, 6.45, 6.55, 6.65, 6.75, 6.85, 6.95]","[4.571428571428571, 4.190476190476191, 3.142857142857143, 2.2857142857142856, 1.0952380952380953, 0.6190476190476191, 0.5238095238095238, 0.42857142857142855, 0.38095238095238093, 0.19047619047619047, 0.23809523809523808, 0.047619047619047616, 0.19047619047619047, 0.0, 0.09523809523809523, 0.09523809523809523, 0.0, 0.09523809523809523, 0.0, 0.047619047619047616, 0.0, 0.01639344262295082, 0.0, 0.01639344262295082, 0.01639344262295082]"
1268.0,7.349688130767529,1.3521648378788895,0.022000055992159137,"[4.55, 4.65, 4.75, 4.85, 4.95, 5.05, 5.15, 5.25, 5.35, 5.45, 5.55, 5.65, 5.75, 5.85, 5.95, 6.05, 6.15, 6.25, 6.35, 6.45, 6.55, 6.65, 6.75, 6.85, 6.95, 7.05, 7.15]","[4.571428571428571, 4.190476190476191, 3.142857142857143, 2.2857142857142856, 1.0952380952380953, 0.6190476190476191, 0.5238095238095238, 0.42857142857142855, 0.38095238095238093, 0.19047619047619047, 0.23809523809523808, 0.047619047619047616, 0.19047619047619047, 0.0, 0.09523809523809523, 0.09523809523809523, 0.0, 0.09523809523809523, 0.0, 0.047619047619047616, 0.0, 0.01639344262295082, 0.0, 0.01639344262295082, 0.01639344262295082, 0.008620689655172414, 0.008620689655172414]"
1269.0,7.562195445382879,1.3998667115052241,0.012443333044651976,"[4.55, 4.65, 4.75, 4.85, 4.95, 5.05, 5.15, 5.25, 5.35, 5.45, 5.55, 5.65, 5.75, 5.85, 5.95, 6.05, 6.15, 6.25, 6.35, 6.45, 6.55, 6.65, 6.75, 6.85, 6.95]","[4.571428571428571, 4.190476190476191, 3.142857142857143, 2.2857142857142856, 1.0952380952380953, 0.6190476190476191, 0.5238095238095238, 0.42857142857142855, 0.38095238095238093, 0.19047619047619047, 0.23809523809523808, 0.047619047619047616, 0.19047619047619047, 0.0, 0.09523809523809523, 0.09523809523809523, 0.0, 0.09523809523809523, 0.0, 0.047619047619047616, 0.0, 0.012345679012345678, 0.0, 0.012345679012345678, 0.012345679012345678]"
1270.0,7.562195445382879,1.3998667115052241,0.00696661395581874,"[4.55, 4.65, 4.75, 4.85, 4.95, 5.05, 5.15, 5.25, 5.35, 5.45, 5.55, 5.65, 5.75, 5.85, 5.95, 6.05, 6.15, 6.25, 6.35, 6.45, 6.55, 6.65, 6.75, 6.85, 6.95]","[4.571428571428571, 4.190476190476191, 3.142857142857143, 2.2857142857142856, 1.0952380952380953, 0.6190476190476191, 0.5238095238095238, 0.42857142857142855, 0.38095238095238093, 0.19047619047619047, 0.23809523809523808, 0.047619047619047616, 0.19047619047619047, 0.0, 0.09523809523809523, 0.09523809523809523, 0.0, 0.09523809523809523, 0.0, 0.047619047619047616, 0.0, 0.012345679012345678, 0.0, 0.012345679012345678, 0.012345679012345678]"
1271.0,7.394278116028389,1.3621940520719737,0.02043925217111944,"[4.55, 4.65, 4.75, 4.85, 4.95, 5.05, 5.15, 5.25, 5.35, 5.45, 5.55, 5.65, 5.75, 5.85, 5.95, 6.05, 6.15, 6.25, 6.35, 6.45, 6.55, 6.65, 6.75, 6.85, 6.95, 7.05, 7.15]","[4.571428571428571, 4.190476190476191, 3.142857142857143, 2.2857142857142856, 1.0952380952380953, 0.6190476190476191, 0.5238095238095238, 0.42857142857142855, 0.38095238095238093, 0.19047619047619047, 0.23809523809523808, 0.047619047619047616, 0.19047619047619047, 0.0, 0.09523809523809523, 0.09523809523809523, 0.0, 0.09523809523809523, 0.0, 0.047619047619047616, 0.0, 0.012345679012345678, 0.0, 0.012345679012345678, 0.012345679012345678, 0.008620689655172414, 0.008620689655172414]"
1272.0,7.443338271659424,1.3731282618642158,0.017708022640931447,"[4.55, 4.65, 4.75, 4.85, 4.95, 5.05, 5.15, 5.25, 5.35, 5.45, 5.55, 5.65, 5.75, 5.85, 5.95, 6.05, 6.15, 6.25, 6.35, 6.45, 6.55, 6.65, 6.75, 6.85, 6.95]","[4.571428571428571, 4.190476190476191, 3.142857142857143, 2.2857142857142856, 1.0952380952380953, 0.6190476190476191, 0.5238095238095238, 0.42857142857142855, 0.38095238095238093, 0.19047619047619047, 0.23809523809523808, 0.047619047619047616, 0.19047619047619047, 0.0, 0.09523809523809523, 0.09523809523809523, 0.0, 0.09523809523809523, 0.0, 0.047619047619047616, 0.009900990099009901, 0.019801980198019802, 0.0, 0.009900990099009901, 0.009900990099009901]"
1273.0,7.295049281276198,1.3398483051255838,0.023417159976259677,"[4.55, 4.65, 4.75, 4.85, 4.95, 5.05, 5.15, 5.25, 5.35, 5.45, 5.55, 5.65, 5.75, 5.85, 5.95, 6.05, 6.15, 6.25, 6.35, 6.45, 6.55, 6.65, 6.75, 6.85, 6.95, 7.05, 7.15]","[4.571428571428571, 4.190476190476191, 3.142857142857143, 2.2857142857142856, 1.0952380952380953, 0.6190476190476191, 0.5238095238095238, 0.42857142857142855, 0.38095238095238093, 0.19047619047619047, 0.23809523809523808, 0.047619047619047616, 0.19047619047619047, 0.0, 0.09523809523809523, 0.09523809523809523, 0.0, 0.09523809523809523, 0.0, 0.047619047619047616, 0.009900990099009901, 0.019801980198019802, 0.0, 0.009900990099009901, 0.009900990099009901, 0.008620689655172414, 0.008620689655172414]"
1274.0,7.116873626342728,1.2997805053492437,0.0766370532368557,"[4.55, 4.65, 4.75, 4.85, 4.95, 5.05, 5.15, 5.25, 5.35, 5.45, 5.55, 5.65, 5.75, 5.85, 5.95, 6.05, 6.15, 6.25, 6.35, 6.45, 6.55, 6.65, 6.75, 6.85, 6.95, 7.05, 7.15]","[4.571428571428571, 4.190476190476191, 3.142857142857143, 2.2857142857142856, 1.0952380952380953, 0.6190476190476191, 0.5238095238095238, 0.42857142857142855, 0.38095238095238093, 0.19047619047619047, 0.23809523809523808, 0.047619047619047616, 0.19047619047619047, 0.0, 0.09523809523809523, 0.09523809523809523, 0.0, 0.09523809523809523, 0.0, 0.047619047619047616, 0.008620689655172414, 0.02586206896551724, 0.008620689655172414, 0.008620689655172414, 0.017241379310344827, 0.008620689655172414, 0.008620689655172414]"
1275.0,7.72446529233794,1.436436775349883,0.01697730856903389,"[4.55, 4.65, 4.75, 4.85, 4.95, 5.05, 5.15, 5.25, 5.35, 5.45, 5.55, 5.65, 5.75, 5.85, 5.95, 6.05, 6.15, 6.25, 6.35, 6.45, 6.55, 6.65, 6.75, 6.85]","[4.571428571428571, 4.190476190476191, 3.142857142857143, 2.2857142857142856, 1.0952380952380953, 0.6190476190476191, 0.5238095238095238, 0.42857142857142855, 0.38095238095238093, 0.19047619047619047, 0.23809523809523808, 0.047619047619047616, 0.19047619047619047, 0.0, 0.09523809523809523, 0.04878048780487805, 0.0, 0.04878048780487805, 0.0, 0.024390243902439025, 0.0, 0.024390243902439025, 0.0, 0.024390243902439025]"
1276.0,7.72446529233794,1.436436775349883,0.008806921359511544,"[4.55, 4.65, 4.75, 4.85, 4.95, 5.05, 5.15, 5.25, 5.35, 5.45, 5.55, 5.65, 5.75, 5.85, 5.95, 6.05, 6.15, 6.25, 6.35, 6.45, 6.55, 6.65, 6.75, 6.85]","[4.571428571428571, 4.190476190476191, 3.142857142857143, 2.2857142857142856, 1.0952380952380953, 0.6190476190476191, 0.5238095238095238, 0.42857142857142855, 0.38095238095238093, 0.19047619047619047, 0.23809523809523808, 0.047619047619047616, 0.19047619047619047, 0.0, 0.09523809523809523, 0.04878048780487805, 0.0, 0.04878048780487805, 0.0, 0.024390243902439025, 0.0, 0.024390243902439025, 0.0, 0.024390243902439025]"
1277.0,7.72446529233794,1.436436775349883,0.008806921359511544,"[4.55, 4.65, 4.75, 4.85, 4.95, 5.05, 5.15, 5.25, 5.35, 5.45, 5.55, 5.65, 5.75, 5.85, 5.95, 6.05, 6.15, 6.25, 6.35, 6.45, 6.55, 6.65, 6.75, 6.85]","[4.571428571428571, 4.190476190476191, 3.142857142857143, 2.2857142857142856, 1.0952380952380953, 0.6190476190476191, 0.5238095238095238, 0.42857142857142855, 0.38095238095238093, 0.19047619047619047, 0.23809523809523808, 0.047619047619047616, 0.19047619047619047, 0.0, 0.09523809523809523, 0.04878048780487805, 0.0, 0.04878048780487805, 0.0, 0.024390243902439025, 0.0, 0.024390243902439025, 0.0, 0.024390243902439025]"
1278.0,7.72446529233794,1.436436775349883,0.008806921359511544,"[4.55, 4.65, 4.75, 4.85, 4.95, 5.05, 5.15, 5.25, 5.35, 5.45, 5.55, 5.65, 5.75, 5.85, 5.95, 6.05, 6.15, 6.25, 6.35, 6.45, 6.55, 6.65, 6.75, 6.85]","[4.571428571428571, 4.190476190476191, 3.142857142857143, 2.2857142857142856, 1.0952380952380953, 0.6190476190476191, 0.5238095238095238, 0.42857142857142855, 0.38095238095238093, 0.19047619047619047, 0.23809523809523808, 0.047619047619047616, 0.19047619047619047, 0.0, 0.09523809523809523, 0.04878048780487805, 0.0, 0.04878048780487805, 0.0, 0.024390243902439025, 0.0, 0.024390243902439025, 0.0, 0.024390243902439025]"
1279.0,7.54995992381971,1.3973194528698334,0.021113154920227542,"[4.55, 4.65, 4.75, 4.85, 4.95, 5.05, 5.15, 5.25, 5.35, 5.45, 5.55, 5.65, 5.75, 5.85, 5.95, 6.05, 6.15, 6.25, 6.35, 6.45, 6.55, 6.65, 6.75, 6.85, 6.95, 7.05, 7.15]","[4.571428571428571, 4.190476190476191, 3.142857142857143, 2.2857142857142856, 1.0952380952380953, 0.6190476190476191, 0.5238095238095238, 0.42857142857142855, 0.38095238095238093, 0.19047619047619047, 0.23809523809523808, 0.047619047619047616, 0.19047619047619047, 0.0, 0.09523809523809523, 0.04878048780487805, 0.0, 0.04878048780487805, 0.0, 0.024390243902439025, 0.0, 0.024390243902439025, 0.0, 0.024390243902439025, 0.0, 0.008620689655172414, 0.008620689655172414]"
1280.0,7.666499322897037,1.4234464083500442,0.008858253802816006,"[4.55, 4.65, 4.75, 4.85, 4.95, 5.05, 5.15, 5.25, 5.35, 5.45, 5.55, 5.65, 5.75, 5.85, 5.95, 6.05, 6.15, 6.25, 6.35, 6.45, 6.55, 6.65, 6.75, 6.85, 6.95]","[4.571428571428571, 4.190476190476191, 3.142857142857143, 2.2857142857142856, 1.0952380952380953, 0.6190476190476191, 0.5238095238095238, 0.42857142857142855, 0.38095238095238093, 0.19047619047619047, 0.23809523809523808, 0.047619047619047616, 0.19047619047619047, 0.0, 0.09523809523809523, 0.04878048780487805, 0.0, 0.04878048780487805, 0.0, 0.024390243902439025, 0.0, 0.01639344262295082, 0.0, 0.01639344262295082, 0.01639344262295082]"
1281.0,7.666499322897037,1.4234464083500442,0.005380794645692183,"[4.55, 4.65, 4.75, 4.85, 4.95, 5.05, 5.15, 5.25, 5.35, 5.45, 5.55, 5.65, 5.75, 5.85, 5.95, 6.05, 6.15, 6.25, 6.35, 6.45, 6.55, 6.65, 6.75, 6.85, 6.95]","[4.571428571428571, 4.190476190476191, 3.142857142857143, 2.2857142857142856, 1.0952380952380953, 0.6190476190476191, 0.5238095238095238, 0.42857142857142855, 0.38095238095238093, 0.19047619047619047, 0.23809523809523808, 0.047619047619047616, 0.19047619047619047, 0.0, 0.09523809523809523, 0.04878048780487805, 0.0, 0.04878048780487805, 0.0, 0.024390243902439025, 0.0, 0.01639344262295082, 0.0, 0.01639344262295082, 0.01639344262295082]"
1282.0,7.666499322897037,1.4234464083500442,0.005380794645692183,"[4.55, 4.65, 4.75, 4.85, 4.95, 5.05, 5.15, 5.25, 5.35, 5.45, 5.55, 5.65, 5.75, 5.85, 5.95, 6.05, 6.15, 6.25, 6.35, 6.45, 6.55, 6.65, 6.75, 6.85, 6.95]","[4.571428571428571, 4.190476190476191, 3.142857142857143, 2.2857142857142856, 1.0952380952380953, 0.6190476190476191, 0.5238095238095238, 0.42857142857142855, 0.38095238095238093, 0.19047619047619047, 0.23809523809523808, 0.047619047619047616, 0.19047619047619047, 0.0, 0.09523809523809523, 0.04878048780487805, 0.0, 0.04878048780487805, 0.0, 0.024390243902439025, 0.0, 0.01639344262295082, 0.0, 0.01639344262295082, 0.01639344262295082]"
1283.0,7.497237292567414,1.3855099028434017,0.011054209888442044,"[4.55, 4.65, 4.75, 4.85, 4.95, 5.05, 5.15, 5.25, 5.35, 5.45, 5.55, 5.65, 5.75, 5.85, 5.95, 6.05, 6.15, 6.25, 6.35, 6.45, 6.55, 6.65, 6.75, 6.85, 6.95, 7.05, 7.15]","[4.571428571428571, 4.190476190476191, 3.142857142857143, 2.2857142857142856, 1.0952380952380953, 0.6190476190476191, 0.5238095238095238, 0.42857142857142855, 0.38095238095238093, 0.19047619047619047, 0.23809523809523808, 0.047619047619047616, 0.19047619047619047, 0.0, 0.09523809523809523, 0.04878048780487805, 0.0, 0.04878048780487805, 0.0, 0.024390243902439025, 0.0, 0.01639344262295082, 0.0, 0.01639344262295082, 0.01639344262295082, 0.008620689655172414, 0.008620689655172414]"
1284.0,7.701736205876473,1.4313574313454012,0.00811056663899107,"[4.55, 4.65, 4.75, 4.85, 4.95, 5.05, 5.15, 5.25, 5.35, 5.45, 5.55, 5.65, 5.75, 5.85, 5.95, 6.05, 6.15, 6.25, 6.35, 6.45, 6.55, 6.65, 6.75, 6.85, 6.95]","[4.571428571428571, 4.190476190476191, 3.142857142857143, 2.2857142857142856, 1.0952380952380953, 0.6190476190476191, 0.5238095238095238, 0.42857142857142855, 0.38095238095238093, 0.19047619047619047, 0.23809523809523808, 0.047619047619047616, 0.19047619047619047, 0.0, 0.09523809523809523, 0.04878048780487805, 0.0, 0.04878048780487805, 0.0, 0.024390243902439025, 0.0, 0.012345679012345678, 0.0, 0.012345679012345678, 0.012345679012345678]"
1285.0,7.701736205876473,1.4313574313454012,0.005061356214394076,"[4.55, 4.65, 4.75, 4.85, 4.95, 5.05, 5.15, 5.25, 5.35, 5.45, 5.55, 5.65, 5.75, 5.85, 5.95, 6.05, 6.15, 6.25, 6.35, 6.45, 6.55, 6.65, 6.75, 6.85, 6.95]","[4.571428571428571, 4.190476190476191, 3.142857142857143, 2.2857142857142856, 1.0952380952380953, 0.6190476190476191, 0.5238095238095238, 0.42857142857142855, 0.38095238095238093, 0.19047619047619047, 0.23809523809523808, 0.047619047619047616, 0.19047619047619047, 0.0, 0.09523809523809523, 0.04878048780487805, 0.0, 0.04878048780487805, 0.0, 0.024390243902439025, 0.0, 0.012345679012345678, 0.0, 0.012345679012345678, 0.012345679012345678]"
1286.0,7.534413192334835,1.3938622695268,0.010843019735916943,"[4.55, 4.65, 4.75, 4.85, 4.95, 5.05, 5.15, 5.25, 5.35, 5.45, 5.55, 5.65, 5.75, 5.85, 5.95, 6.05, 6.15, 6.25, 6.35, 6.45, 6.55, 6.65, 6.75, 6.85, 6.95, 7.05, 7.15]","[4.571428571428571, 4.190476190476191, 3.142857142857143, 2.2857142857142856, 1.0952380952380953, 0.6190476190476191, 0.5238095238095238, 0.42857142857142855, 0.38095238095238093, 0.19047619047619047, 0.23809523809523808, 0.047619047619047616, 0.19047619047619047, 0.0, 0.09523809523809523, 0.04878048780487805, 0.0, 0.04878048780487805, 0.0, 0.024390243902439025, 0.0, 0.012345679012345678, 0.0, 0.012345679012345678, 0.012345679012345678, 0.008620689655172414, 0.008620689655172414]"
1287.0,7.581972566260642,1.4044420107083535,0.009447761315297332,"[4.55, 4.65, 4.75, 4.85, 4.95, 5.05, 5.15, 5.25, 5.35, 5.45, 5.55, 5.65, 5.75, 5.85, 5.95, 6.05, 6.15, 6.25, 6.35, 6.45, 6.55, 6.65, 6.75, 6.85, 6.95]","[4.571428571428571, 4.190476190476191, 3.142857142857143, 2.2857142857142856, 1.0952380952380953, 0.6190476190476191, 0.5238095238095238, 0.42857142857142855, 0.38095238095238093, 0.19047619047619047, 0.23809523809523808, 0.047619047619047616, 0.19047619047619047, 0.0, 0.09523809523809523, 0.04878048780487805, 0.0, 0.04878048780487805, 0.0, 0.024390243902439025, 0.009900990099009901, 0.019801980198019802, 0.0, 0.009900990099009901, 0.009900990099009901]"
1288.0,7.432671709566983,1.37097705117856,0.011878256216479414,"[4.55, 4.65, 4.75, 4.85, 4.95, 5.05, 5.15, 5.25, 5.35, 5.45, 5.55, 5.65, 5.75, 5.85, 5.95, 6.05, 6.15, 6.25, 6.35, 6.45, 6.55, 6.65, 6.75, 6.85, 6.95, 7.05, 7.15]","[4.571428571428571, 4.190476190476191, 3.142857142857143, 2.2857142857142856, 1.0952380952380953, 0.6190476190476191, 0.5238095238095238, 0.42857142857142855, 0.38095238095238093, 0.19047619047619047, 0.23809523809523808, 0.047619047619047616, 0.19047619047619047, 0.0, 0.09523809523809523, 0.04878048780487805, 0.0, 0.04878048780487805, 0.0, 0.024390243902439025, 0.009900990099009901, 0.019801980198019802, 0.0, 0.009900990099009901, 0.009900990099009901, 0.008620689655172414, 0.008620689655172414]"
1289.0,7.254760025664531,1.3310173680085662,0.03126024528179497,"[4.55, 4.65, 4.75, 4.85, 4.95, 5.05, 5.15, 5.25, 5.35, 5.45, 5.55, 5.65, 5.75, 5.85, 5.95, 6.05, 6.15, 6.25, 6.35, 6.45, 6.55, 6.65, 6.75, 6.85, 6.95, 7.05, 7.15]","[4.571428571428571, 4.190476190476191, 3.142857142857143, 2.2857142857142856, 1.0952380952380953, 0.6190476190476191, 0.5238095238095238, 0.42857142857142855, 0.38095238095238093, 0.19047619047619047, 0.23809523809523808, 0.047619047619047616, 0.19047619047619047, 0.0, 0.09523809523809523, 0.04878048780487805, 0.0, 0.04878048780487805, 0.0, 0.024390243902439025, 0.008620689655172414, 0.02586206896551724, 0.008620689655172414, 0.008620689655172414, 0.017241379310344827, 0.008620689655172414, 0.008620689655172414]"
1290.0,7.446831189755176,1.373910975611582,0.02403206059952473,"[4.55, 4.65, 4.75, 4.85, 4.95, 5.05, 5.15, 5.25, 5.35, 5.45, 5.55, 5.65, 5.75, 5.85, 5.95, 6.05, 6.15, 6.25, 6.35, 6.45, 6.55, 6.65, 6.75, 6.85, 6.95]","[4.571428571428571, 4.190476190476191, 3.142857142857143, 2.2857142857142856, 1.0952380952380953, 0.6190476190476191, 0.5238095238095238, 0.42857142857142855, 0.38095238095238093, 0.19047619047619047, 0.23809523809523808, 0.047619047619047616, 0.19047619047619047, 0.0, 0.09523809523809523, 0.06557377049180328, 0.01639344262295082, 0.04918032786885246, 0.0, 0.04918032786885246, 0.0, 0.01639344262295082, 0.0, 0.01639344262295082, 0.01639344262295082]"
1291.0,7.446831189755176,1.373910975611582,0.01253050541054685,"[4.55, 4.65, 4.75, 4.85, 4.95, 5.05, 5.15, 5.25, 5.35, 5.45, 5.55, 5.65, 5.75, 5.85, 5.95, 6.05, 6.15, 6.25, 6.35, 6.45, 6.55, 6.65, 6.75, 6.85, 6.95]","[4.571428571428571, 4.190476190476191, 3.142857142857143, 2.2857142857142856, 1.0952380952380953, 0.6190476190476191, 0.5238095238095238, 0.42857142857142855, 0.38095238095238093, 0.19047619047619047, 0.23809523809523808, 0.047619047619047616, 0.19047619047619047, 0.0, 0.09523809523809523, 0.06557377049180328, 0.01639344262295082, 0.04918032786885246, 0.0, 0.04918032786885246, 0.0, 0.01639344262295082, 0.0, 0.01639344262295082, 0.01639344262295082]"
1292.0,7.446831189755176,1.373910975611582,0.01253050541054685,"[4.55, 4.65, 4.75, 4.85, 4.95, 5.05, 5.15, 5.25, 5.35, 5.45, 5.55, 5.65, 5.75, 5.85, 5.95, 6.05, 6.15, 6.25, 6.35, 6.45, 6.55, 6.65, 6.75, 6.85, 6.95]","[4.571428571428571, 4.190476190476191, 3.142857142857143, 2.2857142857142856, 1.0952380952380953, 0.6190476190476191, 0.5238095238095238, 0.42857142857142855, 0.38095238095238093, 0.19047619047619047, 0.23809523809523808, 0.047619047619047616, 0.19047619047619047, 0.0, 0.09523809523809523, 0.06557377049180328, 0.01639344262295082, 0.04918032786885246, 0.0, 0.04918032786885246, 0.0, 0.01639344262295082, 0.0, 0.01639344262295082, 0.01639344262295082]"
1293.0,7.314587714993656,1.3442755533966697,0.025773173634330033,"[4.55, 4.65, 4.75, 4.85, 4.95, 5.05, 5.15, 5.25, 5.35, 5.45, 5.55, 5.65, 5.75, 5.85, 5.95, 6.05, 6.15, 6.25, 6.35, 6.45, 6.55, 6.65, 6.75, 6.85, 6.95, 7.05, 7.15]","[4.571428571428571, 4.190476190476191, 3.142857142857143, 2.2857142857142856, 1.0952380952380953, 0.6190476190476191, 0.5238095238095238, 0.42857142857142855, 0.38095238095238093, 0.19047619047619047, 0.23809523809523808, 0.047619047619047616, 0.19047619047619047, 0.0, 0.09523809523809523, 0.06557377049180328, 0.01639344262295082, 0.04918032786885246, 0.0, 0.04918032786885246, 0.0, 0.01639344262295082, 0.0, 0.01639344262295082, 0.01639344262295082, 0.008620689655172414, 0.008620689655172414]"
1294.0,7.482816387207833,1.3819914460086469,0.011014794975701415,"[4.55, 4.65, 4.75, 4.85, 4.95, 5.05, 5.15, 5.25, 5.35, 5.45, 5.55, 5.65, 5.75, 5.85, 5.95, 6.05, 6.15, 6.25, 6.35, 6.45, 6.55, 6.65, 6.75, 6.85, 6.95]","[4.571428571428571, 4.190476190476191, 3.142857142857143, 2.2857142857142856, 1.0952380952380953, 0.6190476190476191, 0.5238095238095238, 0.42857142857142855, 0.38095238095238093, 0.19047619047619047, 0.23809523809523808, 0.047619047619047616, 0.19047619047619047, 0.0, 0.09523809523809523, 0.06557377049180328, 0.01639344262295082, 0.04918032786885246, 0.0, 0.04918032786885246, 0.0, 0.012345679012345678, 0.0, 0.012345679012345678, 0.012345679012345678]"
1295.0,7.482816387207833,1.3819914460086469,0.007109070223170766,"[4.55, 4.65, 4.75, 4.85, 4.95, 5.05, 5.15, 5.25, 5.35, 5.45, 5.55, 5.65, 5.75, 5.85, 5.95, 6.05, 6.15, 6.25, 6.35, 6.45, 6.55, 6.65, 6.75, 6.85, 6.95]","[4.571428571428571, 4.190476190476191, 3.142857142857143, 2.2857142857142856, 1.0952380952380953, 0.6190476190476191, 0.5238095238095238, 0.42857142857142855, 0.38095238095238093, 0.19047619047619047, 0.23809523809523808, 0.047619047619047616, 0.19047619047619047, 0.0, 0.09523809523809523, 0.06557377049180328, 0.01639344262295082, 0.04918032786885246, 0.0, 0.04918032786885246, 0.0, 0.012345679012345678, 0.0, 0.012345679012345678, 0.012345679012345678]"
1296.0,7.351550263570358,1.35258072396669,0.013282222955022682,"[4.55, 4.65, 4.75, 4.85, 4.95, 5.05, 5.15, 5.25, 5.35, 5.45, 5.55, 5.65, 5.75, 5.85, 5.95, 6.05, 6.15, 6.25, 6.35, 6.45, 6.55, 6.65, 6.75, 6.85, 6.95, 7.05, 7.15]","[4.571428571428571, 4.190476190476191, 3.142857142857143, 2.2857142857142856, 1.0952380952380953, 0.6190476190476191, 0.5238095238095238, 0.42857142857142855, 0.38095238095238093, 0.19047619047619047, 0.23809523809523808, 0.047619047619047616, 0.19047619047619047, 0.0, 0.09523809523809523, 0.06557377049180328, 0.01639344262295082, 0.04918032786885246, 0.0, 0.04918032786885246, 0.0, 0.012345679012345678, 0.0, 0.012345679012345678, 0.012345679012345678, 0.008620689655172414, 0.008620689655172414]"
1297.0,7.391062709724633,1.3613622902982705,0.012109412366682771,"[4.55, 4.65, 4.75, 4.85, 4.95, 5.05, 5.15, 5.25, 5.35, 5.45, 5.55, 5.65, 5.75, 5.85, 5.95, 6.05, 6.15, 6.25, 6.35, 6.45, 6.55, 6.65, 6.75, 6.85, 6.95]","[4.571428571428571, 4.190476190476191, 3.142857142857143, 2.2857142857142856, 1.0952380952380953, 0.6190476190476191, 0.5238095238095238, 0.42857142857142855, 0.38095238095238093, 0.19047619047619047, 0.23809523809523808, 0.047619047619047616, 0.19047619047619047, 0.0, 0.09523809523809523, 0.06557377049180328, 0.01639344262295082, 0.04918032786885246, 0.0, 0.04918032786885246, 0.009900990099009901, 0.019801980198019802, 0.0, 0.009900990099009901, 0.009900990099009901]"
1298.0,7.27285479162037,1.3348727779437761,0.013796849366746921,"[4.55, 4.65, 4.75, 4.85, 4.95, 5.05, 5.15, 5.25, 5.35, 5.45, 5.55, 5.65, 5.75, 5.85, 5.95, 6.05, 6.15, 6.25, 6.35, 6.45, 6.55, 6.65, 6.75, 6.85, 6.95, 7.05, 7.15]","[4.571428571428571, 4.190476190476191, 3.142857142857143, 2.2857142857142856, 1.0952380952380953, 0.6190476190476191, 0.5238095238095238, 0.42857142857142855, 0.38095238095238093, 0.19047619047619047, 0.23809523809523808, 0.047619047619047616, 0.19047619047619047, 0.0, 0.09523809523809523, 0.06557377049180328, 0.01639344262295082, 0.04918032786885246, 0.0, 0.04918032786885246, 0.009900990099009901, 0.019801980198019802, 0.0, 0.009900990099009901, 0.009900990099009901, 0.008620689655172414, 0.008620689655172414]"
1299.0,7.1269009603786415,1.3020994444723981,0.032360810971199784,"[4.55, 4.65, 4.75, 4.85, 4.95, 5.05, 5.15, 5.25, 5.35, 5.45, 5.55, 5.65, 5.75, 5.85, 5.95, 6.05, 6.15, 6.25, 6.35, 6.45, 6.55, 6.65, 6.75, 6.85, 6.95, 7.05, 7.15]","[4.571428571428571, 4.190476190476191, 3.142857142857143, 2.2857142857142856, 1.0952380952380953, 0.6190476190476191, 0.5238095238095238, 0.42857142857142855, 0.38095238095238093, 0.19047619047619047, 0.23809523809523808, 0.047619047619047616, 0.19047619047619047, 0.0, 0.09523809523809523, 0.06557377049180328, 0.01639344262295082, 0.04918032786885246, 0.0, 0.04918032786885246, 0.008620689655172414, 0.02586206896551724, 0.008620689655172414, 0.008620689655172414, 0.017241379310344827, 0.008620689655172414, 0.008620689655172414]"
1300.0,7.549717993692596,1.3971111880178146,0.02003670234448127,"[4.55, 4.65, 4.75, 4.85, 4.95, 5.05, 5.15, 5.25, 5.35, 5.45, 5.55, 5.65, 5.75, 5.85, 5.95, 6.05, 6.15, 6.25, 6.35, 6.45, 6.55, 6.65, 6.75, 6.85, 6.95]","[4.571428571428571, 4.190476190476191, 3.142857142857143, 2.2857142857142856, 1.0952380952380953, 0.6190476190476191, 0.5238095238095238, 0.42857142857142855, 0.38095238095238093, 0.19047619047619047, 0.23809523809523808, 0.047619047619047616, 0.19047619047619047, 0.0, 0.09523809523809523, 0.04938271604938271, 0.012345679012345678, 0.04938271604938271, 0.0, 0.037037037037037035, 0.0, 0.012345679012345678, 0.0, 0.012345679012345678, 0.012345679012345678]"
1301.0,7.549717993692596,1.3971111880178146,0.010662865330776029,"[4.55, 4.65, 4.75, 4.85, 4.95, 5.05, 5.15, 5.25, 5.35, 5.45, 5.55, 5.65, 5.75, 5.85, 5.95, 6.05, 6.15, 6.25, 6.35, 6.45, 6.55, 6.65, 6.75, 6.85, 6.95]","[4.571428571428571, 4.190476190476191, 3.142857142857143, 2.2857142857142856, 1.0952380952380953, 0.6190476190476191, 0.5238095238095238, 0.42857142857142855, 0.38095238095238093, 0.19047619047619047, 0.23809523809523808, 0.047619047619047616, 0.19047619047619047, 0.0, 0.09523809523809523, 0.04938271604938271, 0.012345679012345678, 0.04938271604938271, 0.0, 0.037037037037037035, 0.0, 0.012345679012345678, 0.0, 0.012345679012345678, 0.012345679012345678]"
1302.0,7.422449469217055,1.3686228113706986,0.02276818932178609,"[4.55, 4.65, 4.75, 4.85, 4.95, 5.05, 5.15, 5.25, 5.35, 5.45, 5.55, 5.65, 5.75, 5.85, 5.95, 6.05, 6.15, 6.25, 6.35, 6.45, 6.55, 6.65, 6.75, 6.85, 6.95, 7.05, 7.15]","[4.571428571428571, 4.190476190476191, 3.142857142857143, 2.2857142857142856, 1.0952380952380953, 0.6190476190476191, 0.5238095238095238, 0.42857142857142855, 0.38095238095238093, 0.19047619047619047, 0.23809523809523808, 0.047619047619047616, 0.19047619047619047, 0.0, 0.09523809523809523, 0.04938271604938271, 0.012345679012345678, 0.04938271604938271, 0.0, 0.037037037037037035, 0.0, 0.012345679012345678, 0.0, 0.012345679012345678, 0.012345679012345678, 0.008620689655172414, 0.008620689655172414]"
1303.0,7.460285937649047,1.377018205283858,0.010976387634103073,"[4.55, 4.65, 4.75, 4.85, 4.95, 5.05, 5.15, 5.25, 5.35, 5.45, 5.55, 5.65, 5.75, 5.85, 5.95, 6.05, 6.15, 6.25, 6.35, 6.45, 6.55, 6.65, 6.75, 6.85, 6.95]","[4.571428571428571, 4.190476190476191, 3.142857142857143, 2.2857142857142856, 1.0952380952380953, 0.6190476190476191, 0.5238095238095238, 0.42857142857142855, 0.38095238095238093, 0.19047619047619047, 0.23809523809523808, 0.047619047619047616, 0.19047619047619047, 0.0, 0.09523809523809523, 0.04938271604938271, 0.012345679012345678, 0.04938271604938271, 0.0, 0.037037037037037035, 0.009900990099009901, 0.019801980198019802, 0.0, 0.009900990099009901, 0.009900990099009901]"
1304.0,7.344840035860908,1.3511733137056121,0.01268843118542935,"[4.55, 4.65, 4.75, 4.85, 4.95, 5.05, 5.15, 5.25, 5.35, 5.45, 5.55, 5.65, 5.75, 5.85, 5.95, 6.05, 6.15, 6.25, 6.35, 6.45, 6.55, 6.65, 6.75, 6.85, 6.95, 7.05, 7.15]","[4.571428571428571, 4.190476190476191, 3.142857142857143, 2.2857142857142856, 1.0952380952380953, 0.6190476190476191, 0.5238095238095238, 0.42857142857142855, 0.38095238095238093, 0.19047619047619047, 0.23809523809523808, 0.047619047619047616, 0.19047619047619047, 0.0, 0.09523809523809523, 0.04938271604938271, 0.012345679012345678, 0.04938271604938271, 0.0, 0.037037037037037035, 0.009900990099009901, 0.019801980198019802, 0.0, 0.009900990099009901, 0.009900990099009901, 0.008620689655172414, 0.008620689655172414]"
1305.0,7.202786575867825,1.319305216399143,0.03059823298523434,"[4.55, 4.65, 4.75, 4.85, 4.95, 5.05, 5.15, 5.25, 5.35, 5.45, 5.55, 5.65, 5.75, 5.85, 5.95, 6.05, 6.15, 6.25, 6.35, 6.45, 6.55, 6.65, 6.75, 6.85, 6.95, 7.05, 7.15]","[4.571428571428571, 4.190476190476191, 3.142857142857143, 2.2857142857142856, 1.0952380952380953, 0.6190476190476191, 0.5238095238095238, 0.42857142857142855, 0.38095238095238093, 0.19047619047619047, 0.23809523809523808, 0.047619047619047616, 0.19047619047619047, 0.0, 0.09523809523809523, 0.04938271604938271, 0.012345679012345678, 0.04938271604938271, 0.0, 0.037037037037037035, 0.008620689655172414, 0.02586206896551724, 0.008620689655172414, 0.008620689655172414, 0.017241379310344827, 0.008620689655172414, 0.008620689655172414]"
1306.0,7.361717343799435,1.3547391541427822,0.02392058775624395,"[4.55, 4.65, 4.75, 4.85, 4.95, 5.05, 5.15, 5.25, 5.35, 5.45, 5.55, 5.65, 5.75, 5.85, 5.95, 6.05, 6.15, 6.25, 6.35, 6.45, 6.55, 6.65, 6.75, 6.85, 6.95]","[4.571428571428571, 4.190476190476191, 3.142857142857143, 2.2857142857142856, 1.0952380952380953, 0.6190476190476191, 0.5238095238095238, 0.42857142857142855, 0.38095238095238093, 0.19047619047619047, 0.23809523809523808, 0.047619047619047616, 0.19047619047619047, 0.0, 0.09523809523809523, 0.0594059405940594, 0.019801980198019802, 0.04950495049504951, 0.0, 0.039603960396039604, 0.009900990099009901, 0.019801980198019802, 0.0, 0.009900990099009901, 0.009900990099009901]"
1307.0,7.262964027418531,1.3326440272934612,0.025434544168187162,"[4.55, 4.65, 4.75, 4.85, 4.95, 5.05, 5.15, 5.25, 5.35, 5.45, 5.55, 5.65, 5.75, 5.85, 5.95, 6.05, 6.15, 6.25, 6.35, 6.45, 6.55, 6.65, 6.75, 6.85, 6.95, 7.05, 7.15]","[4.571428571428571, 4.190476190476191, 3.142857142857143, 2.2857142857142856, 1.0952380952380953, 0.6190476190476191, 0.5238095238095238, 0.42857142857142855, 0.38095238095238093, 0.19047619047619047, 0.23809523809523808, 0.047619047619047616, 0.19047619047619047, 0.0, 0.09523809523809523, 0.0594059405940594, 0.019801980198019802, 0.04950495049504951, 0.0, 0.039603960396039604, 0.009900990099009901, 0.019801980198019802, 0.0, 0.009900990099009901, 0.009900990099009901, 0.008620689655172414, 0.008620689655172414]"
1308.0,7.1386986010873015,1.3047821882655015,0.031753011502998967,"[4.55, 4.65, 4.75, 4.85, 4.95, 5.05, 5.15, 5.25, 5.35, 5.45, 5.55, 5.65, 5.75, 5.85, 5.95, 6.05, 6.15, 6.25, 6.35, 6.45, 6.55, 6.65, 6.75, 6.85, 6.95, 7.05, 7.15]","[4.571428571428571, 4.190476190476191, 3.142857142857143, 2.2857142857142856, 1.0952380952380953, 0.6190476190476191, 0.5238095238095238, 0.42857142857142855, 0.38095238095238093, 0.19047619047619047, 0.23809523809523808, 0.047619047619047616, 0.19047619047619047, 0.0, 0.09523809523809523, 0.0594059405940594, 0.019801980198019802, 0.04950495049504951, 0.0, 0.039603960396039604, 0.008620689655172414, 0.02586206896551724, 0.008620689655172414, 0.008620689655172414, 0.017241379310344827, 0.008620689655172414, 0.008620689655172414]"
1309.0,7.032192295117158,1.2806396426921838,0.08646093309774205,"[4.55, 4.65, 4.75, 4.85, 4.95, 5.05, 5.15, 5.25, 5.35, 5.45, 5.55, 5.65, 5.75, 5.85, 5.95, 6.05, 6.15, 6.25, 6.35, 6.45, 6.55, 6.65, 6.75, 6.85, 6.95, 7.05, 7.15]","[4.571428571428571, 4.190476190476191, 3.142857142857143, 2.2857142857142856, 1.0952380952380953, 0.6190476190476191, 0.5238095238095238, 0.42857142857142855, 0.38095238095238093, 0.19047619047619047, 0.23809523809523808, 0.047619047619047616, 0.19047619047619047, 0.0, 0.09523809523809523, 0.06896551724137931, 0.02586206896551724, 0.05172413793103448, 0.017241379310344827, 0.034482758620689655, 0.008620689655172414, 0.02586206896551724, 0.008620689655172414, 0.008620689655172414, 0.017241379310344827, 0.008620689655172414, 0.008620689655172414]"
1310.0,7.637078102275011,1.416628188244246,0.02123077010387137,"[4.55, 4.65, 4.75, 4.85, 4.95, 5.05, 5.15, 5.25, 5.35, 5.45, 5.55, 5.65, 5.75, 5.85, 5.95, 6.05, 6.15, 6.25, 6.35, 6.45, 6.55, 6.65, 6.75, 6.85]","[4.571428571428571, 4.190476190476191, 3.142857142857143, 2.2857142857142856, 1.0952380952380953, 0.6190476190476191, 0.5238095238095238, 0.42857142857142855, 0.38095238095238093, 0.19047619047619047, 0.17073170731707318, 0.17073170731707318, 0.14634146341463414, 0.024390243902439025, 0.0975609756097561, 0.04878048780487805, 0.0, 0.04878048780487805, 0.0, 0.024390243902439025, 0.0, 0.024390243902439025, 0.0, 0.024390243902439025]"
1311.0,7.637078102275011,1.416628188244246,0.01082318911824059,"[4.55, 4.65, 4.75, 4.85, 4.95, 5.05, 5.15, 5.25, 5.35, 5.45, 5.55, 5.65, 5.75, 5.85, 5.95, 6.05, 6.15, 6.25, 6.35, 6.45, 6.55, 6.65, 6.75, 6.85]","[4.571428571428571, 4.190476190476191, 3.142857142857143, 2.2857142857142856, 1.0952380952380953, 0.6190476190476191, 0.5238095238095238, 0.42857142857142855, 0.38095238095238093, 0.19047619047619047, 0.17073170731707318, 0.17073170731707318, 0.14634146341463414, 0.024390243902439025, 0.0975609756097561, 0.04878048780487805, 0.0, 0.04878048780487805, 0.0, 0.024390243902439025, 0.0, 0.024390243902439025, 0.0, 0.024390243902439025]"
1312.0,7.637078102275011,1.416628188244246,0.01082318911824059,"[4.55, 4.65, 4.75, 4.85, 4.95, 5.05, 5.15, 5.25, 5.35, 5.45, 5.55, 5.65, 5.75, 5.85, 5.95, 6.05, 6.15, 6.25, 6.35, 6.45, 6.55, 6.65, 6.75, 6.85]","[4.571428571428571, 4.190476190476191, 3.142857142857143, 2.2857142857142856, 1.0952380952380953, 0.6190476190476191, 0.5238095238095238, 0.42857142857142855, 0.38095238095238093, 0.19047619047619047, 0.17073170731707318, 0.17073170731707318, 0.14634146341463414, 0.024390243902439025, 0.0975609756097561, 0.04878048780487805, 0.0, 0.04878048780487805, 0.0, 0.024390243902439025, 0.0, 0.024390243902439025, 0.0, 0.024390243902439025]"
1313.0,7.637078102275011,1.416628188244246,0.01082318911824059,"[4.55, 4.65, 4.75, 4.85, 4.95, 5.05, 5.15, 5.25, 5.35, 5.45, 5.55, 5.65, 5.75, 5.85, 5.95, 6.05, 6.15, 6.25, 6.35, 6.45, 6.55, 6.65, 6.75, 6.85]","[4.571428571428571, 4.190476190476191, 3.142857142857143, 2.2857142857142856, 1.0952380952380953, 0.6190476190476191, 0.5238095238095238, 0.42857142857142855, 0.38095238095238093, 0.19047619047619047, 0.17073170731707318, 0.17073170731707318, 0.14634146341463414, 0.024390243902439025, 0.0975609756097561, 0.04878048780487805, 0.0, 0.04878048780487805, 0.0, 0.024390243902439025, 0.0, 0.024390243902439025, 0.0, 0.024390243902439025]"
1314.0,7.500263785878475,1.3860609412122913,0.01947825786774775,"[4.55, 4.65, 4.75, 4.85, 4.95, 5.05, 5.15, 5.25, 5.35, 5.45, 5.55, 5.65, 5.75, 5.85, 5.95, 6.05, 6.15, 6.25, 6.35, 6.45, 6.55, 6.65, 6.75, 6.85, 6.95, 7.05, 7.15]","[4.571428571428571, 4.190476190476191, 3.142857142857143, 2.2857142857142856, 1.0952380952380953, 0.6190476190476191, 0.5238095238095238, 0.42857142857142855, 0.38095238095238093, 0.19047619047619047, 0.17073170731707318, 0.17073170731707318, 0.14634146341463414, 0.024390243902439025, 0.0975609756097561, 0.04878048780487805, 0.0, 0.04878048780487805, 0.0, 0.024390243902439025, 0.0, 0.024390243902439025, 0.0, 0.024390243902439025, 0.0, 0.008620689655172414, 0.008620689655172414]"
1315.0,7.594048275983272,1.4070169918259434,0.009468488200044478,"[4.55, 4.65, 4.75, 4.85, 4.95, 5.05, 5.15, 5.25, 5.35, 5.45, 5.55, 5.65, 5.75, 5.85, 5.95, 6.05, 6.15, 6.25, 6.35, 6.45, 6.55, 6.65, 6.75, 6.85, 6.95]","[4.571428571428571, 4.190476190476191, 3.142857142857143, 2.2857142857142856, 1.0952380952380953, 0.6190476190476191, 0.5238095238095238, 0.42857142857142855, 0.38095238095238093, 0.19047619047619047, 0.17073170731707318, 0.17073170731707318, 0.14634146341463414, 0.024390243902439025, 0.0975609756097561, 0.04878048780487805, 0.0, 0.04878048780487805, 0.0, 0.024390243902439025, 0.0, 0.01639344262295082, 0.0, 0.01639344262295082, 0.01639344262295082]"
1316.0,7.594048275983272,1.4070169918259434,0.005812765550039309,"[4.55, 4.65, 4.75, 4.85, 4.95, 5.05, 5.15, 5.25, 5.35, 5.45, 5.55, 5.65, 5.75, 5.85, 5.95, 6.05, 6.15, 6.25, 6.35, 6.45, 6.55, 6.65, 6.75, 6.85, 6.95]","[4.571428571428571, 4.190476190476191, 3.142857142857143, 2.2857142857142856, 1.0952380952380953, 0.6190476190476191, 0.5238095238095238, 0.42857142857142855, 0.38095238095238093, 0.19047619047619047, 0.17073170731707318, 0.17073170731707318, 0.14634146341463414, 0.024390243902439025, 0.0975609756097561, 0.04878048780487805, 0.0, 0.04878048780487805, 0.0, 0.024390243902439025, 0.0, 0.01639344262295082, 0.0, 0.01639344262295082, 0.01639344262295082]"
1317.0,7.594048275983272,1.4070169918259434,0.005812765550039309,"[4.55, 4.65, 4.75, 4.85, 4.95, 5.05, 5.15, 5.25, 5.35, 5.45, 5.55, 5.65, 5.75, 5.85, 5.95, 6.05, 6.15, 6.25, 6.35, 6.45, 6.55, 6.65, 6.75, 6.85, 6.95]","[4.571428571428571, 4.190476190476191, 3.142857142857143, 2.2857142857142856, 1.0952380952380953, 0.6190476190476191, 0.5238095238095238, 0.42857142857142855, 0.38095238095238093, 0.19047619047619047, 0.17073170731707318, 0.17073170731707318, 0.14634146341463414, 0.024390243902439025, 0.0975609756097561, 0.04878048780487805, 0.0, 0.04878048780487805, 0.0, 0.024390243902439025, 0.0, 0.01639344262295082, 0.0, 0.01639344262295082, 0.01639344262295082]"
1318.0,7.4587507707316405,1.3767987593208988,0.009362866112886154,"[4.55, 4.65, 4.75, 4.85, 4.95, 5.05, 5.15, 5.25, 5.35, 5.45, 5.55, 5.65, 5.75, 5.85, 5.95, 6.05, 6.15, 6.25, 6.35, 6.45, 6.55, 6.65, 6.75, 6.85, 6.95, 7.05, 7.15]","[4.571428571428571, 4.190476190476191, 3.142857142857143, 2.2857142857142856, 1.0952380952380953, 0.6190476190476191, 0.5238095238095238, 0.42857142857142855, 0.38095238095238093, 0.19047619047619047, 0.17073170731707318, 0.17073170731707318, 0.14634146341463414, 0.024390243902439025, 0.0975609756097561, 0.04878048780487805, 0.0, 0.04878048780487805, 0.0, 0.024390243902439025, 0.0, 0.01639344262295082, 0.0, 0.01639344262295082, 0.01639344262295082, 0.008620689655172414, 0.008620689655172414]"
1319.0,7.62448400908573,1.4138301408654963,0.009244894154733051,"[4.55, 4.65, 4.75, 4.85, 4.95, 5.05, 5.15, 5.25, 5.35, 5.45, 5.55, 5.65, 5.75, 5.85, 5.95, 6.05, 6.15, 6.25, 6.35, 6.45, 6.55, 6.65, 6.75, 6.85, 6.95]","[4.571428571428571, 4.190476190476191, 3.142857142857143, 2.2857142857142856, 1.0952380952380953, 0.6190476190476191, 0.5238095238095238, 0.42857142857142855, 0.38095238095238093, 0.19047619047619047, 0.17073170731707318, 0.17073170731707318, 0.14634146341463414, 0.024390243902439025, 0.0975609756097561, 0.04878048780487805, 0.0, 0.04878048780487805, 0.0, 0.024390243902439025, 0.0, 0.012345679012345678, 0.0, 0.012345679012345678, 0.012345679012345678]"
1320.0,7.62448400908573,1.4138301408654963,0.005844204299123913,"[4.55, 4.65, 4.75, 4.85, 4.95, 5.05, 5.15, 5.25, 5.35, 5.45, 5.55, 5.65, 5.75, 5.85, 5.95, 6.05, 6.15, 6.25, 6.35, 6.45, 6.55, 6.65, 6.75, 6.85, 6.95]","[4.571428571428571, 4.190476190476191, 3.142857142857143, 2.2857142857142856, 1.0952380952380953, 0.6190476190476191, 0.5238095238095238, 0.42857142857142855, 0.38095238095238093, 0.19047619047619047, 0.17073170731707318, 0.17073170731707318, 0.14634146341463414, 0.024390243902439025, 0.0975609756097561, 0.04878048780487805, 0.0, 0.04878048780487805, 0.0, 0.024390243902439025, 0.0, 0.012345679012345678, 0.0, 0.012345679012345678, 0.012345679012345678]"
1321.0,7.490455294632156,1.3838990259572579,0.009230264164064389,"[4.55, 4.65, 4.75, 4.85, 4.95, 5.05, 5.15, 5.25, 5.35, 5.45, 5.55, 5.65, 5.75, 5.85, 5.95, 6.05, 6.15, 6.25, 6.35, 6.45, 6.55, 6.65, 6.75, 6.85, 6.95, 7.05, 7.15]","[4.571428571428571, 4.190476190476191, 3.142857142857143, 2.2857142857142856, 1.0952380952380953, 0.6190476190476191, 0.5238095238095238, 0.42857142857142855, 0.38095238095238093, 0.19047619047619047, 0.17073170731707318, 0.17073170731707318, 0.14634146341463414, 0.024390243902439025, 0.0975609756097561, 0.04878048780487805, 0.0, 0.04878048780487805, 0.0, 0.024390243902439025, 0.0, 0.012345679012345678, 0.0, 0.012345679012345678, 0.012345679012345678, 0.008620689655172414, 0.008620689655172414]"
1322.0,7.529806711112162,1.3926116470857874,0.008690196564181584,"[4.55, 4.65, 4.75, 4.85, 4.95, 5.05, 5.15, 5.25, 5.35, 5.45, 5.55, 5.65, 5.75, 5.85, 5.95, 6.05, 6.15, 6.25, 6.35, 6.45, 6.55, 6.65, 6.75, 6.85, 6.95]","[4.571428571428571, 4.190476190476191, 3.142857142857143, 2.2857142857142856, 1.0952380952380953, 0.6190476190476191, 0.5238095238095238, 0.42857142857142855, 0.38095238095238093, 0.19047619047619047, 0.17073170731707318, 0.17073170731707318, 0.14634146341463414, 0.024390243902439025, 0.0975609756097561, 0.04878048780487805, 0.0, 0.04878048780487805, 0.0, 0.024390243902439025, 0.009900990099009901, 0.019801980198019802, 0.0, 0.009900990099009901, 0.009900990099009901]"
1323.0,7.407643706803065,1.365328524190815,0.010219615883749915,"[4.55, 4.65, 4.75, 4.85, 4.95, 5.05, 5.15, 5.25, 5.35, 5.45, 5.55, 5.65, 5.75, 5.85, 5.95, 6.05, 6.15, 6.25, 6.35, 6.45, 6.55, 6.65, 6.75, 6.85, 6.95, 7.05, 7.15]","[4.571428571428571, 4.190476190476191, 3.142857142857143, 2.2857142857142856, 1.0952380952380953, 0.6190476190476191, 0.5238095238095238, 0.42857142857142855, 0.38095238095238093, 0.19047619047619047, 0.17073170731707318, 0.17073170731707318, 0.14634146341463414, 0.024390243902439025, 0.0975609756097561, 0.04878048780487805, 0.0, 0.04878048780487805, 0.0, 0.024390243902439025, 0.009900990099009901, 0.019801980198019802, 0.0, 0.009900990099009901, 0.009900990099009901, 0.008620689655172414, 0.008620689655172414]"
1324.0,7.25779978945484,1.331796947660363,0.027816422108028368,"[4.55, 4.65, 4.75, 4.85, 4.95, 5.05, 5.15, 5.25, 5.35, 5.45, 5.55, 5.65, 5.75, 5.85, 5.95, 6.05, 6.15, 6.25, 6.35, 6.45, 6.55, 6.65, 6.75, 6.85, 6.95, 7.05, 7.15]","[4.571428571428571, 4.190476190476191, 3.142857142857143, 2.2857142857142856, 1.0952380952380953, 0.6190476190476191, 0.5238095238095238, 0.42857142857142855, 0.38095238095238093, 0.19047619047619047, 0.17073170731707318, 0.17073170731707318, 0.14634146341463414, 0.024390243902439025, 0.0975609756097561, 0.04878048780487805, 0.0, 0.04878048780487805, 0.0, 0.024390243902439025, 0.008620689655172414, 0.02586206896551724, 0.008620689655172414, 0.008620689655172414, 0.017241379310344827, 0.008620689655172414, 0.008620689655172414]"
1325.0,7.42017686031549,1.367897435879328,0.010982071535634387,"[4.55, 4.65, 4.75, 4.85, 4.95, 5.05, 5.15, 5.25, 5.35, 5.45, 5.55, 5.65, 5.75, 5.85, 5.95, 6.05, 6.15, 6.25, 6.35, 6.45, 6.55, 6.65, 6.75, 6.85, 6.95]","[4.571428571428571, 4.190476190476191, 3.142857142857143, 2.2857142857142856, 1.0952380952380953, 0.6190476190476191, 0.5238095238095238, 0.42857142857142855, 0.38095238095238093, 0.19047619047619047, 0.17073170731707318, 0.17073170731707318, 0.14634146341463414, 0.024390243902439025, 0.0975609756097561, 0.06557377049180328, 0.01639344262295082, 0.04918032786885246, 0.0, 0.04918032786885246, 0.0, 0.01639344262295082, 0.0, 0.01639344262295082, 0.01639344262295082]"
1326.0,7.42017686031549,1.367897435879328,0.006429018369322687,"[4.55, 4.65, 4.75, 4.85, 4.95, 5.05, 5.15, 5.25, 5.35, 5.45, 5.55, 5.65, 5.75, 5.85, 5.95, 6.05, 6.15, 6.25, 6.35, 6.45, 6.55, 6.65, 6.75, 6.85, 6.95]","[4.571428571428571, 4.190476190476191, 3.142857142857143, 2.2857142857142856, 1.0952380952380953, 0.6190476190476191, 0.5238095238095238, 0.42857142857142855, 0.38095238095238093, 0.19047619047619047, 0.17073170731707318, 0.17073170731707318, 0.14634146341463414, 0.024390243902439025, 0.0975609756097561, 0.06557377049180328, 0.01639344262295082, 0.04918032786885246, 0.0, 0.04918032786885246, 0.0, 0.01639344262295082, 0.0, 0.01639344262295082, 0.01639344262295082]"
1327.0,7.42017686031549,1.367897435879328,0.006429018369322687,"[4.55, 4.65, 4.75, 4.85, 4.95, 5.05, 5.15, 5.25, 5.35, 5.45, 5.55, 5.65, 5.75, 5.85, 5.95, 6.05, 6.15, 6.25, 6.35, 6.45, 6.55, 6.65, 6.75, 6.85, 6.95]","[4.571428571428571, 4.190476190476191, 3.142857142857143, 2.2857142857142856, 1.0952380952380953, 0.6190476190476191, 0.5238095238095238, 0.42857142857142855, 0.38095238095238093, 0.19047619047619047, 0.17073170731707318, 0.17073170731707318, 0.14634146341463414, 0.024390243902439025, 0.0975609756097561, 0.06557377049180328, 0.01639344262295082, 0.04918032786885246, 0.0, 0.04918032786885246, 0.0, 0.01639344262295082, 0.0, 0.01639344262295082, 0.01639344262295082]"
1328.0,7.309370183611458,1.3431607225707813,0.011678469136342762,"[4.55, 4.65, 4.75, 4.85, 4.95, 5.05, 5.15, 5.25, 5.35, 5.45, 5.55, 5.65, 5.75, 5.85, 5.95, 6.05, 6.15, 6.25, 6.35, 6.45, 6.55, 6.65, 6.75, 6.85, 6.95, 7.05, 7.15]","[4.571428571428571, 4.190476190476191, 3.142857142857143, 2.2857142857142856, 1.0952380952380953, 0.6190476190476191, 0.5238095238095238, 0.42857142857142855, 0.38095238095238093, 0.19047619047619047, 0.17073170731707318, 0.17073170731707318, 0.14634146341463414, 0.024390243902439025, 0.0975609756097561, 0.06557377049180328, 0.01639344262295082, 0.04918032786885246, 0.0, 0.04918032786885246, 0.0, 0.01639344262295082, 0.0, 0.01639344262295082, 0.01639344262295082, 0.008620689655172414, 0.008620689655172414]"
1329.0,7.451026971615518,1.3748019324370027,0.005437217708017061,"[4.55, 4.65, 4.75, 4.85, 4.95, 5.05, 5.15, 5.25, 5.35, 5.45, 5.55, 5.65, 5.75, 5.85, 5.95, 6.05, 6.15, 6.25, 6.35, 6.45, 6.55, 6.65, 6.75, 6.85, 6.95]","[4.571428571428571, 4.190476190476191, 3.142857142857143, 2.2857142857142856, 1.0952380952380953, 0.6190476190476191, 0.5238095238095238, 0.42857142857142855, 0.38095238095238093, 0.19047619047619047, 0.17073170731707318, 0.17073170731707318, 0.14634146341463414, 0.024390243902439025, 0.0975609756097561, 0.06557377049180328, 0.01639344262295082, 0.04918032786885246, 0.0, 0.04918032786885246, 0.0, 0.012345679012345678, 0.0, 0.012345679012345678, 0.012345679012345678]"
1330.0,7.451026971615518,1.3748019324370027,0.003844470113922464,"[4.55, 4.65, 4.75, 4.85, 4.95, 5.05, 5.15, 5.25, 5.35, 5.45, 5.55, 5.65, 5.75, 5.85, 5.95, 6.05, 6.15, 6.25, 6.35, 6.45, 6.55, 6.65, 6.75, 6.85, 6.95]","[4.571428571428571, 4.190476190476191, 3.142857142857143, 2.2857142857142856, 1.0952380952380953, 0.6190476190476191, 0.5238095238095238, 0.42857142857142855, 0.38095238095238093, 0.19047619047619047, 0.17073170731707318, 0.17073170731707318, 0.14634146341463414, 0.024390243902439025, 0.0975609756097561, 0.06557377049180328, 0.01639344262295082, 0.04918032786885246, 0.0, 0.04918032786885246, 0.0, 0.012345679012345678, 0.0, 0.012345679012345678, 0.012345679012345678]"
1331.0,7.3409474934228784,1.3502307934232705,0.006772827318934542,"[4.55, 4.65, 4.75, 4.85, 4.95, 5.05, 5.15, 5.25, 5.35, 5.45, 5.55, 5.65, 5.75, 5.85, 5.95, 6.05, 6.15, 6.25, 6.35, 6.45, 6.55, 6.65, 6.75, 6.85, 6.95, 7.05, 7.15]","[4.571428571428571, 4.190476190476191, 3.142857142857143, 2.2857142857142856, 1.0952380952380953, 0.6190476190476191, 0.5238095238095238, 0.42857142857142855, 0.38095238095238093, 0.19047619047619047, 0.17073170731707318, 0.17073170731707318, 0.14634146341463414, 0.024390243902439025, 0.0975609756097561, 0.06557377049180328, 0.01639344262295082, 0.04918032786885246, 0.0, 0.04918032786885246, 0.0, 0.012345679012345678, 0.0, 0.012345679012345678, 0.012345679012345678, 0.008620689655172414, 0.008620689655172414]"
1332.0,7.374829442164112,1.3577240359225378,0.006064452047069447,"[4.55, 4.65, 4.75, 4.85, 4.95, 5.05, 5.15, 5.25, 5.35, 5.45, 5.55, 5.65, 5.75, 5.85, 5.95, 6.05, 6.15, 6.25, 6.35, 6.45, 6.55, 6.65, 6.75, 6.85, 6.95]","[4.571428571428571, 4.190476190476191, 3.142857142857143, 2.2857142857142856, 1.0952380952380953, 0.6190476190476191, 0.5238095238095238, 0.42857142857142855, 0.38095238095238093, 0.19047619047619047, 0.17073170731707318, 0.17073170731707318, 0.14634146341463414, 0.024390243902439025, 0.0975609756097561, 0.06557377049180328, 0.01639344262295082, 0.04918032786885246, 0.0, 0.04918032786885246, 0.009900990099009901, 0.019801980198019802, 0.0, 0.009900990099009901, 0.009900990099009901]"
1333.0,7.273878374608279,1.335189741742092,0.0069312248762741545,"[4.55, 4.65, 4.75, 4.85, 4.95, 5.05, 5.15, 5.25, 5.35, 5.45, 5.55, 5.65, 5.75, 5.85, 5.95, 6.05, 6.15, 6.25, 6.35, 6.45, 6.55, 6.65, 6.75, 6.85, 6.95, 7.05, 7.15]","[4.571428571428571, 4.190476190476191, 3.142857142857143, 2.2857142857142856, 1.0952380952380953, 0.6190476190476191, 0.5238095238095238, 0.42857142857142855, 0.38095238095238093, 0.19047619047619047, 0.17073170731707318, 0.17073170731707318, 0.14634146341463414, 0.024390243902439025, 0.0975609756097561, 0.06557377049180328, 0.01639344262295082, 0.04918032786885246, 0.0, 0.04918032786885246, 0.009900990099009901, 0.019801980198019802, 0.0, 0.009900990099009901, 0.009900990099009901, 0.008620689655172414, 0.008620689655172414]"
1334.0,7.146585447616185,1.3067188648363115,0.014745817246211873,"[4.55, 4.65, 4.75, 4.85, 4.95, 5.05, 5.15, 5.25, 5.35, 5.45, 5.55, 5.65, 5.75, 5.85, 5.95, 6.05, 6.15, 6.25, 6.35, 6.45, 6.55, 6.65, 6.75, 6.85, 6.95, 7.05, 7.15]","[4.571428571428571, 4.190476190476191, 3.142857142857143, 2.2857142857142856, 1.0952380952380953, 0.6190476190476191, 0.5238095238095238, 0.42857142857142855, 0.38095238095238093, 0.19047619047619047, 0.17073170731707318, 0.17073170731707318, 0.14634146341463414, 0.024390243902439025, 0.0975609756097561, 0.06557377049180328, 0.01639344262295082, 0.04918032786885246, 0.0, 0.04918032786885246, 0.008620689655172414, 0.02586206896551724, 0.008620689655172414, 0.008620689655172414, 0.017241379310344827, 0.008620689655172414, 0.008620689655172414]"
1335.0,7.509342470279921,1.3879545667550428,0.00940417117062405,"[4.55, 4.65, 4.75, 4.85, 4.95, 5.05, 5.15, 5.25, 5.35, 5.45, 5.55, 5.65, 5.75, 5.85, 5.95, 6.05, 6.15, 6.25, 6.35, 6.45, 6.55, 6.65, 6.75, 6.85, 6.95]","[4.571428571428571, 4.190476190476191, 3.142857142857143, 2.2857142857142856, 1.0952380952380953, 0.6190476190476191, 0.5238095238095238, 0.42857142857142855, 0.38095238095238093, 0.19047619047619047, 0.17073170731707318, 0.17073170731707318, 0.14634146341463414, 0.024390243902439025, 0.0975609756097561, 0.04938271604938271, 0.012345679012345678, 0.04938271604938271, 0.0, 0.037037037037037035, 0.0, 0.012345679012345678, 0.0, 0.012345679012345678, 0.012345679012345678]"
1336.0,7.509342470279921,1.3879545667550428,0.005692938748101063,"[4.55, 4.65, 4.75, 4.85, 4.95, 5.05, 5.15, 5.25, 5.35, 5.45, 5.55, 5.65, 5.75, 5.85, 5.95, 6.05, 6.15, 6.25, 6.35, 6.45, 6.55, 6.65, 6.75, 6.85, 6.95]","[4.571428571428571, 4.190476190476191, 3.142857142857143, 2.2857142857142856, 1.0952380952380953, 0.6190476190476191, 0.5238095238095238, 0.42857142857142855, 0.38095238095238093, 0.19047619047619047, 0.17073170731707318, 0.17073170731707318, 0.14634146341463414, 0.024390243902439025, 0.0975609756097561, 0.04938271604938271, 0.012345679012345678, 0.04938271604938271, 0.0, 0.037037037037037035, 0.0, 0.012345679012345678, 0.0, 0.012345679012345678, 0.012345679012345678]"
1337.0,7.402033305126875,1.3640212987703317,0.010339210552579034,"[4.55, 4.65, 4.75, 4.85, 4.95, 5.05, 5.15, 5.25, 5.35, 5.45, 5.55, 5.65, 5.75, 5.85, 5.95, 6.05, 6.15, 6.25, 6.35, 6.45, 6.55, 6.65, 6.75, 6.85, 6.95, 7.05, 7.15]","[4.571428571428571, 4.190476190476191, 3.142857142857143, 2.2857142857142856, 1.0952380952380953, 0.6190476190476191, 0.5238095238095238, 0.42857142857142855, 0.38095238095238093, 0.19047619047619047, 0.17073170731707318, 0.17073170731707318, 0.14634146341463414, 0.024390243902439025, 0.0975609756097561, 0.04938271604938271, 0.012345679012345678, 0.04938271604938271, 0.0, 0.037037037037037035, 0.0, 0.012345679012345678, 0.0, 0.012345679012345678, 0.012345679012345678, 0.008620689655172414, 0.008620689655172414]"
1338.0,7.434698572953336,1.3712347746065947,0.005462202051086693,"[4.55, 4.65, 4.75, 4.85, 4.95, 5.05, 5.15, 5.25, 5.35, 5.45, 5.55, 5.65, 5.75, 5.85, 5.95, 6.05, 6.15, 6.25, 6.35, 6.45, 6.55, 6.65, 6.75, 6.85, 6.95]","[4.571428571428571, 4.190476190476191, 3.142857142857143, 2.2857142857142856, 1.0952380952380953, 0.6190476190476191, 0.5238095238095238, 0.42857142857142855, 0.38095238095238093, 0.19047619047619047, 0.17073170731707318, 0.17073170731707318, 0.14634146341463414, 0.024390243902439025, 0.0975609756097561, 0.04938271604938271, 0.012345679012345678, 0.04938271604938271, 0.0, 0.037037037037037035, 0.009900990099009901, 0.019801980198019802, 0.0, 0.009900990099009901, 0.009900990099009901]"
1339.0,7.335776372824327,1.3491722652277358,0.006413083604142923,"[4.55, 4.65, 4.75, 4.85, 4.95, 5.05, 5.15, 5.25, 5.35, 5.45, 5.55, 5.65, 5.75, 5.85, 5.95, 6.05, 6.15, 6.25, 6.35, 6.45, 6.55, 6.65, 6.75, 6.85, 6.95, 7.05, 7.15]","[4.571428571428571, 4.190476190476191, 3.142857142857143, 2.2857142857142856, 1.0952380952380953, 0.6190476190476191, 0.5238095238095238, 0.42857142857142855, 0.38095238095238093, 0.19047619047619047, 0.17073170731707318, 0.17073170731707318, 0.14634146341463414, 0.024390243902439025, 0.0975609756097561, 0.04938271604938271, 0.012345679012345678, 0.04938271604938271, 0.0, 0.037037037037037035, 0.009900990099009901, 0.019801980198019802, 0.0, 0.009900990099009901, 0.009900990099009901, 0.008620689655172414, 0.008620689655172414]"
1340.0,7.211585799658197,1.3214164343018076,0.013951025181962907,"[4.55, 4.65, 4.75, 4.85, 4.95, 5.05, 5.15, 5.25, 5.35, 5.45, 5.55, 5.65, 5.75, 5.85, 5.95, 6.05, 6.15, 6.25, 6.35, 6.45, 6.55, 6.65, 6.75, 6.85, 6.95, 7.05, 7.15]","[4.571428571428571, 4.190476190476191, 3.142857142857143, 2.2857142857142856, 1.0952380952380953, 0.6190476190476191, 0.5238095238095238, 0.42857142857142855, 0.38095238095238093, 0.19047619047619047, 0.17073170731707318, 0.17073170731707318, 0.14634146341463414, 0.024390243902439025, 0.0975609756097561, 0.04938271604938271, 0.012345679012345678, 0.04938271604938271, 0.0, 0.037037037037037035, 0.008620689655172414, 0.02586206896551724, 0.008620689655172414, 0.008620689655172414, 0.017241379310344827, 0.008620689655172414, 0.008620689655172414]"
1341.0,7.351582063662603,1.352491744040073,0.010690062698089257,"[4.55, 4.65, 4.75, 4.85, 4.95, 5.05, 5.15, 5.25, 5.35, 5.45, 5.55, 5.65, 5.75, 5.85, 5.95, 6.05, 6.15, 6.25, 6.35, 6.45, 6.55, 6.65, 6.75, 6.85, 6.95]","[4.571428571428571, 4.190476190476191, 3.142857142857143, 2.2857142857142856, 1.0952380952380953, 0.6190476190476191, 0.5238095238095238, 0.42857142857142855, 0.38095238095238093, 0.19047619047619047, 0.17073170731707318, 0.17073170731707318, 0.14634146341463414, 0.024390243902439025, 0.0975609756097561, 0.0594059405940594, 0.019801980198019802, 0.04950495049504951, 0.0, 0.039603960396039604, 0.009900990099009901, 0.019801980198019802, 0.0, 0.009900990099009901, 0.009900990099009901]"
1342.0,7.264833562398091,1.3331576762370705,0.01131051887767834,"[4.55, 4.65, 4.75, 4.85, 4.95, 5.05, 5.15, 5.25, 5.35, 5.45, 5.55, 5.65, 5.75, 5.85, 5.95, 6.05, 6.15, 6.25, 6.35, 6.45, 6.55, 6.65, 6.75, 6.85, 6.95, 7.05, 7.15]","[4.571428571428571, 4.190476190476191, 3.142857142857143, 2.2857142857142856, 1.0952380952380953, 0.6190476190476191, 0.5238095238095238, 0.42857142857142855, 0.38095238095238093, 0.19047619047619047, 0.17073170731707318, 0.17073170731707318, 0.14634146341463414, 0.024390243902439025, 0.0975609756097561, 0.0594059405940594, 0.019801980198019802, 0.04950495049504951, 0.0, 0.039603960396039604, 0.009900990099009901, 0.019801980198019802, 0.0, 0.009900990099009901, 0.009900990099009901, 0.008620689655172414, 0.008620689655172414]"
1343.0,7.153993907321842,1.3084019926938095,0.01446287127399058,"[4.55, 4.65, 4.75, 4.85, 4.95, 5.05, 5.15, 5.25, 5.35, 5.45, 5.55, 5.65, 5.75, 5.85, 5.95, 6.05, 6.15, 6.25, 6.35, 6.45, 6.55, 6.65, 6.75, 6.85, 6.95, 7.05, 7.15]","[4.571428571428571, 4.190476190476191, 3.142857142857143, 2.2857142857142856, 1.0952380952380953, 0.6190476190476191, 0.5238095238095238, 0.42857142857142855, 0.38095238095238093, 0.19047619047619047, 0.17073170731707318, 0.17073170731707318, 0.14634146341463414, 0.024390243902439025, 0.0975609756097561, 0.0594059405940594, 0.019801980198019802, 0.04950495049504951, 0.0, 0.039603960396039604, 0.008620689655172414, 0.02586206896551724, 0.008620689655172414, 0.008620689655172414, 0.017241379310344827, 0.008620689655172414, 0.008620689655172414]"
1344.0,7.057158113983617,1.2865178166414655,0.032114324284894476,"[4.55, 4.65, 4.75, 4.85, 4.95, 5.05, 5.15, 5.25, 5.35, 5.45, 5.55, 5.65, 5.75, 5.85, 5.95, 6.05, 6.15, 6.25, 6.35, 6.45, 6.55, 6.65, 6.75, 6.85, 6.95, 7.05, 7.15]","[4.571428571428571, 4.190476190476191, 3.142857142857143, 2.2857142857142856, 1.0952380952380953, 0.6190476190476191, 0.5238095238095238, 0.42857142857142855, 0.38095238095238093, 0.19047619047619047, 0.17073170731707318, 0.17073170731707318, 0.14634146341463414, 0.024390243902439025, 0.0975609756097561, 0.06896551724137931, 0.02586206896551724, 0.05172413793103448, 0.017241379310344827, 0.034482758620689655, 0.008620689655172414, 0.02586206896551724, 0.008620689655172414, 0.008620689655172414, 0.017241379310344827, 0.008620689655172414, 0.008620689655172414]"
1345.0,7.289782143468624,1.3383880171484157,0.022338769268501594,"[4.55, 4.65, 4.75, 4.85, 4.95, 5.05, 5.15, 5.25, 5.35, 5.45, 5.55, 5.65, 5.75, 5.85, 5.95, 6.05, 6.15, 6.25, 6.35, 6.45, 6.55, 6.65, 6.75, 6.85, 6.95]","[4.571428571428571, 4.190476190476191, 3.142857142857143, 2.2857142857142856, 1.0952380952380953, 0.6190476190476191, 0.5238095238095238, 0.42857142857142855, 0.38095238095238093, 0.19047619047619047, 0.16393442622950818, 0.18032786885245902, 0.13114754098360656, 0.08196721311475409, 0.13114754098360656, 0.06557377049180328, 0.01639344262295082, 0.04918032786885246, 0.0, 0.04918032786885246, 0.0, 0.01639344262295082, 0.0, 0.01639344262295082, 0.01639344262295082]"
1346.0,7.289782143468624,1.3383880171484157,0.011712530555144783,"[4.55, 4.65, 4.75, 4.85, 4.95, 5.05, 5.15, 5.25, 5.35, 5.45, 5.55, 5.65, 5.75, 5.85, 5.95, 6.05, 6.15, 6.25, 6.35, 6.45, 6.55, 6.65, 6.75, 6.85, 6.95]","[4.571428571428571, 4.190476190476191, 3.142857142857143, 2.2857142857142856, 1.0952380952380953, 0.6190476190476191, 0.5238095238095238, 0.42857142857142855, 0.38095238095238093, 0.19047619047619047, 0.16393442622950818, 0.18032786885245902, 0.13114754098360656, 0.08196721311475409, 0.13114754098360656, 0.06557377049180328, 0.01639344262295082, 0.04918032786885246, 0.0, 0.04918032786885246, 0.0, 0.01639344262295082, 0.0, 0.01639344262295082, 0.01639344262295082]"
1347.0,7.289782143468624,1.3383880171484157,0.011712530555144783,"[4.55, 4.65, 4.75, 4.85, 4.95, 5.05, 5.15, 5.25, 5.35, 5.45, 5.55, 5.65, 5.75, 5.85, 5.95, 6.05, 6.15, 6.25, 6.35, 6.45, 6.55, 6.65, 6.75, 6.85, 6.95]","[4.571428571428571, 4.190476190476191, 3.142857142857143, 2.2857142857142856, 1.0952380952380953, 0.6190476190476191, 0.5238095238095238, 0.42857142857142855, 0.38095238095238093, 0.19047619047619047, 0.16393442622950818, 0.18032786885245902, 0.13114754098360656, 0.08196721311475409, 0.13114754098360656, 0.06557377049180328, 0.01639344262295082, 0.04918032786885246, 0.0, 0.04918032786885246, 0.0, 0.01639344262295082, 0.0, 0.01639344262295082, 0.01639344262295082]"
1348.0,7.202001692115626,1.3188628352200382,0.020033777731701837,"[4.55, 4.65, 4.75, 4.85, 4.95, 5.05, 5.15, 5.25, 5.35, 5.45, 5.55, 5.65, 5.75, 5.85, 5.95, 6.05, 6.15, 6.25, 6.35, 6.45, 6.55, 6.65, 6.75, 6.85, 6.95, 7.05, 7.15]","[4.571428571428571, 4.190476190476191, 3.142857142857143, 2.2857142857142856, 1.0952380952380953, 0.6190476190476191, 0.5238095238095238, 0.42857142857142855, 0.38095238095238093, 0.19047619047619047, 0.16393442622950818, 0.18032786885245902, 0.13114754098360656, 0.08196721311475409, 0.13114754098360656, 0.06557377049180328, 0.01639344262295082, 0.04918032786885246, 0.0, 0.04918032786885246, 0.0, 0.01639344262295082, 0.0, 0.01639344262295082, 0.01639344262295082, 0.008620689655172414, 0.008620689655172414]"
1349.0,7.31857921579543,1.3448121570545306,0.009941478885229331,"[4.55, 4.65, 4.75, 4.85, 4.95, 5.05, 5.15, 5.25, 5.35, 5.45, 5.55, 5.65, 5.75, 5.85, 5.95, 6.05, 6.15, 6.25, 6.35, 6.45, 6.55, 6.65, 6.75, 6.85, 6.95]","[4.571428571428571, 4.190476190476191, 3.142857142857143, 2.2857142857142856, 1.0952380952380953, 0.6190476190476191, 0.5238095238095238, 0.42857142857142855, 0.38095238095238093, 0.19047619047619047, 0.16393442622950818, 0.18032786885245902, 0.13114754098360656, 0.08196721311475409, 0.13114754098360656, 0.06557377049180328, 0.01639344262295082, 0.04918032786885246, 0.0, 0.04918032786885246, 0.0, 0.012345679012345678, 0.0, 0.012345679012345678, 0.012345679012345678]"
1350.0,7.31857921579543,1.3448121570545306,0.006736629536779709,"[4.55, 4.65, 4.75, 4.85, 4.95, 5.05, 5.15, 5.25, 5.35, 5.45, 5.55, 5.65, 5.75, 5.85, 5.95, 6.05, 6.15, 6.25, 6.35, 6.45, 6.55, 6.65, 6.75, 6.85, 6.95]","[4.571428571428571, 4.190476190476191, 3.142857142857143, 2.2857142857142856, 1.0952380952380953, 0.6190476190476191, 0.5238095238095238, 0.42857142857142855, 0.38095238095238093, 0.19047619047619047, 0.16393442622950818, 0.18032786885245902, 0.13114754098360656, 0.08196721311475409, 0.13114754098360656, 0.06557377049180328, 0.01639344262295082, 0.04918032786885246, 0.0, 0.04918032786885246, 0.0, 0.012345679012345678, 0.0, 0.012345679012345678, 0.012345679012345678]"
1351.0,7.231203179836091,1.3253789488280543,0.010592850551485754,"[4.55, 4.65, 4.75, 4.85, 4.95, 5.05, 5.15, 5.25, 5.35, 5.45, 5.55, 5.65, 5.75, 5.85, 5.95, 6.05, 6.15, 6.25, 6.35, 6.45, 6.55, 6.65, 6.75, 6.85, 6.95, 7.05, 7.15]","[4.571428571428571, 4.190476190476191, 3.142857142857143, 2.2857142857142856, 1.0952380952380953, 0.6190476190476191, 0.5238095238095238, 0.42857142857142855, 0.38095238095238093, 0.19047619047619047, 0.16393442622950818, 0.18032786885245902, 0.13114754098360656, 0.08196721311475409, 0.13114754098360656, 0.06557377049180328, 0.01639344262295082, 0.04918032786885246, 0.0, 0.04918032786885246, 0.0, 0.012345679012345678, 0.0, 0.012345679012345678, 0.012345679012345678, 0.008620689655172414, 0.008620689655172414]"
1352.0,7.259463006891275,1.3316009030656015,0.010130654857347519,"[4.55, 4.65, 4.75, 4.85, 4.95, 5.05, 5.15, 5.25, 5.35, 5.45, 5.55, 5.65, 5.75, 5.85, 5.95, 6.05, 6.15, 6.25, 6.35, 6.45, 6.55, 6.65, 6.75, 6.85, 6.95]","[4.571428571428571, 4.190476190476191, 3.142857142857143, 2.2857142857142856, 1.0952380952380953, 0.6190476190476191, 0.5238095238095238, 0.42857142857142855, 0.38095238095238093, 0.19047619047619047, 0.16393442622950818, 0.18032786885245902, 0.13114754098360656, 0.08196721311475409, 0.13114754098360656, 0.06557377049180328, 0.01639344262295082, 0.04918032786885246, 0.0, 0.04918032786885246, 0.009900990099009901, 0.019801980198019802, 0.0, 0.009900990099009901, 0.009900990099009901]"
1353.0,7.178285215069655,1.3135469917945006,0.009807503420949156,"[4.55, 4.65, 4.75, 4.85, 4.95, 5.05, 5.15, 5.25, 5.35, 5.45, 5.55, 5.65, 5.75, 5.85, 5.95, 6.05, 6.15, 6.25, 6.35, 6.45, 6.55, 6.65, 6.75, 6.85, 6.95, 7.05, 7.15]","[4.571428571428571, 4.190476190476191, 3.142857142857143, 2.2857142857142856, 1.0952380952380953, 0.6190476190476191, 0.5238095238095238, 0.42857142857142855, 0.38095238095238093, 0.19047619047619047, 0.16393442622950818, 0.18032786885245902, 0.13114754098360656, 0.08196721311475409, 0.13114754098360656, 0.06557377049180328, 0.01639344262295082, 0.04918032786885246, 0.0, 0.04918032786885246, 0.009900990099009901, 0.019801980198019802, 0.0, 0.009900990099009901, 0.009900990099009901, 0.008620689655172414, 0.008620689655172414]"
1354.0,7.072460153471728,1.2899665185056872,0.0248866265747173,"[4.55, 4.65, 4.75, 4.85, 4.95, 5.05, 5.15, 5.25, 5.35, 5.45, 5.55, 5.65, 5.75, 5.85, 5.95, 6.05, 6.15, 6.25, 6.35, 6.45, 6.55, 6.65, 6.75, 6.85, 6.95, 7.05, 7.15]","[4.571428571428571, 4.190476190476191, 3.142857142857143, 2.2857142857142856, 1.0952380952380953, 0.6190476190476191, 0.5238095238095238, 0.42857142857142855, 0.38095238095238093, 0.19047619047619047, 0.16393442622950818, 0.18032786885245902, 0.13114754098360656, 0.08196721311475409, 0.13114754098360656, 0.06557377049180328, 0.01639344262295082, 0.04918032786885246, 0.0, 0.04918032786885246, 0.008620689655172414, 0.02586206896551724, 0.008620689655172414, 0.008620689655172414, 0.017241379310344827, 0.008620689655172414, 0.008620689655172414]"
1355.0,7.37471205739548,1.3574505423432177,0.0099007800115461,"[4.55, 4.65, 4.75, 4.85, 4.95, 5.05, 5.15, 5.25, 5.35, 5.45, 5.55, 5.65, 5.75, 5.85, 5.95, 6.05, 6.15, 6.25, 6.35, 6.45, 6.55, 6.65, 6.75, 6.85, 6.95]","[4.571428571428571, 4.190476190476191, 3.142857142857143, 2.2857142857142856, 1.0952380952380953, 0.6190476190476191, 0.5238095238095238, 0.42857142857142855, 0.38095238095238093, 0.19047619047619047, 0.16393442622950818, 0.18032786885245902, 0.13114754098360656, 0.08196721311475409, 0.13114754098360656, 0.04938271604938271, 0.012345679012345678, 0.04938271604938271, 0.0, 0.037037037037037035, 0.0, 0.012345679012345678, 0.0, 0.012345679012345678, 0.012345679012345678]"
1356.0,7.37471205739548,1.3574505423432177,0.006295163827616167,"[4.55, 4.65, 4.75, 4.85, 4.95, 5.05, 5.15, 5.25, 5.35, 5.45, 5.55, 5.65, 5.75, 5.85, 5.95, 6.05, 6.15, 6.25, 6.35, 6.45, 6.55, 6.65, 6.75, 6.85, 6.95]","[4.571428571428571, 4.190476190476191, 3.142857142857143, 2.2857142857142856, 1.0952380952380953, 0.6190476190476191, 0.5238095238095238, 0.42857142857142855, 0.38095238095238093, 0.19047619047619047, 0.16393442622950818, 0.18032786885245902, 0.13114754098360656, 0.08196721311475409, 0.13114754098360656, 0.04938271604938271, 0.012345679012345678, 0.04938271604938271, 0.0, 0.037037037037037035, 0.0, 0.012345679012345678, 0.0, 0.012345679012345678, 0.012345679012345678]"
1357.0,7.288793452835286,1.3383564449189813,0.010189472077028307,"[4.55, 4.65, 4.75, 4.85, 4.95, 5.05, 5.15, 5.25, 5.35, 5.45, 5.55, 5.65, 5.75, 5.85, 5.95, 6.05, 6.15, 6.25, 6.35, 6.45, 6.55, 6.65, 6.75, 6.85, 6.95, 7.05, 7.15]","[4.571428571428571, 4.190476190476191, 3.142857142857143, 2.2857142857142856, 1.0952380952380953, 0.6190476190476191, 0.5238095238095238, 0.42857142857142855, 0.38095238095238093, 0.19047619047619047, 0.16393442622950818, 0.18032786885245902, 0.13114754098360656, 0.08196721311475409, 0.13114754098360656, 0.04938271604938271, 0.012345679012345678, 0.04938271604938271, 0.0, 0.037037037037037035, 0.0, 0.012345679012345678, 0.0, 0.012345679012345678, 0.012345679012345678, 0.008620689655172414, 0.008620689655172414]"
1358.0,7.316248175163097,1.3443922932253904,0.005861626533341342,"[4.55, 4.65, 4.75, 4.85, 4.95, 5.05, 5.15, 5.25, 5.35, 5.45, 5.55, 5.65, 5.75, 5.85, 5.95, 6.05, 6.15, 6.25, 6.35, 6.45, 6.55, 6.65, 6.75, 6.85, 6.95]","[4.571428571428571, 4.190476190476191, 3.142857142857143, 2.2857142857142856, 1.0952380952380953, 0.6190476190476191, 0.5238095238095238, 0.42857142857142855, 0.38095238095238093, 0.19047619047619047, 0.16393442622950818, 0.18032786885245902, 0.13114754098360656, 0.08196721311475409, 0.13114754098360656, 0.04938271604938271, 0.012345679012345678, 0.04938271604938271, 0.0, 0.037037037037037035, 0.009900990099009901, 0.019801980198019802, 0.0, 0.009900990099009901, 0.009900990099009901]"
1359.0,7.236096411430698,1.3265811320728453,0.005822899577386647,"[4.55, 4.65, 4.75, 4.85, 4.95, 5.05, 5.15, 5.25, 5.35, 5.45, 5.55, 5.65, 5.75, 5.85, 5.95, 6.05, 6.15, 6.25, 6.35, 6.45, 6.55, 6.65, 6.75, 6.85, 6.95, 7.05, 7.15]","[4.571428571428571, 4.190476190476191, 3.142857142857143, 2.2857142857142856, 1.0952380952380953, 0.6190476190476191, 0.5238095238095238, 0.42857142857142855, 0.38095238095238093, 0.19047619047619047, 0.16393442622950818, 0.18032786885245902, 0.13114754098360656, 0.08196721311475409, 0.13114754098360656, 0.04938271604938271, 0.012345679012345678, 0.04938271604938271, 0.0, 0.037037037037037035, 0.009900990099009901, 0.019801980198019802, 0.0, 0.009900990099009901, 0.009900990099009901, 0.008620689655172414, 0.008620689655172414]"
1360.0,7.132342329164203,1.3034779579536144,0.013640877339878428,"[4.55, 4.65, 4.75, 4.85, 4.95, 5.05, 5.15, 5.25, 5.35, 5.45, 5.55, 5.65, 5.75, 5.85, 5.95, 6.05, 6.15, 6.25, 6.35, 6.45, 6.55, 6.65, 6.75, 6.85, 6.95, 7.05, 7.15]","[4.571428571428571, 4.190476190476191, 3.142857142857143, 2.2857142857142856, 1.0952380952380953, 0.6190476190476191, 0.5238095238095238, 0.42857142857142855, 0.38095238095238093, 0.19047619047619047, 0.16393442622950818, 0.18032786885245902, 0.13114754098360656, 0.08196721311475409, 0.13114754098360656, 0.04938271604938271, 0.012345679012345678, 0.04938271604938271, 0.0, 0.037037037037037035, 0.008620689655172414, 0.02586206896551724, 0.008620689655172414, 0.008620689655172414, 0.017241379310344827, 0.008620689655172414, 0.008620689655172414]"
1361.0,7.253781349031345,1.3303315914281102,0.010130583807049114,"[4.55, 4.65, 4.75, 4.85, 4.95, 5.05, 5.15, 5.25, 5.35, 5.45, 5.55, 5.65, 5.75, 5.85, 5.95, 6.05, 6.15, 6.25, 6.35, 6.45, 6.55, 6.65, 6.75, 6.85, 6.95]","[4.571428571428571, 4.190476190476191, 3.142857142857143, 2.2857142857142856, 1.0952380952380953, 0.6190476190476191, 0.5238095238095238, 0.42857142857142855, 0.38095238095238093, 0.19047619047619047, 0.16393442622950818, 0.18032786885245902, 0.13114754098360656, 0.08196721311475409, 0.13114754098360656, 0.0594059405940594, 0.019801980198019802, 0.04950495049504951, 0.0, 0.039603960396039604, 0.009900990099009901, 0.019801980198019802, 0.0, 0.009900990099009901, 0.009900990099009901]"
1362.0,7.181953354368446,1.3143824151953825,0.010324925056503748,"[4.55, 4.65, 4.75, 4.85, 4.95, 5.05, 5.15, 5.25, 5.35, 5.45, 5.55, 5.65, 5.75, 5.85, 5.95, 6.05, 6.15, 6.25, 6.35, 6.45, 6.55, 6.65, 6.75, 6.85, 6.95, 7.05, 7.15]","[4.571428571428571, 4.190476190476191, 3.142857142857143, 2.2857142857142856, 1.0952380952380953, 0.6190476190476191, 0.5238095238095238, 0.42857142857142855, 0.38095238095238093, 0.19047619047619047, 0.16393442622950818, 0.18032786885245902, 0.13114754098360656, 0.08196721311475409, 0.13114754098360656, 0.0594059405940594, 0.019801980198019802, 0.04950495049504951, 0.0, 0.039603960396039604, 0.009900990099009901, 0.019801980198019802, 0.0, 0.009900990099009901, 0.009900990099009901, 0.008620689655172414, 0.008620689655172414]"
1363.0,7.087594108253433,1.2933870898404287,0.013490291637564551,"[4.55, 4.65, 4.75, 4.85, 4.95, 5.05, 5.15, 5.25, 5.35, 5.45, 5.55, 5.65, 5.75, 5.85, 5.95, 6.05, 6.15, 6.25, 6.35, 6.45, 6.55, 6.65, 6.75, 6.85, 6.95, 7.05, 7.15]","[4.571428571428571, 4.190476190476191, 3.142857142857143, 2.2857142857142856, 1.0952380952380953, 0.6190476190476191, 0.5238095238095238, 0.42857142857142855, 0.38095238095238093, 0.19047619047619047, 0.16393442622950818, 0.18032786885245902, 0.13114754098360656, 0.08196721311475409, 0.13114754098360656, 0.0594059405940594, 0.019801980198019802, 0.04950495049504951, 0.0, 0.039603960396039604, 0.008620689655172414, 0.02586206896551724, 0.008620689655172414, 0.008620689655172414, 0.017241379310344827, 0.008620689655172414, 0.008620689655172414]"
1364.0,7.00606127721085,1.2750053057405286,0.029719574831316407,"[4.55, 4.65, 4.75, 4.85, 4.95, 5.05, 5.15, 5.25, 5.35, 5.45, 5.55, 5.65, 5.75, 5.85, 5.95, 6.05, 6.15, 6.25, 6.35, 6.45, 6.55, 6.65, 6.75, 6.85, 6.95, 7.05, 7.15]","[4.571428571428571, 4.190476190476191, 3.142857142857143, 2.2857142857142856, 1.0952380952380953, 0.6190476190476191, 0.5238095238095238, 0.42857142857142855, 0.38095238095238093, 0.19047619047619047, 0.16393442622950818, 0.18032786885245902, 0.13114754098360656, 0.08196721311475409, 0.13114754098360656, 0.06896551724137931, 0.02586206896551724, 0.05172413793103448, 0.017241379310344827, 0.034482758620689655, 0.008620689655172414, 0.02586206896551724, 0.008620689655172414, 0.008620689655172414, 0.017241379310344827, 0.008620689655172414, 0.008620689655172414]"
1365.0,7.414318581116573,1.3664392704124697,0.019909191607397868,"[4.55, 4.65, 4.75, 4.85, 4.95, 5.05, 5.15, 5.25, 5.35, 5.45, 5.55, 5.65, 5.75, 5.85, 5.95, 6.05, 6.15, 6.25, 6.35, 6.45, 6.55, 6.65, 6.75, 6.85, 6.95]","[4.571428571428571, 4.190476190476191, 3.142857142857143, 2.2857142857142856, 1.0952380952380953, 0.6190476190476191, 0.5238095238095238, 0.42857142857142855, 0.38095238095238093, 0.19047619047619047, 0.1728395061728395, 0.18518518518518517, 0.1111111111111111, 0.08641975308641975, 0.09876543209876543, 0.04938271604938271, 0.012345679012345678, 0.04938271604938271, 0.0, 0.037037037037037035, 0.0, 0.012345679012345678, 0.0, 0.012345679012345678, 0.012345679012345678]"
1366.0,7.414318581116573,1.3664392704124697,0.010581515665830453,"[4.55, 4.65, 4.75, 4.85, 4.95, 5.05, 5.15, 5.25, 5.35, 5.45, 5.55, 5.65, 5.75, 5.85, 5.95, 6.05, 6.15, 6.25, 6.35, 6.45, 6.55, 6.65, 6.75, 6.85, 6.95]","[4.571428571428571, 4.190476190476191, 3.142857142857143, 2.2857142857142856, 1.0952380952380953, 0.6190476190476191, 0.5238095238095238, 0.42857142857142855, 0.38095238095238093, 0.19047619047619047, 0.1728395061728395, 0.18518518518518517, 0.1111111111111111, 0.08641975308641975, 0.09876543209876543, 0.04938271604938271, 0.012345679012345678, 0.04938271604938271, 0.0, 0.037037037037037035, 0.0, 0.012345679012345678, 0.0, 0.012345679012345678, 0.012345679012345678]"
1367.0,7.3340411975657345,1.3486613675331744,0.018424352339772843,"[4.55, 4.65, 4.75, 4.85, 4.95, 5.05, 5.15, 5.25, 5.35, 5.45, 5.55, 5.65, 5.75, 5.85, 5.95, 6.05, 6.15, 6.25, 6.35, 6.45, 6.55, 6.65, 6.75, 6.85, 6.95, 7.05, 7.15]","[4.571428571428571, 4.190476190476191, 3.142857142857143, 2.2857142857142856, 1.0952380952380953, 0.6190476190476191, 0.5238095238095238, 0.42857142857142855, 0.38095238095238093, 0.19047619047619047, 0.1728395061728395, 0.18518518518518517, 0.1111111111111111, 0.08641975308641975, 0.09876543209876543, 0.04938271604938271, 0.012345679012345678, 0.04938271604938271, 0.0, 0.037037037037037035, 0.0, 0.012345679012345678, 0.0, 0.012345679012345678, 0.012345679012345678, 0.008620689655172414, 0.008620689655172414]"
1368.0,7.359665021730357,1.3542700106391818,0.009133109221447899,"[4.55, 4.65, 4.75, 4.85, 4.95, 5.05, 5.15, 5.25, 5.35, 5.45, 5.55, 5.65, 5.75, 5.85, 5.95, 6.05, 6.15, 6.25, 6.35, 6.45, 6.55, 6.65, 6.75, 6.85, 6.95]","[4.571428571428571, 4.190476190476191, 3.142857142857143, 2.2857142857142856, 1.0952380952380953, 0.6190476190476191, 0.5238095238095238, 0.42857142857142855, 0.38095238095238093, 0.19047619047619047, 0.1728395061728395, 0.18518518518518517, 0.1111111111111111, 0.08641975308641975, 0.09876543209876543, 0.04938271604938271, 0.012345679012345678, 0.04938271604938271, 0.0, 0.037037037037037035, 0.009900990099009901, 0.019801980198019802, 0.0, 0.009900990099009901, 0.009900990099009901]"
1369.0,7.2841367092454785,1.3375461619145006,0.009067074242881654,"[4.55, 4.65, 4.75, 4.85, 4.95, 5.05, 5.15, 5.25, 5.35, 5.45, 5.55, 5.65, 5.75, 5.85, 5.95, 6.05, 6.15, 6.25, 6.35, 6.45, 6.55, 6.65, 6.75, 6.85, 6.95, 7.05, 7.15]","[4.571428571428571, 4.190476190476191, 3.142857142857143, 2.2857142857142856, 1.0952380952380953, 0.6190476190476191, 0.5238095238095238, 0.42857142857142855, 0.38095238095238093, 0.19047619047619047, 0.1728395061728395, 0.18518518518518517, 0.1111111111111111, 0.08641975308641975, 0.09876543209876543, 0.04938271604938271, 0.012345679012345678, 0.04938271604938271, 0.0, 0.037037037037037035, 0.009900990099009901, 0.019801980198019802, 0.0, 0.009900990099009901, 0.009900990099009901, 0.008620689655172414, 0.008620689655172414]"
1370.0,7.186321608731004,1.3158412963710877,0.02504029098154029,"[4.55, 4.65, 4.75, 4.85, 4.95, 5.05, 5.15, 5.25, 5.35, 5.45, 5.55, 5.65, 5.75, 5.85, 5.95, 6.05, 6.15, 6.25, 6.35, 6.45, 6.55, 6.65, 6.75, 6.85, 6.95, 7.05, 7.15]","[4.571428571428571, 4.190476190476191, 3.142857142857143, 2.2857142857142856, 1.0952380952380953, 0.6190476190476191, 0.5238095238095238, 0.42857142857142855, 0.38095238095238093, 0.19047619047619047, 0.1728395061728395, 0.18518518518518517, 0.1111111111111111, 0.08641975308641975, 0.09876543209876543, 0.04938271604938271, 0.012345679012345678, 0.04938271604938271, 0.0, 0.037037037037037035, 0.008620689655172414, 0.02586206896551724, 0.008620689655172414, 0.008620689655172414, 0.017241379310344827, 0.008620689655172414, 0.008620689655172414]"
1371.0,7.2994310276148,1.3407472145720156,0.00994301179983171,"[4.55, 4.65, 4.75, 4.85, 4.95, 5.05, 5.15, 5.25, 5.35, 5.45, 5.55, 5.65, 5.75, 5.85, 5.95, 6.05, 6.15, 6.25, 6.35, 6.45, 6.55, 6.65, 6.75, 6.85, 6.95]","[4.571428571428571, 4.190476190476191, 3.142857142857143, 2.2857142857142856, 1.0952380952380953, 0.6190476190476191, 0.5238095238095238, 0.42857142857142855, 0.38095238095238093, 0.19047619047619047, 0.1728395061728395, 0.18518518518518517, 0.1111111111111111, 0.08641975308641975, 0.09876543209876543, 0.0594059405940594, 0.019801980198019802, 0.04950495049504951, 0.0, 0.039603960396039604, 0.009900990099009901, 0.019801980198019802, 0.0, 0.009900990099009901, 0.009900990099009901]"
1372.0,7.2309581865617965,1.325597765746616,0.010503655636588257,"[4.55, 4.65, 4.75, 4.85, 4.95, 5.05, 5.15, 5.25, 5.35, 5.45, 5.55, 5.65, 5.75, 5.85, 5.95, 6.05, 6.15, 6.25, 6.35, 6.45, 6.55, 6.65, 6.75, 6.85, 6.95, 7.05, 7.15]","[4.571428571428571, 4.190476190476191, 3.142857142857143, 2.2857142857142856, 1.0952380952380953, 0.6190476190476191, 0.5238095238095238, 0.42857142857142855, 0.38095238095238093, 0.19047619047619047, 0.1728395061728395, 0.18518518518518517, 0.1111111111111111, 0.08641975308641975, 0.09876543209876543, 0.0594059405940594, 0.019801980198019802, 0.04950495049504951, 0.0, 0.039603960396039604, 0.009900990099009901, 0.019801980198019802, 0.0, 0.009900990099009901, 0.009900990099009901, 0.008620689655172414, 0.008620689655172414]"
1373.0,7.141184202535547,1.3056925767563934,0.013414981128053978,"[4.55, 4.65, 4.75, 4.85, 4.95, 5.05, 5.15, 5.25, 5.35, 5.45, 5.55, 5.65, 5.75, 5.85, 5.95, 6.05, 6.15, 6.25, 6.35, 6.45, 6.55, 6.65, 6.75, 6.85, 6.95, 7.05, 7.15]","[4.571428571428571, 4.190476190476191, 3.142857142857143, 2.2857142857142856, 1.0952380952380953, 0.6190476190476191, 0.5238095238095238, 0.42857142857142855, 0.38095238095238093, 0.19047619047619047, 0.1728395061728395, 0.18518518518518517, 0.1111111111111111, 0.08641975308641975, 0.09876543209876543, 0.0594059405940594, 0.019801980198019802, 0.04950495049504951, 0.0, 0.039603960396039604, 0.008620689655172414, 0.02586206896551724, 0.008620689655172414, 0.008620689655172414, 0.017241379310344827, 0.008620689655172414, 0.008620689655172414]"
1374.0,7.061809280612152,1.2878513693835498,0.03007050837518285,"[4.55, 4.65, 4.75, 4.85, 4.95, 5.05, 5.15, 5.25, 5.35, 5.45, 5.55, 5.65, 5.75, 5.85, 5.95, 6.05, 6.15, 6.25, 6.35, 6.45, 6.55, 6.65, 6.75, 6.85, 6.95, 7.05, 7.15]","[4.571428571428571, 4.190476190476191, 3.142857142857143, 2.2857142857142856, 1.0952380952380953, 0.6190476190476191, 0.5238095238095238, 0.42857142857142855, 0.38095238095238093, 0.19047619047619047, 0.1728395061728395, 0.18518518518518517, 0.1111111111111111, 0.08641975308641975, 0.09876543209876543, 0.06896551724137931, 0.02586206896551724, 0.05172413793103448, 0.017241379310344827, 0.034482758620689655, 0.008620689655172414, 0.02586206896551724, 0.008620689655172414, 0.008620689655172414, 0.017241379310344827, 0.008620689655172414, 0.008620689655172414]"
1375.0,7.20350333547759,1.31893291434888,0.0203267997977472,"[4.55, 4.65, 4.75, 4.85, 4.95, 5.05, 5.15, 5.25, 5.35, 5.45, 5.55, 5.65, 5.75, 5.85, 5.95, 6.05, 6.15, 6.25, 6.35, 6.45, 6.55, 6.65, 6.75, 6.85, 6.95]","[4.571428571428571, 4.190476190476191, 3.142857142857143, 2.2857142857142856, 1.0952380952380953, 0.6190476190476191, 0.5238095238095238, 0.42857142857142855, 0.38095238095238093, 0.19047619047619047, 0.1782178217821782, 0.19801980198019803, 0.09900990099009901, 0.12871287128712872, 0.10891089108910891, 0.0594059405940594, 0.019801980198019802, 0.04950495049504951, 0.0, 0.039603960396039604, 0.009900990099009901, 0.019801980198019802, 0.0, 0.009900990099009901, 0.009900990099009901]"
1376.0,7.145335593540106,1.306110050536798,0.01860992802560625,"[4.55, 4.65, 4.75, 4.85, 4.95, 5.05, 5.15, 5.25, 5.35, 5.45, 5.55, 5.65, 5.75, 5.85, 5.95, 6.05, 6.15, 6.25, 6.35, 6.45, 6.55, 6.65, 6.75, 6.85, 6.95, 7.05, 7.15]","[4.571428571428571, 4.190476190476191, 3.142857142857143, 2.2857142857142856, 1.0952380952380953, 0.6190476190476191, 0.5238095238095238, 0.42857142857142855, 0.38095238095238093, 0.19047619047619047, 0.1782178217821782, 0.19801980198019803, 0.09900990099009901, 0.12871287128712872, 0.10891089108910891, 0.0594059405940594, 0.019801980198019802, 0.04950495049504951, 0.0, 0.039603960396039604, 0.009900990099009901, 0.019801980198019802, 0.0, 0.009900990099009901, 0.009900990099009901, 0.008620689655172414, 0.008620689655172414]"
1377.0,7.0671966905821195,1.2888491985476704,0.02385814995607477,"[4.55, 4.65, 4.75, 4.85, 4.95, 5.05, 5.15, 5.25, 5.35, 5.45, 5.55, 5.65, 5.75, 5.85, 5.95, 6.05, 6.15, 6.25, 6.35, 6.45, 6.55, 6.65, 6.75, 6.85, 6.95, 7.05, 7.15]","[4.571428571428571, 4.190476190476191, 3.142857142857143, 2.2857142857142856, 1.0952380952380953, 0.6190476190476191, 0.5238095238095238, 0.42857142857142855, 0.38095238095238093, 0.19047619047619047, 0.1782178217821782, 0.19801980198019803, 0.09900990099009901, 0.12871287128712872, 0.10891089108910891, 0.0594059405940594, 0.019801980198019802, 0.04950495049504951, 0.0, 0.039603960396039604, 0.008620689655172414, 0.02586206896551724, 0.008620689655172414, 0.008620689655172414, 0.017241379310344827, 0.008620689655172414, 0.008620689655172414]"
1378.0,6.999552711383618,1.2736799431268517,0.028403563104290677,"[4.55, 4.65, 4.75, 4.85, 4.95, 5.05, 5.15, 5.25, 5.35, 5.45, 5.55, 5.65, 5.75, 5.85, 5.95, 6.05, 6.15, 6.25, 6.35, 6.45, 6.55, 6.65, 6.75, 6.85, 6.95, 7.05, 7.15]","[4.571428571428571, 4.190476190476191, 3.142857142857143, 2.2857142857142856, 1.0952380952380953, 0.6190476190476191, 0.5238095238095238, 0.42857142857142855, 0.38095238095238093, 0.19047619047619047, 0.1782178217821782, 0.19801980198019803, 0.09900990099009901, 0.12871287128712872, 0.10891089108910891, 0.06896551724137931, 0.02586206896551724, 0.05172413793103448, 0.017241379310344827, 0.034482758620689655, 0.008620689655172414, 0.02586206896551724, 0.008620689655172414, 0.008620689655172414, 0.017241379310344827, 0.008620689655172414, 0.008620689655172414]"
1379.0,6.917012712401087,1.2546494642661257,0.056009771697631355,"[4.55, 4.65, 4.75, 4.85, 4.95, 5.05, 5.15, 5.25, 5.35, 5.45, 5.55, 5.65, 5.75, 5.85, 5.95, 6.05, 6.15, 6.25, 6.35, 6.45, 6.55, 6.65, 6.75, 6.85, 6.95, 7.05, 7.15]","[4.571428571428571, 4.190476190476191, 3.142857142857143, 2.2857142857142856, 1.0952380952380953, 0.6190476190476191, 0.5238095238095238, 0.42857142857142855, 0.38095238095238093, 0.19047619047619047, 0.19827586206896552, 0.20689655172413793, 0.1206896551724138, 0.12931034482758622, 0.12931034482758622, 0.06896551724137931, 0.02586206896551724, 0.05172413793103448, 0.017241379310344827, 0.034482758620689655, 0.008620689655172414, 0.02586206896551724, 0.008620689655172414, 0.008620689655172414, 0.017241379310344827, 0.008620689655172414, 0.008620689655172414]"
1380.0,7.68855320508314,1.4296844985361987,0.042093578950807835,"[4.55, 4.65, 4.75, 4.85, 4.95, 5.05, 5.15, 5.25, 5.35, 5.45, 5.55, 5.65, 5.75, 5.85, 5.95, 6.05, 6.15, 6.25, 6.35, 6.45, 6.55, 6.65, 6.75, 6.85]","[4.571428571428571, 4.190476190476191, 3.142857142857143, 2.2857142857142856, 1.0952380952380953, 0.7073170731707317, 0.5121951219512195, 0.43902439024390244, 0.36585365853658536, 0.2682926829268293, 0.17073170731707318, 0.17073170731707318, 0.14634146341463414, 0.024390243902439025, 0.0975609756097561, 0.04878048780487805, 0.0, 0.04878048780487805, 0.0, 0.024390243902439025, 0.0, 0.024390243902439025, 0.0, 0.024390243902439025]"
1381.0,7.68855320508314,1.4296844985361987,0.020393020225648293,"[4.55, 4.65, 4.75, 4.85, 4.95, 5.05, 5.15, 5.25, 5.35, 5.45, 5.55, 5.65, 5.75, 5.85, 5.95, 6.05, 6.15, 6.25, 6.35, 6.45, 6.55, 6.65, 6.75, 6.85]","[4.571428571428571, 4.190476190476191, 3.142857142857143, 2.2857142857142856, 1.0952380952380953, 0.7073170731707317, 0.5121951219512195, 0.43902439024390244, 0.36585365853658536, 0.2682926829268293, 0.17073170731707318, 0.17073170731707318, 0.14634146341463414, 0.024390243902439025, 0.0975609756097561, 0.04878048780487805, 0.0, 0.04878048780487805, 0.0, 0.024390243902439025, 0.0, 0.024390243902439025, 0.0, 0.024390243902439025]"
1382.0,7.68855320508314,1.4296844985361987,0.020393020225648293,"[4.55, 4.65, 4.75, 4.85, 4.95, 5.05, 5.15, 5.25, 5.35, 5.45, 5.55, 5.65, 5.75, 5.85, 5.95, 6.05, 6.15, 6.25, 6.35, 6.45, 6.55, 6.65, 6.75, 6.85]","[4.571428571428571, 4.190476190476191, 3.142857142857143, 2.2857142857142856, 1.0952380952380953, 0.7073170731707317, 0.5121951219512195, 0.43902439024390244, 0.36585365853658536, 0.2682926829268293, 0.17073170731707318, 0.17073170731707318, 0.14634146341463414, 0.024390243902439025, 0.0975609756097561, 0.04878048780487805, 0.0, 0.04878048780487805, 0.0, 0.024390243902439025, 0.0, 0.024390243902439025, 0.0, 0.024390243902439025]"
1383.0,7.68855320508314,1.4296844985361987,0.020393020225648293,"[4.55, 4.65, 4.75, 4.85, 4.95, 5.05, 5.15, 5.25, 5.35, 5.45, 5.55, 5.65, 5.75, 5.85, 5.95, 6.05, 6.15, 6.25, 6.35, 6.45, 6.55, 6.65, 6.75, 6.85]","[4.571428571428571, 4.190476190476191, 3.142857142857143, 2.2857142857142856, 1.0952380952380953, 0.7073170731707317, 0.5121951219512195, 0.43902439024390244, 0.36585365853658536, 0.2682926829268293, 0.17073170731707318, 0.17073170731707318, 0.14634146341463414, 0.024390243902439025, 0.0975609756097561, 0.04878048780487805, 0.0, 0.04878048780487805, 0.0, 0.024390243902439025, 0.0, 0.024390243902439025, 0.0, 0.024390243902439025]"
1384.0,7.5615983905811,1.4015887133360398,0.04465300216291659,"[4.55, 4.65, 4.75, 4.85, 4.95, 5.05, 5.15, 5.25, 5.35, 5.45, 5.55, 5.65, 5.75, 5.85, 5.95, 6.05, 6.15, 6.25, 6.35, 6.45, 6.55, 6.65, 6.75, 6.85, 6.95, 7.05, 7.15]","[4.571428571428571, 4.190476190476191, 3.142857142857143, 2.2857142857142856, 1.0952380952380953, 0.7073170731707317, 0.5121951219512195, 0.43902439024390244, 0.36585365853658536, 0.2682926829268293, 0.17073170731707318, 0.17073170731707318, 0.14634146341463414, 0.024390243902439025, 0.0975609756097561, 0.04878048780487805, 0.0, 0.04878048780487805, 0.0, 0.024390243902439025, 0.0, 0.024390243902439025, 0.0, 0.024390243902439025, 0.0, 0.008620689655172414, 0.008620689655172414]"
1385.0,7.647143129401765,1.42052096178794,0.019249803181379185,"[4.55, 4.65, 4.75, 4.85, 4.95, 5.05, 5.15, 5.25, 5.35, 5.45, 5.55, 5.65, 5.75, 5.85, 5.95, 6.05, 6.15, 6.25, 6.35, 6.45, 6.55, 6.65, 6.75, 6.85, 6.95]","[4.571428571428571, 4.190476190476191, 3.142857142857143, 2.2857142857142856, 1.0952380952380953, 0.7073170731707317, 0.5121951219512195, 0.43902439024390244, 0.36585365853658536, 0.2682926829268293, 0.17073170731707318, 0.17073170731707318, 0.14634146341463414, 0.024390243902439025, 0.0975609756097561, 0.04878048780487805, 0.0, 0.04878048780487805, 0.0, 0.024390243902439025, 0.0, 0.01639344262295082, 0.0, 0.01639344262295082, 0.01639344262295082]"
1386.0,7.647143129401765,1.42052096178794,0.012031340315952517,"[4.55, 4.65, 4.75, 4.85, 4.95, 5.05, 5.15, 5.25, 5.35, 5.45, 5.55, 5.65, 5.75, 5.85, 5.95, 6.05, 6.15, 6.25, 6.35, 6.45, 6.55, 6.65, 6.75, 6.85, 6.95]","[4.571428571428571, 4.190476190476191, 3.142857142857143, 2.2857142857142856, 1.0952380952380953, 0.7073170731707317, 0.5121951219512195, 0.43902439024390244, 0.36585365853658536, 0.2682926829268293, 0.17073170731707318, 0.17073170731707318, 0.14634146341463414, 0.024390243902439025, 0.0975609756097561, 0.04878048780487805, 0.0, 0.04878048780487805, 0.0, 0.024390243902439025, 0.0, 0.01639344262295082, 0.0, 0.01639344262295082, 0.01639344262295082]"
1387.0,7.647143129401765,1.42052096178794,0.012031340315952517,"[4.55, 4.65, 4.75, 4.85, 4.95, 5.05, 5.15, 5.25, 5.35, 5.45, 5.55, 5.65, 5.75, 5.85, 5.95, 6.05, 6.15, 6.25, 6.35, 6.45, 6.55, 6.65, 6.75, 6.85, 6.95]","[4.571428571428571, 4.190476190476191, 3.142857142857143, 2.2857142857142856, 1.0952380952380953, 0.7073170731707317, 0.5121951219512195, 0.43902439024390244, 0.36585365853658536, 0.2682926829268293, 0.17073170731707318, 0.17073170731707318, 0.14634146341463414, 0.024390243902439025, 0.0975609756097561, 0.04878048780487805, 0.0, 0.04878048780487805, 0.0, 0.024390243902439025, 0.0, 0.01639344262295082, 0.0, 0.01639344262295082, 0.01639344262295082]"
1388.0,7.520741977267871,1.3925579424600938,0.02280650544994531,"[4.55, 4.65, 4.75, 4.85, 4.95, 5.05, 5.15, 5.25, 5.35, 5.45, 5.55, 5.65, 5.75, 5.85, 5.95, 6.05, 6.15, 6.25, 6.35, 6.45, 6.55, 6.65, 6.75, 6.85, 6.95, 7.05, 7.15]","[4.571428571428571, 4.190476190476191, 3.142857142857143, 2.2857142857142856, 1.0952380952380953, 0.7073170731707317, 0.5121951219512195, 0.43902439024390244, 0.36585365853658536, 0.2682926829268293, 0.17073170731707318, 0.17073170731707318, 0.14634146341463414, 0.024390243902439025, 0.0975609756097561, 0.04878048780487805, 0.0, 0.04878048780487805, 0.0, 0.024390243902439025, 0.0, 0.01639344262295082, 0.0, 0.01639344262295082, 0.01639344262295082, 0.008620689655172414, 0.008620689655172414]"
1389.0,7.6727308541561365,1.4261949648467755,0.018388603416804126,"[4.55, 4.65, 4.75, 4.85, 4.95, 5.05, 5.15, 5.25, 5.35, 5.45, 5.55, 5.65, 5.75, 5.85, 5.95, 6.05, 6.15, 6.25, 6.35, 6.45, 6.55, 6.65, 6.75, 6.85, 6.95]","[4.571428571428571, 4.190476190476191, 3.142857142857143, 2.2857142857142856, 1.0952380952380953, 0.7073170731707317, 0.5121951219512195, 0.43902439024390244, 0.36585365853658536, 0.2682926829268293, 0.17073170731707318, 0.17073170731707318, 0.14634146341463414, 0.024390243902439025, 0.0975609756097561, 0.04878048780487805, 0.0, 0.04878048780487805, 0.0, 0.024390243902439025, 0.0, 0.012345679012345678, 0.0, 0.012345679012345678, 0.012345679012345678]"
1390.0,7.6727308541561365,1.4261949648467755,0.011646203780568128,"[4.55, 4.65, 4.75, 4.85, 4.95, 5.05, 5.15, 5.25, 5.35, 5.45, 5.55, 5.65, 5.75, 5.85, 5.95, 6.05, 6.15, 6.25, 6.35, 6.45, 6.55, 6.65, 6.75, 6.85, 6.95]","[4.571428571428571, 4.190476190476191, 3.142857142857143, 2.2857142857142856, 1.0952380952380953, 0.7073170731707317, 0.5121951219512195, 0.43902439024390244, 0.36585365853658536, 0.2682926829268293, 0.17073170731707318, 0.17073170731707318, 0.14634146341463414, 0.024390243902439025, 0.0975609756097561, 0.04878048780487805, 0.0, 0.04878048780487805, 0.0, 0.024390243902439025, 0.0, 0.012345679012345678, 0.0, 0.012345679012345678, 0.012345679012345678]"
1391.0,7.547618444045829,1.3985192488536105,0.022254698563860864,"[4.55, 4.65, 4.75, 4.85, 4.95, 5.05, 5.15, 5.25, 5.35, 5.45, 5.55, 5.65, 5.75, 5.85, 5.95, 6.05, 6.15, 6.25, 6.35, 6.45, 6.55, 6.65, 6.75, 6.85, 6.95, 7.05, 7.15]","[4.571428571428571, 4.190476190476191, 3.142857142857143, 2.2857142857142856, 1.0952380952380953, 0.7073170731707317, 0.5121951219512195, 0.43902439024390244, 0.36585365853658536, 0.2682926829268293, 0.17073170731707318, 0.17073170731707318, 0.14634146341463414, 0.024390243902439025, 0.0975609756097561, 0.04878048780487805, 0.0, 0.04878048780487805, 0.0, 0.024390243902439025, 0.0, 0.012345679012345678, 0.0, 0.012345679012345678, 0.012345679012345678, 0.008620689655172414, 0.008620689655172414]"
1392.0,7.584441446448327,1.4065956356836056,0.02009696590613941,"[4.55, 4.65, 4.75, 4.85, 4.95, 5.05, 5.15, 5.25, 5.35, 5.45, 5.55, 5.65, 5.75, 5.85, 5.95, 6.05, 6.15, 6.25, 6.35, 6.45, 6.55, 6.65, 6.75, 6.85, 6.95]","[4.571428571428571, 4.190476190476191, 3.142857142857143, 2.2857142857142856, 1.0952380952380953, 0.7073170731707317, 0.5121951219512195, 0.43902439024390244, 0.36585365853658536, 0.2682926829268293, 0.17073170731707318, 0.17073170731707318, 0.14634146341463414, 0.024390243902439025, 0.0975609756097561, 0.04878048780487805, 0.0, 0.04878048780487805, 0.0, 0.024390243902439025, 0.009900990099009901, 0.019801980198019802, 0.0, 0.009900990099009901, 0.009900990099009901]"
1393.0,7.468237890350397,1.3808906053494723,0.023392429487168263,"[4.55, 4.65, 4.75, 4.85, 4.95, 5.05, 5.15, 5.25, 5.35, 5.45, 5.55, 5.65, 5.75, 5.85, 5.95, 6.05, 6.15, 6.25, 6.35, 6.45, 6.55, 6.65, 6.75, 6.85, 6.95, 7.05, 7.15]","[4.571428571428571, 4.190476190476191, 3.142857142857143, 2.2857142857142856, 1.0952380952380953, 0.7073170731707317, 0.5121951219512195, 0.43902439024390244, 0.36585365853658536, 0.2682926829268293, 0.17073170731707318, 0.17073170731707318, 0.14634146341463414, 0.024390243902439025, 0.0975609756097561, 0.04878048780487805, 0.0, 0.04878048780487805, 0.0, 0.024390243902439025, 0.009900990099009901, 0.019801980198019802, 0.0, 0.009900990099009901, 0.009900990099009901, 0.008620689655172414, 0.008620689655172414]"
1394.0,7.324102926809843,1.3489492614647853,0.052636218307325865,"[4.55, 4.65, 4.75, 4.85, 4.95, 5.05, 5.15, 5.25, 5.35, 5.45, 5.55, 5.65, 5.75, 5.85, 5.95, 6.05, 6.15, 6.25, 6.35, 6.45, 6.55, 6.65, 6.75, 6.85, 6.95, 7.05, 7.15]","[4.571428571428571, 4.190476190476191, 3.142857142857143, 2.2857142857142856, 1.0952380952380953, 0.7073170731707317, 0.5121951219512195, 0.43902439024390244, 0.36585365853658536, 0.2682926829268293, 0.17073170731707318, 0.17073170731707318, 0.14634146341463414, 0.024390243902439025, 0.0975609756097561, 0.04878048780487805, 0.0, 0.04878048780487805, 0.0, 0.024390243902439025, 0.008620689655172414, 0.02586206896551724, 0.008620689655172414, 0.008620689655172414, 0.017241379310344827, 0.008620689655172414, 0.008620689655172414]"
1395.0,7.481680089390275,1.3836454343410138,0.02018943905023482,"[4.55, 4.65, 4.75, 4.85, 4.95, 5.05, 5.15, 5.25, 5.35, 5.45, 5.55, 5.65, 5.75, 5.85, 5.95, 6.05, 6.15, 6.25, 6.35, 6.45, 6.55, 6.65, 6.75, 6.85, 6.95]","[4.571428571428571, 4.190476190476191, 3.142857142857143, 2.2857142857142856, 1.0952380952380953, 0.7073170731707317, 0.5121951219512195, 0.43902439024390244, 0.36585365853658536, 0.2682926829268293, 0.17073170731707318, 0.17073170731707318, 0.14634146341463414, 0.024390243902439025, 0.0975609756097561, 0.06557377049180328, 0.01639344262295082, 0.04918032786885246, 0.0, 0.04918032786885246, 0.0, 0.01639344262295082, 0.0, 0.01639344262295082, 0.01639344262295082]"
1396.0,7.481680089390275,1.3836454343410138,0.012215965844562839,"[4.55, 4.65, 4.75, 4.85, 4.95, 5.05, 5.15, 5.25, 5.35, 5.45, 5.55, 5.65, 5.75, 5.85, 5.95, 6.05, 6.15, 6.25, 6.35, 6.45, 6.55, 6.65, 6.75, 6.85, 6.95]","[4.571428571428571, 4.190476190476191, 3.142857142857143, 2.2857142857142856, 1.0952380952380953, 0.7073170731707317, 0.5121951219512195, 0.43902439024390244, 0.36585365853658536, 0.2682926829268293, 0.17073170731707318, 0.17073170731707318, 0.14634146341463414, 0.024390243902439025, 0.0975609756097561, 0.06557377049180328, 0.01639344262295082, 0.04918032786885246, 0.0, 0.04918032786885246, 0.0, 0.01639344262295082, 0.0, 0.01639344262295082, 0.01639344262295082]"
1397.0,7.481680089390275,1.3836454343410138,0.012215965844562839,"[4.55, 4.65, 4.75, 4.85, 4.95, 5.05, 5.15, 5.25, 5.35, 5.45, 5.55, 5.65, 5.75, 5.85, 5.95, 6.05, 6.15, 6.25, 6.35, 6.45, 6.55, 6.65, 6.75, 6.85, 6.95]","[4.571428571428571, 4.190476190476191, 3.142857142857143, 2.2857142857142856, 1.0952380952380953, 0.7073170731707317, 0.5121951219512195, 0.43902439024390244, 0.36585365853658536, 0.2682926829268293, 0.17073170731707318, 0.17073170731707318, 0.14634146341463414, 0.024390243902439025, 0.0975609756097561, 0.06557377049180328, 0.01639344262295082, 0.04918032786885246, 0.0, 0.04918032786885246, 0.0, 0.01639344262295082, 0.0, 0.01639344262295082, 0.01639344262295082]"
1398.0,7.374183228334177,1.359875755622964,0.021787905867597237,"[4.55, 4.65, 4.75, 4.85, 4.95, 5.05, 5.15, 5.25, 5.35, 5.45, 5.55, 5.65, 5.75, 5.85, 5.95, 6.05, 6.15, 6.25, 6.35, 6.45, 6.55, 6.65, 6.75, 6.85, 6.95, 7.05, 7.15]","[4.571428571428571, 4.190476190476191, 3.142857142857143, 2.2857142857142856, 1.0952380952380953, 0.7073170731707317, 0.5121951219512195, 0.43902439024390244, 0.36585365853658536, 0.2682926829268293, 0.17073170731707318, 0.17073170731707318, 0.14634146341463414, 0.024390243902439025, 0.0975609756097561, 0.06557377049180328, 0.01639344262295082, 0.04918032786885246, 0.0, 0.04918032786885246, 0.0, 0.01639344262295082, 0.0, 0.01639344262295082, 0.01639344262295082, 0.008620689655172414, 0.008620689655172414]"
1399.0,7.508109527261359,1.3895043162553007,0.011251500131123773,"[4.55, 4.65, 4.75, 4.85, 4.95, 5.05, 5.15, 5.25, 5.35, 5.45, 5.55, 5.65, 5.75, 5.85, 5.95, 6.05, 6.15, 6.25, 6.35, 6.45, 6.55, 6.65, 6.75, 6.85, 6.95]","[4.571428571428571, 4.190476190476191, 3.142857142857143, 2.2857142857142856, 1.0952380952380953, 0.7073170731707317, 0.5121951219512195, 0.43902439024390244, 0.36585365853658536, 0.2682926829268293, 0.17073170731707318, 0.17073170731707318, 0.14634146341463414, 0.024390243902439025, 0.0975609756097561, 0.06557377049180328, 0.01639344262295082, 0.04918032786885246, 0.0, 0.04918032786885246, 0.0, 0.012345679012345678, 0.0, 0.012345679012345678, 0.012345679012345678]"
1400.0,7.508109527261359,1.3895043162553007,0.007817953973970285,"[4.55, 4.65, 4.75, 4.85, 4.95, 5.05, 5.15, 5.25, 5.35, 5.45, 5.55, 5.65, 5.75, 5.85, 5.95, 6.05, 6.15, 6.25, 6.35, 6.45, 6.55, 6.65, 6.75, 6.85, 6.95]","[4.571428571428571, 4.190476190476191, 3.142857142857143, 2.2857142857142856, 1.0952380952380953, 0.7073170731707317, 0.5121951219512195, 0.43902439024390244, 0.36585365853658536, 0.2682926829268293, 0.17073170731707318, 0.17073170731707318, 0.14634146341463414, 0.024390243902439025, 0.0975609756097561, 0.06557377049180328, 0.01639344262295082, 0.04918032786885246, 0.0, 0.04918032786885246, 0.0, 0.012345679012345678, 0.0, 0.012345679012345678, 0.012345679012345678]"
1401.0,7.401507741901127,1.3659346247562811,0.01307458767451144,"[4.55, 4.65, 4.75, 4.85, 4.95, 5.05, 5.15, 5.25, 5.35, 5.45, 5.55, 5.65, 5.75, 5.85, 5.95, 6.05, 6.15, 6.25, 6.35, 6.45, 6.55, 6.65, 6.75, 6.85, 6.95, 7.05, 7.15]","[4.571428571428571, 4.190476190476191, 3.142857142857143, 2.2857142857142856, 1.0952380952380953, 0.7073170731707317, 0.5121951219512195, 0.43902439024390244, 0.36585365853658536, 0.2682926829268293, 0.17073170731707318, 0.17073170731707318, 0.14634146341463414, 0.024390243902439025, 0.0975609756097561, 0.06557377049180328, 0.01639344262295082, 0.04918032786885246, 0.0, 0.04918032786885246, 0.0, 0.012345679012345678, 0.0, 0.012345679012345678, 0.012345679012345678, 0.008620689655172414, 0.008620689655172414]"
1402.0,7.434134847594808,1.373084148432522,0.01198250878378221,"[4.55, 4.65, 4.75, 4.85, 4.95, 5.05, 5.15, 5.25, 5.35, 5.45, 5.55, 5.65, 5.75, 5.85, 5.95, 6.05, 6.15, 6.25, 6.35, 6.45, 6.55, 6.65, 6.75, 6.85, 6.95]","[4.571428571428571, 4.190476190476191, 3.142857142857143, 2.2857142857142856, 1.0952380952380953, 0.7073170731707317, 0.5121951219512195, 0.43902439024390244, 0.36585365853658536, 0.2682926829268293, 0.17073170731707318, 0.17073170731707318, 0.14634146341463414, 0.024390243902439025, 0.0975609756097561, 0.06557377049180328, 0.01639344262295082, 0.04918032786885246, 0.0, 0.04918032786885246, 0.009900990099009901, 0.019801980198019802, 0.0, 0.009900990099009901, 0.009900990099009901]"
1403.0,7.334887701417595,1.3511407458875344,0.013471528555252469,"[4.55, 4.65, 4.75, 4.85, 4.95, 5.05, 5.15, 5.25, 5.35, 5.45, 5.55, 5.65, 5.75, 5.85, 5.95, 6.05, 6.15, 6.25, 6.35, 6.45, 6.55, 6.65, 6.75, 6.85, 6.95, 7.05, 7.15]","[4.571428571428571, 4.190476190476191, 3.142857142857143, 2.2857142857142856, 1.0952380952380953, 0.7073170731707317, 0.5121951219512195, 0.43902439024390244, 0.36585365853658536, 0.2682926829268293, 0.17073170731707318, 0.17073170731707318, 0.14634146341463414, 0.024390243902439025, 0.0975609756097561, 0.06557377049180328, 0.01639344262295082, 0.04918032786885246, 0.0, 0.04918032786885246, 0.009900990099009901, 0.019801980198019802, 0.0, 0.009900990099009901, 0.009900990099009901, 0.008620689655172414, 0.008620689655172414]"
1404.0,7.209357740149104,1.323335578341606,0.026215108381198445,"[4.55, 4.65, 4.75, 4.85, 4.95, 5.05, 5.15, 5.25, 5.35, 5.45, 5.55, 5.65, 5.75, 5.85, 5.95, 6.05, 6.15, 6.25, 6.35, 6.45, 6.55, 6.65, 6.75, 6.85, 6.95, 7.05, 7.15]","[4.571428571428571, 4.190476190476191, 3.142857142857143, 2.2857142857142856, 1.0952380952380953, 0.7073170731707317, 0.5121951219512195, 0.43902439024390244, 0.36585365853658536, 0.2682926829268293, 0.17073170731707318, 0.17073170731707318, 0.14634146341463414, 0.024390243902439025, 0.0975609756097561, 0.06557377049180328, 0.01639344262295082, 0.04918032786885246, 0.0, 0.04918032786885246, 0.008620689655172414, 0.02586206896551724, 0.008620689655172414, 0.008620689655172414, 0.017241379310344827, 0.008620689655172414, 0.008620689655172414]"
1405.0,7.5564879952387995,1.4003125326585768,0.018226950332848078,"[4.55, 4.65, 4.75, 4.85, 4.95, 5.05, 5.15, 5.25, 5.35, 5.45, 5.55, 5.65, 5.75, 5.85, 5.95, 6.05, 6.15, 6.25, 6.35, 6.45, 6.55, 6.65, 6.75, 6.85, 6.95]","[4.571428571428571, 4.190476190476191, 3.142857142857143, 2.2857142857142856, 1.0952380952380953, 0.7073170731707317, 0.5121951219512195, 0.43902439024390244, 0.36585365853658536, 0.2682926829268293, 0.17073170731707318, 0.17073170731707318, 0.14634146341463414, 0.024390243902439025, 0.0975609756097561, 0.04938271604938271, 0.012345679012345678, 0.04938271604938271, 0.0, 0.037037037037037035, 0.0, 0.012345679012345678, 0.0, 0.012345679012345678, 0.012345679012345678]"
1406.0,7.5564879952387995,1.4003125326585768,0.011228784762334167,"[4.55, 4.65, 4.75, 4.85, 4.95, 5.05, 5.15, 5.25, 5.35, 5.45, 5.55, 5.65, 5.75, 5.85, 5.95, 6.05, 6.15, 6.25, 6.35, 6.45, 6.55, 6.65, 6.75, 6.85, 6.95]","[4.571428571428571, 4.190476190476191, 3.142857142857143, 2.2857142857142856, 1.0952380952380953, 0.7073170731707317, 0.5121951219512195, 0.43902439024390244, 0.36585365853658536, 0.2682926829268293, 0.17073170731707318, 0.17073170731707318, 0.14634146341463414, 0.024390243902439025, 0.0975609756097561, 0.04938271604938271, 0.012345679012345678, 0.04938271604938271, 0.0, 0.037037037037037035, 0.0, 0.012345679012345678, 0.0, 0.012345679012345678, 0.012345679012345678]"
1407.0,7.452847369945988,1.3774120133506111,0.020376441860228144,"[4.55, 4.65, 4.75, 4.85, 4.95, 5.05, 5.15, 5.25, 5.35, 5.45, 5.55, 5.65, 5.75, 5.85, 5.95, 6.05, 6.15, 6.25, 6.35, 6.45, 6.55, 6.65, 6.75, 6.85, 6.95, 7.05, 7.15]","[4.571428571428571, 4.190476190476191, 3.142857142857143, 2.2857142857142856, 1.0952380952380953, 0.7073170731707317, 0.5121951219512195, 0.43902439024390244, 0.36585365853658536, 0.2682926829268293, 0.17073170731707318, 0.17073170731707318, 0.14634146341463414, 0.024390243902439025, 0.0975609756097561, 0.04938271604938271, 0.012345679012345678, 0.04938271604938271, 0.0, 0.037037037037037035, 0.0, 0.012345679012345678, 0.0, 0.012345679012345678, 0.012345679012345678, 0.008620689655172414, 0.008620689655172414]"
1408.0,7.484314938616734,1.3842991815768182,0.011474394146965454,"[4.55, 4.65, 4.75, 4.85, 4.95, 5.05, 5.15, 5.25, 5.35, 5.45, 5.55, 5.65, 5.75, 5.85, 5.95, 6.05, 6.15, 6.25, 6.35, 6.45, 6.55, 6.65, 6.75, 6.85, 6.95]","[4.571428571428571, 4.190476190476191, 3.142857142857143, 2.2857142857142856, 1.0952380952380953, 0.7073170731707317, 0.5121951219512195, 0.43902439024390244, 0.36585365853658536, 0.2682926829268293, 0.17073170731707318, 0.17073170731707318, 0.14634146341463414, 0.024390243902439025, 0.0975609756097561, 0.04938271604938271, 0.012345679012345678, 0.04938271604938271, 0.0, 0.037037037037037035, 0.009900990099009901, 0.019801980198019802, 0.0, 0.009900990099009901, 0.009900990099009901]"
1409.0,7.387465187953948,1.3629000604745907,0.012991438183516332,"[4.55, 4.65, 4.75, 4.85, 4.95, 5.05, 5.15, 5.25, 5.35, 5.45, 5.55, 5.65, 5.75, 5.85, 5.95, 6.05, 6.15, 6.25, 6.35, 6.45, 6.55, 6.65, 6.75, 6.85, 6.95, 7.05, 7.15]","[4.571428571428571, 4.190476190476191, 3.142857142857143, 2.2857142857142856, 1.0952380952380953, 0.7073170731707317, 0.5121951219512195, 0.43902439024390244, 0.36585365853658536, 0.2682926829268293, 0.17073170731707318, 0.17073170731707318, 0.14634146341463414, 0.024390243902439025, 0.0975609756097561, 0.04938271604938271, 0.012345679012345678, 0.04938271604938271, 0.0, 0.037037037037037035, 0.009900990099009901, 0.019801980198019802, 0.0, 0.009900990099009901, 0.009900990099009901, 0.008620689655172414, 0.008620689655172414]"
1410.0,7.265353593211869,1.3358678273277333,0.025449722186429893,"[4.55, 4.65, 4.75, 4.85, 4.95, 5.05, 5.15, 5.25, 5.35, 5.45, 5.55, 5.65, 5.75, 5.85, 5.95, 6.05, 6.15, 6.25, 6.35, 6.45, 6.55, 6.65, 6.75, 6.85, 6.95, 7.05, 7.15]","[4.571428571428571, 4.190476190476191, 3.142857142857143, 2.2857142857142856, 1.0952380952380953, 0.7073170731707317, 0.5121951219512195, 0.43902439024390244, 0.36585365853658536, 0.2682926829268293, 0.17073170731707318, 0.17073170731707318, 0.14634146341463414, 0.024390243902439025, 0.0975609756097561, 0.04938271604938271, 0.012345679012345678, 0.04938271604938271, 0.0, 0.037037037037037035, 0.008620689655172414, 0.02586206896551724, 0.008620689655172414, 0.008620689655172414, 0.017241379310344827, 0.008620689655172414, 0.008620689655172414]"
1411.0,7.39993670698498,1.3654571598475824,0.02025774139462821,"[4.55, 4.65, 4.75, 4.85, 4.95, 5.05, 5.15, 5.25, 5.35, 5.45, 5.55, 5.65, 5.75, 5.85, 5.95, 6.05, 6.15, 6.25, 6.35, 6.45, 6.55, 6.65, 6.75, 6.85, 6.95]","[4.571428571428571, 4.190476190476191, 3.142857142857143, 2.2857142857142856, 1.0952380952380953, 0.7073170731707317, 0.5121951219512195, 0.43902439024390244, 0.36585365853658536, 0.2682926829268293, 0.17073170731707318, 0.17073170731707318, 0.14634146341463414, 0.024390243902439025, 0.0975609756097561, 0.0594059405940594, 0.019801980198019802, 0.04950495049504951, 0.0, 0.039603960396039604, 0.009900990099009901, 0.019801980198019802, 0.0, 0.009900990099009901, 0.009900990099009901]"
1412.0,7.313512272216345,1.346372917787355,0.021757378969667777,"[4.55, 4.65, 4.75, 4.85, 4.95, 5.05, 5.15, 5.25, 5.35, 5.45, 5.55, 5.65, 5.75, 5.85, 5.95, 6.05, 6.15, 6.25, 6.35, 6.45, 6.55, 6.65, 6.75, 6.85, 6.95, 7.05, 7.15]","[4.571428571428571, 4.190476190476191, 3.142857142857143, 2.2857142857142856, 1.0952380952380953, 0.7073170731707317, 0.5121951219512195, 0.43902439024390244, 0.36585365853658536, 0.2682926829268293, 0.17073170731707318, 0.17073170731707318, 0.14634146341463414, 0.024390243902439025, 0.0975609756097561, 0.0594059405940594, 0.019801980198019802, 0.04950495049504951, 0.0, 0.039603960396039604, 0.009900990099009901, 0.019801980198019802, 0.0, 0.009900990099009901, 0.009900990099009901, 0.008620689655172414, 0.008620689655172414]"
1413.0,7.203078348234227,1.3219397181157004,0.026026597613829736,"[4.55, 4.65, 4.75, 4.85, 4.95, 5.05, 5.15, 5.25, 5.35, 5.45, 5.55, 5.65, 5.75, 5.85, 5.95, 6.05, 6.15, 6.25, 6.35, 6.45, 6.55, 6.65, 6.75, 6.85, 6.95, 7.05, 7.15]","[4.571428571428571, 4.190476190476191, 3.142857142857143, 2.2857142857142856, 1.0952380952380953, 0.7073170731707317, 0.5121951219512195, 0.43902439024390244, 0.36585365853658536, 0.2682926829268293, 0.17073170731707318, 0.17073170731707318, 0.14634146341463414, 0.024390243902439025, 0.0975609756097561, 0.0594059405940594, 0.019801980198019802, 0.04950495049504951, 0.0, 0.039603960396039604, 0.008620689655172414, 0.02586206896551724, 0.008620689655172414, 0.008620689655172414, 0.017241379310344827, 0.008620689655172414, 0.008620689655172414]"
1414.0,7.103076714708575,1.299573802556453,0.054247263647307836,"[4.55, 4.65, 4.75, 4.85, 4.95, 5.05, 5.15, 5.25, 5.35, 5.45, 5.55, 5.65, 5.75, 5.85, 5.95, 6.05, 6.15, 6.25, 6.35, 6.45, 6.55, 6.65, 6.75, 6.85, 6.95, 7.05, 7.15]","[4.571428571428571, 4.190476190476191, 3.142857142857143, 2.2857142857142856, 1.0952380952380953, 0.7073170731707317, 0.5121951219512195, 0.43902439024390244, 0.36585365853658536, 0.2682926829268293, 0.17073170731707318, 0.17073170731707318, 0.14634146341463414, 0.024390243902439025, 0.0975609756097561, 0.06896551724137931, 0.02586206896551724, 0.05172413793103448, 0.017241379310344827, 0.034482758620689655, 0.008620689655172414, 0.02586206896551724, 0.008620689655172414, 0.008620689655172414, 0.017241379310344827, 0.008620689655172414, 0.008620689655172414]"
1415.0,7.344748539777875,1.3529179464522714,0.01951216486774886,"[4.55, 4.65, 4.75, 4.85, 4.95, 5.05, 5.15, 5.25, 5.35, 5.45, 5.55, 5.65, 5.75, 5.85, 5.95, 6.05, 6.15, 6.25, 6.35, 6.45, 6.55, 6.65, 6.75, 6.85, 6.95]","[4.571428571428571, 4.190476190476191, 3.142857142857143, 2.2857142857142856, 1.0952380952380953, 0.7073170731707317, 0.5121951219512195, 0.43902439024390244, 0.36585365853658536, 0.2682926829268293, 0.16393442622950818, 0.18032786885245902, 0.13114754098360656, 0.08196721311475409, 0.13114754098360656, 0.06557377049180328, 0.01639344262295082, 0.04918032786885246, 0.0, 0.04918032786885246, 0.0, 0.01639344262295082, 0.0, 0.01639344262295082, 0.01639344262295082]"
1416.0,7.344748539777875,1.3529179464522714,0.011608153412319626,"[4.55, 4.65, 4.75, 4.85, 4.95, 5.05, 5.15, 5.25, 5.35, 5.45, 5.55, 5.65, 5.75, 5.85, 5.95, 6.05, 6.15, 6.25, 6.35, 6.45, 6.55, 6.65, 6.75, 6.85, 6.95]","[4.571428571428571, 4.190476190476191, 3.142857142857143, 2.2857142857142856, 1.0952380952380953, 0.7073170731707317, 0.5121951219512195, 0.43902439024390244, 0.36585365853658536, 0.2682926829268293, 0.16393442622950818, 0.18032786885245902, 0.13114754098360656, 0.08196721311475409, 0.13114754098360656, 0.06557377049180328, 0.01639344262295082, 0.04918032786885246, 0.0, 0.04918032786885246, 0.0, 0.01639344262295082, 0.0, 0.01639344262295082, 0.01639344262295082]"
1417.0,7.344748539777875,1.3529179464522714,0.011608153412319626,"[4.55, 4.65, 4.75, 4.85, 4.95, 5.05, 5.15, 5.25, 5.35, 5.45, 5.55, 5.65, 5.75, 5.85, 5.95, 6.05, 6.15, 6.25, 6.35, 6.45, 6.55, 6.65, 6.75, 6.85, 6.95]","[4.571428571428571, 4.190476190476191, 3.142857142857143, 2.2857142857142856, 1.0952380952380953, 0.7073170731707317, 0.5121951219512195, 0.43902439024390244, 0.36585365853658536, 0.2682926829268293, 0.16393442622950818, 0.18032786885245902, 0.13114754098360656, 0.08196721311475409, 0.13114754098360656, 0.06557377049180328, 0.01639344262295082, 0.04918032786885246, 0.0, 0.04918032786885246, 0.0, 0.01639344262295082, 0.0, 0.01639344262295082, 0.01639344262295082]"
1418.0,7.2569029878907045,1.3335517318593544,0.01933326108715875,"[4.55, 4.65, 4.75, 4.85, 4.95, 5.05, 5.15, 5.25, 5.35, 5.45, 5.55, 5.65, 5.75, 5.85, 5.95, 6.05, 6.15, 6.25, 6.35, 6.45, 6.55, 6.65, 6.75, 6.85, 6.95, 7.05, 7.15]","[4.571428571428571, 4.190476190476191, 3.142857142857143, 2.2857142857142856, 1.0952380952380953, 0.7073170731707317, 0.5121951219512195, 0.43902439024390244, 0.36585365853658536, 0.2682926829268293, 0.16393442622950818, 0.18032786885245902, 0.13114754098360656, 0.08196721311475409, 0.13114754098360656, 0.06557377049180328, 0.01639344262295082, 0.04918032786885246, 0.0, 0.04918032786885246, 0.0, 0.01639344262295082, 0.0, 0.01639344262295082, 0.01639344262295082, 0.008620689655172414, 0.008620689655172414]"
1419.0,7.370254138624421,1.3585564732428361,0.010279743261746856,"[4.55, 4.65, 4.75, 4.85, 4.95, 5.05, 5.15, 5.25, 5.35, 5.45, 5.55, 5.65, 5.75, 5.85, 5.95, 6.05, 6.15, 6.25, 6.35, 6.45, 6.55, 6.65, 6.75, 6.85, 6.95]","[4.571428571428571, 4.190476190476191, 3.142857142857143, 2.2857142857142856, 1.0952380952380953, 0.7073170731707317, 0.5121951219512195, 0.43902439024390244, 0.36585365853658536, 0.2682926829268293, 0.16393442622950818, 0.18032786885245902, 0.13114754098360656, 0.08196721311475409, 0.13114754098360656, 0.06557377049180328, 0.01639344262295082, 0.04918032786885246, 0.0, 0.04918032786885246, 0.0, 0.012345679012345678, 0.0, 0.012345679012345678, 0.012345679012345678]"
1420.0,7.370254138624421,1.3585564732428361,0.007262092884127718,"[4.55, 4.65, 4.75, 4.85, 4.95, 5.05, 5.15, 5.25, 5.35, 5.45, 5.55, 5.65, 5.75, 5.85, 5.95, 6.05, 6.15, 6.25, 6.35, 6.45, 6.55, 6.65, 6.75, 6.85, 6.95]","[4.571428571428571, 4.190476190476191, 3.142857142857143, 2.2857142857142856, 1.0952380952380953, 0.7073170731707317, 0.5121951219512195, 0.43902439024390244, 0.36585365853658536, 0.2682926829268293, 0.16393442622950818, 0.18032786885245902, 0.13114754098360656, 0.08196721311475409, 0.13114754098360656, 0.06557377049180328, 0.01639344262295082, 0.04918032786885246, 0.0, 0.04918032786885246, 0.0, 0.012345679012345678, 0.0, 0.012345679012345678, 0.012345679012345678]"
1421.0,7.2829882474436936,1.3393195948321563,0.011432717209667483,"[4.55, 4.65, 4.75, 4.85, 4.95, 5.05, 5.15, 5.25, 5.35, 5.45, 5.55, 5.65, 5.75, 5.85, 5.95, 6.05, 6.15, 6.25, 6.35, 6.45, 6.55, 6.65, 6.75, 6.85, 6.95, 7.05, 7.15]","[4.571428571428571, 4.190476190476191, 3.142857142857143, 2.2857142857142856, 1.0952380952380953, 0.7073170731707317, 0.5121951219512195, 0.43902439024390244, 0.36585365853658536, 0.2682926829268293, 0.16393442622950818, 0.18032786885245902, 0.13114754098360656, 0.08196721311475409, 0.13114754098360656, 0.06557377049180328, 0.01639344262295082, 0.04918032786885246, 0.0, 0.04918032786885246, 0.0, 0.012345679012345678, 0.0, 0.012345679012345678, 0.012345679012345678, 0.008620689655172414, 0.008620689655172414]"
1422.0,7.310895080873505,1.3454127734295203,0.010665053192927522,"[4.55, 4.65, 4.75, 4.85, 4.95, 5.05, 5.15, 5.25, 5.35, 5.45, 5.55, 5.65, 5.75, 5.85, 5.95, 6.05, 6.15, 6.25, 6.35, 6.45, 6.55, 6.65, 6.75, 6.85, 6.95]","[4.571428571428571, 4.190476190476191, 3.142857142857143, 2.2857142857142856, 1.0952380952380953, 0.7073170731707317, 0.5121951219512195, 0.43902439024390244, 0.36585365853658536, 0.2682926829268293, 0.16393442622950818, 0.18032786885245902, 0.13114754098360656, 0.08196721311475409, 0.13114754098360656, 0.06557377049180328, 0.01639344262295082, 0.04918032786885246, 0.0, 0.04918032786885246, 0.009900990099009901, 0.019801980198019802, 0.0, 0.009900990099009901, 0.009900990099009901]"
1423.0,7.228987734770266,1.3273580337446904,0.011425964325467953,"[4.55, 4.65, 4.75, 4.85, 4.95, 5.05, 5.15, 5.25, 5.35, 5.45, 5.55, 5.65, 5.75, 5.85, 5.95, 6.05, 6.15, 6.25, 6.35, 6.45, 6.55, 6.65, 6.75, 6.85, 6.95, 7.05, 7.15]","[4.571428571428571, 4.190476190476191, 3.142857142857143, 2.2857142857142856, 1.0952380952380953, 0.7073170731707317, 0.5121951219512195, 0.43902439024390244, 0.36585365853658536, 0.2682926829268293, 0.16393442622950818, 0.18032786885245902, 0.13114754098360656, 0.08196721311475409, 0.13114754098360656, 0.06557377049180328, 0.01639344262295082, 0.04918032786885246, 0.0, 0.04918032786885246, 0.009900990099009901, 0.019801980198019802, 0.0, 0.009900990099009901, 0.009900990099009901, 0.008620689655172414, 0.008620689655172414]"
1424.0,7.122644333531313,1.3038754921591342,0.0213458991180137,"[4.55, 4.65, 4.75, 4.85, 4.95, 5.05, 5.15, 5.25, 5.35, 5.45, 5.55, 5.65, 5.75, 5.85, 5.95, 6.05, 6.15, 6.25, 6.35, 6.45, 6.55, 6.65, 6.75, 6.85, 6.95, 7.05, 7.15]","[4.571428571428571, 4.190476190476191, 3.142857142857143, 2.2857142857142856, 1.0952380952380953, 0.7073170731707317, 0.5121951219512195, 0.43902439024390244, 0.36585365853658536, 0.2682926829268293, 0.16393442622950818, 0.18032786885245902, 0.13114754098360656, 0.08196721311475409, 0.13114754098360656, 0.06557377049180328, 0.01639344262295082, 0.04918032786885246, 0.0, 0.04918032786885246, 0.008620689655172414, 0.02586206896551724, 0.008620689655172414, 0.008620689655172414, 0.017241379310344827, 0.008620689655172414, 0.008620689655172414]"
1425.0,7.418661850637448,1.369354378826312,0.010027803759486345,"[4.55, 4.65, 4.75, 4.85, 4.95, 5.05, 5.15, 5.25, 5.35, 5.45, 5.55, 5.65, 5.75, 5.85, 5.95, 6.05, 6.15, 6.25, 6.35, 6.45, 6.55, 6.65, 6.75, 6.85, 6.95]","[4.571428571428571, 4.190476190476191, 3.142857142857143, 2.2857142857142856, 1.0952380952380953, 0.7073170731707317, 0.5121951219512195, 0.43902439024390244, 0.36585365853658536, 0.2682926829268293, 0.16393442622950818, 0.18032786885245902, 0.13114754098360656, 0.08196721311475409, 0.13114754098360656, 0.04938271604938271, 0.012345679012345678, 0.04938271604938271, 0.0, 0.037037037037037035, 0.0, 0.012345679012345678, 0.0, 0.012345679012345678, 0.012345679012345678]"
1426.0,7.418661850637448,1.369354378826312,0.006812095408044542,"[4.55, 4.65, 4.75, 4.85, 4.95, 5.05, 5.15, 5.25, 5.35, 5.45, 5.55, 5.65, 5.75, 5.85, 5.95, 6.05, 6.15, 6.25, 6.35, 6.45, 6.55, 6.65, 6.75, 6.85, 6.95]","[4.571428571428571, 4.190476190476191, 3.142857142857143, 2.2857142857142856, 1.0952380952380953, 0.7073170731707317, 0.5121951219512195, 0.43902439024390244, 0.36585365853658536, 0.2682926829268293, 0.16393442622950818, 0.18032786885245902, 0.13114754098360656, 0.08196721311475409, 0.13114754098360656, 0.04938271604938271, 0.012345679012345678, 0.04938271604938271, 0.0, 0.037037037037037035, 0.0, 0.012345679012345678, 0.0, 0.012345679012345678, 0.012345679012345678]"
1427.0,7.333196745365785,1.3505262664966982,0.010918069143932514,"[4.55, 4.65, 4.75, 4.85, 4.95, 5.05, 5.15, 5.25, 5.35, 5.45, 5.55, 5.65, 5.75, 5.85, 5.95, 6.05, 6.15, 6.25, 6.35, 6.45, 6.55, 6.65, 6.75, 6.85, 6.95, 7.05, 7.15]","[4.571428571428571, 4.190476190476191, 3.142857142857143, 2.2857142857142856, 1.0952380952380953, 0.7073170731707317, 0.5121951219512195, 0.43902439024390244, 0.36585365853658536, 0.2682926829268293, 0.16393442622950818, 0.18032786885245902, 0.13114754098360656, 0.08196721311475409, 0.13114754098360656, 0.04938271604938271, 0.012345679012345678, 0.04938271604938271, 0.0, 0.037037037037037035, 0.0, 0.012345679012345678, 0.0, 0.012345679012345678, 0.012345679012345678, 0.008620689655172414, 0.008620689655172414]"
1428.0,7.360282140741806,1.3564329450176114,0.006753671451573275,"[4.55, 4.65, 4.75, 4.85, 4.95, 5.05, 5.15, 5.25, 5.35, 5.45, 5.55, 5.65, 5.75, 5.85, 5.95, 6.05, 6.15, 6.25, 6.35, 6.45, 6.55, 6.65, 6.75, 6.85, 6.95]","[4.571428571428571, 4.190476190476191, 3.142857142857143, 2.2857142857142856, 1.0952380952380953, 0.7073170731707317, 0.5121951219512195, 0.43902439024390244, 0.36585365853658536, 0.2682926829268293, 0.16393442622950818, 0.18032786885245902, 0.13114754098360656, 0.08196721311475409, 0.13114754098360656, 0.04938271604938271, 0.012345679012345678, 0.04938271604938271, 0.0, 0.037037037037037035, 0.009900990099009901, 0.019801980198019802, 0.0, 0.009900990099009901, 0.009900990099009901]"
1429.0,7.2798090118464875,1.3387059562465593,0.007398995291707941,"[4.55, 4.65, 4.75, 4.85, 4.95, 5.05, 5.15, 5.25, 5.35, 5.45, 5.55, 5.65, 5.75, 5.85, 5.95, 6.05, 6.15, 6.25, 6.35, 6.45, 6.55, 6.65, 6.75, 6.85, 6.95, 7.05, 7.15]","[4.571428571428571, 4.190476190476191, 3.142857142857143, 2.2857142857142856, 1.0952380952380953, 0.7073170731707317, 0.5121951219512195, 0.43902439024390244, 0.36585365853658536, 0.2682926829268293, 0.16393442622950818, 0.18032786885245902, 0.13114754098360656, 0.08196721311475409, 0.13114754098360656, 0.04938271604938271, 0.012345679012345678, 0.04938271604938271, 0.0, 0.037037037037037035, 0.009900990099009901, 0.019801980198019802, 0.0, 0.009900990099009901, 0.009900990099009901, 0.008620689655172414, 0.008620689655172414]"
1430.0,7.175864476819362,1.3157656466146364,0.013141892186211132,"[4.55, 4.65, 4.75, 4.85, 4.95, 5.05, 5.15, 5.25, 5.35, 5.45, 5.55, 5.65, 5.75, 5.85, 5.95, 6.05, 6.15, 6.25, 6.35, 6.45, 6.55, 6.65, 6.75, 6.85, 6.95, 7.05, 7.15]","[4.571428571428571, 4.190476190476191, 3.142857142857143, 2.2857142857142856, 1.0952380952380953, 0.7073170731707317, 0.5121951219512195, 0.43902439024390244, 0.36585365853658536, 0.2682926829268293, 0.16393442622950818, 0.18032786885245902, 0.13114754098360656, 0.08196721311475409, 0.13114754098360656, 0.04938271604938271, 0.012345679012345678, 0.04938271604938271, 0.0, 0.037037037037037035, 0.008620689655172414, 0.02586206896551724, 0.008620689655172414, 0.008620689655172414, 0.017241379310344827, 0.008620689655172414, 0.008620689655172414]"
1431.0,7.294687193173314,1.3418082775878792,0.010698485737635125,"[4.55, 4.65, 4.75, 4.85, 4.95, 5.05, 5.15, 5.25, 5.35, 5.45, 5.55, 5.65, 5.75, 5.85, 5.95, 6.05, 6.15, 6.25, 6.35, 6.45, 6.55, 6.65, 6.75, 6.85, 6.95]","[4.571428571428571, 4.190476190476191, 3.142857142857143, 2.2857142857142856, 1.0952380952380953, 0.7073170731707317, 0.5121951219512195, 0.43902439024390244, 0.36585365853658536, 0.2682926829268293, 0.16393442622950818, 0.18032786885245902, 0.13114754098360656, 0.08196721311475409, 0.13114754098360656, 0.0594059405940594, 0.019801980198019802, 0.04950495049504951, 0.0, 0.039603960396039604, 0.009900990099009901, 0.019801980198019802, 0.0, 0.009900990099009901, 0.009900990099009901]"
1432.0,7.221759437150572,1.3257538490851462,0.011180850388021387,"[4.55, 4.65, 4.75, 4.85, 4.95, 5.05, 5.15, 5.25, 5.35, 5.45, 5.55, 5.65, 5.75, 5.85, 5.95, 6.05, 6.15, 6.25, 6.35, 6.45, 6.55, 6.65, 6.75, 6.85, 6.95, 7.05, 7.15]","[4.571428571428571, 4.190476190476191, 3.142857142857143, 2.2857142857142856, 1.0952380952380953, 0.7073170731707317, 0.5121951219512195, 0.43902439024390244, 0.36585365853658536, 0.2682926829268293, 0.16393442622950818, 0.18032786885245902, 0.13114754098360656, 0.08196721311475409, 0.13114754098360656, 0.0594059405940594, 0.019801980198019802, 0.04950495049504951, 0.0, 0.039603960396039604, 0.009900990099009901, 0.019801980198019802, 0.0, 0.009900990099009901, 0.009900990099009901, 0.008620689655172414, 0.008620689655172414]"
1433.0,7.126416000110157,1.3047253234480674,0.013339081728943835,"[4.55, 4.65, 4.75, 4.85, 4.95, 5.05, 5.15, 5.25, 5.35, 5.45, 5.55, 5.65, 5.75, 5.85, 5.95, 6.05, 6.15, 6.25, 6.35, 6.45, 6.55, 6.65, 6.75, 6.85, 6.95, 7.05, 7.15]","[4.571428571428571, 4.190476190476191, 3.142857142857143, 2.2857142857142856, 1.0952380952380953, 0.7073170731707317, 0.5121951219512195, 0.43902439024390244, 0.36585365853658536, 0.2682926829268293, 0.16393442622950818, 0.18032786885245902, 0.13114754098360656, 0.08196721311475409, 0.13114754098360656, 0.0594059405940594, 0.019801980198019802, 0.04950495049504951, 0.0, 0.039603960396039604, 0.008620689655172414, 0.02586206896551724, 0.008620689655172414, 0.008620689655172414, 0.017241379310344827, 0.008620689655172414, 0.008620689655172414]"
1434.0,7.041325896787275,1.285731341774732,0.025198950597682068,"[4.55, 4.65, 4.75, 4.85, 4.95, 5.05, 5.15, 5.25, 5.35, 5.45, 5.55, 5.65, 5.75, 5.85, 5.95, 6.05, 6.15, 6.25, 6.35, 6.45, 6.55, 6.65, 6.75, 6.85, 6.95, 7.05, 7.15]","[4.571428571428571, 4.190476190476191, 3.142857142857143, 2.2857142857142856, 1.0952380952380953, 0.7073170731707317, 0.5121951219512195, 0.43902439024390244, 0.36585365853658536, 0.2682926829268293, 0.16393442622950818, 0.18032786885245902, 0.13114754098360656, 0.08196721311475409, 0.13114754098360656, 0.06896551724137931, 0.02586206896551724, 0.05172413793103448, 0.017241379310344827, 0.034482758620689655, 0.008620689655172414, 0.02586206896551724, 0.008620689655172414, 0.008620689655172414, 0.017241379310344827, 0.008620689655172414, 0.008620689655172414]"
1435.0,7.447146659376206,1.3757359774416849,0.017620358258638977,"[4.55, 4.65, 4.75, 4.85, 4.95, 5.05, 5.15, 5.25, 5.35, 5.45, 5.55, 5.65, 5.75, 5.85, 5.95, 6.05, 6.15, 6.25, 6.35, 6.45, 6.55, 6.65, 6.75, 6.85, 6.95]","[4.571428571428571, 4.190476190476191, 3.142857142857143, 2.2857142857142856, 1.0952380952380953, 0.7073170731707317, 0.5121951219512195, 0.43902439024390244, 0.36585365853658536, 0.2682926829268293, 0.1728395061728395, 0.18518518518518517, 0.1111111111111111, 0.08641975308641975, 0.09876543209876543, 0.04938271604938271, 0.012345679012345678, 0.04938271604938271, 0.0, 0.037037037037037035, 0.0, 0.012345679012345678, 0.0, 0.012345679012345678, 0.012345679012345678]"
1436.0,7.447146659376206,1.3757359774416849,0.010601504231078484,"[4.55, 4.65, 4.75, 4.85, 4.95, 5.05, 5.15, 5.25, 5.35, 5.45, 5.55, 5.65, 5.75, 5.85, 5.95, 6.05, 6.15, 6.25, 6.35, 6.45, 6.55, 6.65, 6.75, 6.85, 6.95]","[4.571428571428571, 4.190476190476191, 3.142857142857143, 2.2857142857142856, 1.0952380952380953, 0.7073170731707317, 0.5121951219512195, 0.43902439024390244, 0.36585365853658536, 0.2682926829268293, 0.1728395061728395, 0.18518518518518517, 0.1111111111111111, 0.08641975308641975, 0.09876543209876543, 0.04938271604938271, 0.012345679012345678, 0.04938271604938271, 0.0, 0.037037037037037035, 0.0, 0.012345679012345678, 0.0, 0.012345679012345678, 0.012345679012345678]"
1437.0,7.367252503095024,1.3581861274610068,0.018028783323806714,"[4.55, 4.65, 4.75, 4.85, 4.95, 5.05, 5.15, 5.25, 5.35, 5.45, 5.55, 5.65, 5.75, 5.85, 5.95, 6.05, 6.15, 6.25, 6.35, 6.45, 6.55, 6.65, 6.75, 6.85, 6.95, 7.05, 7.15]","[4.571428571428571, 4.190476190476191, 3.142857142857143, 2.2857142857142856, 1.0952380952380953, 0.7073170731707317, 0.5121951219512195, 0.43902439024390244, 0.36585365853658536, 0.2682926829268293, 0.1728395061728395, 0.18518518518518517, 0.1111111111111111, 0.08641975308641975, 0.09876543209876543, 0.04938271604938271, 0.012345679012345678, 0.04938271604938271, 0.0, 0.037037037037037035, 0.0, 0.012345679012345678, 0.0, 0.012345679012345678, 0.012345679012345678, 0.008620689655172414, 0.008620689655172414]"
1438.0,7.392604292877297,1.3636947496186482,0.010011676480155381,"[4.55, 4.65, 4.75, 4.85, 4.95, 5.05, 5.15, 5.25, 5.35, 5.45, 5.55, 5.65, 5.75, 5.85, 5.95, 6.05, 6.15, 6.25, 6.35, 6.45, 6.55, 6.65, 6.75, 6.85, 6.95]","[4.571428571428571, 4.190476190476191, 3.142857142857143, 2.2857142857142856, 1.0952380952380953, 0.7073170731707317, 0.5121951219512195, 0.43902439024390244, 0.36585365853658536, 0.2682926829268293, 0.1728395061728395, 0.18518518518518517, 0.1111111111111111, 0.08641975308641975, 0.09876543209876543, 0.04938271604938271, 0.012345679012345678, 0.04938271604938271, 0.0, 0.037037037037037035, 0.009900990099009901, 0.019801980198019802, 0.0, 0.009900990099009901, 0.009900990099009901]"
1439.0,7.316884009646271,1.3470638686920193,0.010808598445950281,"[4.55, 4.65, 4.75, 4.85, 4.95, 5.05, 5.15, 5.25, 5.35, 5.45, 5.55, 5.65, 5.75, 5.85, 5.95, 6.05, 6.15, 6.25, 6.35, 6.45, 6.55, 6.65, 6.75, 6.85, 6.95, 7.05, 7.15]","[4.571428571428571, 4.190476190476191, 3.142857142857143, 2.2857142857142856, 1.0952380952380953, 0.7073170731707317, 0.5121951219512195, 0.43902439024390244, 0.36585365853658536, 0.2682926829268293, 0.1728395061728395, 0.18518518518518517, 0.1111111111111111, 0.08641975308641975, 0.09876543209876543, 0.04938271604938271, 0.012345679012345678, 0.04938271604938271, 0.0, 0.037037037037037035, 0.009900990099009901, 0.019801980198019802, 0.0, 0.009900990099009901, 0.009900990099009901, 0.008620689655172414, 0.008620689655172414]"
1440.0,7.218960924592665,1.3255147353734598,0.020686727787381464,"[4.55, 4.65, 4.75, 4.85, 4.95, 5.05, 5.15, 5.25, 5.35, 5.45, 5.55, 5.65, 5.75, 5.85, 5.95, 6.05, 6.15, 6.25, 6.35, 6.45, 6.55, 6.65, 6.75, 6.85, 6.95, 7.05, 7.15]","[4.571428571428571, 4.190476190476191, 3.142857142857143, 2.2857142857142856, 1.0952380952380953, 0.7073170731707317, 0.5121951219512195, 0.43902439024390244, 0.36585365853658536, 0.2682926829268293, 0.1728395061728395, 0.18518518518518517, 0.1111111111111111, 0.08641975308641975, 0.09876543209876543, 0.04938271604938271, 0.012345679012345678, 0.04938271604938271, 0.0, 0.037037037037037035, 0.008620689655172414, 0.02586206896551724, 0.008620689655172414, 0.008620689655172414, 0.017241379310344827, 0.008620689655172414, 0.008620689655172414]"
1441.0,7.330082955818536,1.3497848693641261,0.010469643948885683,"[4.55, 4.65, 4.75, 4.85, 4.95, 5.05, 5.15, 5.25, 5.35, 5.45, 5.55, 5.65, 5.75, 5.85, 5.95, 6.05, 6.15, 6.25, 6.35, 6.45, 6.55, 6.65, 6.75, 6.85, 6.95]","[4.571428571428571, 4.190476190476191, 3.142857142857143, 2.2857142857142856, 1.0952380952380953, 0.7073170731707317, 0.5121951219512195, 0.43902439024390244, 0.36585365853658536, 0.2682926829268293, 0.1728395061728395, 0.18518518518518517, 0.1111111111111111, 0.08641975308641975, 0.09876543209876543, 0.0594059405940594, 0.019801980198019802, 0.04950495049504951, 0.0, 0.039603960396039604, 0.009900990099009901, 0.019801980198019802, 0.0, 0.009900990099009901, 0.009900990099009901]"
1442.0,7.260800203651852,1.3345781017320886,0.010784127663270793,"[4.55, 4.65, 4.75, 4.85, 4.95, 5.05, 5.15, 5.25, 5.35, 5.45, 5.55, 5.65, 5.75, 5.85, 5.95, 6.05, 6.15, 6.25, 6.35, 6.45, 6.55, 6.65, 6.75, 6.85, 6.95, 7.05, 7.15]","[4.571428571428571, 4.190476190476191, 3.142857142857143, 2.2857142857142856, 1.0952380952380953, 0.7073170731707317, 0.5121951219512195, 0.43902439024390244, 0.36585365853658536, 0.2682926829268293, 0.1728395061728395, 0.18518518518518517, 0.1111111111111111, 0.08641975308641975, 0.09876543209876543, 0.0594059405940594, 0.019801980198019802, 0.04950495049504951, 0.0, 0.039603960396039604, 0.009900990099009901, 0.019801980198019802, 0.0, 0.009900990099009901, 0.009900990099009901, 0.008620689655172414, 0.008620689655172414]"
1443.0,7.170271074009353,1.314669322982436,0.01375678212486448,"[4.55, 4.65, 4.75, 4.85, 4.95, 5.05, 5.15, 5.25, 5.35, 5.45, 5.55, 5.65, 5.75, 5.85, 5.95, 6.05, 6.15, 6.25, 6.35, 6.45, 6.55, 6.65, 6.75, 6.85, 6.95, 7.05, 7.15]","[4.571428571428571, 4.190476190476191, 3.142857142857143, 2.2857142857142856, 1.0952380952380953, 0.7073170731707317, 0.5121951219512195, 0.43902439024390244, 0.36585365853658536, 0.2682926829268293, 0.1728395061728395, 0.18518518518518517, 0.1111111111111111, 0.08641975308641975, 0.09876543209876543, 0.0594059405940594, 0.019801980198019802, 0.04950495049504951, 0.0, 0.039603960396039604, 0.008620689655172414, 0.02586206896551724, 0.008620689655172414, 0.008620689655172414, 0.017241379310344827, 0.008620689655172414, 0.008620689655172414]"
1444.0,7.088140535387398,1.2963804800378327,0.02597672214651061,"[4.55, 4.65, 4.75, 4.85, 4.95, 5.05, 5.15, 5.25, 5.35, 5.45, 5.55, 5.65, 5.75, 5.85, 5.95, 6.05, 6.15, 6.25, 6.35, 6.45, 6.55, 6.65, 6.75, 6.85, 6.95, 7.05, 7.15]","[4.571428571428571, 4.190476190476191, 3.142857142857143, 2.2857142857142856, 1.0952380952380953, 0.7073170731707317, 0.5121951219512195, 0.43902439024390244, 0.36585365853658536, 0.2682926829268293, 0.1728395061728395, 0.18518518518518517, 0.1111111111111111, 0.08641975308641975, 0.09876543209876543, 0.06896551724137931, 0.02586206896551724, 0.05172413793103448, 0.017241379310344827, 0.034482758620689655, 0.008620689655172414, 0.02586206896551724, 0.008620689655172414, 0.008620689655172414, 0.017241379310344827, 0.008620689655172414, 0.008620689655172414]"
1445.0,7.228408652002722,1.3268671896807578,0.01870905458086918,"[4.55, 4.65, 4.75, 4.85, 4.95, 5.05, 5.15, 5.25, 5.35, 5.45, 5.55, 5.65, 5.75, 5.85, 5.95, 6.05, 6.15, 6.25, 6.35, 6.45, 6.55, 6.65, 6.75, 6.85, 6.95]","[4.571428571428571, 4.190476190476191, 3.142857142857143, 2.2857142857142856, 1.0952380952380953, 0.7073170731707317, 0.5121951219512195, 0.43902439024390244, 0.36585365853658536, 0.2682926829268293, 0.1782178217821782, 0.19801980198019803, 0.09900990099009901, 0.12871287128712872, 0.10891089108910891, 0.0594059405940594, 0.019801980198019802, 0.04950495049504951, 0.0, 0.039603960396039604, 0.009900990099009901, 0.019801980198019802, 0.0, 0.009900990099009901, 0.009900990099009901]"
1446.0,7.168784381418847,1.3138200964706366,0.01867752110269336,"[4.55, 4.65, 4.75, 4.85, 4.95, 5.05, 5.15, 5.25, 5.35, 5.45, 5.55, 5.65, 5.75, 5.85, 5.95, 6.05, 6.15, 6.25, 6.35, 6.45, 6.55, 6.65, 6.75, 6.85, 6.95, 7.05, 7.15]","[4.571428571428571, 4.190476190476191, 3.142857142857143, 2.2857142857142856, 1.0952380952380953, 0.7073170731707317, 0.5121951219512195, 0.43902439024390244, 0.36585365853658536, 0.2682926829268293, 0.1782178217821782, 0.19801980198019803, 0.09900990099009901, 0.12871287128712872, 0.10891089108910891, 0.0594059405940594, 0.019801980198019802, 0.04950495049504951, 0.0, 0.039603960396039604, 0.009900990099009901, 0.019801980198019802, 0.0, 0.009900990099009901, 0.009900990099009901, 0.008620689655172414, 0.008620689655172414]"
1447.0,7.089196106841319,1.2963722131426436,0.02121958354030017,"[4.55, 4.65, 4.75, 4.85, 4.95, 5.05, 5.15, 5.25, 5.35, 5.45, 5.55, 5.65, 5.75, 5.85, 5.95, 6.05, 6.15, 6.25, 6.35, 6.45, 6.55, 6.65, 6.75, 6.85, 6.95, 7.05, 7.15]","[4.571428571428571, 4.190476190476191, 3.142857142857143, 2.2857142857142856, 1.0952380952380953, 0.7073170731707317, 0.5121951219512195, 0.43902439024390244, 0.36585365853658536, 0.2682926829268293, 0.1782178217821782, 0.19801980198019803, 0.09900990099009901, 0.12871287128712872, 0.10891089108910891, 0.0594059405940594, 0.019801980198019802, 0.04950495049504951, 0.0, 0.039603960396039604, 0.008620689655172414, 0.02586206896551724, 0.008620689655172414, 0.008620689655172414, 0.017241379310344827, 0.008620689655172414, 0.008620689655172414]"
1448.0,7.018538605845096,1.280668623960048,0.024651553533446502,"[4.55, 4.65, 4.75, 4.85, 4.95, 5.05, 5.15, 5.25, 5.35, 5.45, 5.55, 5.65, 5.75, 5.85, 5.95, 6.05, 6.15, 6.25, 6.35, 6.45, 6.55, 6.65, 6.75, 6.85, 6.95, 7.05, 7.15]","[4.571428571428571, 4.190476190476191, 3.142857142857143, 2.2857142857142856, 1.0952380952380953, 0.7073170731707317, 0.5121951219512195, 0.43902439024390244, 0.36585365853658536, 0.2682926829268293, 0.1782178217821782, 0.19801980198019803, 0.09900990099009901, 0.12871287128712872, 0.10891089108910891, 0.06896551724137931, 0.02586206896551724, 0.05172413793103448, 0.017241379310344827, 0.034482758620689655, 0.008620689655172414, 0.02586206896551724, 0.008620689655172414, 0.008620689655172414, 0.017241379310344827, 0.008620689655172414, 0.008620689655172414]"
1449.0,6.930501425561489,1.2605890495511185,0.04685037964419603,"[4.55, 4.65, 4.75, 4.85, 4.95, 5.05, 5.15, 5.25, 5.35, 5.45, 5.55, 5.65, 5.75, 5.85, 5.95, 6.05, 6.15, 6.25, 6.35, 6.45, 6.55, 6.65, 6.75, 6.85, 6.95, 7.05, 7.15]","[4.571428571428571, 4.190476190476191, 3.142857142857143, 2.2857142857142856, 1.0952380952380953, 0.7073170731707317, 0.5121951219512195, 0.43902439024390244, 0.36585365853658536, 0.2682926829268293, 0.19827586206896552, 0.20689655172413793, 0.1206896551724138, 0.12931034482758622, 0.12931034482758622, 0.06896551724137931, 0.02586206896551724, 0.05172413793103448, 0.017241379310344827, 0.034482758620689655, 0.008620689655172414, 0.02586206896551724, 0.008620689655172414, 0.008620689655172414, 0.017241379310344827, 0.008620689655172414, 0.008620689655172414]"
1450.0,7.4082901826727054,1.3685791740358317,0.045349189331546,"[4.55, 4.65, 4.75, 4.85, 4.95, 5.05, 5.15, 5.25, 5.35, 5.45, 5.55, 5.65, 5.75, 5.85, 5.95, 6.05, 6.15, 6.25, 6.35, 6.45, 6.55, 6.65, 6.75, 6.85, 6.95]","[4.571428571428571, 4.190476190476191, 3.142857142857143, 2.2857142857142856, 1.0952380952380953, 0.8032786885245902, 0.45901639344262296, 0.4426229508196721, 0.4262295081967213, 0.21311475409836064, 0.16393442622950818, 0.18032786885245902, 0.13114754098360656, 0.08196721311475409, 0.13114754098360656, 0.06557377049180328, 0.01639344262295082, 0.04918032786885246, 0.0, 0.04918032786885246, 0.0, 0.01639344262295082, 0.0, 0.01639344262295082, 0.01639344262295082]"
1451.0,7.4082901826727054,1.3685791740358317,0.022180250090041924,"[4.55, 4.65, 4.75, 4.85, 4.95, 5.05, 5.15, 5.25, 5.35, 5.45, 5.55, 5.65, 5.75, 5.85, 5.95, 6.05, 6.15, 6.25, 6.35, 6.45, 6.55, 6.65, 6.75, 6.85, 6.95]","[4.571428571428571, 4.190476190476191, 3.142857142857143, 2.2857142857142856, 1.0952380952380953, 0.8032786885245902, 0.45901639344262296, 0.4426229508196721, 0.4262295081967213, 0.21311475409836064, 0.16393442622950818, 0.18032786885245902, 0.13114754098360656, 0.08196721311475409, 0.13114754098360656, 0.06557377049180328, 0.01639344262295082, 0.04918032786885246, 0.0, 0.04918032786885246, 0.0, 0.01639344262295082, 0.0, 0.01639344262295082, 0.01639344262295082]"
1452.0,7.4082901826727054,1.3685791740358317,0.022180250090041924,"[4.55, 4.65, 4.75, 4.85, 4.95, 5.05, 5.15, 5.25, 5.35, 5.45, 5.55, 5.65, 5.75, 5.85, 5.95, 6.05, 6.15, 6.25, 6.35, 6.45, 6.55, 6.65, 6.75, 6.85, 6.95]","[4.571428571428571, 4.190476190476191, 3.142857142857143, 2.2857142857142856, 1.0952380952380953, 0.8032786885245902, 0.45901639344262296, 0.4426229508196721, 0.4262295081967213, 0.21311475409836064, 0.16393442622950818, 0.18032786885245902, 0.13114754098360656, 0.08196721311475409, 0.13114754098360656, 0.06557377049180328, 0.01639344262295082, 0.04918032786885246, 0.0, 0.04918032786885246, 0.0, 0.01639344262295082, 0.0, 0.01639344262295082, 0.01639344262295082]"
1453.0,7.320141458507733,1.3492824760141755,0.045495514508088704,"[4.55, 4.65, 4.75, 4.85, 4.95, 5.05, 5.15, 5.25, 5.35, 5.45, 5.55, 5.65, 5.75, 5.85, 5.95, 6.05, 6.15, 6.25, 6.35, 6.45, 6.55, 6.65, 6.75, 6.85, 6.95, 7.05, 7.15]","[4.571428571428571, 4.190476190476191, 3.142857142857143, 2.2857142857142856, 1.0952380952380953, 0.8032786885245902, 0.45901639344262296, 0.4426229508196721, 0.4262295081967213, 0.21311475409836064, 0.16393442622950818, 0.18032786885245902, 0.13114754098360656, 0.08196721311475409, 0.13114754098360656, 0.06557377049180328, 0.01639344262295082, 0.04918032786885246, 0.0, 0.04918032786885246, 0.0, 0.01639344262295082, 0.0, 0.01639344262295082, 0.01639344262295082, 0.008620689655172414, 0.008620689655172414]"
1454.0,7.431141361518584,1.3735949711361104,0.019033032732622655,"[4.55, 4.65, 4.75, 4.85, 4.95, 5.05, 5.15, 5.25, 5.35, 5.45, 5.55, 5.65, 5.75, 5.85, 5.95, 6.05, 6.15, 6.25, 6.35, 6.45, 6.55, 6.65, 6.75, 6.85, 6.95]","[4.571428571428571, 4.190476190476191, 3.142857142857143, 2.2857142857142856, 1.0952380952380953, 0.8032786885245902, 0.45901639344262296, 0.4426229508196721, 0.4262295081967213, 0.21311475409836064, 0.16393442622950818, 0.18032786885245902, 0.13114754098360656, 0.08196721311475409, 0.13114754098360656, 0.06557377049180328, 0.01639344262295082, 0.04918032786885246, 0.0, 0.04918032786885246, 0.0, 0.012345679012345678, 0.0, 0.012345679012345678, 0.012345679012345678]"
1455.0,7.431141361518584,1.3735949711361104,0.012248695042394436,"[4.55, 4.65, 4.75, 4.85, 4.95, 5.05, 5.15, 5.25, 5.35, 5.45, 5.55, 5.65, 5.75, 5.85, 5.95, 6.05, 6.15, 6.25, 6.35, 6.45, 6.55, 6.65, 6.75, 6.85, 6.95]","[4.571428571428571, 4.190476190476191, 3.142857142857143, 2.2857142857142856, 1.0952380952380953, 0.8032786885245902, 0.45901639344262296, 0.4426229508196721, 0.4262295081967213, 0.21311475409836064, 0.16393442622950818, 0.18032786885245902, 0.13114754098360656, 0.08196721311475409, 0.13114754098360656, 0.06557377049180328, 0.01639344262295082, 0.04918032786885246, 0.0, 0.04918032786885246, 0.0, 0.012345679012345678, 0.0, 0.012345679012345678, 0.012345679012345678]"
1456.0,7.34366977118508,1.3544476230642866,0.022209821121047964,"[4.55, 4.65, 4.75, 4.85, 4.95, 5.05, 5.15, 5.25, 5.35, 5.45, 5.55, 5.65, 5.75, 5.85, 5.95, 6.05, 6.15, 6.25, 6.35, 6.45, 6.55, 6.65, 6.75, 6.85, 6.95, 7.05, 7.15]","[4.571428571428571, 4.190476190476191, 3.142857142857143, 2.2857142857142856, 1.0952380952380953, 0.8032786885245902, 0.45901639344262296, 0.4426229508196721, 0.4262295081967213, 0.21311475409836064, 0.16393442622950818, 0.18032786885245902, 0.13114754098360656, 0.08196721311475409, 0.13114754098360656, 0.06557377049180328, 0.01639344262295082, 0.04918032786885246, 0.0, 0.04918032786885246, 0.0, 0.012345679012345678, 0.0, 0.012345679012345678, 0.012345679012345678, 0.008620689655172414, 0.008620689655172414]"
1457.0,7.371340264844252,1.360449956907923,0.020473668866147175,"[4.55, 4.65, 4.75, 4.85, 4.95, 5.05, 5.15, 5.25, 5.35, 5.45, 5.55, 5.65, 5.75, 5.85, 5.95, 6.05, 6.15, 6.25, 6.35, 6.45, 6.55, 6.65, 6.75, 6.85, 6.95]","[4.571428571428571, 4.190476190476191, 3.142857142857143, 2.2857142857142856, 1.0952380952380953, 0.8032786885245902, 0.45901639344262296, 0.4426229508196721, 0.4262295081967213, 0.21311475409836064, 0.16393442622950818, 0.18032786885245902, 0.13114754098360656, 0.08196721311475409, 0.13114754098360656, 0.06557377049180328, 0.01639344262295082, 0.04918032786885246, 0.0, 0.04918032786885246, 0.009900990099009901, 0.019801980198019802, 0.0, 0.009900990099009901, 0.009900990099009901]"
1458.0,7.288589110406639,1.3423366449190401,0.02310041491137056,"[4.55, 4.65, 4.75, 4.85, 4.95, 5.05, 5.15, 5.25, 5.35, 5.45, 5.55, 5.65, 5.75, 5.85, 5.95, 6.05, 6.15, 6.25, 6.35, 6.45, 6.55, 6.65, 6.75, 6.85, 6.95, 7.05, 7.15]","[4.571428571428571, 4.190476190476191, 3.142857142857143, 2.2857142857142856, 1.0952380952380953, 0.8032786885245902, 0.45901639344262296, 0.4426229508196721, 0.4262295081967213, 0.21311475409836064, 0.16393442622950818, 0.18032786885245902, 0.13114754098360656, 0.08196721311475409, 0.13114754098360656, 0.06557377049180328, 0.01639344262295082, 0.04918032786885246, 0.0, 0.04918032786885246, 0.009900990099009901, 0.019801980198019802, 0.0, 0.009900990099009901, 0.009900990099009901, 0.008620689655172414, 0.008620689655172414]"
1459.0,7.181608610316605,1.318881206428965,0.05118861160754077,"[4.55, 4.65, 4.75, 4.85, 4.95, 5.05, 5.15, 5.25, 5.35, 5.45, 5.55, 5.65, 5.75, 5.85, 5.95, 6.05, 6.15, 6.25, 6.35, 6.45, 6.55, 6.65, 6.75, 6.85, 6.95, 7.05, 7.15]","[4.571428571428571, 4.190476190476191, 3.142857142857143, 2.2857142857142856, 1.0952380952380953, 0.8032786885245902, 0.45901639344262296, 0.4426229508196721, 0.4262295081967213, 0.21311475409836064, 0.16393442622950818, 0.18032786885245902, 0.13114754098360656, 0.08196721311475409, 0.13114754098360656, 0.06557377049180328, 0.01639344262295082, 0.04918032786885246, 0.0, 0.04918032786885246, 0.008620689655172414, 0.02586206896551724, 0.008620689655172414, 0.008620689655172414, 0.017241379310344827, 0.008620689655172414, 0.008620689655172414]"
1460.0,7.473345742104909,1.382938874240449,0.017786614220943707,"[4.55, 4.65, 4.75, 4.85, 4.95, 5.05, 5.15, 5.25, 5.35, 5.45, 5.55, 5.65, 5.75, 5.85, 5.95, 6.05, 6.15, 6.25, 6.35, 6.45, 6.55, 6.65, 6.75, 6.85, 6.95]","[4.571428571428571, 4.190476190476191, 3.142857142857143, 2.2857142857142856, 1.0952380952380953, 0.8032786885245902, 0.45901639344262296, 0.4426229508196721, 0.4262295081967213, 0.21311475409836064, 0.16393442622950818, 0.18032786885245902, 0.13114754098360656, 0.08196721311475409, 0.13114754098360656, 0.04938271604938271, 0.012345679012345678, 0.04938271604938271, 0.0, 0.037037037037037035, 0.0, 0.012345679012345678, 0.0, 0.012345679012345678, 0.012345679012345678]"
1461.0,7.473345742104909,1.382938874240449,0.011034612092868424,"[4.55, 4.65, 4.75, 4.85, 4.95, 5.05, 5.15, 5.25, 5.35, 5.45, 5.55, 5.65, 5.75, 5.85, 5.95, 6.05, 6.15, 6.25, 6.35, 6.45, 6.55, 6.65, 6.75, 6.85, 6.95]","[4.571428571428571, 4.190476190476191, 3.142857142857143, 2.2857142857142856, 1.0952380952380953, 0.8032786885245902, 0.45901639344262296, 0.4426229508196721, 0.4262295081967213, 0.21311475409836064, 0.16393442622950818, 0.18032786885245902, 0.13114754098360656, 0.08196721311475409, 0.13114754098360656, 0.04938271604938271, 0.012345679012345678, 0.04938271604938271, 0.0, 0.037037037037037035, 0.0, 0.012345679012345678, 0.0, 0.012345679012345678, 0.012345679012345678]"
1462.0,7.3878720183667825,1.3642385297973827,0.019842053582465543,"[4.55, 4.65, 4.75, 4.85, 4.95, 5.05, 5.15, 5.25, 5.35, 5.45, 5.55, 5.65, 5.75, 5.85, 5.95, 6.05, 6.15, 6.25, 6.35, 6.45, 6.55, 6.65, 6.75, 6.85, 6.95, 7.05, 7.15]","[4.571428571428571, 4.190476190476191, 3.142857142857143, 2.2857142857142856, 1.0952380952380953, 0.8032786885245902, 0.45901639344262296, 0.4426229508196721, 0.4262295081967213, 0.21311475409836064, 0.16393442622950818, 0.18032786885245902, 0.13114754098360656, 0.08196721311475409, 0.13114754098360656, 0.04938271604938271, 0.012345679012345678, 0.04938271604938271, 0.0, 0.037037037037037035, 0.0, 0.012345679012345678, 0.0, 0.012345679012345678, 0.012345679012345678, 0.008620689655172414, 0.008620689655172414]"
1463.0,7.4147229141474496,1.370057147365811,0.011233483454240335,"[4.55, 4.65, 4.75, 4.85, 4.95, 5.05, 5.15, 5.25, 5.35, 5.45, 5.55, 5.65, 5.75, 5.85, 5.95, 6.05, 6.15, 6.25, 6.35, 6.45, 6.55, 6.65, 6.75, 6.85, 6.95]","[4.571428571428571, 4.190476190476191, 3.142857142857143, 2.2857142857142856, 1.0952380952380953, 0.8032786885245902, 0.45901639344262296, 0.4426229508196721, 0.4262295081967213, 0.21311475409836064, 0.16393442622950818, 0.18032786885245902, 0.13114754098360656, 0.08196721311475409, 0.13114754098360656, 0.04938271604938271, 0.012345679012345678, 0.04938271604938271, 0.0, 0.037037037037037035, 0.009900990099009901, 0.019801980198019802, 0.0, 0.009900990099009901, 0.009900990099009901]"
1464.0,7.333659677800397,1.3523230380224058,0.012660300161976067,"[4.55, 4.65, 4.75, 4.85, 4.95, 5.05, 5.15, 5.25, 5.35, 5.45, 5.55, 5.65, 5.75, 5.85, 5.95, 6.05, 6.15, 6.25, 6.35, 6.45, 6.55, 6.65, 6.75, 6.85, 6.95, 7.05, 7.15]","[4.571428571428571, 4.190476190476191, 3.142857142857143, 2.2857142857142856, 1.0952380952380953, 0.8032786885245902, 0.45901639344262296, 0.4426229508196721, 0.4262295081967213, 0.21311475409836064, 0.16393442622950818, 0.18032786885245902, 0.13114754098360656, 0.08196721311475409, 0.13114754098360656, 0.04938271604938271, 0.012345679012345678, 0.04938271604938271, 0.0, 0.037037037037037035, 0.009900990099009901, 0.019801980198019802, 0.0, 0.009900990099009901, 0.009900990099009901, 0.008620689655172414, 0.008620689655172414]"
1465.0,7.229267587715731,1.3294454904414892,0.02488949935222031,"[4.55, 4.65, 4.75, 4.85, 4.95, 5.05, 5.15, 5.25, 5.35, 5.45, 5.55, 5.65, 5.75, 5.85, 5.95, 6.05, 6.15, 6.25, 6.35, 6.45, 6.55, 6.65, 6.75, 6.85, 6.95, 7.05, 7.15]","[4.571428571428571, 4.190476190476191, 3.142857142857143, 2.2857142857142856, 1.0952380952380953, 0.8032786885245902, 0.45901639344262296, 0.4426229508196721, 0.4262295081967213, 0.21311475409836064, 0.16393442622950818, 0.18032786885245902, 0.13114754098360656, 0.08196721311475409, 0.13114754098360656, 0.04938271604938271, 0.012345679012345678, 0.04938271604938271, 0.0, 0.037037037037037035, 0.008620689655172414, 0.02586206896551724, 0.008620689655172414, 0.008620689655172414, 0.017241379310344827, 0.008620689655172414, 0.008620689655172414]"
1466.0,7.346145888362739,1.3548843945674613,0.019782514251624087,"[4.55, 4.65, 4.75, 4.85, 4.95, 5.05, 5.15, 5.25, 5.35, 5.45, 5.55, 5.65, 5.75, 5.85, 5.95, 6.05, 6.15, 6.25, 6.35, 6.45, 6.55, 6.65, 6.75, 6.85, 6.95]","[4.571428571428571, 4.190476190476191, 3.142857142857143, 2.2857142857142856, 1.0952380952380953, 0.8032786885245902, 0.45901639344262296, 0.4426229508196721, 0.4262295081967213, 0.21311475409836064, 0.16393442622950818, 0.18032786885245902, 0.13114754098360656, 0.08196721311475409, 0.13114754098360656, 0.0594059405940594, 0.019801980198019802, 0.04950495049504951, 0.0, 0.039603960396039604, 0.009900990099009901, 0.019801980198019802, 0.0, 0.009900990099009901, 0.009900990099009901]"
1467.0,7.272019694805479,1.3386766978493665,0.021219023904898344,"[4.55, 4.65, 4.75, 4.85, 4.95, 5.05, 5.15, 5.25, 5.35, 5.45, 5.55, 5.65, 5.75, 5.85, 5.95, 6.05, 6.15, 6.25, 6.35, 6.45, 6.55, 6.65, 6.75, 6.85, 6.95, 7.05, 7.15]","[4.571428571428571, 4.190476190476191, 3.142857142857143, 2.2857142857142856, 1.0952380952380953, 0.8032786885245902, 0.45901639344262296, 0.4426229508196721, 0.4262295081967213, 0.21311475409836064, 0.16393442622950818, 0.18032786885245902, 0.13114754098360656, 0.08196721311475409, 0.13114754098360656, 0.0594059405940594, 0.019801980198019802, 0.04950495049504951, 0.0, 0.039603960396039604, 0.009900990099009901, 0.019801980198019802, 0.0, 0.009900990099009901, 0.009900990099009901, 0.008620689655172414, 0.008620689655172414]"
1468.0,7.175596714604209,1.3175572148354724,0.025490336791382847,"[4.55, 4.65, 4.75, 4.85, 4.95, 5.05, 5.15, 5.25, 5.35, 5.45, 5.55, 5.65, 5.75, 5.85, 5.95, 6.05, 6.15, 6.25, 6.35, 6.45, 6.55, 6.65, 6.75, 6.85, 6.95, 7.05, 7.15]","[4.571428571428571, 4.190476190476191, 3.142857142857143, 2.2857142857142856, 1.0952380952380953, 0.8032786885245902, 0.45901639344262296, 0.4426229508196721, 0.4262295081967213, 0.21311475409836064, 0.16393442622950818, 0.18032786885245902, 0.13114754098360656, 0.08196721311475409, 0.13114754098360656, 0.0594059405940594, 0.019801980198019802, 0.04950495049504951, 0.0, 0.039603960396039604, 0.008620689655172414, 0.02586206896551724, 0.008620689655172414, 0.008620689655172414, 0.017241379310344827, 0.008620689655172414, 0.008620689655172414]"
1469.0,7.087189811521387,1.2979784975497037,0.05361034674014423,"[4.55, 4.65, 4.75, 4.85, 4.95, 5.05, 5.15, 5.25, 5.35, 5.45, 5.55, 5.65, 5.75, 5.85, 5.95, 6.05, 6.15, 6.25, 6.35, 6.45, 6.55, 6.65, 6.75, 6.85, 6.95, 7.05, 7.15]","[4.571428571428571, 4.190476190476191, 3.142857142857143, 2.2857142857142856, 1.0952380952380953, 0.8032786885245902, 0.45901639344262296, 0.4426229508196721, 0.4262295081967213, 0.21311475409836064, 0.16393442622950818, 0.18032786885245902, 0.13114754098360656, 0.08196721311475409, 0.13114754098360656, 0.06896551724137931, 0.02586206896551724, 0.05172413793103448, 0.017241379310344827, 0.034482758620689655, 0.008620689655172414, 0.02586206896551724, 0.008620689655172414, 0.008620689655172414, 0.017241379310344827, 0.008620689655172414, 0.008620689655172414]"
1470.0,7.492876066035406,1.3872574140444165,0.018658865763578766,"[4.55, 4.65, 4.75, 4.85, 4.95, 5.05, 5.15, 5.25, 5.35, 5.45, 5.55, 5.65, 5.75, 5.85, 5.95, 6.05, 6.15, 6.25, 6.35, 6.45, 6.55, 6.65, 6.75, 6.85, 6.95]","[4.571428571428571, 4.190476190476191, 3.142857142857143, 2.2857142857142856, 1.0952380952380953, 0.8032786885245902, 0.45901639344262296, 0.4426229508196721, 0.4262295081967213, 0.21311475409836064, 0.1728395061728395, 0.18518518518518517, 0.1111111111111111, 0.08641975308641975, 0.09876543209876543, 0.04938271604938271, 0.012345679012345678, 0.04938271604938271, 0.0, 0.037037037037037035, 0.0, 0.012345679012345678, 0.0, 0.012345679012345678, 0.012345679012345678]"
1471.0,7.492876066035406,1.3872574140444165,0.01105907519814776,"[4.55, 4.65, 4.75, 4.85, 4.95, 5.05, 5.15, 5.25, 5.35, 5.45, 5.55, 5.65, 5.75, 5.85, 5.95, 6.05, 6.15, 6.25, 6.35, 6.45, 6.55, 6.65, 6.75, 6.85, 6.95]","[4.571428571428571, 4.190476190476191, 3.142857142857143, 2.2857142857142856, 1.0952380952380953, 0.8032786885245902, 0.45901639344262296, 0.4426229508196721, 0.4262295081967213, 0.21311475409836064, 0.1728395061728395, 0.18518518518518517, 0.1111111111111111, 0.08641975308641975, 0.09876543209876543, 0.04938271604938271, 0.012345679012345678, 0.04938271604938271, 0.0, 0.037037037037037035, 0.0, 0.012345679012345678, 0.0, 0.012345679012345678, 0.012345679012345678]"
1472.0,7.412884897406517,1.3697994681620298,0.019126539693790436,"[4.55, 4.65, 4.75, 4.85, 4.95, 5.05, 5.15, 5.25, 5.35, 5.45, 5.55, 5.65, 5.75, 5.85, 5.95, 6.05, 6.15, 6.25, 6.35, 6.45, 6.55, 6.65, 6.75, 6.85, 6.95, 7.05, 7.15]","[4.571428571428571, 4.190476190476191, 3.142857142857143, 2.2857142857142856, 1.0952380952380953, 0.8032786885245902, 0.45901639344262296, 0.4426229508196721, 0.4262295081967213, 0.21311475409836064, 0.1728395061728395, 0.18518518518518517, 0.1111111111111111, 0.08641975308641975, 0.09876543209876543, 0.04938271604938271, 0.012345679012345678, 0.04938271604938271, 0.0, 0.037037037037037035, 0.0, 0.012345679012345678, 0.0, 0.012345679012345678, 0.012345679012345678, 0.008620689655172414, 0.008620689655172414]"
1473.0,7.438082970950007,1.3752432197759874,0.010437824756526966,"[4.55, 4.65, 4.75, 4.85, 4.95, 5.05, 5.15, 5.25, 5.35, 5.45, 5.55, 5.65, 5.75, 5.85, 5.95, 6.05, 6.15, 6.25, 6.35, 6.45, 6.55, 6.65, 6.75, 6.85, 6.95]","[4.571428571428571, 4.190476190476191, 3.142857142857143, 2.2857142857142856, 1.0952380952380953, 0.8032786885245902, 0.45901639344262296, 0.4426229508196721, 0.4262295081967213, 0.21311475409836064, 0.1728395061728395, 0.18518518518518517, 0.1111111111111111, 0.08641975308641975, 0.09876543209876543, 0.04938271604938271, 0.012345679012345678, 0.04938271604938271, 0.0, 0.037037037037037035, 0.009900990099009901, 0.019801980198019802, 0.0, 0.009900990099009901, 0.009900990099009901]"
1474.0,7.361829999880473,1.3586029918559699,0.011445829279548061,"[4.55, 4.65, 4.75, 4.85, 4.95, 5.05, 5.15, 5.25, 5.35, 5.45, 5.55, 5.65, 5.75, 5.85, 5.95, 6.05, 6.15, 6.25, 6.35, 6.45, 6.55, 6.65, 6.75, 6.85, 6.95, 7.05, 7.15]","[4.571428571428571, 4.190476190476191, 3.142857142857143, 2.2857142857142856, 1.0952380952380953, 0.8032786885245902, 0.45901639344262296, 0.4426229508196721, 0.4262295081967213, 0.21311475409836064, 0.1728395061728395, 0.18518518518518517, 0.1111111111111111, 0.08641975308641975, 0.09876543209876543, 0.04938271604938271, 0.012345679012345678, 0.04938271604938271, 0.0, 0.037037037037037035, 0.009900990099009901, 0.019801980198019802, 0.0, 0.009900990099009901, 0.009900990099009901, 0.008620689655172414, 0.008620689655172414]"
1475.0,7.263475625488266,1.337100833326896,0.021990254945763708,"[4.55, 4.65, 4.75, 4.85, 4.95, 5.05, 5.15, 5.25, 5.35, 5.45, 5.55, 5.65, 5.75, 5.85, 5.95, 6.05, 6.15, 6.25, 6.35, 6.45, 6.55, 6.65, 6.75, 6.85, 6.95, 7.05, 7.15]","[4.571428571428571, 4.190476190476191, 3.142857142857143, 2.2857142857142856, 1.0952380952380953, 0.8032786885245902, 0.45901639344262296, 0.4426229508196721, 0.4262295081967213, 0.21311475409836064, 0.1728395061728395, 0.18518518518518517, 0.1111111111111111, 0.08641975308641975, 0.09876543209876543, 0.04938271604938271, 0.012345679012345678, 0.04938271604938271, 0.0, 0.037037037037037035, 0.008620689655172414, 0.02586206896551724, 0.008620689655172414, 0.008620689655172414, 0.017241379310344827, 0.008620689655172414, 0.008620689655172414]"
1476.0,7.373148854329754,1.360901515333548,0.01091348004775398,"[4.55, 4.65, 4.75, 4.85, 4.95, 5.05, 5.15, 5.25, 5.35, 5.45, 5.55, 5.65, 5.75, 5.85, 5.95, 6.05, 6.15, 6.25, 6.35, 6.45, 6.55, 6.65, 6.75, 6.85, 6.95]","[4.571428571428571, 4.190476190476191, 3.142857142857143, 2.2857142857142856, 1.0952380952380953, 0.8032786885245902, 0.45901639344262296, 0.4426229508196721, 0.4262295081967213, 0.21311475409836064, 0.1728395061728395, 0.18518518518518517, 0.1111111111111111, 0.08641975308641975, 0.09876543209876543, 0.0594059405940594, 0.019801980198019802, 0.04950495049504951, 0.0, 0.039603960396039604, 0.009900990099009901, 0.019801980198019802, 0.0, 0.009900990099009901, 0.009900990099009901]"
1477.0,7.302856620654128,1.3455709607735868,0.011517702881250754,"[4.55, 4.65, 4.75, 4.85, 4.95, 5.05, 5.15, 5.25, 5.35, 5.45, 5.55, 5.65, 5.75, 5.85, 5.95, 6.05, 6.15, 6.25, 6.35, 6.45, 6.55, 6.65, 6.75, 6.85, 6.95, 7.05, 7.15]","[4.571428571428571, 4.190476190476191, 3.142857142857143, 2.2857142857142856, 1.0952380952380953, 0.8032786885245902, 0.45901639344262296, 0.4426229508196721, 0.4262295081967213, 0.21311475409836064, 0.1728395061728395, 0.18518518518518517, 0.1111111111111111, 0.08641975308641975, 0.09876543209876543, 0.0594059405940594, 0.019801980198019802, 0.04950495049504951, 0.0, 0.039603960396039604, 0.009900990099009901, 0.019801980198019802, 0.0, 0.009900990099009901, 0.009900990099009901, 0.008620689655172414, 0.008620689655172414]"
1478.0,7.21139089729787,1.3255862820604514,0.013657833132277386,"[4.55, 4.65, 4.75, 4.85, 4.95, 5.05, 5.15, 5.25, 5.35, 5.45, 5.55, 5.65, 5.75, 5.85, 5.95, 6.05, 6.15, 6.25, 6.35, 6.45, 6.55, 6.65, 6.75, 6.85, 6.95, 7.05, 7.15]","[4.571428571428571, 4.190476190476191, 3.142857142857143, 2.2857142857142856, 1.0952380952380953, 0.8032786885245902, 0.45901639344262296, 0.4426229508196721, 0.4262295081967213, 0.21311475409836064, 0.1728395061728395, 0.18518518518518517, 0.1111111111111111, 0.08641975308641975, 0.09876543209876543, 0.0594059405940594, 0.019801980198019802, 0.04950495049504951, 0.0, 0.039603960396039604, 0.008620689655172414, 0.02586206896551724, 0.008620689655172414, 0.008620689655172414, 0.017241379310344827, 0.008620689655172414, 0.008620689655172414]"
1479.0,7.126523996460341,1.3068294666658686,0.026488232860271577,"[4.55, 4.65, 4.75, 4.85, 4.95, 5.05, 5.15, 5.25, 5.35, 5.45, 5.55, 5.65, 5.75, 5.85, 5.95, 6.05, 6.15, 6.25, 6.35, 6.45, 6.55, 6.65, 6.75, 6.85, 6.95, 7.05, 7.15]","[4.571428571428571, 4.190476190476191, 3.142857142857143, 2.2857142857142856, 1.0952380952380953, 0.8032786885245902, 0.45901639344262296, 0.4426229508196721, 0.4262295081967213, 0.21311475409836064, 0.1728395061728395, 0.18518518518518517, 0.1111111111111111, 0.08641975308641975, 0.09876543209876543, 0.06896551724137931, 0.02586206896551724, 0.05172413793103448, 0.017241379310344827, 0.034482758620689655, 0.008620689655172414, 0.02586206896551724, 0.008620689655172414, 0.008620689655172414, 0.017241379310344827, 0.008620689655172414, 0.008620689655172414]"
1480.0,7.266117128488517,1.3369543720091197,0.019985877192282113,"[4.55, 4.65, 4.75, 4.85, 4.95, 5.05, 5.15, 5.25, 5.35, 5.45, 5.55, 5.65, 5.75, 5.85, 5.95, 6.05, 6.15, 6.25, 6.35, 6.45, 6.55, 6.65, 6.75, 6.85, 6.95]","[4.571428571428571, 4.190476190476191, 3.142857142857143, 2.2857142857142856, 1.0952380952380953, 0.8032786885245902, 0.45901639344262296, 0.4426229508196721, 0.4262295081967213, 0.21311475409836064, 0.1782178217821782, 0.19801980198019803, 0.09900990099009901, 0.12871287128712872, 0.10891089108910891, 0.0594059405940594, 0.019801980198019802, 0.04950495049504951, 0.0, 0.039603960396039604, 0.009900990099009901, 0.019801980198019802, 0.0, 0.009900990099009901, 0.009900990099009901]"
1481.0,7.204975328561255,1.3236538065561445,0.019943918823903964,"[4.55, 4.65, 4.75, 4.85, 4.95, 5.05, 5.15, 5.25, 5.35, 5.45, 5.55, 5.65, 5.75, 5.85, 5.95, 6.05, 6.15, 6.25, 6.35, 6.45, 6.55, 6.65, 6.75, 6.85, 6.95, 7.05, 7.15]","[4.571428571428571, 4.190476190476191, 3.142857142857143, 2.2857142857142856, 1.0952380952380953, 0.8032786885245902, 0.45901639344262296, 0.4426229508196721, 0.4262295081967213, 0.21311475409836064, 0.1782178217821782, 0.19801980198019803, 0.09900990099009901, 0.12871287128712872, 0.10891089108910891, 0.0594059405940594, 0.019801980198019802, 0.04950495049504951, 0.0, 0.039603960396039604, 0.009900990099009901, 0.019801980198019802, 0.0, 0.009900990099009901, 0.009900990099009901, 0.008620689655172414, 0.008620689655172414]"
1482.0,7.123905093488134,1.305988016431866,0.0226949677031217,"[4.55, 4.65, 4.75, 4.85, 4.95, 5.05, 5.15, 5.25, 5.35, 5.45, 5.55, 5.65, 5.75, 5.85, 5.95, 6.05, 6.15, 6.25, 6.35, 6.45, 6.55, 6.65, 6.75, 6.85, 6.95, 7.05, 7.15]","[4.571428571428571, 4.190476190476191, 3.142857142857143, 2.2857142857142856, 1.0952380952380953, 0.8032786885245902, 0.45901639344262296, 0.4426229508196721, 0.4262295081967213, 0.21311475409836064, 0.1782178217821782, 0.19801980198019803, 0.09900990099009901, 0.12871287128712872, 0.10891089108910891, 0.0594059405940594, 0.019801980198019802, 0.04950495049504951, 0.0, 0.039603960396039604, 0.008620689655172414, 0.02586206896551724, 0.008620689655172414, 0.008620689655172414, 0.017241379310344827, 0.008620689655172414, 0.008620689655172414]"
1483.0,7.050302468268164,1.2897473968943496,0.025647620436960096,"[4.55, 4.65, 4.75, 4.85, 4.95, 5.05, 5.15, 5.25, 5.35, 5.45, 5.55, 5.65, 5.75, 5.85, 5.95, 6.05, 6.15, 6.25, 6.35, 6.45, 6.55, 6.65, 6.75, 6.85, 6.95, 7.05, 7.15]","[4.571428571428571, 4.190476190476191, 3.142857142857143, 2.2857142857142856, 1.0952380952380953, 0.8032786885245902, 0.45901639344262296, 0.4426229508196721, 0.4262295081967213, 0.21311475409836064, 0.1782178217821782, 0.19801980198019803, 0.09900990099009901, 0.12871287128712872, 0.10891089108910891, 0.06896551724137931, 0.02586206896551724, 0.05172413793103448, 0.017241379310344827, 0.034482758620689655, 0.008620689655172414, 0.02586206896551724, 0.008620689655172414, 0.008620689655172414, 0.017241379310344827, 0.008620689655172414, 0.008620689655172414]"
1484.0,6.957129882512263,1.268686401324208,0.05311426104618764,"[4.55, 4.65, 4.75, 4.85, 4.95, 5.05, 5.15, 5.25, 5.35, 5.45, 5.55, 5.65, 5.75, 5.85, 5.95, 6.05, 6.15, 6.25, 6.35, 6.45, 6.55, 6.65, 6.75, 6.85, 6.95, 7.05, 7.15]","[4.571428571428571, 4.190476190476191, 3.142857142857143, 2.2857142857142856, 1.0952380952380953, 0.8032786885245902, 0.45901639344262296, 0.4426229508196721, 0.4262295081967213, 0.21311475409836064, 0.19827586206896552, 0.20689655172413793, 0.1206896551724138, 0.12931034482758622, 0.12931034482758622, 0.06896551724137931, 0.02586206896551724, 0.05172413793103448, 0.017241379310344827, 0.034482758620689655, 0.008620689655172414, 0.02586206896551724, 0.008620689655172414, 0.008620689655172414, 0.017241379310344827, 0.008620689655172414, 0.008620689655172414]"
1485.0,7.532002005551648,1.397760870879641,0.0428927860019489,"[4.55, 4.65, 4.75, 4.85, 4.95, 5.05, 5.15, 5.25, 5.35, 5.45, 5.55, 5.65, 5.75, 5.85, 5.95, 6.05, 6.15, 6.25, 6.35, 6.45, 6.55, 6.65, 6.75, 6.85, 6.95]","[4.571428571428571, 4.190476190476191, 3.142857142857143, 2.2857142857142856, 1.0952380952380953, 0.7654320987654321, 0.4691358024691358, 0.4691358024691358, 0.3950617283950617, 0.20987654320987653, 0.1728395061728395, 0.18518518518518517, 0.1111111111111111, 0.08641975308641975, 0.09876543209876543, 0.04938271604938271, 0.012345679012345678, 0.04938271604938271, 0.0, 0.037037037037037035, 0.0, 0.012345679012345678, 0.0, 0.012345679012345678, 0.012345679012345678]"
1486.0,7.532002005551648,1.397760870879641,0.021089104834580805,"[4.55, 4.65, 4.75, 4.85, 4.95, 5.05, 5.15, 5.25, 5.35, 5.45, 5.55, 5.65, 5.75, 5.85, 5.95, 6.05, 6.15, 6.25, 6.35, 6.45, 6.55, 6.65, 6.75, 6.85, 6.95]","[4.571428571428571, 4.190476190476191, 3.142857142857143, 2.2857142857142856, 1.0952380952380953, 0.7654320987654321, 0.4691358024691358, 0.4691358024691358, 0.3950617283950617, 0.20987654320987653, 0.1728395061728395, 0.18518518518518517, 0.1111111111111111, 0.08641975308641975, 0.09876543209876543, 0.04938271604938271, 0.012345679012345678, 0.04938271604938271, 0.0, 0.037037037037037035, 0.0, 0.012345679012345678, 0.0, 0.012345679012345678, 0.012345679012345678]"
1487.0,7.4513247971722425,1.3802463103211504,0.04391479739272373,"[4.55, 4.65, 4.75, 4.85, 4.95, 5.05, 5.15, 5.25, 5.35, 5.45, 5.55, 5.65, 5.75, 5.85, 5.95, 6.05, 6.15, 6.25, 6.35, 6.45, 6.55, 6.65, 6.75, 6.85, 6.95, 7.05, 7.15]","[4.571428571428571, 4.190476190476191, 3.142857142857143, 2.2857142857142856, 1.0952380952380953, 0.7654320987654321, 0.4691358024691358, 0.4691358024691358, 0.3950617283950617, 0.20987654320987653, 0.1728395061728395, 0.18518518518518517, 0.1111111111111111, 0.08641975308641975, 0.09876543209876543, 0.04938271604938271, 0.012345679012345678, 0.04938271604938271, 0.0, 0.037037037037037035, 0.0, 0.012345679012345678, 0.0, 0.012345679012345678, 0.012345679012345678, 0.008620689655172414, 0.008620689655172414]"
1488.0,7.4765300010189675,1.3856658972696874,0.020051170506729124,"[4.55, 4.65, 4.75, 4.85, 4.95, 5.05, 5.15, 5.25, 5.35, 5.45, 5.55, 5.65, 5.75, 5.85, 5.95, 6.05, 6.15, 6.25, 6.35, 6.45, 6.55, 6.65, 6.75, 6.85, 6.95]","[4.571428571428571, 4.190476190476191, 3.142857142857143, 2.2857142857142856, 1.0952380952380953, 0.7654320987654321, 0.4691358024691358, 0.4691358024691358, 0.3950617283950617, 0.20987654320987653, 0.1728395061728395, 0.18518518518518517, 0.1111111111111111, 0.08641975308641975, 0.09876543209876543, 0.04938271604938271, 0.012345679012345678, 0.04938271604938271, 0.0, 0.037037037037037035, 0.009900990099009901, 0.019801980198019802, 0.0, 0.009900990099009901, 0.009900990099009901]"
1489.0,7.399276012477014,1.3688961115520768,0.022793955049286208,"[4.55, 4.65, 4.75, 4.85, 4.95, 5.05, 5.15, 5.25, 5.35, 5.45, 5.55, 5.65, 5.75, 5.85, 5.95, 6.05, 6.15, 6.25, 6.35, 6.45, 6.55, 6.65, 6.75, 6.85, 6.95, 7.05, 7.15]","[4.571428571428571, 4.190476190476191, 3.142857142857143, 2.2857142857142856, 1.0952380952380953, 0.7654320987654321, 0.4691358024691358, 0.4691358024691358, 0.3950617283950617, 0.20987654320987653, 0.1728395061728395, 0.18518518518518517, 0.1111111111111111, 0.08641975308641975, 0.09876543209876543, 0.04938271604938271, 0.012345679012345678, 0.04938271604938271, 0.0, 0.037037037037037035, 0.009900990099009901, 0.019801980198019802, 0.0, 0.009900990099009901, 0.009900990099009901, 0.008620689655172414, 0.008620689655172414]"
1490.0,7.29990908519619,1.3472893563057422,0.05084582208327478,"[4.55, 4.65, 4.75, 4.85, 4.95, 5.05, 5.15, 5.25, 5.35, 5.45, 5.55, 5.65, 5.75, 5.85, 5.95, 6.05, 6.15, 6.25, 6.35, 6.45, 6.55, 6.65, 6.75, 6.85, 6.95, 7.05, 7.15]","[4.571428571428571, 4.190476190476191, 3.142857142857143, 2.2857142857142856, 1.0952380952380953, 0.7654320987654321, 0.4691358024691358, 0.4691358024691358, 0.3950617283950617, 0.20987654320987653, 0.1728395061728395, 0.18518518518518517, 0.1111111111111111, 0.08641975308641975, 0.09876543209876543, 0.04938271604938271, 0.012345679012345678, 0.04938271604938271, 0.0, 0.037037037037037035, 0.008620689655172414, 0.02586206896551724, 0.008620689655172414, 0.008620689655172414, 0.017241379310344827, 0.008620689655172414, 0.008620689655172414]"
1491.0,7.4087992685408235,1.3707961949608543,0.020167911305986587,"[4.55, 4.65, 4.75, 4.85, 4.95, 5.05, 5.15, 5.25, 5.35, 5.45, 5.55, 5.65, 5.75, 5.85, 5.95, 6.05, 6.15, 6.25, 6.35, 6.45, 6.55, 6.65, 6.75, 6.85, 6.95]","[4.571428571428571, 4.190476190476191, 3.142857142857143, 2.2857142857142856, 1.0952380952380953, 0.7654320987654321, 0.4691358024691358, 0.4691358024691358, 0.3950617283950617, 0.20987654320987653, 0.1728395061728395, 0.18518518518518517, 0.1111111111111111, 0.08641975308641975, 0.09876543209876543, 0.0594059405940594, 0.019801980198019802, 0.04950495049504951, 0.0, 0.039603960396039604, 0.009900990099009901, 0.019801980198019802, 0.0, 0.009900990099009901, 0.009900990099009901]"
1492.0,7.337165622084963,1.3552542117190034,0.021669369516754508,"[4.55, 4.65, 4.75, 4.85, 4.95, 5.05, 5.15, 5.25, 5.35, 5.45, 5.55, 5.65, 5.75, 5.85, 5.95, 6.05, 6.15, 6.25, 6.35, 6.45, 6.55, 6.65, 6.75, 6.85, 6.95, 7.05, 7.15]","[4.571428571428571, 4.190476190476191, 3.142857142857143, 2.2857142857142856, 1.0952380952380953, 0.7654320987654321, 0.4691358024691358, 0.4691358024691358, 0.3950617283950617, 0.20987654320987653, 0.1728395061728395, 0.18518518518518517, 0.1111111111111111, 0.08641975308641975, 0.09876543209876543, 0.0594059405940594, 0.019801980198019802, 0.04950495049504951, 0.0, 0.039603960396039604, 0.009900990099009901, 0.019801980198019802, 0.0, 0.009900990099009901, 0.009900990099009901, 0.008620689655172414, 0.008620689655172414]"
1493.0,7.244323729548468,1.3350763937418981,0.02600179587065956,"[4.55, 4.65, 4.75, 4.85, 4.95, 5.05, 5.15, 5.25, 5.35, 5.45, 5.55, 5.65, 5.75, 5.85, 5.95, 6.05, 6.15, 6.25, 6.35, 6.45, 6.55, 6.65, 6.75, 6.85, 6.95, 7.05, 7.15]","[4.571428571428571, 4.190476190476191, 3.142857142857143, 2.2857142857142856, 1.0952380952380953, 0.7654320987654321, 0.4691358024691358, 0.4691358024691358, 0.3950617283950617, 0.20987654320987653, 0.1728395061728395, 0.18518518518518517, 0.1111111111111111, 0.08641975308641975, 0.09876543209876543, 0.0594059405940594, 0.019801980198019802, 0.04950495049504951, 0.0, 0.039603960396039604, 0.008620689655172414, 0.02586206896551724, 0.008620689655172414, 0.008620689655172414, 0.017241379310344827, 0.008620689655172414, 0.008620689655172414]"
1494.0,7.156438088912007,1.3157712028871977,0.05568522373073694,"[4.55, 4.65, 4.75, 4.85, 4.95, 5.05, 5.15, 5.25, 5.35, 5.45, 5.55, 5.65, 5.75, 5.85, 5.95, 6.05, 6.15, 6.25, 6.35, 6.45, 6.55, 6.65, 6.75, 6.85, 6.95, 7.05, 7.15]","[4.571428571428571, 4.190476190476191, 3.142857142857143, 2.2857142857142856, 1.0952380952380953, 0.7654320987654321, 0.4691358024691358, 0.4691358024691358, 0.3950617283950617, 0.20987654320987653, 0.1728395061728395, 0.18518518518518517, 0.1111111111111111, 0.08641975308641975, 0.09876543209876543, 0.06896551724137931, 0.02586206896551724, 0.05172413793103448, 0.017241379310344827, 0.034482758620689655, 0.008620689655172414, 0.02586206896551724, 0.008620689655172414, 0.008620689655172414, 0.017241379310344827, 0.008620689655172414, 0.008620689655172414]"
1495.0,7.295723920412543,1.3456516524056783,0.02143671375922535,"[4.55, 4.65, 4.75, 4.85, 4.95, 5.05, 5.15, 5.25, 5.35, 5.45, 5.55, 5.65, 5.75, 5.85, 5.95, 6.05, 6.15, 6.25, 6.35, 6.45, 6.55, 6.65, 6.75, 6.85, 6.95]","[4.571428571428571, 4.190476190476191, 3.142857142857143, 2.2857142857142856, 1.0952380952380953, 0.7654320987654321, 0.4691358024691358, 0.4691358024691358, 0.3950617283950617, 0.20987654320987653, 0.1782178217821782, 0.19801980198019803, 0.09900990099009901, 0.12871287128712872, 0.10891089108910891, 0.0594059405940594, 0.019801980198019802, 0.04950495049504951, 0.0, 0.039603960396039604, 0.009900990099009901, 0.019801980198019802, 0.0, 0.009900990099009901, 0.009900990099009901]"
1496.0,7.232897446917436,1.3320507695274348,0.02134866400319354,"[4.55, 4.65, 4.75, 4.85, 4.95, 5.05, 5.15, 5.25, 5.35, 5.45, 5.55, 5.65, 5.75, 5.85, 5.95, 6.05, 6.15, 6.25, 6.35, 6.45, 6.55, 6.65, 6.75, 6.85, 6.95, 7.05, 7.15]","[4.571428571428571, 4.190476190476191, 3.142857142857143, 2.2857142857142856, 1.0952380952380953, 0.7654320987654321, 0.4691358024691358, 0.4691358024691358, 0.3950617283950617, 0.20987654320987653, 0.1782178217821782, 0.19801980198019803, 0.09900990099009901, 0.12871287128712872, 0.10891089108910891, 0.0594059405940594, 0.019801980198019802, 0.04950495049504951, 0.0, 0.039603960396039604, 0.009900990099009901, 0.019801980198019802, 0.0, 0.009900990099009901, 0.009900990099009901, 0.008620689655172414, 0.008620689655172414]"
1497.0,7.150082042502554,1.314093991207046,0.024107041262426934,"[4.55, 4.65, 4.75, 4.85, 4.95, 5.05, 5.15, 5.25, 5.35, 5.45, 5.55, 5.65, 5.75, 5.85, 5.95, 6.05, 6.15, 6.25, 6.35, 6.45, 6.55, 6.65, 6.75, 6.85, 6.95, 7.05, 7.15]","[4.571428571428571, 4.190476190476191, 3.142857142857143, 2.2857142857142856, 1.0952380952380953, 0.7654320987654321, 0.4691358024691358, 0.4691358024691358, 0.3950617283950617, 0.20987654320987653, 0.1782178217821782, 0.19801980198019803, 0.09900990099009901, 0.12871287128712872, 0.10891089108910891, 0.0594059405940594, 0.019801980198019802, 0.04950495049504951, 0.0, 0.039603960396039604, 0.008620689655172414, 0.02586206896551724, 0.008620689655172414, 0.008620689655172414, 0.017241379310344827, 0.008620689655172414, 0.008620689655172414]"
1498.0,7.073374616069599,1.2972678760391376,0.027376166294480555,"[4.55, 4.65, 4.75, 4.85, 4.95, 5.05, 5.15, 5.25, 5.35, 5.45, 5.55, 5.65, 5.75, 5.85, 5.95, 6.05, 6.15, 6.25, 6.35, 6.45, 6.55, 6.65, 6.75, 6.85, 6.95, 7.05, 7.15]","[4.571428571428571, 4.190476190476191, 3.142857142857143, 2.2857142857142856, 1.0952380952380953, 0.7654320987654321, 0.4691358024691358, 0.4691358024691358, 0.3950617283950617, 0.20987654320987653, 0.1782178217821782, 0.19801980198019803, 0.09900990099009901, 0.12871287128712872, 0.10891089108910891, 0.06896551724137931, 0.02586206896551724, 0.05172413793103448, 0.017241379310344827, 0.034482758620689655, 0.008620689655172414, 0.02586206896551724, 0.008620689655172414, 0.008620689655172414, 0.017241379310344827, 0.008620689655172414, 0.008620689655172414]"
1499.0,6.974822430162231,1.2751534407298923,0.05873361969010746,"[4.55, 4.65, 4.75, 4.85, 4.95, 5.05, 5.15, 5.25, 5.35, 5.45, 5.55, 5.65, 5.75, 5.85, 5.95, 6.05, 6.15, 6.25, 6.35, 6.45, 6.55, 6.65, 6.75, 6.85, 6.95, 7.05, 7.15]","[4.571428571428571, 4.190476190476191, 3.142857142857143, 2.2857142857142856, 1.0952380952380953, 0.7654320987654321, 0.4691358024691358, 0.4691358024691358, 0.3950617283950617, 0.20987654320987653, 0.19827586206896552, 0.20689655172413793, 0.1206896551724138, 0.12931034482758622, 0.12931034482758622, 0.06896551724137931, 0.02586206896551724, 0.05172413793103448, 0.017241379310344827, 0.034482758620689655, 0.008620689655172414, 0.02586206896551724, 0.008620689655172414, 0.008620689655172414, 0.017241379310344827, 0.008620689655172414, 0.008620689655172414]"
1500.0,7.283097753434242,1.3417613406217768,0.04212156190904736,"[4.55, 4.65, 4.75, 4.85, 4.95, 5.05, 5.15, 5.25, 5.35, 5.45, 5.55, 5.65, 5.75, 5.85, 5.95, 6.05, 6.15, 6.25, 6.35, 6.45, 6.55, 6.65, 6.75, 6.85, 6.95]","[4.571428571428571, 4.190476190476191, 3.142857142857143, 2.2857142857142856, 1.0952380952380953, 0.8316831683168316, 0.5346534653465347, 0.5445544554455446, 0.38613861386138615, 0.21782178217821782, 0.1782178217821782, 0.19801980198019803, 0.09900990099009901, 0.12871287128712872, 0.10891089108910891, 0.0594059405940594, 0.019801980198019802, 0.04950495049504951, 0.0, 0.039603960396039604, 0.009900990099009901, 0.019801980198019802, 0.0, 0.009900990099009901, 0.009900990099009901]"
1501.0,7.22327524457247,1.328862657996273,0.041873383761983636,"[4.55, 4.65, 4.75, 4.85, 4.95, 5.05, 5.15, 5.25, 5.35, 5.45, 5.55, 5.65, 5.75, 5.85, 5.95, 6.05, 6.15, 6.25, 6.35, 6.45, 6.55, 6.65, 6.75, 6.85, 6.95, 7.05, 7.15]","[4.571428571428571, 4.190476190476191, 3.142857142857143, 2.2857142857142856, 1.0952380952380953, 0.8316831683168316, 0.5346534653465347, 0.5445544554455446, 0.38613861386138615, 0.21782178217821782, 0.1782178217821782, 0.19801980198019803, 0.09900990099009901, 0.12871287128712872, 0.10891089108910891, 0.0594059405940594, 0.019801980198019802, 0.04950495049504951, 0.0, 0.039603960396039604, 0.009900990099009901, 0.019801980198019802, 0.0, 0.009900990099009901, 0.009900990099009901, 0.008620689655172414, 0.008620689655172414]"
1502.0,7.143917997111773,1.3117286240913086,0.047590184652427654,"[4.55, 4.65, 4.75, 4.85, 4.95, 5.05, 5.15, 5.25, 5.35, 5.45, 5.55, 5.65, 5.75, 5.85, 5.95, 6.05, 6.15, 6.25, 6.35, 6.45, 6.55, 6.65, 6.75, 6.85, 6.95, 7.05, 7.15]","[4.571428571428571, 4.190476190476191, 3.142857142857143, 2.2857142857142856, 1.0952380952380953, 0.8316831683168316, 0.5346534653465347, 0.5445544554455446, 0.38613861386138615, 0.21782178217821782, 0.1782178217821782, 0.19801980198019803, 0.09900990099009901, 0.12871287128712872, 0.10891089108910891, 0.0594059405940594, 0.019801980198019802, 0.04950495049504951, 0.0, 0.039603960396039604, 0.008620689655172414, 0.02586206896551724, 0.008620689655172414, 0.008620689655172414, 0.017241379310344827, 0.008620689655172414, 0.008620689655172414]"
1503.0,7.070757078593533,1.295758167394404,0.051461360276842345,"[4.55, 4.65, 4.75, 4.85, 4.95, 5.05, 5.15, 5.25, 5.35, 5.45, 5.55, 5.65, 5.75, 5.85, 5.95, 6.05, 6.15, 6.25, 6.35, 6.45, 6.55, 6.65, 6.75, 6.85, 6.95, 7.05, 7.15]","[4.571428571428571, 4.190476190476191, 3.142857142857143, 2.2857142857142856, 1.0952380952380953, 0.8316831683168316, 0.5346534653465347, 0.5445544554455446, 0.38613861386138615, 0.21782178217821782, 0.1782178217821782, 0.19801980198019803, 0.09900990099009901, 0.12871287128712872, 0.10891089108910891, 0.06896551724137931, 0.02586206896551724, 0.05172413793103448, 0.017241379310344827, 0.034482758620689655, 0.008620689655172414, 0.02586206896551724, 0.008620689655172414, 0.008620689655172414, 0.017241379310344827, 0.008620689655172414, 0.008620689655172414]"
1504.0,6.976814176810295,1.2748065296910216,0.05625204356445703,"[4.55, 4.65, 4.75, 4.85, 4.95, 5.05, 5.15, 5.25, 5.35, 5.45, 5.55, 5.65, 5.75, 5.85, 5.95, 6.05, 6.15, 6.25, 6.35, 6.45, 6.55, 6.65, 6.75, 6.85, 6.95, 7.05, 7.15]","[4.571428571428571, 4.190476190476191, 3.142857142857143, 2.2857142857142856, 1.0952380952380953, 0.8316831683168316, 0.5346534653465347, 0.5445544554455446, 0.38613861386138615, 0.21782178217821782, 0.19827586206896552, 0.20689655172413793, 0.1206896551724138, 0.12931034482758622, 0.12931034482758622, 0.06896551724137931, 0.02586206896551724, 0.05172413793103448, 0.017241379310344827, 0.034482758620689655, 0.008620689655172414, 0.02586206896551724, 0.008620689655172414, 0.008620689655172414, 0.017241379310344827, 0.008620689655172414, 0.008620689655172414]"
1505.0,6.923044573088441,1.2609914275564627,0.1571180618151838,"[4.55, 4.65, 4.75, 4.85, 4.95, 5.05, 5.15, 5.25, 5.35, 5.45, 5.55, 5.65, 5.75, 5.85, 5.95, 6.05, 6.15, 6.25, 6.35, 6.45, 6.55, 6.65, 6.75, 6.85, 6.95, 7.05, 7.15]","[4.571428571428571, 4.190476190476191, 3.142857142857143, 2.2857142857142856, 1.0952380952380953, 0.9224137931034483, 0.5258620689655172, 0.5517241379310345, 0.5, 0.2672413793103448, 0.19827586206896552, 0.20689655172413793, 0.1206896551724138, 0.12931034482758622, 0.12931034482758622, 0.06896551724137931, 0.02586206896551724, 0.05172413793103448, 0.017241379310344827, 0.034482758620689655, 0.008620689655172414, 0.02586206896551724, 0.008620689655172414, 0.008620689655172414, 0.017241379310344827, 0.008620689655172414, 0.008620689655172414]"
1506.0,7.442495064159672,1.3841236446023144,0.008485738992843599,"[4.55, 4.65, 4.75, 4.85, 4.95, 5.05, 5.15, 5.25, 5.35, 5.45, 5.55, 5.65, 5.75, 5.85, 5.95, 6.05, 6.15, 6.25, 6.35, 6.45, 6.55, 6.65, 6.75, 6.85]","[4.195121951219512, 3.707317073170732, 2.5609756097560976, 1.8780487804878048, 0.9512195121951219, 0.7073170731707317, 0.5121951219512195, 0.43902439024390244, 0.36585365853658536, 0.2682926829268293, 0.17073170731707318, 0.17073170731707318, 0.14634146341463414, 0.024390243902439025, 0.0975609756097561, 0.04878048780487805, 0.0, 0.04878048780487805, 0.0, 0.024390243902439025, 0.0, 0.024390243902439025, 0.0, 0.024390243902439025]"
1507.0,7.442495064159672,1.3841236446023144,0.006196305206814922,"[4.55, 4.65, 4.75, 4.85, 4.95, 5.05, 5.15, 5.25, 5.35, 5.45, 5.55, 5.65, 5.75, 5.85, 5.95, 6.05, 6.15, 6.25, 6.35, 6.45, 6.55, 6.65, 6.75, 6.85]","[4.195121951219512, 3.707317073170732, 2.5609756097560976, 1.8780487804878048, 0.9512195121951219, 0.7073170731707317, 0.5121951219512195, 0.43902439024390244, 0.36585365853658536, 0.2682926829268293, 0.17073170731707318, 0.17073170731707318, 0.14634146341463414, 0.024390243902439025, 0.0975609756097561, 0.04878048780487805, 0.0, 0.04878048780487805, 0.0, 0.024390243902439025, 0.0, 0.024390243902439025, 0.0, 0.024390243902439025]"
1508.0,7.442495064159672,1.3841236446023144,0.006196305206814922,"[4.55, 4.65, 4.75, 4.85, 4.95, 5.05, 5.15, 5.25, 5.35, 5.45, 5.55, 5.65, 5.75, 5.85, 5.95, 6.05, 6.15, 6.25, 6.35, 6.45, 6.55, 6.65, 6.75, 6.85]","[4.195121951219512, 3.707317073170732, 2.5609756097560976, 1.8780487804878048, 0.9512195121951219, 0.7073170731707317, 0.5121951219512195, 0.43902439024390244, 0.36585365853658536, 0.2682926829268293, 0.17073170731707318, 0.17073170731707318, 0.14634146341463414, 0.024390243902439025, 0.0975609756097561, 0.04878048780487805, 0.0, 0.04878048780487805, 0.0, 0.024390243902439025, 0.0, 0.024390243902439025, 0.0, 0.024390243902439025]"
1509.0,7.442495064159672,1.3841236446023144,0.006196305206814922,"[4.55, 4.65, 4.75, 4.85, 4.95, 5.05, 5.15, 5.25, 5.35, 5.45, 5.55, 5.65, 5.75, 5.85, 5.95, 6.05, 6.15, 6.25, 6.35, 6.45, 6.55, 6.65, 6.75, 6.85]","[4.195121951219512, 3.707317073170732, 2.5609756097560976, 1.8780487804878048, 0.9512195121951219, 0.7073170731707317, 0.5121951219512195, 0.43902439024390244, 0.36585365853658536, 0.2682926829268293, 0.17073170731707318, 0.17073170731707318, 0.14634146341463414, 0.024390243902439025, 0.0975609756097561, 0.04878048780487805, 0.0, 0.04878048780487805, 0.0, 0.024390243902439025, 0.0, 0.024390243902439025, 0.0, 0.024390243902439025]"
1510.0,7.336416314313039,1.3602960200293595,0.035890005312183386,"[4.55, 4.65, 4.75, 4.85, 4.95, 5.05, 5.15, 5.25, 5.35, 5.45, 5.55, 5.65, 5.75, 5.85, 5.95, 6.05, 6.15, 6.25, 6.35, 6.45, 6.55, 6.65, 6.75, 6.85, 6.95, 7.05, 7.15]","[4.195121951219512, 3.707317073170732, 2.5609756097560976, 1.8780487804878048, 0.9512195121951219, 0.7073170731707317, 0.5121951219512195, 0.43902439024390244, 0.36585365853658536, 0.2682926829268293, 0.17073170731707318, 0.17073170731707318, 0.14634146341463414, 0.024390243902439025, 0.0975609756097561, 0.04878048780487805, 0.0, 0.04878048780487805, 0.0, 0.024390243902439025, 0.0, 0.024390243902439025, 0.0, 0.024390243902439025, 0.0, 0.008620689655172414, 0.008620689655172414]"
1511.0,7.409865157909137,1.3767948464909894,0.012069687279733858,"[4.55, 4.65, 4.75, 4.85, 4.95, 5.05, 5.15, 5.25, 5.35, 5.45, 5.55, 5.65, 5.75, 5.85, 5.95, 6.05, 6.15, 6.25, 6.35, 6.45, 6.55, 6.65, 6.75, 6.85, 6.95]","[4.195121951219512, 3.707317073170732, 2.5609756097560976, 1.8780487804878048, 0.9512195121951219, 0.7073170731707317, 0.5121951219512195, 0.43902439024390244, 0.36585365853658536, 0.2682926829268293, 0.17073170731707318, 0.17073170731707318, 0.14634146341463414, 0.024390243902439025, 0.0975609756097561, 0.04878048780487805, 0.0, 0.04878048780487805, 0.0, 0.024390243902439025, 0.0, 0.01639344262295082, 0.0, 0.01639344262295082, 0.01639344262295082]"
1512.0,7.409865157909137,1.3767948464909894,0.006432418621033753,"[4.55, 4.65, 4.75, 4.85, 4.95, 5.05, 5.15, 5.25, 5.35, 5.45, 5.55, 5.65, 5.75, 5.85, 5.95, 6.05, 6.15, 6.25, 6.35, 6.45, 6.55, 6.65, 6.75, 6.85, 6.95]","[4.195121951219512, 3.707317073170732, 2.5609756097560976, 1.8780487804878048, 0.9512195121951219, 0.7073170731707317, 0.5121951219512195, 0.43902439024390244, 0.36585365853658536, 0.2682926829268293, 0.17073170731707318, 0.17073170731707318, 0.14634146341463414, 0.024390243902439025, 0.0975609756097561, 0.04878048780487805, 0.0, 0.04878048780487805, 0.0, 0.024390243902439025, 0.0, 0.01639344262295082, 0.0, 0.01639344262295082, 0.01639344262295082]"
1513.0,7.409865157909137,1.3767948464909894,0.006432418621033753,"[4.55, 4.65, 4.75, 4.85, 4.95, 5.05, 5.15, 5.25, 5.35, 5.45, 5.55, 5.65, 5.75, 5.85, 5.95, 6.05, 6.15, 6.25, 6.35, 6.45, 6.55, 6.65, 6.75, 6.85, 6.95]","[4.195121951219512, 3.707317073170732, 2.5609756097560976, 1.8780487804878048, 0.9512195121951219, 0.7073170731707317, 0.5121951219512195, 0.43902439024390244, 0.36585365853658536, 0.2682926829268293, 0.17073170731707318, 0.17073170731707318, 0.14634146341463414, 0.024390243902439025, 0.0975609756097561, 0.04878048780487805, 0.0, 0.04878048780487805, 0.0, 0.024390243902439025, 0.0, 0.01639344262295082, 0.0, 0.01639344262295082, 0.01639344262295082]"
1514.0,7.30326480301747,1.3528601539571883,0.018538361388878447,"[4.55, 4.65, 4.75, 4.85, 4.95, 5.05, 5.15, 5.25, 5.35, 5.45, 5.55, 5.65, 5.75, 5.85, 5.95, 6.05, 6.15, 6.25, 6.35, 6.45, 6.55, 6.65, 6.75, 6.85, 6.95, 7.05, 7.15]","[4.195121951219512, 3.707317073170732, 2.5609756097560976, 1.8780487804878048, 0.9512195121951219, 0.7073170731707317, 0.5121951219512195, 0.43902439024390244, 0.36585365853658536, 0.2682926829268293, 0.17073170731707318, 0.17073170731707318, 0.14634146341463414, 0.024390243902439025, 0.0975609756097561, 0.04878048780487805, 0.0, 0.04878048780487805, 0.0, 0.024390243902439025, 0.0, 0.01639344262295082, 0.0, 0.01639344262295082, 0.01639344262295082, 0.008620689655172414, 0.008620689655172414]"
1515.0,7.434397678790861,1.3823093886069195,0.009899162627297568,"[4.55, 4.65, 4.75, 4.85, 4.95, 5.05, 5.15, 5.25, 5.35, 5.45, 5.55, 5.65, 5.75, 5.85, 5.95, 6.05, 6.15, 6.25, 6.35, 6.45, 6.55, 6.65, 6.75, 6.85, 6.95]","[4.195121951219512, 3.707317073170732, 2.5609756097560976, 1.8780487804878048, 0.9512195121951219, 0.7073170731707317, 0.5121951219512195, 0.43902439024390244, 0.36585365853658536, 0.2682926829268293, 0.17073170731707318, 0.17073170731707318, 0.14634146341463414, 0.024390243902439025, 0.0975609756097561, 0.04878048780487805, 0.0, 0.04878048780487805, 0.0, 0.024390243902439025, 0.0, 0.012345679012345678, 0.0, 0.012345679012345678, 0.012345679012345678]"
1516.0,7.434397678790861,1.3823093886069195,0.005499461062230007,"[4.55, 4.65, 4.75, 4.85, 4.95, 5.05, 5.15, 5.25, 5.35, 5.45, 5.55, 5.65, 5.75, 5.85, 5.95, 6.05, 6.15, 6.25, 6.35, 6.45, 6.55, 6.65, 6.75, 6.85, 6.95]","[4.195121951219512, 3.707317073170732, 2.5609756097560976, 1.8780487804878048, 0.9512195121951219, 0.7073170731707317, 0.5121951219512195, 0.43902439024390244, 0.36585365853658536, 0.2682926829268293, 0.17073170731707318, 0.17073170731707318, 0.14634146341463414, 0.024390243902439025, 0.0975609756097561, 0.04878048780487805, 0.0, 0.04878048780487805, 0.0, 0.024390243902439025, 0.0, 0.012345679012345678, 0.0, 0.012345679012345678, 0.012345679012345678]"
1517.0,7.3287348588724335,1.3585886935298406,0.017315455929294635,"[4.55, 4.65, 4.75, 4.85, 4.95, 5.05, 5.15, 5.25, 5.35, 5.45, 5.55, 5.65, 5.75, 5.85, 5.95, 6.05, 6.15, 6.25, 6.35, 6.45, 6.55, 6.65, 6.75, 6.85, 6.95, 7.05, 7.15]","[4.195121951219512, 3.707317073170732, 2.5609756097560976, 1.8780487804878048, 0.9512195121951219, 0.7073170731707317, 0.5121951219512195, 0.43902439024390244, 0.36585365853658536, 0.2682926829268293, 0.17073170731707318, 0.17073170731707318, 0.14634146341463414, 0.024390243902439025, 0.0975609756097561, 0.04878048780487805, 0.0, 0.04878048780487805, 0.0, 0.024390243902439025, 0.0, 0.012345679012345678, 0.0, 0.012345679012345678, 0.012345679012345678, 0.008620689655172414, 0.008620689655172414]"
1518.0,7.359349975573935,1.365424265401607,0.014281366076408578,"[4.55, 4.65, 4.75, 4.85, 4.95, 5.05, 5.15, 5.25, 5.35, 5.45, 5.55, 5.65, 5.75, 5.85, 5.95, 6.05, 6.15, 6.25, 6.35, 6.45, 6.55, 6.65, 6.75, 6.85, 6.95]","[4.195121951219512, 3.707317073170732, 2.5609756097560976, 1.8780487804878048, 0.9512195121951219, 0.7073170731707317, 0.5121951219512195, 0.43902439024390244, 0.36585365853658536, 0.2682926829268293, 0.17073170731707318, 0.17073170731707318, 0.14634146341463414, 0.024390243902439025, 0.0975609756097561, 0.04878048780487805, 0.0, 0.04878048780487805, 0.0, 0.024390243902439025, 0.009900990099009901, 0.019801980198019802, 0.0, 0.009900990099009901, 0.009900990099009901]"
1519.0,7.261048304500574,1.3433497246903794,0.019845247195070182,"[4.55, 4.65, 4.75, 4.85, 4.95, 5.05, 5.15, 5.25, 5.35, 5.45, 5.55, 5.65, 5.75, 5.85, 5.95, 6.05, 6.15, 6.25, 6.35, 6.45, 6.55, 6.65, 6.75, 6.85, 6.95, 7.05, 7.15]","[4.195121951219512, 3.707317073170732, 2.5609756097560976, 1.8780487804878048, 0.9512195121951219, 0.7073170731707317, 0.5121951219512195, 0.43902439024390244, 0.36585365853658536, 0.2682926829268293, 0.17073170731707318, 0.17073170731707318, 0.14634146341463414, 0.024390243902439025, 0.0975609756097561, 0.04878048780487805, 0.0, 0.04878048780487805, 0.0, 0.024390243902439025, 0.009900990099009901, 0.019801980198019802, 0.0, 0.009900990099009901, 0.009900990099009901, 0.008620689655172414, 0.008620689655172414]"
1520.0,7.136315222596676,1.3153029372340335,0.06909246167240449,"[4.55, 4.65, 4.75, 4.85, 4.95, 5.05, 5.15, 5.25, 5.35, 5.45, 5.55, 5.65, 5.75, 5.85, 5.95, 6.05, 6.15, 6.25, 6.35, 6.45, 6.55, 6.65, 6.75, 6.85, 6.95, 7.05, 7.15]","[4.195121951219512, 3.707317073170732, 2.5609756097560976, 1.8780487804878048, 0.9512195121951219, 0.7073170731707317, 0.5121951219512195, 0.43902439024390244, 0.36585365853658536, 0.2682926829268293, 0.17073170731707318, 0.17073170731707318, 0.14634146341463414, 0.024390243902439025, 0.0975609756097561, 0.04878048780487805, 0.0, 0.04878048780487805, 0.0, 0.024390243902439025, 0.008620689655172414, 0.02586206896551724, 0.008620689655172414, 0.008620689655172414, 0.017241379310344827, 0.008620689655172414, 0.008620689655172414]"
1521.0,7.267061664365056,1.344568450384809,0.020158633959499943,"[4.55, 4.65, 4.75, 4.85, 4.95, 5.05, 5.15, 5.25, 5.35, 5.45, 5.55, 5.65, 5.75, 5.85, 5.95, 6.05, 6.15, 6.25, 6.35, 6.45, 6.55, 6.65, 6.75, 6.85, 6.95]","[4.195121951219512, 3.707317073170732, 2.5609756097560976, 1.8780487804878048, 0.9512195121951219, 0.7073170731707317, 0.5121951219512195, 0.43902439024390244, 0.36585365853658536, 0.2682926829268293, 0.17073170731707318, 0.17073170731707318, 0.14634146341463414, 0.024390243902439025, 0.0975609756097561, 0.06557377049180328, 0.01639344262295082, 0.04918032786885246, 0.0, 0.04918032786885246, 0.0, 0.01639344262295082, 0.0, 0.01639344262295082, 0.01639344262295082]"
1522.0,7.267061664365056,1.344568450384809,0.010350893369009944,"[4.55, 4.65, 4.75, 4.85, 4.95, 5.05, 5.15, 5.25, 5.35, 5.45, 5.55, 5.65, 5.75, 5.85, 5.95, 6.05, 6.15, 6.25, 6.35, 6.45, 6.55, 6.65, 6.75, 6.85, 6.95]","[4.195121951219512, 3.707317073170732, 2.5609756097560976, 1.8780487804878048, 0.9512195121951219, 0.7073170731707317, 0.5121951219512195, 0.43902439024390244, 0.36585365853658536, 0.2682926829268293, 0.17073170731707318, 0.17073170731707318, 0.14634146341463414, 0.024390243902439025, 0.0975609756097561, 0.06557377049180328, 0.01639344262295082, 0.04918032786885246, 0.0, 0.04918032786885246, 0.0, 0.01639344262295082, 0.0, 0.01639344262295082, 0.01639344262295082]"
1523.0,7.267061664365056,1.344568450384809,0.010350893369009944,"[4.55, 4.65, 4.75, 4.85, 4.95, 5.05, 5.15, 5.25, 5.35, 5.45, 5.55, 5.65, 5.75, 5.85, 5.95, 6.05, 6.15, 6.25, 6.35, 6.45, 6.55, 6.65, 6.75, 6.85, 6.95]","[4.195121951219512, 3.707317073170732, 2.5609756097560976, 1.8780487804878048, 0.9512195121951219, 0.7073170731707317, 0.5121951219512195, 0.43902439024390244, 0.36585365853658536, 0.2682926829268293, 0.17073170731707318, 0.17073170731707318, 0.14634146341463414, 0.024390243902439025, 0.0975609756097561, 0.06557377049180328, 0.01639344262295082, 0.04918032786885246, 0.0, 0.04918032786885246, 0.0, 0.01639344262295082, 0.0, 0.01639344262295082, 0.01639344262295082]"
1524.0,7.176092231696586,1.324138355302478,0.022135726311945738,"[4.55, 4.65, 4.75, 4.85, 4.95, 5.05, 5.15, 5.25, 5.35, 5.45, 5.55, 5.65, 5.75, 5.85, 5.95, 6.05, 6.15, 6.25, 6.35, 6.45, 6.55, 6.65, 6.75, 6.85, 6.95, 7.05, 7.15]","[4.195121951219512, 3.707317073170732, 2.5609756097560976, 1.8780487804878048, 0.9512195121951219, 0.7073170731707317, 0.5121951219512195, 0.43902439024390244, 0.36585365853658536, 0.2682926829268293, 0.17073170731707318, 0.17073170731707318, 0.14634146341463414, 0.024390243902439025, 0.0975609756097561, 0.06557377049180328, 0.01639344262295082, 0.04918032786885246, 0.0, 0.04918032786885246, 0.0, 0.01639344262295082, 0.0, 0.01639344262295082, 0.01639344262295082, 0.008620689655172414, 0.008620689655172414]"
1525.0,7.292119158591264,1.3502024300282371,0.008737207507284794,"[4.55, 4.65, 4.75, 4.85, 4.95, 5.05, 5.15, 5.25, 5.35, 5.45, 5.55, 5.65, 5.75, 5.85, 5.95, 6.05, 6.15, 6.25, 6.35, 6.45, 6.55, 6.65, 6.75, 6.85, 6.95]","[4.195121951219512, 3.707317073170732, 2.5609756097560976, 1.8780487804878048, 0.9512195121951219, 0.7073170731707317, 0.5121951219512195, 0.43902439024390244, 0.36585365853658536, 0.2682926829268293, 0.17073170731707318, 0.17073170731707318, 0.14634146341463414, 0.024390243902439025, 0.0975609756097561, 0.06557377049180328, 0.01639344262295082, 0.04918032786885246, 0.0, 0.04918032786885246, 0.0, 0.012345679012345678, 0.0, 0.012345679012345678, 0.012345679012345678]"
1526.0,7.292119158591264,1.3502024300282371,0.005695598794942909,"[4.55, 4.65, 4.75, 4.85, 4.95, 5.05, 5.15, 5.25, 5.35, 5.45, 5.55, 5.65, 5.75, 5.85, 5.95, 6.05, 6.15, 6.25, 6.35, 6.45, 6.55, 6.65, 6.75, 6.85, 6.95]","[4.195121951219512, 3.707317073170732, 2.5609756097560976, 1.8780487804878048, 0.9512195121951219, 0.7073170731707317, 0.5121951219512195, 0.43902439024390244, 0.36585365853658536, 0.2682926829268293, 0.17073170731707318, 0.17073170731707318, 0.14634146341463414, 0.024390243902439025, 0.0975609756097561, 0.06557377049180328, 0.01639344262295082, 0.04918032786885246, 0.0, 0.04918032786885246, 0.0, 0.012345679012345678, 0.0, 0.012345679012345678, 0.012345679012345678]"
1527.0,7.201767327627585,1.3299142890224986,0.011146608350523184,"[4.55, 4.65, 4.75, 4.85, 4.95, 5.05, 5.15, 5.25, 5.35, 5.45, 5.55, 5.65, 5.75, 5.85, 5.95, 6.05, 6.15, 6.25, 6.35, 6.45, 6.55, 6.65, 6.75, 6.85, 6.95, 7.05, 7.15]","[4.195121951219512, 3.707317073170732, 2.5609756097560976, 1.8780487804878048, 0.9512195121951219, 0.7073170731707317, 0.5121951219512195, 0.43902439024390244, 0.36585365853658536, 0.2682926829268293, 0.17073170731707318, 0.17073170731707318, 0.14634146341463414, 0.024390243902439025, 0.0975609756097561, 0.06557377049180328, 0.01639344262295082, 0.04918032786885246, 0.0, 0.04918032786885246, 0.0, 0.012345679012345678, 0.0, 0.012345679012345678, 0.012345679012345678, 0.008620689655172414, 0.008620689655172414]"
1528.0,7.228885211881354,1.3359696753863366,0.009880740003927298,"[4.55, 4.65, 4.75, 4.85, 4.95, 5.05, 5.15, 5.25, 5.35, 5.45, 5.55, 5.65, 5.75, 5.85, 5.95, 6.05, 6.15, 6.25, 6.35, 6.45, 6.55, 6.65, 6.75, 6.85, 6.95]","[4.195121951219512, 3.707317073170732, 2.5609756097560976, 1.8780487804878048, 0.9512195121951219, 0.7073170731707317, 0.5121951219512195, 0.43902439024390244, 0.36585365853658536, 0.2682926829268293, 0.17073170731707318, 0.17073170731707318, 0.14634146341463414, 0.024390243902439025, 0.0975609756097561, 0.06557377049180328, 0.01639344262295082, 0.04918032786885246, 0.0, 0.04918032786885246, 0.009900990099009901, 0.019801980198019802, 0.0, 0.009900990099009901, 0.009900990099009901]"
1529.0,7.144626926238602,1.3170447969369417,0.01172190971802592,"[4.55, 4.65, 4.75, 4.85, 4.95, 5.05, 5.15, 5.25, 5.35, 5.45, 5.55, 5.65, 5.75, 5.85, 5.95, 6.05, 6.15, 6.25, 6.35, 6.45, 6.55, 6.65, 6.75, 6.85, 6.95, 7.05, 7.15]","[4.195121951219512, 3.707317073170732, 2.5609756097560976, 1.8780487804878048, 0.9512195121951219, 0.7073170731707317, 0.5121951219512195, 0.43902439024390244, 0.36585365853658536, 0.2682926829268293, 0.17073170731707318, 0.17073170731707318, 0.14634146341463414, 0.024390243902439025, 0.0975609756097561, 0.06557377049180328, 0.01639344262295082, 0.04918032786885246, 0.0, 0.04918032786885246, 0.009900990099009901, 0.019801980198019802, 0.0, 0.009900990099009901, 0.009900990099009901, 0.008620689655172414, 0.008620689655172414]"
1530.0,7.035426047542203,1.2924893351413749,0.02937883437407794,"[4.55, 4.65, 4.75, 4.85, 4.95, 5.05, 5.15, 5.25, 5.35, 5.45, 5.55, 5.65, 5.75, 5.85, 5.95, 6.05, 6.15, 6.25, 6.35, 6.45, 6.55, 6.65, 6.75, 6.85, 6.95, 7.05, 7.15]","[4.195121951219512, 3.707317073170732, 2.5609756097560976, 1.8780487804878048, 0.9512195121951219, 0.7073170731707317, 0.5121951219512195, 0.43902439024390244, 0.36585365853658536, 0.2682926829268293, 0.17073170731707318, 0.17073170731707318, 0.14634146341463414, 0.024390243902439025, 0.0975609756097561, 0.06557377049180328, 0.01639344262295082, 0.04918032786885246, 0.0, 0.04918032786885246, 0.008620689655172414, 0.02586206896551724, 0.008620689655172414, 0.008620689655172414, 0.017241379310344827, 0.008620689655172414, 0.008620689655172414]"
1531.0,7.338191130583808,1.360617552908731,0.01610248550359566,"[4.55, 4.65, 4.75, 4.85, 4.95, 5.05, 5.15, 5.25, 5.35, 5.45, 5.55, 5.65, 5.75, 5.85, 5.95, 6.05, 6.15, 6.25, 6.35, 6.45, 6.55, 6.65, 6.75, 6.85, 6.95]","[4.195121951219512, 3.707317073170732, 2.5609756097560976, 1.8780487804878048, 0.9512195121951219, 0.7073170731707317, 0.5121951219512195, 0.43902439024390244, 0.36585365853658536, 0.2682926829268293, 0.17073170731707318, 0.17073170731707318, 0.14634146341463414, 0.024390243902439025, 0.0975609756097561, 0.04938271604938271, 0.012345679012345678, 0.04938271604938271, 0.0, 0.037037037037037035, 0.0, 0.012345679012345678, 0.0, 0.012345679012345678, 0.012345679012345678]"
1532.0,7.338191130583808,1.360617552908731,0.008518288478550464,"[4.55, 4.65, 4.75, 4.85, 4.95, 5.05, 5.15, 5.25, 5.35, 5.45, 5.55, 5.65, 5.75, 5.85, 5.95, 6.05, 6.15, 6.25, 6.35, 6.45, 6.55, 6.65, 6.75, 6.85, 6.95]","[4.195121951219512, 3.707317073170732, 2.5609756097560976, 1.8780487804878048, 0.9512195121951219, 0.7073170731707317, 0.5121951219512195, 0.43902439024390244, 0.36585365853658536, 0.2682926829268293, 0.17073170731707318, 0.17073170731707318, 0.14634146341463414, 0.024390243902439025, 0.0975609756097561, 0.04938271604938271, 0.012345679012345678, 0.04938271604938271, 0.0, 0.037037037037037035, 0.0, 0.012345679012345678, 0.0, 0.012345679012345678, 0.012345679012345678]"
1533.0,7.250058235739518,1.3408399162126632,0.01918775490667549,"[4.55, 4.65, 4.75, 4.85, 4.95, 5.05, 5.15, 5.25, 5.35, 5.45, 5.55, 5.65, 5.75, 5.85, 5.95, 6.05, 6.15, 6.25, 6.35, 6.45, 6.55, 6.65, 6.75, 6.85, 6.95, 7.05, 7.15]","[4.195121951219512, 3.707317073170732, 2.5609756097560976, 1.8780487804878048, 0.9512195121951219, 0.7073170731707317, 0.5121951219512195, 0.43902439024390244, 0.36585365853658536, 0.2682926829268293, 0.17073170731707318, 0.17073170731707318, 0.14634146341463414, 0.024390243902439025, 0.0975609756097561, 0.04938271604938271, 0.012345679012345678, 0.04938271604938271, 0.0, 0.037037037037037035, 0.0, 0.012345679012345678, 0.0, 0.012345679012345678, 0.012345679012345678, 0.008620689655172414, 0.008620689655172414]"
1534.0,7.276279364453859,1.3466888306846974,0.008842695213446048,"[4.55, 4.65, 4.75, 4.85, 4.95, 5.05, 5.15, 5.25, 5.35, 5.45, 5.55, 5.65, 5.75, 5.85, 5.95, 6.05, 6.15, 6.25, 6.35, 6.45, 6.55, 6.65, 6.75, 6.85, 6.95]","[4.195121951219512, 3.707317073170732, 2.5609756097560976, 1.8780487804878048, 0.9512195121951219, 0.7073170731707317, 0.5121951219512195, 0.43902439024390244, 0.36585365853658536, 0.2682926829268293, 0.17073170731707318, 0.17073170731707318, 0.14634146341463414, 0.024390243902439025, 0.0975609756097561, 0.04938271604938271, 0.012345679012345678, 0.04938271604938271, 0.0, 0.037037037037037035, 0.009900990099009901, 0.019801980198019802, 0.0, 0.009900990099009901, 0.009900990099009901]"
1535.0,7.193799711361211,1.3281755146976997,0.010739553038632483,"[4.55, 4.65, 4.75, 4.85, 4.95, 5.05, 5.15, 5.25, 5.35, 5.45, 5.55, 5.65, 5.75, 5.85, 5.95, 6.05, 6.15, 6.25, 6.35, 6.45, 6.55, 6.65, 6.75, 6.85, 6.95, 7.05, 7.15]","[4.195121951219512, 3.707317073170732, 2.5609756097560976, 1.8780487804878048, 0.9512195121951219, 0.7073170731707317, 0.5121951219512195, 0.43902439024390244, 0.36585365853658536, 0.2682926829268293, 0.17073170731707318, 0.17073170731707318, 0.14634146341463414, 0.024390243902439025, 0.0975609756097561, 0.04938271604938271, 0.012345679012345678, 0.04938271604938271, 0.0, 0.037037037037037035, 0.009900990099009901, 0.019801980198019802, 0.0, 0.009900990099009901, 0.009900990099009901, 0.008620689655172414, 0.008620689655172414]"
1536.0,7.087364892151659,1.3042560361546012,0.027602744735861644,"[4.55, 4.65, 4.75, 4.85, 4.95, 5.05, 5.15, 5.25, 5.35, 5.45, 5.55, 5.65, 5.75, 5.85, 5.95, 6.05, 6.15, 6.25, 6.35, 6.45, 6.55, 6.65, 6.75, 6.85, 6.95, 7.05, 7.15]","[4.195121951219512, 3.707317073170732, 2.5609756097560976, 1.8780487804878048, 0.9512195121951219, 0.7073170731707317, 0.5121951219512195, 0.43902439024390244, 0.36585365853658536, 0.2682926829268293, 0.17073170731707318, 0.17073170731707318, 0.14634146341463414, 0.024390243902439025, 0.0975609756097561, 0.04938271604938271, 0.012345679012345678, 0.04938271604938271, 0.0, 0.037037037037037035, 0.008620689655172414, 0.02586206896551724, 0.008620689655172414, 0.008620689655172414, 0.017241379310344827, 0.008620689655172414, 0.008620689655172414]"
1537.0,7.202634880333214,1.33004049694975,0.02023518744623656,"[4.55, 4.65, 4.75, 4.85, 4.95, 5.05, 5.15, 5.25, 5.35, 5.45, 5.55, 5.65, 5.75, 5.85, 5.95, 6.05, 6.15, 6.25, 6.35, 6.45, 6.55, 6.65, 6.75, 6.85, 6.95]","[4.195121951219512, 3.707317073170732, 2.5609756097560976, 1.8780487804878048, 0.9512195121951219, 0.7073170731707317, 0.5121951219512195, 0.43902439024390244, 0.36585365853658536, 0.2682926829268293, 0.17073170731707318, 0.17073170731707318, 0.14634146341463414, 0.024390243902439025, 0.0975609756097561, 0.0594059405940594, 0.019801980198019802, 0.04950495049504951, 0.0, 0.039603960396039604, 0.009900990099009901, 0.019801980198019802, 0.0, 0.009900990099009901, 0.009900990099009901]"
1538.0,7.1288515766607965,1.3134803955992185,0.022044928147585227,"[4.55, 4.65, 4.75, 4.85, 4.95, 5.05, 5.15, 5.25, 5.35, 5.45, 5.55, 5.65, 5.75, 5.85, 5.95, 6.05, 6.15, 6.25, 6.35, 6.45, 6.55, 6.65, 6.75, 6.85, 6.95, 7.05, 7.15]","[4.195121951219512, 3.707317073170732, 2.5609756097560976, 1.8780487804878048, 0.9512195121951219, 0.7073170731707317, 0.5121951219512195, 0.43902439024390244, 0.36585365853658536, 0.2682926829268293, 0.17073170731707318, 0.17073170731707318, 0.14634146341463414, 0.024390243902439025, 0.0975609756097561, 0.0594059405940594, 0.019801980198019802, 0.04950495049504951, 0.0, 0.039603960396039604, 0.009900990099009901, 0.019801980198019802, 0.0, 0.009900990099009901, 0.009900990099009901, 0.008620689655172414, 0.008620689655172414]"
1539.0,7.032274663122337,1.2917803267343897,0.029004003476004084,"[4.55, 4.65, 4.75, 4.85, 4.95, 5.05, 5.15, 5.25, 5.35, 5.45, 5.55, 5.65, 5.75, 5.85, 5.95, 6.05, 6.15, 6.25, 6.35, 6.45, 6.55, 6.65, 6.75, 6.85, 6.95, 7.05, 7.15]","[4.195121951219512, 3.707317073170732, 2.5609756097560976, 1.8780487804878048, 0.9512195121951219, 0.7073170731707317, 0.5121951219512195, 0.43902439024390244, 0.36585365853658536, 0.2682926829268293, 0.17073170731707318, 0.17073170731707318, 0.14634146341463414, 0.024390243902439025, 0.0975609756097561, 0.0594059405940594, 0.019801980198019802, 0.04950495049504951, 0.0, 0.039603960396039604, 0.008620689655172414, 0.02586206896551724, 0.008620689655172414, 0.008620689655172414, 0.017241379310344827, 0.008620689655172414, 0.008620689655172414]"
1540.0,6.942231042767335,1.2713841411304765,0.08384369558557231,"[4.55, 4.65, 4.75, 4.85, 4.95, 5.05, 5.15, 5.25, 5.35, 5.45, 5.55, 5.65, 5.75, 5.85, 5.95, 6.05, 6.15, 6.25, 6.35, 6.45, 6.55, 6.65, 6.75, 6.85, 6.95, 7.05, 7.15]","[4.195121951219512, 3.707317073170732, 2.5609756097560976, 1.8780487804878048, 0.9512195121951219, 0.7073170731707317, 0.5121951219512195, 0.43902439024390244, 0.36585365853658536, 0.2682926829268293, 0.17073170731707318, 0.17073170731707318, 0.14634146341463414, 0.024390243902439025, 0.0975609756097561, 0.06896551724137931, 0.02586206896551724, 0.05172413793103448, 0.017241379310344827, 0.034482758620689655, 0.008620689655172414, 0.02586206896551724, 0.008620689655172414, 0.008620689655172414, 0.017241379310344827, 0.008620689655172414, 0.008620689655172414]"
1541.0,7.140638273122389,1.3158786450071605,0.02469649497216041,"[4.55, 4.65, 4.75, 4.85, 4.95, 5.05, 5.15, 5.25, 5.35, 5.45, 5.55, 5.65, 5.75, 5.85, 5.95, 6.05, 6.15, 6.25, 6.35, 6.45, 6.55, 6.65, 6.75, 6.85, 6.95]","[4.195121951219512, 3.707317073170732, 2.5609756097560976, 1.8780487804878048, 0.9512195121951219, 0.7073170731707317, 0.5121951219512195, 0.43902439024390244, 0.36585365853658536, 0.2682926829268293, 0.16393442622950818, 0.18032786885245902, 0.13114754098360656, 0.08196721311475409, 0.13114754098360656, 0.06557377049180328, 0.01639344262295082, 0.04918032786885246, 0.0, 0.04918032786885246, 0.0, 0.01639344262295082, 0.0, 0.01639344262295082, 0.01639344262295082]"
1542.0,7.140638273122389,1.3158786450071605,0.012551654899360347,"[4.55, 4.65, 4.75, 4.85, 4.95, 5.05, 5.15, 5.25, 5.35, 5.45, 5.55, 5.65, 5.75, 5.85, 5.95, 6.05, 6.15, 6.25, 6.35, 6.45, 6.55, 6.65, 6.75, 6.85, 6.95]","[4.195121951219512, 3.707317073170732, 2.5609756097560976, 1.8780487804878048, 0.9512195121951219, 0.7073170731707317, 0.5121951219512195, 0.43902439024390244, 0.36585365853658536, 0.2682926829268293, 0.16393442622950818, 0.18032786885245902, 0.13114754098360656, 0.08196721311475409, 0.13114754098360656, 0.06557377049180328, 0.01639344262295082, 0.04918032786885246, 0.0, 0.04918032786885246, 0.0, 0.01639344262295082, 0.0, 0.01639344262295082, 0.01639344262295082]"
1543.0,7.140638273122389,1.3158786450071605,0.012551654899360347,"[4.55, 4.65, 4.75, 4.85, 4.95, 5.05, 5.15, 5.25, 5.35, 5.45, 5.55, 5.65, 5.75, 5.85, 5.95, 6.05, 6.15, 6.25, 6.35, 6.45, 6.55, 6.65, 6.75, 6.85, 6.95]","[4.195121951219512, 3.707317073170732, 2.5609756097560976, 1.8780487804878048, 0.9512195121951219, 0.7073170731707317, 0.5121951219512195, 0.43902439024390244, 0.36585365853658536, 0.2682926829268293, 0.16393442622950818, 0.18032786885245902, 0.13114754098360656, 0.08196721311475409, 0.13114754098360656, 0.06557377049180328, 0.01639344262295082, 0.04918032786885246, 0.0, 0.04918032786885246, 0.0, 0.01639344262295082, 0.0, 0.01639344262295082, 0.01639344262295082]"
1544.0,7.066627925487201,1.2992821718183434,0.023078732254268874,"[4.55, 4.65, 4.75, 4.85, 4.95, 5.05, 5.15, 5.25, 5.35, 5.45, 5.55, 5.65, 5.75, 5.85, 5.95, 6.05, 6.15, 6.25, 6.35, 6.45, 6.55, 6.65, 6.75, 6.85, 6.95, 7.05, 7.15]","[4.195121951219512, 3.707317073170732, 2.5609756097560976, 1.8780487804878048, 0.9512195121951219, 0.7073170731707317, 0.5121951219512195, 0.43902439024390244, 0.36585365853658536, 0.2682926829268293, 0.16393442622950818, 0.18032786885245902, 0.13114754098360656, 0.08196721311475409, 0.13114754098360656, 0.06557377049180328, 0.01639344262295082, 0.04918032786885246, 0.0, 0.04918032786885246, 0.0, 0.01639344262295082, 0.0, 0.01639344262295082, 0.01639344262295082, 0.008620689655172414, 0.008620689655172414]"
1545.0,7.164686061071359,1.3212777179241544,0.010285030781142467,"[4.55, 4.65, 4.75, 4.85, 4.95, 5.05, 5.15, 5.25, 5.35, 5.45, 5.55, 5.65, 5.75, 5.85, 5.95, 6.05, 6.15, 6.25, 6.35, 6.45, 6.55, 6.65, 6.75, 6.85, 6.95]","[4.195121951219512, 3.707317073170732, 2.5609756097560976, 1.8780487804878048, 0.9512195121951219, 0.7073170731707317, 0.5121951219512195, 0.43902439024390244, 0.36585365853658536, 0.2682926829268293, 0.16393442622950818, 0.18032786885245902, 0.13114754098360656, 0.08196721311475409, 0.13114754098360656, 0.06557377049180328, 0.01639344262295082, 0.04918032786885246, 0.0, 0.04918032786885246, 0.0, 0.012345679012345678, 0.0, 0.012345679012345678, 0.012345679012345678]"
1546.0,7.164686061071359,1.3212777179241544,0.006945769279403646,"[4.55, 4.65, 4.75, 4.85, 4.95, 5.05, 5.15, 5.25, 5.35, 5.45, 5.55, 5.65, 5.75, 5.85, 5.95, 6.05, 6.15, 6.25, 6.35, 6.45, 6.55, 6.65, 6.75, 6.85, 6.95]","[4.195121951219512, 3.707317073170732, 2.5609756097560976, 1.8780487804878048, 0.9512195121951219, 0.7073170731707317, 0.5121951219512195, 0.43902439024390244, 0.36585365853658536, 0.2682926829268293, 0.16393442622950818, 0.18032786885245902, 0.13114754098360656, 0.08196721311475409, 0.13114754098360656, 0.06557377049180328, 0.01639344262295082, 0.04918032786885246, 0.0, 0.04918032786885246, 0.0, 0.012345679012345678, 0.0, 0.012345679012345678, 0.012345679012345678]"
1547.0,7.091035930187882,1.3047645553139982,0.011590733530207668,"[4.55, 4.65, 4.75, 4.85, 4.95, 5.05, 5.15, 5.25, 5.35, 5.45, 5.55, 5.65, 5.75, 5.85, 5.95, 6.05, 6.15, 6.25, 6.35, 6.45, 6.55, 6.65, 6.75, 6.85, 6.95, 7.05, 7.15]","[4.195121951219512, 3.707317073170732, 2.5609756097560976, 1.8780487804878048, 0.9512195121951219, 0.7073170731707317, 0.5121951219512195, 0.43902439024390244, 0.36585365853658536, 0.2682926829268293, 0.16393442622950818, 0.18032786885245902, 0.13114754098360656, 0.08196721311475409, 0.13114754098360656, 0.06557377049180328, 0.01639344262295082, 0.04918032786885246, 0.0, 0.04918032786885246, 0.0, 0.012345679012345678, 0.0, 0.012345679012345678, 0.012345679012345678, 0.008620689655172414, 0.008620689655172414]"
1548.0,7.114054561521193,1.309895714797448,0.010835120823764186,"[4.55, 4.65, 4.75, 4.85, 4.95, 5.05, 5.15, 5.25, 5.35, 5.45, 5.55, 5.65, 5.75, 5.85, 5.95, 6.05, 6.15, 6.25, 6.35, 6.45, 6.55, 6.65, 6.75, 6.85, 6.95]","[4.195121951219512, 3.707317073170732, 2.5609756097560976, 1.8780487804878048, 0.9512195121951219, 0.7073170731707317, 0.5121951219512195, 0.43902439024390244, 0.36585365853658536, 0.2682926829268293, 0.16393442622950818, 0.18032786885245902, 0.13114754098360656, 0.08196721311475409, 0.13114754098360656, 0.06557377049180328, 0.01639344262295082, 0.04918032786885246, 0.0, 0.04918032786885246, 0.009900990099009901, 0.019801980198019802, 0.0, 0.009900990099009901, 0.009900990099009901]"
1549.0,7.044860250284826,1.2943783101464719,0.011412960330869365,"[4.55, 4.65, 4.75, 4.85, 4.95, 5.05, 5.15, 5.25, 5.35, 5.45, 5.55, 5.65, 5.75, 5.85, 5.95, 6.05, 6.15, 6.25, 6.35, 6.45, 6.55, 6.65, 6.75, 6.85, 6.95, 7.05, 7.15]","[4.195121951219512, 3.707317073170732, 2.5609756097560976, 1.8780487804878048, 0.9512195121951219, 0.7073170731707317, 0.5121951219512195, 0.43902439024390244, 0.36585365853658536, 0.2682926829268293, 0.16393442622950818, 0.18032786885245902, 0.13114754098360656, 0.08196721311475409, 0.13114754098360656, 0.06557377049180328, 0.01639344262295082, 0.04918032786885246, 0.0, 0.04918032786885246, 0.009900990099009901, 0.019801980198019802, 0.0, 0.009900990099009901, 0.009900990099009901, 0.008620689655172414, 0.008620689655172414]"
1550.0,6.952603237165091,1.2736706845606254,0.02570455718130105,"[4.55, 4.65, 4.75, 4.85, 4.95, 5.05, 5.15, 5.25, 5.35, 5.45, 5.55, 5.65, 5.75, 5.85, 5.95, 6.05, 6.15, 6.25, 6.35, 6.45, 6.55, 6.65, 6.75, 6.85, 6.95, 7.05, 7.15]","[4.195121951219512, 3.707317073170732, 2.5609756097560976, 1.8780487804878048, 0.9512195121951219, 0.7073170731707317, 0.5121951219512195, 0.43902439024390244, 0.36585365853658536, 0.2682926829268293, 0.16393442622950818, 0.18032786885245902, 0.13114754098360656, 0.08196721311475409, 0.13114754098360656, 0.06557377049180328, 0.01639344262295082, 0.04918032786885246, 0.0, 0.04918032786885246, 0.008620689655172414, 0.02586206896551724, 0.008620689655172414, 0.008620689655172414, 0.017241379310344827, 0.008620689655172414, 0.008620689655172414]"
1551.0,7.210432906144173,1.3316133574344498,0.009956785706231734,"[4.55, 4.65, 4.75, 4.85, 4.95, 5.05, 5.15, 5.25, 5.35, 5.45, 5.55, 5.65, 5.75, 5.85, 5.95, 6.05, 6.15, 6.25, 6.35, 6.45, 6.55, 6.65, 6.75, 6.85, 6.95]","[4.195121951219512, 3.707317073170732, 2.5609756097560976, 1.8780487804878048, 0.9512195121951219, 0.7073170731707317, 0.5121951219512195, 0.43902439024390244, 0.36585365853658536, 0.2682926829268293, 0.16393442622950818, 0.18032786885245902, 0.13114754098360656, 0.08196721311475409, 0.13114754098360656, 0.04938271604938271, 0.012345679012345678, 0.04938271604938271, 0.0, 0.037037037037037035, 0.0, 0.012345679012345678, 0.0, 0.012345679012345678, 0.012345679012345678]"
1552.0,7.210432906144173,1.3316133574344498,0.006277652536989355,"[4.55, 4.65, 4.75, 4.85, 4.95, 5.05, 5.15, 5.25, 5.35, 5.45, 5.55, 5.65, 5.75, 5.85, 5.95, 6.05, 6.15, 6.25, 6.35, 6.45, 6.55, 6.65, 6.75, 6.85, 6.95]","[4.195121951219512, 3.707317073170732, 2.5609756097560976, 1.8780487804878048, 0.9512195121951219, 0.7073170731707317, 0.5121951219512195, 0.43902439024390244, 0.36585365853658536, 0.2682926829268293, 0.16393442622950818, 0.18032786885245902, 0.13114754098360656, 0.08196721311475409, 0.13114754098360656, 0.04938271604938271, 0.012345679012345678, 0.04938271604938271, 0.0, 0.037037037037037035, 0.0, 0.012345679012345678, 0.0, 0.012345679012345678, 0.012345679012345678]"
1553.0,7.13806958942731,1.3153989298695332,0.01072247611160306,"[4.55, 4.65, 4.75, 4.85, 4.95, 5.05, 5.15, 5.25, 5.35, 5.45, 5.55, 5.65, 5.75, 5.85, 5.95, 6.05, 6.15, 6.25, 6.35, 6.45, 6.55, 6.65, 6.75, 6.85, 6.95, 7.05, 7.15]","[4.195121951219512, 3.707317073170732, 2.5609756097560976, 1.8780487804878048, 0.9512195121951219, 0.7073170731707317, 0.5121951219512195, 0.43902439024390244, 0.36585365853658536, 0.2682926829268293, 0.16393442622950818, 0.18032786885245902, 0.13114754098360656, 0.08196721311475409, 0.13114754098360656, 0.04938271604938271, 0.012345679012345678, 0.04938271604938271, 0.0, 0.037037037037037035, 0.0, 0.012345679012345678, 0.0, 0.012345679012345678, 0.012345679012345678, 0.008620689655172414, 0.008620689655172414]"
1554.0,7.1604666573522096,1.3203860344092218,0.006000059420530235,"[4.55, 4.65, 4.75, 4.85, 4.95, 5.05, 5.15, 5.25, 5.35, 5.45, 5.55, 5.65, 5.75, 5.85, 5.95, 6.05, 6.15, 6.25, 6.35, 6.45, 6.55, 6.65, 6.75, 6.85, 6.95]","[4.195121951219512, 3.707317073170732, 2.5609756097560976, 1.8780487804878048, 0.9512195121951219, 0.7073170731707317, 0.5121951219512195, 0.43902439024390244, 0.36585365853658536, 0.2682926829268293, 0.16393442622950818, 0.18032786885245902, 0.13114754098360656, 0.08196721311475409, 0.13114754098360656, 0.04938271604938271, 0.012345679012345678, 0.04938271604938271, 0.0, 0.037037037037037035, 0.009900990099009901, 0.019801980198019802, 0.0, 0.009900990099009901, 0.009900990099009901]"
1555.0,7.092274607836901,1.30510345360509,0.0065028707734049685,"[4.55, 4.65, 4.75, 4.85, 4.95, 5.05, 5.15, 5.25, 5.35, 5.45, 5.55, 5.65, 5.75, 5.85, 5.95, 6.05, 6.15, 6.25, 6.35, 6.45, 6.55, 6.65, 6.75, 6.85, 6.95, 7.05, 7.15]","[4.195121951219512, 3.707317073170732, 2.5609756097560976, 1.8780487804878048, 0.9512195121951219, 0.7073170731707317, 0.5121951219512195, 0.43902439024390244, 0.36585365853658536, 0.2682926829268293, 0.16393442622950818, 0.18032786885245902, 0.13114754098360656, 0.08196721311475409, 0.13114754098360656, 0.04938271604938271, 0.012345679012345678, 0.04938271604938271, 0.0, 0.037037037037037035, 0.009900990099009901, 0.019801980198019802, 0.0, 0.009900990099009901, 0.009900990099009901, 0.008620689655172414, 0.008620689655172414]"
1556.0,7.001933852008424,1.2848372309627307,0.013775852365231461,"[4.55, 4.65, 4.75, 4.85, 4.95, 5.05, 5.15, 5.25, 5.35, 5.45, 5.55, 5.65, 5.75, 5.85, 5.95, 6.05, 6.15, 6.25, 6.35, 6.45, 6.55, 6.65, 6.75, 6.85, 6.95, 7.05, 7.15]","[4.195121951219512, 3.707317073170732, 2.5609756097560976, 1.8780487804878048, 0.9512195121951219, 0.7073170731707317, 0.5121951219512195, 0.43902439024390244, 0.36585365853658536, 0.2682926829268293, 0.16393442622950818, 0.18032786885245902, 0.13114754098360656, 0.08196721311475409, 0.13114754098360656, 0.04938271604938271, 0.012345679012345678, 0.04938271604938271, 0.0, 0.037037037037037035, 0.008620689655172414, 0.02586206896551724, 0.008620689655172414, 0.008620689655172414, 0.017241379310344827, 0.008620689655172414, 0.008620689655172414]"
1557.0,7.10328980611601,1.3074686822224297,0.010753423975549474,"[4.55, 4.65, 4.75, 4.85, 4.95, 5.05, 5.15, 5.25, 5.35, 5.45, 5.55, 5.65, 5.75, 5.85, 5.95, 6.05, 6.15, 6.25, 6.35, 6.45, 6.55, 6.65, 6.75, 6.85, 6.95]","[4.195121951219512, 3.707317073170732, 2.5609756097560976, 1.8780487804878048, 0.9512195121951219, 0.7073170731707317, 0.5121951219512195, 0.43902439024390244, 0.36585365853658536, 0.2682926829268293, 0.16393442622950818, 0.18032786885245902, 0.13114754098360656, 0.08196721311475409, 0.13114754098360656, 0.0594059405940594, 0.019801980198019802, 0.04950495049504951, 0.0, 0.039603960396039604, 0.009900990099009901, 0.019801980198019802, 0.0, 0.009900990099009901, 0.009900990099009901]"
1558.0,7.041412363404618,1.2936034114887265,0.010939894518708722,"[4.55, 4.65, 4.75, 4.85, 4.95, 5.05, 5.15, 5.25, 5.35, 5.45, 5.55, 5.65, 5.75, 5.85, 5.95, 6.05, 6.15, 6.25, 6.35, 6.45, 6.55, 6.65, 6.75, 6.85, 6.95, 7.05, 7.15]","[4.195121951219512, 3.707317073170732, 2.5609756097560976, 1.8780487804878048, 0.9512195121951219, 0.7073170731707317, 0.5121951219512195, 0.43902439024390244, 0.36585365853658536, 0.2682926829268293, 0.16393442622950818, 0.18032786885245902, 0.13114754098360656, 0.08196721311475409, 0.13114754098360656, 0.0594059405940594, 0.019801980198019802, 0.04950495049504951, 0.0, 0.039603960396039604, 0.009900990099009901, 0.019801980198019802, 0.0, 0.009900990099009901, 0.009900990099009901, 0.008620689655172414, 0.008620689655172414]"
1559.0,6.958364727407091,1.2749785716967477,0.013645292571828909,"[4.55, 4.65, 4.75, 4.85, 4.95, 5.05, 5.15, 5.25, 5.35, 5.45, 5.55, 5.65, 5.75, 5.85, 5.95, 6.05, 6.15, 6.25, 6.35, 6.45, 6.55, 6.65, 6.75, 6.85, 6.95, 7.05, 7.15]","[4.195121951219512, 3.707317073170732, 2.5609756097560976, 1.8780487804878048, 0.9512195121951219, 0.7073170731707317, 0.5121951219512195, 0.43902439024390244, 0.36585365853658536, 0.2682926829268293, 0.16393442622950818, 0.18032786885245902, 0.13114754098360656, 0.08196721311475409, 0.13114754098360656, 0.0594059405940594, 0.019801980198019802, 0.04950495049504951, 0.0, 0.039603960396039604, 0.008620689655172414, 0.02586206896551724, 0.008620689655172414, 0.008620689655172414, 0.017241379310344827, 0.008620689655172414, 0.008620689655172414]"
1560.0,6.881953389890099,1.2576877298028277,0.030892489163533914,"[4.55, 4.65, 4.75, 4.85, 4.95, 5.05, 5.15, 5.25, 5.35, 5.45, 5.55, 5.65, 5.75, 5.85, 5.95, 6.05, 6.15, 6.25, 6.35, 6.45, 6.55, 6.65, 6.75, 6.85, 6.95, 7.05, 7.15]","[4.195121951219512, 3.707317073170732, 2.5609756097560976, 1.8780487804878048, 0.9512195121951219, 0.7073170731707317, 0.5121951219512195, 0.43902439024390244, 0.36585365853658536, 0.2682926829268293, 0.16393442622950818, 0.18032786885245902, 0.13114754098360656, 0.08196721311475409, 0.13114754098360656, 0.06896551724137931, 0.02586206896551724, 0.05172413793103448, 0.017241379310344827, 0.034482758620689655, 0.008620689655172414, 0.02586206896551724, 0.008620689655172414, 0.008620689655172414, 0.017241379310344827, 0.008620689655172414, 0.008620689655172414]"
1561.0,7.234281648373264,1.3370101682815123,0.021734306751840172,"[4.55, 4.65, 4.75, 4.85, 4.95, 5.05, 5.15, 5.25, 5.35, 5.45, 5.55, 5.65, 5.75, 5.85, 5.95, 6.05, 6.15, 6.25, 6.35, 6.45, 6.55, 6.65, 6.75, 6.85, 6.95]","[4.195121951219512, 3.707317073170732, 2.5609756097560976, 1.8780487804878048, 0.9512195121951219, 0.7073170731707317, 0.5121951219512195, 0.43902439024390244, 0.36585365853658536, 0.2682926829268293, 0.1728395061728395, 0.18518518518518517, 0.1111111111111111, 0.08641975308641975, 0.09876543209876543, 0.04938271604938271, 0.012345679012345678, 0.04938271604938271, 0.0, 0.037037037037037035, 0.0, 0.012345679012345678, 0.0, 0.012345679012345678, 0.012345679012345678]"
1562.0,7.234281648373264,1.3370101682815123,0.011215052277935985,"[4.55, 4.65, 4.75, 4.85, 4.95, 5.05, 5.15, 5.25, 5.35, 5.45, 5.55, 5.65, 5.75, 5.85, 5.95, 6.05, 6.15, 6.25, 6.35, 6.45, 6.55, 6.65, 6.75, 6.85, 6.95]","[4.195121951219512, 3.707317073170732, 2.5609756097560976, 1.8780487804878048, 0.9512195121951219, 0.7073170731707317, 0.5121951219512195, 0.43902439024390244, 0.36585365853658536, 0.2682926829268293, 0.1728395061728395, 0.18518518518518517, 0.1111111111111111, 0.08641975308641975, 0.09876543209876543, 0.04938271604938271, 0.012345679012345678, 0.04938271604938271, 0.0, 0.037037037037037035, 0.0, 0.012345679012345678, 0.0, 0.012345679012345678, 0.012345679012345678]"
1563.0,7.166858923511671,1.321934868065866,0.02109630490978844,"[4.55, 4.65, 4.75, 4.85, 4.95, 5.05, 5.15, 5.25, 5.35, 5.45, 5.55, 5.65, 5.75, 5.85, 5.95, 6.05, 6.15, 6.25, 6.35, 6.45, 6.55, 6.65, 6.75, 6.85, 6.95, 7.05, 7.15]","[4.195121951219512, 3.707317073170732, 2.5609756097560976, 1.8780487804878048, 0.9512195121951219, 0.7073170731707317, 0.5121951219512195, 0.43902439024390244, 0.36585365853658536, 0.2682926829268293, 0.1728395061728395, 0.18518518518518517, 0.1111111111111111, 0.08641975308641975, 0.09876543209876543, 0.04938271604938271, 0.012345679012345678, 0.04938271604938271, 0.0, 0.037037037037037035, 0.0, 0.012345679012345678, 0.0, 0.012345679012345678, 0.012345679012345678, 0.008620689655172414, 0.008620689655172414]"
1564.0,7.18773045386584,1.326569710036036,0.009902776866062828,"[4.55, 4.65, 4.75, 4.85, 4.95, 5.05, 5.15, 5.25, 5.35, 5.45, 5.55, 5.65, 5.75, 5.85, 5.95, 6.05, 6.15, 6.25, 6.35, 6.45, 6.55, 6.65, 6.75, 6.85, 6.95]","[4.195121951219512, 3.707317073170732, 2.5609756097560976, 1.8780487804878048, 0.9512195121951219, 0.7073170731707317, 0.5121951219512195, 0.43902439024390244, 0.36585365853658536, 0.2682926829268293, 0.1728395061728395, 0.18518518518518517, 0.1111111111111111, 0.08641975308641975, 0.09876543209876543, 0.04938271604938271, 0.012345679012345678, 0.04938271604938271, 0.0, 0.037037037037037035, 0.009900990099009901, 0.019801980198019802, 0.0, 0.009900990099009901, 0.009900990099009901]"
1565.0,7.123809493638582,1.3122754932942524,0.01048989972591416,"[4.55, 4.65, 4.75, 4.85, 4.95, 5.05, 5.15, 5.25, 5.35, 5.45, 5.55, 5.65, 5.75, 5.85, 5.95, 6.05, 6.15, 6.25, 6.35, 6.45, 6.55, 6.65, 6.75, 6.85, 6.95, 7.05, 7.15]","[4.195121951219512, 3.707317073170732, 2.5609756097560976, 1.8780487804878048, 0.9512195121951219, 0.7073170731707317, 0.5121951219512195, 0.43902439024390244, 0.36585365853658536, 0.2682926829268293, 0.1728395061728395, 0.18518518518518517, 0.1111111111111111, 0.08641975308641975, 0.09876543209876543, 0.04938271604938271, 0.012345679012345678, 0.04938271604938271, 0.0, 0.037037037037037035, 0.009900990099009901, 0.019801980198019802, 0.0, 0.009900990099009901, 0.009900990099009901, 0.008620689655172414, 0.008620689655172414]"
1566.0,7.039064240669512,1.2933053969578177,0.023138078906506626,"[4.55, 4.65, 4.75, 4.85, 4.95, 5.05, 5.15, 5.25, 5.35, 5.45, 5.55, 5.65, 5.75, 5.85, 5.95, 6.05, 6.15, 6.25, 6.35, 6.45, 6.55, 6.65, 6.75, 6.85, 6.95, 7.05, 7.15]","[4.195121951219512, 3.707317073170732, 2.5609756097560976, 1.8780487804878048, 0.9512195121951219, 0.7073170731707317, 0.5121951219512195, 0.43902439024390244, 0.36585365853658536, 0.2682926829268293, 0.1728395061728395, 0.18518518518518517, 0.1111111111111111, 0.08641975308641975, 0.09876543209876543, 0.04938271604938271, 0.012345679012345678, 0.04938271604938271, 0.0, 0.037037037037037035, 0.008620689655172414, 0.02586206896551724, 0.008620689655172414, 0.008620689655172414, 0.017241379310344827, 0.008620689655172414, 0.008620689655172414]"
1567.0,7.133442233835501,1.3143235797653365,0.010389500182125817,"[4.55, 4.65, 4.75, 4.85, 4.95, 5.05, 5.15, 5.25, 5.35, 5.45, 5.55, 5.65, 5.75, 5.85, 5.95, 6.05, 6.15, 6.25, 6.35, 6.45, 6.55, 6.65, 6.75, 6.85, 6.95]","[4.195121951219512, 3.707317073170732, 2.5609756097560976, 1.8780487804878048, 0.9512195121951219, 0.7073170731707317, 0.5121951219512195, 0.43902439024390244, 0.36585365853658536, 0.2682926829268293, 0.1728395061728395, 0.18518518518518517, 0.1111111111111111, 0.08641975308641975, 0.09876543209876543, 0.0594059405940594, 0.019801980198019802, 0.04950495049504951, 0.0, 0.039603960396039604, 0.009900990099009901, 0.019801980198019802, 0.0, 0.009900990099009901, 0.009900990099009901]"
1568.0,7.074917344500323,1.3012386433877237,0.010485667937937083,"[4.55, 4.65, 4.75, 4.85, 4.95, 5.05, 5.15, 5.25, 5.35, 5.45, 5.55, 5.65, 5.75, 5.85, 5.95, 6.05, 6.15, 6.25, 6.35, 6.45, 6.55, 6.65, 6.75, 6.85, 6.95, 7.05, 7.15]","[4.195121951219512, 3.707317073170732, 2.5609756097560976, 1.8780487804878048, 0.9512195121951219, 0.7073170731707317, 0.5121951219512195, 0.43902439024390244, 0.36585365853658536, 0.2682926829268293, 0.1728395061728395, 0.18518518518518517, 0.1111111111111111, 0.08641975308641975, 0.09876543209876543, 0.0594059405940594, 0.019801980198019802, 0.04950495049504951, 0.0, 0.039603960396039604, 0.009900990099009901, 0.019801980198019802, 0.0, 0.009900990099009901, 0.009900990099009901, 0.008620689655172414, 0.008620689655172414]"
1569.0,6.996444283097707,1.2836780628934341,0.013728783750767587,"[4.55, 4.65, 4.75, 4.85, 4.95, 5.05, 5.15, 5.25, 5.35, 5.45, 5.55, 5.65, 5.75, 5.85, 5.95, 6.05, 6.15, 6.25, 6.35, 6.45, 6.55, 6.65, 6.75, 6.85, 6.95, 7.05, 7.15]","[4.195121951219512, 3.707317073170732, 2.5609756097560976, 1.8780487804878048, 0.9512195121951219, 0.7073170731707317, 0.5121951219512195, 0.43902439024390244, 0.36585365853658536, 0.2682926829268293, 0.1728395061728395, 0.18518518518518517, 0.1111111111111111, 0.08641975308641975, 0.09876543209876543, 0.0594059405940594, 0.019801980198019802, 0.04950495049504951, 0.0, 0.039603960396039604, 0.008620689655172414, 0.02586206896551724, 0.008620689655172414, 0.008620689655172414, 0.017241379310344827, 0.008620689655172414, 0.008620689655172414]"
1570.0,6.923096542871792,1.2671101164117589,0.03200406411191049,"[4.55, 4.65, 4.75, 4.85, 4.95, 5.05, 5.15, 5.25, 5.35, 5.45, 5.55, 5.65, 5.75, 5.85, 5.95, 6.05, 6.15, 6.25, 6.35, 6.45, 6.55, 6.65, 6.75, 6.85, 6.95, 7.05, 7.15]","[4.195121951219512, 3.707317073170732, 2.5609756097560976, 1.8780487804878048, 0.9512195121951219, 0.7073170731707317, 0.5121951219512195, 0.43902439024390244, 0.36585365853658536, 0.2682926829268293, 0.1728395061728395, 0.18518518518518517, 0.1111111111111111, 0.08641975308641975, 0.09876543209876543, 0.06896551724137931, 0.02586206896551724, 0.05172413793103448, 0.017241379310344827, 0.034482758620689655, 0.008620689655172414, 0.02586206896551724, 0.008620689655172414, 0.008620689655172414, 0.017241379310344827, 0.008620689655172414, 0.008620689655172414]"
1571.0,7.037002489558032,1.292359561573909,0.02341199430735127,"[4.55, 4.65, 4.75, 4.85, 4.95, 5.05, 5.15, 5.25, 5.35, 5.45, 5.55, 5.65, 5.75, 5.85, 5.95, 6.05, 6.15, 6.25, 6.35, 6.45, 6.55, 6.65, 6.75, 6.85, 6.95]","[4.195121951219512, 3.707317073170732, 2.5609756097560976, 1.8780487804878048, 0.9512195121951219, 0.7073170731707317, 0.5121951219512195, 0.43902439024390244, 0.36585365853658536, 0.2682926829268293, 0.1782178217821782, 0.19801980198019803, 0.09900990099009901, 0.12871287128712872, 0.10891089108910891, 0.0594059405940594, 0.019801980198019802, 0.04950495049504951, 0.0, 0.039603960396039604, 0.009900990099009901, 0.019801980198019802, 0.0, 0.009900990099009901, 0.009900990099009901]"
1572.0,6.987075833538972,1.281215196688137,0.02202294467448469,"[4.55, 4.65, 4.75, 4.85, 4.95, 5.05, 5.15, 5.25, 5.35, 5.45, 5.55, 5.65, 5.75, 5.85, 5.95, 6.05, 6.15, 6.25, 6.35, 6.45, 6.55, 6.65, 6.75, 6.85, 6.95, 7.05, 7.15]","[4.195121951219512, 3.707317073170732, 2.5609756097560976, 1.8780487804878048, 0.9512195121951219, 0.7073170731707317, 0.5121951219512195, 0.43902439024390244, 0.36585365853658536, 0.2682926829268293, 0.1782178217821782, 0.19801980198019803, 0.09900990099009901, 0.12871287128712872, 0.10891089108910891, 0.0594059405940594, 0.019801980198019802, 0.04950495049504951, 0.0, 0.039603960396039604, 0.009900990099009901, 0.019801980198019802, 0.0, 0.009900990099009901, 0.009900990099009901, 0.008620689655172414, 0.008620689655172414]"
1573.0,6.9184777379367235,1.2658946640662407,0.025529509949694194,"[4.55, 4.65, 4.75, 4.85, 4.95, 5.05, 5.15, 5.25, 5.35, 5.45, 5.55, 5.65, 5.75, 5.85, 5.95, 6.05, 6.15, 6.25, 6.35, 6.45, 6.55, 6.65, 6.75, 6.85, 6.95, 7.05, 7.15]","[4.195121951219512, 3.707317073170732, 2.5609756097560976, 1.8780487804878048, 0.9512195121951219, 0.7073170731707317, 0.5121951219512195, 0.43902439024390244, 0.36585365853658536, 0.2682926829268293, 0.1782178217821782, 0.19801980198019803, 0.09900990099009901, 0.12871287128712872, 0.10891089108910891, 0.0594059405940594, 0.019801980198019802, 0.04950495049504951, 0.0, 0.039603960396039604, 0.008620689655172414, 0.02586206896551724, 0.008620689655172414, 0.008620689655172414, 0.017241379310344827, 0.008620689655172414, 0.008620689655172414]"
1574.0,6.855616285281252,1.251709876874548,0.029401132574156125,"[4.55, 4.65, 4.75, 4.85, 4.95, 5.05, 5.15, 5.25, 5.35, 5.45, 5.55, 5.65, 5.75, 5.85, 5.95, 6.05, 6.15, 6.25, 6.35, 6.45, 6.55, 6.65, 6.75, 6.85, 6.95, 7.05, 7.15]","[4.195121951219512, 3.707317073170732, 2.5609756097560976, 1.8780487804878048, 0.9512195121951219, 0.7073170731707317, 0.5121951219512195, 0.43902439024390244, 0.36585365853658536, 0.2682926829268293, 0.1782178217821782, 0.19801980198019803, 0.09900990099009901, 0.12871287128712872, 0.10891089108910891, 0.06896551724137931, 0.02586206896551724, 0.05172413793103448, 0.017241379310344827, 0.034482758620689655, 0.008620689655172414, 0.02586206896551724, 0.008620689655172414, 0.008620689655172414, 0.017241379310344827, 0.008620689655172414, 0.008620689655172414]"
1575.0,6.76993086977334,1.232022961304989,0.0816513318920959,"[4.55, 4.65, 4.75, 4.85, 4.95, 5.05, 5.15, 5.25, 5.35, 5.45, 5.55, 5.65, 5.75, 5.85, 5.95, 6.05, 6.15, 6.25, 6.35, 6.45, 6.55, 6.65, 6.75, 6.85, 6.95, 7.05, 7.15]","[4.195121951219512, 3.707317073170732, 2.5609756097560976, 1.8780487804878048, 0.9512195121951219, 0.7073170731707317, 0.5121951219512195, 0.43902439024390244, 0.36585365853658536, 0.2682926829268293, 0.19827586206896552, 0.20689655172413793, 0.1206896551724138, 0.12931034482758622, 0.12931034482758622, 0.06896551724137931, 0.02586206896551724, 0.05172413793103448, 0.017241379310344827, 0.034482758620689655, 0.008620689655172414, 0.02586206896551724, 0.008620689655172414, 0.008620689655172414, 0.017241379310344827, 0.008620689655172414, 0.008620689655172414]"
1576.0,7.1955164517953785,1.3289476575220003,0.03593592218844395,"[4.55, 4.65, 4.75, 4.85, 4.95, 5.05, 5.15, 5.25, 5.35, 5.45, 5.55, 5.65, 5.75, 5.85, 5.95, 6.05, 6.15, 6.25, 6.35, 6.45, 6.55, 6.65, 6.75, 6.85, 6.95]","[4.195121951219512, 3.707317073170732, 2.5609756097560976, 1.8780487804878048, 0.9512195121951219, 0.8032786885245902, 0.45901639344262296, 0.4426229508196721, 0.4262295081967213, 0.21311475409836064, 0.16393442622950818, 0.18032786885245902, 0.13114754098360656, 0.08196721311475409, 0.13114754098360656, 0.06557377049180328, 0.01639344262295082, 0.04918032786885246, 0.0, 0.04918032786885246, 0.0, 0.01639344262295082, 0.0, 0.01639344262295082, 0.01639344262295082]"
1577.0,7.1955164517953785,1.3289476575220003,0.01746632135239994,"[4.55, 4.65, 4.75, 4.85, 4.95, 5.05, 5.15, 5.25, 5.35, 5.45, 5.55, 5.65, 5.75, 5.85, 5.95, 6.05, 6.15, 6.25, 6.35, 6.45, 6.55, 6.65, 6.75, 6.85, 6.95]","[4.195121951219512, 3.707317073170732, 2.5609756097560976, 1.8780487804878048, 0.9512195121951219, 0.8032786885245902, 0.45901639344262296, 0.4426229508196721, 0.4262295081967213, 0.21311475409836064, 0.16393442622950818, 0.18032786885245902, 0.13114754098360656, 0.08196721311475409, 0.13114754098360656, 0.06557377049180328, 0.01639344262295082, 0.04918032786885246, 0.0, 0.04918032786885246, 0.0, 0.01639344262295082, 0.0, 0.01639344262295082, 0.01639344262295082]"
1578.0,7.1955164517953785,1.3289476575220003,0.01746632135239994,"[4.55, 4.65, 4.75, 4.85, 4.95, 5.05, 5.15, 5.25, 5.35, 5.45, 5.55, 5.65, 5.75, 5.85, 5.95, 6.05, 6.15, 6.25, 6.35, 6.45, 6.55, 6.65, 6.75, 6.85, 6.95]","[4.195121951219512, 3.707317073170732, 2.5609756097560976, 1.8780487804878048, 0.9512195121951219, 0.8032786885245902, 0.45901639344262296, 0.4426229508196721, 0.4262295081967213, 0.21311475409836064, 0.16393442622950818, 0.18032786885245902, 0.13114754098360656, 0.08196721311475409, 0.13114754098360656, 0.06557377049180328, 0.01639344262295082, 0.04918032786885246, 0.0, 0.04918032786885246, 0.0, 0.01639344262295082, 0.0, 0.01639344262295082, 0.01639344262295082]"
1579.0,7.12345755508263,1.3128815471126805,0.03669123714054116,"[4.55, 4.65, 4.75, 4.85, 4.95, 5.05, 5.15, 5.25, 5.35, 5.45, 5.55, 5.65, 5.75, 5.85, 5.95, 6.05, 6.15, 6.25, 6.35, 6.45, 6.55, 6.65, 6.75, 6.85, 6.95, 7.05, 7.15]","[4.195121951219512, 3.707317073170732, 2.5609756097560976, 1.8780487804878048, 0.9512195121951219, 0.8032786885245902, 0.45901639344262296, 0.4426229508196721, 0.4262295081967213, 0.21311475409836064, 0.16393442622950818, 0.18032786885245902, 0.13114754098360656, 0.08196721311475409, 0.13114754098360656, 0.06557377049180328, 0.01639344262295082, 0.04918032786885246, 0.0, 0.04918032786885246, 0.0, 0.01639344262295082, 0.0, 0.01639344262295082, 0.01639344262295082, 0.008620689655172414, 0.008620689655172414]"
1580.0,7.2168587671062205,1.3337122084707318,0.014584022578764623,"[4.55, 4.65, 4.75, 4.85, 4.95, 5.05, 5.15, 5.25, 5.35, 5.45, 5.55, 5.65, 5.75, 5.85, 5.95, 6.05, 6.15, 6.25, 6.35, 6.45, 6.55, 6.65, 6.75, 6.85, 6.95]","[4.195121951219512, 3.707317073170732, 2.5609756097560976, 1.8780487804878048, 0.9512195121951219, 0.8032786885245902, 0.45901639344262296, 0.4426229508196721, 0.4262295081967213, 0.21311475409836064, 0.16393442622950818, 0.18032786885245902, 0.13114754098360656, 0.08196721311475409, 0.13114754098360656, 0.06557377049180328, 0.01639344262295082, 0.04918032786885246, 0.0, 0.04918032786885246, 0.0, 0.012345679012345678, 0.0, 0.012345679012345678, 0.012345679012345678]"
1581.0,7.2168587671062205,1.3337122084707318,0.009543398287993754,"[4.55, 4.65, 4.75, 4.85, 4.95, 5.05, 5.15, 5.25, 5.35, 5.45, 5.55, 5.65, 5.75, 5.85, 5.95, 6.05, 6.15, 6.25, 6.35, 6.45, 6.55, 6.65, 6.75, 6.85, 6.95]","[4.195121951219512, 3.707317073170732, 2.5609756097560976, 1.8780487804878048, 0.9512195121951219, 0.8032786885245902, 0.45901639344262296, 0.4426229508196721, 0.4262295081967213, 0.21311475409836064, 0.16393442622950818, 0.18032786885245902, 0.13114754098360656, 0.08196721311475409, 0.13114754098360656, 0.06557377049180328, 0.01639344262295082, 0.04918032786885246, 0.0, 0.04918032786885246, 0.0, 0.012345679012345678, 0.0, 0.012345679012345678, 0.012345679012345678]"
1582.0,7.145226301740786,1.3177431143541192,0.01770958893831942,"[4.55, 4.65, 4.75, 4.85, 4.95, 5.05, 5.15, 5.25, 5.35, 5.45, 5.55, 5.65, 5.75, 5.85, 5.95, 6.05, 6.15, 6.25, 6.35, 6.45, 6.55, 6.65, 6.75, 6.85, 6.95, 7.05, 7.15]","[4.195121951219512, 3.707317073170732, 2.5609756097560976, 1.8780487804878048, 0.9512195121951219, 0.8032786885245902, 0.45901639344262296, 0.4426229508196721, 0.4262295081967213, 0.21311475409836064, 0.16393442622950818, 0.18032786885245902, 0.13114754098360656, 0.08196721311475409, 0.13114754098360656, 0.06557377049180328, 0.01639344262295082, 0.04918032786885246, 0.0, 0.04918032786885246, 0.0, 0.012345679012345678, 0.0, 0.012345679012345678, 0.012345679012345678, 0.008620689655172414, 0.008620689655172414]"
1583.0,7.167460324876649,1.3226706933304353,0.016178736307829397,"[4.55, 4.65, 4.75, 4.85, 4.95, 5.05, 5.15, 5.25, 5.35, 5.45, 5.55, 5.65, 5.75, 5.85, 5.95, 6.05, 6.15, 6.25, 6.35, 6.45, 6.55, 6.65, 6.75, 6.85, 6.95]","[4.195121951219512, 3.707317073170732, 2.5609756097560976, 1.8780487804878048, 0.9512195121951219, 0.8032786885245902, 0.45901639344262296, 0.4426229508196721, 0.4262295081967213, 0.21311475409836064, 0.16393442622950818, 0.18032786885245902, 0.13114754098360656, 0.08196721311475409, 0.13114754098360656, 0.06557377049180328, 0.01639344262295082, 0.04918032786885246, 0.0, 0.04918032786885246, 0.009900990099009901, 0.019801980198019802, 0.0, 0.009900990099009901, 0.009900990099009901]"
1584.0,7.0996198703918605,1.3075443826396915,0.018641652516546623,"[4.55, 4.65, 4.75, 4.85, 4.95, 5.05, 5.15, 5.25, 5.35, 5.45, 5.55, 5.65, 5.75, 5.85, 5.95, 6.05, 6.15, 6.25, 6.35, 6.45, 6.55, 6.65, 6.75, 6.85, 6.95, 7.05, 7.15]","[4.195121951219512, 3.707317073170732, 2.5609756097560976, 1.8780487804878048, 0.9512195121951219, 0.8032786885245902, 0.45901639344262296, 0.4426229508196721, 0.4262295081967213, 0.21311475409836064, 0.16393442622950818, 0.18032786885245902, 0.13114754098360656, 0.08196721311475409, 0.13114754098360656, 0.06557377049180328, 0.01639344262295082, 0.04918032786885246, 0.0, 0.04918032786885246, 0.009900990099009901, 0.019801980198019802, 0.0, 0.009900990099009901, 0.009900990099009901, 0.008620689655172414, 0.008620689655172414]"
1585.0,7.009519888756604,1.2874374801087753,0.043235745911383405,"[4.55, 4.65, 4.75, 4.85, 4.95, 5.05, 5.15, 5.25, 5.35, 5.45, 5.55, 5.65, 5.75, 5.85, 5.95, 6.05, 6.15, 6.25, 6.35, 6.45, 6.55, 6.65, 6.75, 6.85, 6.95, 7.05, 7.15]","[4.195121951219512, 3.707317073170732, 2.5609756097560976, 1.8780487804878048, 0.9512195121951219, 0.8032786885245902, 0.45901639344262296, 0.4426229508196721, 0.4262295081967213, 0.21311475409836064, 0.16393442622950818, 0.18032786885245902, 0.13114754098360656, 0.08196721311475409, 0.13114754098360656, 0.06557377049180328, 0.01639344262295082, 0.04918032786885246, 0.0, 0.04918032786885246, 0.008620689655172414, 0.02586206896551724, 0.008620689655172414, 0.008620689655172414, 0.017241379310344827, 0.008620689655172414, 0.008620689655172414]"
1586.0,7.2568077936173285,1.342688145547724,0.013775986721399415,"[4.55, 4.65, 4.75, 4.85, 4.95, 5.05, 5.15, 5.25, 5.35, 5.45, 5.55, 5.65, 5.75, 5.85, 5.95, 6.05, 6.15, 6.25, 6.35, 6.45, 6.55, 6.65, 6.75, 6.85, 6.95]","[4.195121951219512, 3.707317073170732, 2.5609756097560976, 1.8780487804878048, 0.9512195121951219, 0.8032786885245902, 0.45901639344262296, 0.4426229508196721, 0.4262295081967213, 0.21311475409836064, 0.16393442622950818, 0.18032786885245902, 0.13114754098360656, 0.08196721311475409, 0.13114754098360656, 0.04938271604938271, 0.012345679012345678, 0.04938271604938271, 0.0, 0.037037037037037035, 0.0, 0.012345679012345678, 0.0, 0.012345679012345678, 0.012345679012345678]"
1587.0,7.2568077936173285,1.342688145547724,0.008599879056323435,"[4.55, 4.65, 4.75, 4.85, 4.95, 5.05, 5.15, 5.25, 5.35, 5.45, 5.55, 5.65, 5.75, 5.85, 5.95, 6.05, 6.15, 6.25, 6.35, 6.45, 6.55, 6.65, 6.75, 6.85, 6.95]","[4.195121951219512, 3.707317073170732, 2.5609756097560976, 1.8780487804878048, 0.9512195121951219, 0.8032786885245902, 0.45901639344262296, 0.4426229508196721, 0.4262295081967213, 0.21311475409836064, 0.16393442622950818, 0.18032786885245902, 0.13114754098360656, 0.08196721311475409, 0.13114754098360656, 0.04938271604938271, 0.012345679012345678, 0.04938271604938271, 0.0, 0.037037037037037035, 0.0, 0.012345679012345678, 0.0, 0.012345679012345678, 0.012345679012345678]"
1588.0,7.186553702515806,1.3270345323983916,0.015729602347876123,"[4.55, 4.65, 4.75, 4.85, 4.95, 5.05, 5.15, 5.25, 5.35, 5.45, 5.55, 5.65, 5.75, 5.85, 5.95, 6.05, 6.15, 6.25, 6.35, 6.45, 6.55, 6.65, 6.75, 6.85, 6.95, 7.05, 7.15]","[4.195121951219512, 3.707317073170732, 2.5609756097560976, 1.8780487804878048, 0.9512195121951219, 0.8032786885245902, 0.45901639344262296, 0.4426229508196721, 0.4262295081967213, 0.21311475409836064, 0.16393442622950818, 0.18032786885245902, 0.13114754098360656, 0.08196721311475409, 0.13114754098360656, 0.04938271604938271, 0.012345679012345678, 0.04938271604938271, 0.0, 0.037037037037037035, 0.0, 0.012345679012345678, 0.0, 0.012345679012345678, 0.012345679012345678, 0.008620689655172414, 0.008620689655172414]"
1589.0,7.208190700057365,1.3318252744370735,0.008784206464281363,"[4.55, 4.65, 4.75, 4.85, 4.95, 5.05, 5.15, 5.25, 5.35, 5.45, 5.55, 5.65, 5.75, 5.85, 5.95, 6.05, 6.15, 6.25, 6.35, 6.45, 6.55, 6.65, 6.75, 6.85, 6.95]","[4.195121951219512, 3.707317073170732, 2.5609756097560976, 1.8780487804878048, 0.9512195121951219, 0.8032786885245902, 0.45901639344262296, 0.4426229508196721, 0.4262295081967213, 0.21311475409836064, 0.16393442622950818, 0.18032786885245902, 0.13114754098360656, 0.08196721311475409, 0.13114754098360656, 0.04938271604938271, 0.012345679012345678, 0.04938271604938271, 0.0, 0.037037037037037035, 0.009900990099009901, 0.019801980198019802, 0.0, 0.009900990099009901, 0.009900990099009901]"
1590.0,7.141498168923699,1.3169630453452181,0.010084133894105566,"[4.55, 4.65, 4.75, 4.85, 4.95, 5.05, 5.15, 5.25, 5.35, 5.45, 5.55, 5.65, 5.75, 5.85, 5.95, 6.05, 6.15, 6.25, 6.35, 6.45, 6.55, 6.65, 6.75, 6.85, 6.95, 7.05, 7.15]","[4.195121951219512, 3.707317073170732, 2.5609756097560976, 1.8780487804878048, 0.9512195121951219, 0.8032786885245902, 0.45901639344262296, 0.4426229508196721, 0.4262295081967213, 0.21311475409836064, 0.16393442622950818, 0.18032786885245902, 0.13114754098360656, 0.08196721311475409, 0.13114754098360656, 0.04938271604938271, 0.012345679012345678, 0.04938271604938271, 0.0, 0.037037037037037035, 0.009900990099009901, 0.019801980198019802, 0.0, 0.009900990099009901, 0.009900990099009901, 0.008620689655172414, 0.008620689655172414]"
1591.0,7.053365114742536,1.297304158480625,0.02076538328433204,"[4.55, 4.65, 4.75, 4.85, 4.95, 5.05, 5.15, 5.25, 5.35, 5.45, 5.55, 5.65, 5.75, 5.85, 5.95, 6.05, 6.15, 6.25, 6.35, 6.45, 6.55, 6.65, 6.75, 6.85, 6.95, 7.05, 7.15]","[4.195121951219512, 3.707317073170732, 2.5609756097560976, 1.8780487804878048, 0.9512195121951219, 0.8032786885245902, 0.45901639344262296, 0.4426229508196721, 0.4262295081967213, 0.21311475409836064, 0.16393442622950818, 0.18032786885245902, 0.13114754098360656, 0.08196721311475409, 0.13114754098360656, 0.04938271604938271, 0.012345679012345678, 0.04938271604938271, 0.0, 0.037037037037037035, 0.008620689655172414, 0.02586206896551724, 0.008620689655172414, 0.008620689655172414, 0.017241379310344827, 0.008620689655172414, 0.008620689655172414]"
1592.0,7.150679402019377,1.318905963313639,0.015894945039024052,"[4.55, 4.65, 4.75, 4.85, 4.95, 5.05, 5.15, 5.25, 5.35, 5.45, 5.55, 5.65, 5.75, 5.85, 5.95, 6.05, 6.15, 6.25, 6.35, 6.45, 6.55, 6.65, 6.75, 6.85, 6.95]","[4.195121951219512, 3.707317073170732, 2.5609756097560976, 1.8780487804878048, 0.9512195121951219, 0.8032786885245902, 0.45901639344262296, 0.4426229508196721, 0.4262295081967213, 0.21311475409836064, 0.16393442622950818, 0.18032786885245902, 0.13114754098360656, 0.08196721311475409, 0.13114754098360656, 0.0594059405940594, 0.019801980198019802, 0.04950495049504951, 0.0, 0.039603960396039604, 0.009900990099009901, 0.019801980198019802, 0.0, 0.009900990099009901, 0.009900990099009901]"
1593.0,7.08956669458945,1.3052891795100543,0.017172653216710024,"[4.55, 4.65, 4.75, 4.85, 4.95, 5.05, 5.15, 5.25, 5.35, 5.45, 5.55, 5.65, 5.75, 5.85, 5.95, 6.05, 6.15, 6.25, 6.35, 6.45, 6.55, 6.65, 6.75, 6.85, 6.95, 7.05, 7.15]","[4.195121951219512, 3.707317073170732, 2.5609756097560976, 1.8780487804878048, 0.9512195121951219, 0.8032786885245902, 0.45901639344262296, 0.4426229508196721, 0.4262295081967213, 0.21311475409836064, 0.16393442622950818, 0.18032786885245902, 0.13114754098360656, 0.08196721311475409, 0.13114754098360656, 0.0594059405940594, 0.019801980198019802, 0.04950495049504951, 0.0, 0.039603960396039604, 0.009900990099009901, 0.019801980198019802, 0.0, 0.009900990099009901, 0.009900990099009901, 0.008620689655172414, 0.008620689655172414]"
1594.0,7.007923151919605,1.2870826049667665,0.021440282597505186,"[4.55, 4.65, 4.75, 4.85, 4.95, 5.05, 5.15, 5.25, 5.35, 5.45, 5.55, 5.65, 5.75, 5.85, 5.95, 6.05, 6.15, 6.25, 6.35, 6.45, 6.55, 6.65, 6.75, 6.85, 6.95, 7.05, 7.15]","[4.195121951219512, 3.707317073170732, 2.5609756097560976, 1.8780487804878048, 0.9512195121951219, 0.8032786885245902, 0.45901639344262296, 0.4426229508196721, 0.4262295081967213, 0.21311475409836064, 0.16393442622950818, 0.18032786885245902, 0.13114754098360656, 0.08196721311475409, 0.13114754098360656, 0.0594059405940594, 0.019801980198019802, 0.04950495049504951, 0.0, 0.039603960396039604, 0.008620689655172414, 0.02586206896551724, 0.008620689655172414, 0.008620689655172414, 0.017241379310344827, 0.008620689655172414, 0.008620689655172414]"
1595.0,6.931049665214082,1.269790772951962,0.046188034454349707,"[4.55, 4.65, 4.75, 4.85, 4.95, 5.05, 5.15, 5.25, 5.35, 5.45, 5.55, 5.65, 5.75, 5.85, 5.95, 6.05, 6.15, 6.25, 6.35, 6.45, 6.55, 6.65, 6.75, 6.85, 6.95, 7.05, 7.15]","[4.195121951219512, 3.707317073170732, 2.5609756097560976, 1.8780487804878048, 0.9512195121951219, 0.8032786885245902, 0.45901639344262296, 0.4426229508196721, 0.4262295081967213, 0.21311475409836064, 0.16393442622950818, 0.18032786885245902, 0.13114754098360656, 0.08196721311475409, 0.13114754098360656, 0.06896551724137931, 0.02586206896551724, 0.05172413793103448, 0.017241379310344827, 0.034482758620689655, 0.008620689655172414, 0.02586206896551724, 0.008620689655172414, 0.008620689655172414, 0.017241379310344827, 0.008620689655172414, 0.008620689655172414]"
1596.0,7.2741067316620605,1.3465690016942566,0.015478577535790638,"[4.55, 4.65, 4.75, 4.85, 4.95, 5.05, 5.15, 5.25, 5.35, 5.45, 5.55, 5.65, 5.75, 5.85, 5.95, 6.05, 6.15, 6.25, 6.35, 6.45, 6.55, 6.65, 6.75, 6.85, 6.95]","[4.195121951219512, 3.707317073170732, 2.5609756097560976, 1.8780487804878048, 0.9512195121951219, 0.8032786885245902, 0.45901639344262296, 0.4426229508196721, 0.4262295081967213, 0.21311475409836064, 0.1728395061728395, 0.18518518518518517, 0.1111111111111111, 0.08641975308641975, 0.09876543209876543, 0.04938271604938271, 0.012345679012345678, 0.04938271604938271, 0.0, 0.037037037037037035, 0.0, 0.012345679012345678, 0.0, 0.012345679012345678, 0.012345679012345678]"
1597.0,7.2741067316620605,1.3465690016942566,0.009102542273685506,"[4.55, 4.65, 4.75, 4.85, 4.95, 5.05, 5.15, 5.25, 5.35, 5.45, 5.55, 5.65, 5.75, 5.85, 5.95, 6.05, 6.15, 6.25, 6.35, 6.45, 6.55, 6.65, 6.75, 6.85, 6.95]","[4.195121951219512, 3.707317073170732, 2.5609756097560976, 1.8780487804878048, 0.9512195121951219, 0.8032786885245902, 0.45901639344262296, 0.4426229508196721, 0.4262295081967213, 0.21311475409836064, 0.1728395061728395, 0.18518518518518517, 0.1111111111111111, 0.08641975308641975, 0.09876543209876543, 0.04938271604938271, 0.012345679012345678, 0.04938271604938271, 0.0, 0.037037037037037035, 0.0, 0.012345679012345678, 0.0, 0.012345679012345678, 0.012345679012345678]"
1598.0,7.208436164249478,1.3319639044675224,0.015762273830871396,"[4.55, 4.65, 4.75, 4.85, 4.95, 5.05, 5.15, 5.25, 5.35, 5.45, 5.55, 5.65, 5.75, 5.85, 5.95, 6.05, 6.15, 6.25, 6.35, 6.45, 6.55, 6.65, 6.75, 6.85, 6.95, 7.05, 7.15]","[4.195121951219512, 3.707317073170732, 2.5609756097560976, 1.8780487804878048, 0.9512195121951219, 0.8032786885245902, 0.45901639344262296, 0.4426229508196721, 0.4262295081967213, 0.21311475409836064, 0.1728395061728395, 0.18518518518518517, 0.1111111111111111, 0.08641975308641975, 0.09876543209876543, 0.04938271604938271, 0.012345679012345678, 0.04938271604938271, 0.0, 0.037037037037037035, 0.0, 0.012345679012345678, 0.0, 0.012345679012345678, 0.012345679012345678, 0.008620689655172414, 0.008620689655172414]"
1599.0,7.228689593332682,1.336437717689132,0.00843964509512985,"[4.55, 4.65, 4.75, 4.85, 4.95, 5.05, 5.15, 5.25, 5.35, 5.45, 5.55, 5.65, 5.75, 5.85, 5.95, 6.05, 6.15, 6.25, 6.35, 6.45, 6.55, 6.65, 6.75, 6.85, 6.95]","[4.195121951219512, 3.707317073170732, 2.5609756097560976, 1.8780487804878048, 0.9512195121951219, 0.8032786885245902, 0.45901639344262296, 0.4426229508196721, 0.4262295081967213, 0.21311475409836064, 0.1728395061728395, 0.18518518518518517, 0.1111111111111111, 0.08641975308641975, 0.09876543209876543, 0.04938271604938271, 0.012345679012345678, 0.04938271604938271, 0.0, 0.037037037037037035, 0.009900990099009901, 0.019801980198019802, 0.0, 0.009900990099009901, 0.009900990099009901]"
1600.0,7.166053852623695,1.3225060924395453,0.009322180285680055,"[4.55, 4.65, 4.75, 4.85, 4.95, 5.05, 5.15, 5.25, 5.35, 5.45, 5.55, 5.65, 5.75, 5.85, 5.95, 6.05, 6.15, 6.25, 6.35, 6.45, 6.55, 6.65, 6.75, 6.85, 6.95, 7.05, 7.15]","[4.195121951219512, 3.707317073170732, 2.5609756097560976, 1.8780487804878048, 0.9512195121951219, 0.8032786885245902, 0.45901639344262296, 0.4426229508196721, 0.4262295081967213, 0.21311475409836064, 0.1728395061728395, 0.18518518518518517, 0.1111111111111111, 0.08641975308641975, 0.09876543209876543, 0.04938271604938271, 0.012345679012345678, 0.04938271604938271, 0.0, 0.037037037037037035, 0.009900990099009901, 0.019801980198019802, 0.0, 0.009900990099009901, 0.009900990099009901, 0.008620689655172414, 0.008620689655172414]"
1601.0,7.083198010692199,1.3040591516856632,0.018620977078110123,"[4.55, 4.65, 4.75, 4.85, 4.95, 5.05, 5.15, 5.25, 5.35, 5.45, 5.55, 5.65, 5.75, 5.85, 5.95, 6.05, 6.15, 6.25, 6.35, 6.45, 6.55, 6.65, 6.75, 6.85, 6.95, 7.05, 7.15]","[4.195121951219512, 3.707317073170732, 2.5609756097560976, 1.8780487804878048, 0.9512195121951219, 0.8032786885245902, 0.45901639344262296, 0.4426229508196721, 0.4262295081967213, 0.21311475409836064, 0.1728395061728395, 0.18518518518518517, 0.1111111111111111, 0.08641975308641975, 0.09876543209876543, 0.04938271604938271, 0.012345679012345678, 0.04938271604938271, 0.0, 0.037037037037037035, 0.008620689655172414, 0.02586206896551724, 0.008620689655172414, 0.008620689655172414, 0.017241379310344827, 0.008620689655172414, 0.008620689655172414]"
1602.0,7.174256564892427,1.324225965660725,0.00886725756140955,"[4.55, 4.65, 4.75, 4.85, 4.95, 5.05, 5.15, 5.25, 5.35, 5.45, 5.55, 5.65, 5.75, 5.85, 5.95, 6.05, 6.15, 6.25, 6.35, 6.45, 6.55, 6.65, 6.75, 6.85, 6.95]","[4.195121951219512, 3.707317073170732, 2.5609756097560976, 1.8780487804878048, 0.9512195121951219, 0.8032786885245902, 0.45901639344262296, 0.4426229508196721, 0.4262295081967213, 0.21311475409836064, 0.1728395061728395, 0.18518518518518517, 0.1111111111111111, 0.08641975308641975, 0.09876543209876543, 0.0594059405940594, 0.019801980198019802, 0.04950495049504951, 0.0, 0.039603960396039604, 0.009900990099009901, 0.019801980198019802, 0.0, 0.009900990099009901, 0.009900990099009901]"
1603.0,7.116434715082068,1.311367439017541,0.009371620984867574,"[4.55, 4.65, 4.75, 4.85, 4.95, 5.05, 5.15, 5.25, 5.35, 5.45, 5.55, 5.65, 5.75, 5.85, 5.95, 6.05, 6.15, 6.25, 6.35, 6.45, 6.55, 6.65, 6.75, 6.85, 6.95, 7.05, 7.15]","[4.195121951219512, 3.707317073170732, 2.5609756097560976, 1.8780487804878048, 0.9512195121951219, 0.8032786885245902, 0.45901639344262296, 0.4426229508196721, 0.4262295081967213, 0.21311475409836064, 0.1728395061728395, 0.18518518518518517, 0.1111111111111111, 0.08641975308641975, 0.09876543209876543, 0.0594059405940594, 0.019801980198019802, 0.04950495049504951, 0.0, 0.039603960396039604, 0.009900990099009901, 0.019801980198019802, 0.0, 0.009900990099009901, 0.009900990099009901, 0.008620689655172414, 0.008620689655172414]"
1604.0,7.03920512781804,1.2941780908182596,0.011586786362647308,"[4.55, 4.65, 4.75, 4.85, 4.95, 5.05, 5.15, 5.25, 5.35, 5.45, 5.55, 5.65, 5.75, 5.85, 5.95, 6.05, 6.15, 6.25, 6.35, 6.45, 6.55, 6.65, 6.75, 6.85, 6.95, 7.05, 7.15]","[4.195121951219512, 3.707317073170732, 2.5609756097560976, 1.8780487804878048, 0.9512195121951219, 0.8032786885245902, 0.45901639344262296, 0.4426229508196721, 0.4262295081967213, 0.21311475409836064, 0.1728395061728395, 0.18518518518518517, 0.1111111111111111, 0.08641975308641975, 0.09876543209876543, 0.0594059405940594, 0.019801980198019802, 0.04950495049504951, 0.0, 0.039603960396039604, 0.008620689655172414, 0.02586206896551724, 0.008620689655172414, 0.008620689655172414, 0.017241379310344827, 0.008620689655172414, 0.008620689655172414]"
1605.0,6.96563130453637,1.277653887634005,0.022692319198575256,"[4.55, 4.65, 4.75, 4.85, 4.95, 5.05, 5.15, 5.25, 5.35, 5.45, 5.55, 5.65, 5.75, 5.85, 5.95, 6.05, 6.15, 6.25, 6.35, 6.45, 6.55, 6.65, 6.75, 6.85, 6.95, 7.05, 7.15]","[4.195121951219512, 3.707317073170732, 2.5609756097560976, 1.8780487804878048, 0.9512195121951219, 0.8032786885245902, 0.45901639344262296, 0.4426229508196721, 0.4262295081967213, 0.21311475409836064, 0.1728395061728395, 0.18518518518518517, 0.1111111111111111, 0.08641975308641975, 0.09876543209876543, 0.06896551724137931, 0.02586206896551724, 0.05172413793103448, 0.017241379310344827, 0.034482758620689655, 0.008620689655172414, 0.02586206896551724, 0.008620689655172414, 0.008620689655172414, 0.017241379310344827, 0.008620689655172414, 0.008620689655172414]"
1606.0,7.076769127718583,1.3021400097806726,0.01688588063329324,"[4.55, 4.65, 4.75, 4.85, 4.95, 5.05, 5.15, 5.25, 5.35, 5.45, 5.55, 5.65, 5.75, 5.85, 5.95, 6.05, 6.15, 6.25, 6.35, 6.45, 6.55, 6.65, 6.75, 6.85, 6.95]","[4.195121951219512, 3.707317073170732, 2.5609756097560976, 1.8780487804878048, 0.9512195121951219, 0.8032786885245902, 0.45901639344262296, 0.4426229508196721, 0.4262295081967213, 0.21311475409836064, 0.1782178217821782, 0.19801980198019803, 0.09900990099009901, 0.12871287128712872, 0.10891089108910891, 0.0594059405940594, 0.019801980198019802, 0.04950495049504951, 0.0, 0.039603960396039604, 0.009900990099009901, 0.019801980198019802, 0.0, 0.009900990099009901, 0.009900990099009901]"
1607.0,7.026769919958901,1.291037360060893,0.016597435323024105,"[4.55, 4.65, 4.75, 4.85, 4.95, 5.05, 5.15, 5.25, 5.35, 5.45, 5.55, 5.65, 5.75, 5.85, 5.95, 6.05, 6.15, 6.25, 6.35, 6.45, 6.55, 6.65, 6.75, 6.85, 6.95, 7.05, 7.15]","[4.195121951219512, 3.707317073170732, 2.5609756097560976, 1.8780487804878048, 0.9512195121951219, 0.8032786885245902, 0.45901639344262296, 0.4426229508196721, 0.4262295081967213, 0.21311475409836064, 0.1782178217821782, 0.19801980198019803, 0.09900990099009901, 0.12871287128712872, 0.10891089108910891, 0.0594059405940594, 0.019801980198019802, 0.04950495049504951, 0.0, 0.039603960396039604, 0.009900990099009901, 0.019801980198019802, 0.0, 0.009900990099009901, 0.009900990099009901, 0.008620689655172414, 0.008620689655172414]"
1608.0,6.958551413854652,1.2758805518505114,0.019314632005164704,"[4.55, 4.65, 4.75, 4.85, 4.95, 5.05, 5.15, 5.25, 5.35, 5.45, 5.55, 5.65, 5.75, 5.85, 5.95, 6.05, 6.15, 6.25, 6.35, 6.45, 6.55, 6.65, 6.75, 6.85, 6.95, 7.05, 7.15]","[4.195121951219512, 3.707317073170732, 2.5609756097560976, 1.8780487804878048, 0.9512195121951219, 0.8032786885245902, 0.45901639344262296, 0.4426229508196721, 0.4262295081967213, 0.21311475409836064, 0.1782178217821782, 0.19801980198019803, 0.09900990099009901, 0.12871287128712872, 0.10891089108910891, 0.0594059405940594, 0.019801980198019802, 0.04950495049504951, 0.0, 0.039603960396039604, 0.008620689655172414, 0.02586206896551724, 0.008620689655172414, 0.008620689655172414, 0.017241379310344827, 0.008620689655172414, 0.008620689655172414]"
1609.0,6.8948379973183584,1.2615840183484424,0.022117141739089696,"[4.55, 4.65, 4.75, 4.85, 4.95, 5.05, 5.15, 5.25, 5.35, 5.45, 5.55, 5.65, 5.75, 5.85, 5.95, 6.05, 6.15, 6.25, 6.35, 6.45, 6.55, 6.65, 6.75, 6.85, 6.95, 7.05, 7.15]","[4.195121951219512, 3.707317073170732, 2.5609756097560976, 1.8780487804878048, 0.9512195121951219, 0.8032786885245902, 0.45901639344262296, 0.4426229508196721, 0.4262295081967213, 0.21311475409836064, 0.1782178217821782, 0.19801980198019803, 0.09900990099009901, 0.12871287128712872, 0.10891089108910891, 0.06896551724137931, 0.02586206896551724, 0.05172413793103448, 0.017241379310344827, 0.034482758620689655, 0.008620689655172414, 0.02586206896551724, 0.008620689655172414, 0.008620689655172414, 0.017241379310344827, 0.008620689655172414, 0.008620689655172414]"
1610.0,6.807158174684742,1.2415610537948938,0.04768239355476933,"[4.55, 4.65, 4.75, 4.85, 4.95, 5.05, 5.15, 5.25, 5.35, 5.45, 5.55, 5.65, 5.75, 5.85, 5.95, 6.05, 6.15, 6.25, 6.35, 6.45, 6.55, 6.65, 6.75, 6.85, 6.95, 7.05, 7.15]","[4.195121951219512, 3.707317073170732, 2.5609756097560976, 1.8780487804878048, 0.9512195121951219, 0.8032786885245902, 0.45901639344262296, 0.4426229508196721, 0.4262295081967213, 0.21311475409836064, 0.19827586206896552, 0.20689655172413793, 0.1206896551724138, 0.12931034482758622, 0.12931034482758622, 0.06896551724137931, 0.02586206896551724, 0.05172413793103448, 0.017241379310344827, 0.034482758620689655, 0.008620689655172414, 0.02586206896551724, 0.008620689655172414, 0.008620689655172414, 0.017241379310344827, 0.008620689655172414, 0.008620689655172414]"
1611.0,7.317036745618255,1.357204868917602,0.03400031162733894,"[4.55, 4.65, 4.75, 4.85, 4.95, 5.05, 5.15, 5.25, 5.35, 5.45, 5.55, 5.65, 5.75, 5.85, 5.95, 6.05, 6.15, 6.25, 6.35, 6.45, 6.55, 6.65, 6.75, 6.85, 6.95]","[4.195121951219512, 3.707317073170732, 2.5609756097560976, 1.8780487804878048, 0.9512195121951219, 0.7654320987654321, 0.4691358024691358, 0.4691358024691358, 0.3950617283950617, 0.20987654320987653, 0.1728395061728395, 0.18518518518518517, 0.1111111111111111, 0.08641975308641975, 0.09876543209876543, 0.04938271604938271, 0.012345679012345678, 0.04938271604938271, 0.0, 0.037037037037037035, 0.0, 0.012345679012345678, 0.0, 0.012345679012345678, 0.012345679012345678]"
1612.0,7.317036745618255,1.357204868917602,0.016592195672404504,"[4.55, 4.65, 4.75, 4.85, 4.95, 5.05, 5.15, 5.25, 5.35, 5.45, 5.55, 5.65, 5.75, 5.85, 5.95, 6.05, 6.15, 6.25, 6.35, 6.45, 6.55, 6.65, 6.75, 6.85, 6.95]","[4.195121951219512, 3.707317073170732, 2.5609756097560976, 1.8780487804878048, 0.9512195121951219, 0.7654320987654321, 0.4691358024691358, 0.4691358024691358, 0.3950617283950617, 0.20987654320987653, 0.1728395061728395, 0.18518518518518517, 0.1111111111111111, 0.08641975308641975, 0.09876543209876543, 0.04938271604938271, 0.012345679012345678, 0.04938271604938271, 0.0, 0.037037037037037035, 0.0, 0.012345679012345678, 0.0, 0.012345679012345678, 0.012345679012345678]"
1613.0,7.25213387101677,1.342838140460334,0.03555714024969119,"[4.55, 4.65, 4.75, 4.85, 4.95, 5.05, 5.15, 5.25, 5.35, 5.45, 5.55, 5.65, 5.75, 5.85, 5.95, 6.05, 6.15, 6.25, 6.35, 6.45, 6.55, 6.65, 6.75, 6.85, 6.95, 7.05, 7.15]","[4.195121951219512, 3.707317073170732, 2.5609756097560976, 1.8780487804878048, 0.9512195121951219, 0.7654320987654321, 0.4691358024691358, 0.4691358024691358, 0.3950617283950617, 0.20987654320987653, 0.1728395061728395, 0.18518518518518517, 0.1111111111111111, 0.08641975308641975, 0.09876543209876543, 0.04938271604938271, 0.012345679012345678, 0.04938271604938271, 0.0, 0.037037037037037035, 0.0, 0.012345679012345678, 0.0, 0.012345679012345678, 0.012345679012345678, 0.008620689655172414, 0.008620689655172414]"
1614.0,7.272016355565799,1.3472095333824043,0.015946844984313605,"[4.55, 4.65, 4.75, 4.85, 4.95, 5.05, 5.15, 5.25, 5.35, 5.45, 5.55, 5.65, 5.75, 5.85, 5.95, 6.05, 6.15, 6.25, 6.35, 6.45, 6.55, 6.65, 6.75, 6.85, 6.95]","[4.195121951219512, 3.707317073170732, 2.5609756097560976, 1.8780487804878048, 0.9512195121951219, 0.7654320987654321, 0.4691358024691358, 0.4691358024691358, 0.3950617283950617, 0.20987654320987653, 0.1728395061728395, 0.18518518518518517, 0.1111111111111111, 0.08641975308641975, 0.09876543209876543, 0.04938271604938271, 0.012345679012345678, 0.04938271604938271, 0.0, 0.037037037037037035, 0.009900990099009901, 0.019801980198019802, 0.0, 0.009900990099009901, 0.009900990099009901]"
1615.0,7.209815347930495,1.3334397813714416,0.018537289414151895,"[4.55, 4.65, 4.75, 4.85, 4.95, 5.05, 5.15, 5.25, 5.35, 5.45, 5.55, 5.65, 5.75, 5.85, 5.95, 6.05, 6.15, 6.25, 6.35, 6.45, 6.55, 6.65, 6.75, 6.85, 6.95, 7.05, 7.15]","[4.195121951219512, 3.707317073170732, 2.5609756097560976, 1.8780487804878048, 0.9512195121951219, 0.7654320987654321, 0.4691358024691358, 0.4691358024691358, 0.3950617283950617, 0.20987654320987653, 0.1728395061728395, 0.18518518518518517, 0.1111111111111111, 0.08641975308641975, 0.09876543209876543, 0.04938271604938271, 0.012345679012345678, 0.04938271604938271, 0.0, 0.037037037037037035, 0.009900990099009901, 0.019801980198019802, 0.0, 0.009900990099009901, 0.009900990099009901, 0.008620689655172414, 0.008620689655172414]"
1616.0,7.127839985897332,1.31527504475465,0.04322866344252014,"[4.55, 4.65, 4.75, 4.85, 4.95, 5.05, 5.15, 5.25, 5.35, 5.45, 5.55, 5.65, 5.75, 5.85, 5.95, 6.05, 6.15, 6.25, 6.35, 6.45, 6.55, 6.65, 6.75, 6.85, 6.95, 7.05, 7.15]","[4.195121951219512, 3.707317073170732, 2.5609756097560976, 1.8780487804878048, 0.9512195121951219, 0.7654320987654321, 0.4691358024691358, 0.4691358024691358, 0.3950617283950617, 0.20987654320987653, 0.1728395061728395, 0.18518518518518517, 0.1111111111111111, 0.08641975308641975, 0.09876543209876543, 0.04938271604938271, 0.012345679012345678, 0.04938271604938271, 0.0, 0.037037037037037035, 0.008620689655172414, 0.02586206896551724, 0.008620689655172414, 0.008620689655172414, 0.017241379310344827, 0.008620689655172414, 0.008620689655172414]"
1617.0,7.216543535355271,1.3348246475828833,0.01637013158741181,"[4.55, 4.65, 4.75, 4.85, 4.95, 5.05, 5.15, 5.25, 5.35, 5.45, 5.55, 5.65, 5.75, 5.85, 5.95, 6.05, 6.15, 6.25, 6.35, 6.45, 6.55, 6.65, 6.75, 6.85, 6.95]","[4.195121951219512, 3.707317073170732, 2.5609756097560976, 1.8780487804878048, 0.9512195121951219, 0.7654320987654321, 0.4691358024691358, 0.4691358024691358, 0.3950617283950617, 0.20987654320987653, 0.1728395061728395, 0.18518518518518517, 0.1111111111111111, 0.08641975308641975, 0.09876543209876543, 0.0594059405940594, 0.019801980198019802, 0.04950495049504951, 0.0, 0.039603960396039604, 0.009900990099009901, 0.019801980198019802, 0.0, 0.009900990099009901, 0.009900990099009901]"
1618.0,7.15874724469578,1.3220321091185228,0.017723147152739427,"[4.55, 4.65, 4.75, 4.85, 4.95, 5.05, 5.15, 5.25, 5.35, 5.45, 5.55, 5.65, 5.75, 5.85, 5.95, 6.05, 6.15, 6.25, 6.35, 6.45, 6.55, 6.65, 6.75, 6.85, 6.95, 7.05, 7.15]","[4.195121951219512, 3.707317073170732, 2.5609756097560976, 1.8780487804878048, 0.9512195121951219, 0.7654320987654321, 0.4691358024691358, 0.4691358024691358, 0.3950617283950617, 0.20987654320987653, 0.1728395061728395, 0.18518518518518517, 0.1111111111111111, 0.08641975308641975, 0.09876543209876543, 0.0594059405940594, 0.019801980198019802, 0.04950495049504951, 0.0, 0.039603960396039604, 0.009900990099009901, 0.019801980198019802, 0.0, 0.009900990099009901, 0.009900990099009901, 0.008620689655172414, 0.008620689655172414]"
1619.0,7.081937169414785,1.3050164599583942,0.02204461285242607,"[4.55, 4.65, 4.75, 4.85, 4.95, 5.05, 5.15, 5.25, 5.35, 5.45, 5.55, 5.65, 5.75, 5.85, 5.95, 6.05, 6.15, 6.25, 6.35, 6.45, 6.55, 6.65, 6.75, 6.85, 6.95, 7.05, 7.15]","[4.195121951219512, 3.707317073170732, 2.5609756097560976, 1.8780487804878048, 0.9512195121951219, 0.7654320987654321, 0.4691358024691358, 0.4691358024691358, 0.3950617283950617, 0.20987654320987653, 0.1728395061728395, 0.18518518518518517, 0.1111111111111111, 0.08641975308641975, 0.09876543209876543, 0.0594059405940594, 0.019801980198019802, 0.04950495049504951, 0.0, 0.039603960396039604, 0.008620689655172414, 0.02586206896551724, 0.008620689655172414, 0.008620689655172414, 0.017241379310344827, 0.008620689655172414, 0.008620689655172414]"
1620.0,7.00738590593631,1.2883564524242197,0.04838147783349653,"[4.55, 4.65, 4.75, 4.85, 4.95, 5.05, 5.15, 5.25, 5.35, 5.45, 5.55, 5.65, 5.75, 5.85, 5.95, 6.05, 6.15, 6.25, 6.35, 6.45, 6.55, 6.65, 6.75, 6.85, 6.95, 7.05, 7.15]","[4.195121951219512, 3.707317073170732, 2.5609756097560976, 1.8780487804878048, 0.9512195121951219, 0.7654320987654321, 0.4691358024691358, 0.4691358024691358, 0.3950617283950617, 0.20987654320987653, 0.1728395061728395, 0.18518518518518517, 0.1111111111111111, 0.08641975308641975, 0.09876543209876543, 0.06896551724137931, 0.02586206896551724, 0.05172413793103448, 0.017241379310344827, 0.034482758620689655, 0.008620689655172414, 0.02586206896551724, 0.008620689655172414, 0.008620689655172414, 0.017241379310344827, 0.008620689655172414, 0.008620689655172414]"
1621.0,7.116491176615139,1.3122628003780559,0.01817109501677571,"[4.55, 4.65, 4.75, 4.85, 4.95, 5.05, 5.15, 5.25, 5.35, 5.45, 5.55, 5.65, 5.75, 5.85, 5.95, 6.05, 6.15, 6.25, 6.35, 6.45, 6.55, 6.65, 6.75, 6.85, 6.95]","[4.195121951219512, 3.707317073170732, 2.5609756097560976, 1.8780487804878048, 0.9512195121951219, 0.7654320987654321, 0.4691358024691358, 0.4691358024691358, 0.3950617283950617, 0.20987654320987653, 0.1782178217821782, 0.19801980198019803, 0.09900990099009901, 0.12871287128712872, 0.10891089108910891, 0.0594059405940594, 0.019801980198019802, 0.04950495049504951, 0.0, 0.039603960396039604, 0.009900990099009901, 0.019801980198019802, 0.0, 0.009900990099009901, 0.009900990099009901]"
1622.0,7.065982753983958,1.3010981895225184,0.017879318306107696,"[4.55, 4.65, 4.75, 4.85, 4.95, 5.05, 5.15, 5.25, 5.35, 5.45, 5.55, 5.65, 5.75, 5.85, 5.95, 6.05, 6.15, 6.25, 6.35, 6.45, 6.55, 6.65, 6.75, 6.85, 6.95, 7.05, 7.15]","[4.195121951219512, 3.707317073170732, 2.5609756097560976, 1.8780487804878048, 0.9512195121951219, 0.7654320987654321, 0.4691358024691358, 0.4691358024691358, 0.3950617283950617, 0.20987654320987653, 0.1782178217821782, 0.19801980198019803, 0.09900990099009901, 0.12871287128712872, 0.10891089108910891, 0.0594059405940594, 0.019801980198019802, 0.04950495049504951, 0.0, 0.039603960396039604, 0.009900990099009901, 0.019801980198019802, 0.0, 0.009900990099009901, 0.009900990099009901, 0.008620689655172414, 0.008620689655172414]"
1623.0,6.997582283772818,1.2859697217643826,0.02060657521919853,"[4.55, 4.65, 4.75, 4.85, 4.95, 5.05, 5.15, 5.25, 5.35, 5.45, 5.55, 5.65, 5.75, 5.85, 5.95, 6.05, 6.15, 6.25, 6.35, 6.45, 6.55, 6.65, 6.75, 6.85, 6.95, 7.05, 7.15]","[4.195121951219512, 3.707317073170732, 2.5609756097560976, 1.8780487804878048, 0.9512195121951219, 0.7654320987654321, 0.4691358024691358, 0.4691358024691358, 0.3950617283950617, 0.20987654320987653, 0.1782178217821782, 0.19801980198019803, 0.09900990099009901, 0.12871287128712872, 0.10891089108910891, 0.0594059405940594, 0.019801980198019802, 0.04950495049504951, 0.0, 0.039603960396039604, 0.008620689655172414, 0.02586206896551724, 0.008620689655172414, 0.008620689655172414, 0.017241379310344827, 0.008620689655172414, 0.008620689655172414]"
1624.0,6.932490691881578,1.2714357070742515,0.023709553592964915,"[4.55, 4.65, 4.75, 4.85, 4.95, 5.05, 5.15, 5.25, 5.35, 5.45, 5.55, 5.65, 5.75, 5.85, 5.95, 6.05, 6.15, 6.25, 6.35, 6.45, 6.55, 6.65, 6.75, 6.85, 6.95, 7.05, 7.15]","[4.195121951219512, 3.707317073170732, 2.5609756097560976, 1.8780487804878048, 0.9512195121951219, 0.7654320987654321, 0.4691358024691358, 0.4691358024691358, 0.3950617283950617, 0.20987654320987653, 0.1782178217821782, 0.19801980198019803, 0.09900990099009901, 0.12871287128712872, 0.10891089108910891, 0.06896551724137931, 0.02586206896551724, 0.05172413793103448, 0.017241379310344827, 0.034482758620689655, 0.008620689655172414, 0.02586206896551724, 0.008620689655172414, 0.008620689655172414, 0.017241379310344827, 0.008620689655172414, 0.008620689655172414]"
1625.0,6.8420523871762935,1.2508932457988837,0.05280141800981362,"[4.55, 4.65, 4.75, 4.85, 4.95, 5.05, 5.15, 5.25, 5.35, 5.45, 5.55, 5.65, 5.75, 5.85, 5.95, 6.05, 6.15, 6.25, 6.35, 6.45, 6.55, 6.65, 6.75, 6.85, 6.95, 7.05, 7.15]","[4.195121951219512, 3.707317073170732, 2.5609756097560976, 1.8780487804878048, 0.9512195121951219, 0.7654320987654321, 0.4691358024691358, 0.4691358024691358, 0.3950617283950617, 0.20987654320987653, 0.19827586206896552, 0.20689655172413793, 0.1206896551724138, 0.12931034482758622, 0.12931034482758622, 0.06896551724137931, 0.02586206896551724, 0.05172413793103448, 0.017241379310344827, 0.034482758620689655, 0.008620689655172414, 0.02586206896551724, 0.008620689655172414, 0.008620689655172414, 0.017241379310344827, 0.008620689655172414, 0.008620689655172414]"
1626.0,7.0885456020069,1.3050501451568908,0.03269360887375346,"[4.55, 4.65, 4.75, 4.85, 4.95, 5.05, 5.15, 5.25, 5.35, 5.45, 5.55, 5.65, 5.75, 5.85, 5.95, 6.05, 6.15, 6.25, 6.35, 6.45, 6.55, 6.65, 6.75, 6.85, 6.95]","[4.195121951219512, 3.707317073170732, 2.5609756097560976, 1.8780487804878048, 0.9512195121951219, 0.8316831683168316, 0.5346534653465347, 0.5445544554455446, 0.38613861386138615, 0.21782178217821782, 0.1782178217821782, 0.19801980198019803, 0.09900990099009901, 0.12871287128712872, 0.10891089108910891, 0.0594059405940594, 0.019801980198019802, 0.04950495049504951, 0.0, 0.039603960396039604, 0.009900990099009901, 0.019801980198019802, 0.0, 0.009900990099009901, 0.009900990099009901]"
1627.0,7.041537923317082,1.2946978714880644,0.032898009125391266,"[4.55, 4.65, 4.75, 4.85, 4.95, 5.05, 5.15, 5.25, 5.35, 5.45, 5.55, 5.65, 5.75, 5.85, 5.95, 6.05, 6.15, 6.25, 6.35, 6.45, 6.55, 6.65, 6.75, 6.85, 6.95, 7.05, 7.15]","[4.195121951219512, 3.707317073170732, 2.5609756097560976, 1.8780487804878048, 0.9512195121951219, 0.8316831683168316, 0.5346534653465347, 0.5445544554455446, 0.38613861386138615, 0.21782178217821782, 0.1782178217821782, 0.19801980198019803, 0.09900990099009901, 0.12871287128712872, 0.10891089108910891, 0.0594059405940594, 0.019801980198019802, 0.04950495049504951, 0.0, 0.039603960396039604, 0.009900990099009901, 0.019801980198019802, 0.0, 0.009900990099009901, 0.009900990099009901, 0.008620689655172414, 0.008620689655172414]"
1628.0,6.977252580702749,1.2805361384496308,0.03944041255433276,"[4.55, 4.65, 4.75, 4.85, 4.95, 5.05, 5.15, 5.25, 5.35, 5.45, 5.55, 5.65, 5.75, 5.85, 5.95, 6.05, 6.15, 6.25, 6.35, 6.45, 6.55, 6.65, 6.75, 6.85, 6.95, 7.05, 7.15]","[4.195121951219512, 3.707317073170732, 2.5609756097560976, 1.8780487804878048, 0.9512195121951219, 0.8316831683168316, 0.5346534653465347, 0.5445544554455446, 0.38613861386138615, 0.21782178217821782, 0.1782178217821782, 0.19801980198019803, 0.09900990099009901, 0.12871287128712872, 0.10891089108910891, 0.0594059405940594, 0.019801980198019802, 0.04950495049504951, 0.0, 0.039603960396039604, 0.008620689655172414, 0.02586206896551724, 0.008620689655172414, 0.008620689655172414, 0.017241379310344827, 0.008620689655172414, 0.008620689655172414]"
1629.0,6.916599397168536,1.2670484767405845,0.043540911557085143,"[4.55, 4.65, 4.75, 4.85, 4.95, 5.05, 5.15, 5.25, 5.35, 5.45, 5.55, 5.65, 5.75, 5.85, 5.95, 6.05, 6.15, 6.25, 6.35, 6.45, 6.55, 6.65, 6.75, 6.85, 6.95, 7.05, 7.15]","[4.195121951219512, 3.707317073170732, 2.5609756097560976, 1.8780487804878048, 0.9512195121951219, 0.8316831683168316, 0.5346534653465347, 0.5445544554455446, 0.38613861386138615, 0.21782178217821782, 0.1782178217821782, 0.19801980198019803, 0.09900990099009901, 0.12871287128712872, 0.10891089108910891, 0.06896551724137931, 0.02586206896551724, 0.05172413793103448, 0.017241379310344827, 0.034482758620689655, 0.008620689655172414, 0.02586206896551724, 0.008620689655172414, 0.008620689655172414, 0.017241379310344827, 0.008620689655172414, 0.008620689655172414]"
1630.0,6.832466654855651,1.2480205076365551,0.04955384849018383,"[4.55, 4.65, 4.75, 4.85, 4.95, 5.05, 5.15, 5.25, 5.35, 5.45, 5.55, 5.65, 5.75, 5.85, 5.95, 6.05, 6.15, 6.25, 6.35, 6.45, 6.55, 6.65, 6.75, 6.85, 6.95, 7.05, 7.15]","[4.195121951219512, 3.707317073170732, 2.5609756097560976, 1.8780487804878048, 0.9512195121951219, 0.8316831683168316, 0.5346534653465347, 0.5445544554455446, 0.38613861386138615, 0.21782178217821782, 0.19827586206896552, 0.20689655172413793, 0.1206896551724138, 0.12931034482758622, 0.12931034482758622, 0.06896551724137931, 0.02586206896551724, 0.05172413793103448, 0.017241379310344827, 0.034482758620689655, 0.008620689655172414, 0.02586206896551724, 0.008620689655172414, 0.008620689655172414, 0.017241379310344827, 0.008620689655172414, 0.008620689655172414]"
1631.0,6.764524208746386,1.2312914445103,0.12423059772999104,"[4.55, 4.65, 4.75, 4.85, 4.95, 5.05, 5.15, 5.25, 5.35, 5.45, 5.55, 5.65, 5.75, 5.85, 5.95, 6.05, 6.15, 6.25, 6.35, 6.45, 6.55, 6.65, 6.75, 6.85, 6.95, 7.05, 7.15]","[4.195121951219512, 3.707317073170732, 2.5609756097560976, 1.8780487804878048, 0.9512195121951219, 0.9224137931034483, 0.5258620689655172, 0.5517241379310345, 0.5, 0.2672413793103448, 0.19827586206896552, 0.20689655172413793, 0.1206896551724138, 0.12931034482758622, 0.12931034482758622, 0.06896551724137931, 0.02586206896551724, 0.05172413793103448, 0.017241379310344827, 0.034482758620689655, 0.008620689655172414, 0.02586206896551724, 0.008620689655172414, 0.008620689655172414, 0.017241379310344827, 0.008620689655172414, 0.008620689655172414]"
1632.0,7.317731143397136,1.3546088945522574,0.009483784712631881,"[4.55, 4.65, 4.75, 4.85, 4.95, 5.05, 5.15, 5.25, 5.35, 5.45, 5.55, 5.65, 5.75, 5.85, 5.95, 6.05, 6.15, 6.25, 6.35, 6.45, 6.55, 6.65, 6.75, 6.85, 6.95]","[4.491803278688525, 3.737704918032787, 2.377049180327869, 1.7540983606557377, 1.0491803278688525, 0.8032786885245902, 0.45901639344262296, 0.4426229508196721, 0.4262295081967213, 0.21311475409836064, 0.16393442622950818, 0.18032786885245902, 0.13114754098360656, 0.08196721311475409, 0.13114754098360656, 0.06557377049180328, 0.01639344262295082, 0.04918032786885246, 0.0, 0.04918032786885246, 0.0, 0.01639344262295082, 0.0, 0.01639344262295082, 0.01639344262295082]"
1633.0,7.317731143397136,1.3546088945522574,0.006837433064391149,"[4.55, 4.65, 4.75, 4.85, 4.95, 5.05, 5.15, 5.25, 5.35, 5.45, 5.55, 5.65, 5.75, 5.85, 5.95, 6.05, 6.15, 6.25, 6.35, 6.45, 6.55, 6.65, 6.75, 6.85, 6.95]","[4.491803278688525, 3.737704918032787, 2.377049180327869, 1.7540983606557377, 1.0491803278688525, 0.8032786885245902, 0.45901639344262296, 0.4426229508196721, 0.4262295081967213, 0.21311475409836064, 0.16393442622950818, 0.18032786885245902, 0.13114754098360656, 0.08196721311475409, 0.13114754098360656, 0.06557377049180328, 0.01639344262295082, 0.04918032786885246, 0.0, 0.04918032786885246, 0.0, 0.01639344262295082, 0.0, 0.01639344262295082, 0.01639344262295082]"
1634.0,7.317731143397136,1.3546088945522574,0.006837433064391149,"[4.55, 4.65, 4.75, 4.85, 4.95, 5.05, 5.15, 5.25, 5.35, 5.45, 5.55, 5.65, 5.75, 5.85, 5.95, 6.05, 6.15, 6.25, 6.35, 6.45, 6.55, 6.65, 6.75, 6.85, 6.95]","[4.491803278688525, 3.737704918032787, 2.377049180327869, 1.7540983606557377, 1.0491803278688525, 0.8032786885245902, 0.45901639344262296, 0.4426229508196721, 0.4262295081967213, 0.21311475409836064, 0.16393442622950818, 0.18032786885245902, 0.13114754098360656, 0.08196721311475409, 0.13114754098360656, 0.06557377049180328, 0.01639344262295082, 0.04918032786885246, 0.0, 0.04918032786885246, 0.0, 0.01639344262295082, 0.0, 0.01639344262295082, 0.01639344262295082]"
1635.0,7.248857705239846,1.3391320618872793,0.03038346952185989,"[4.55, 4.65, 4.75, 4.85, 4.95, 5.05, 5.15, 5.25, 5.35, 5.45, 5.55, 5.65, 5.75, 5.85, 5.95, 6.05, 6.15, 6.25, 6.35, 6.45, 6.55, 6.65, 6.75, 6.85, 6.95, 7.05, 7.15]","[4.491803278688525, 3.737704918032787, 2.377049180327869, 1.7540983606557377, 1.0491803278688525, 0.8032786885245902, 0.45901639344262296, 0.4426229508196721, 0.4262295081967213, 0.21311475409836064, 0.16393442622950818, 0.18032786885245902, 0.13114754098360656, 0.08196721311475409, 0.13114754098360656, 0.06557377049180328, 0.01639344262295082, 0.04918032786885246, 0.0, 0.04918032786885246, 0.0, 0.01639344262295082, 0.0, 0.01639344262295082, 0.01639344262295082, 0.008620689655172414, 0.008620689655172414]"
1636.0,7.335827960240358,1.3586783851728965,0.0073380048331591965,"[4.55, 4.65, 4.75, 4.85, 4.95, 5.05, 5.15, 5.25, 5.35, 5.45, 5.55, 5.65, 5.75, 5.85, 5.95, 6.05, 6.15, 6.25, 6.35, 6.45, 6.55, 6.65, 6.75, 6.85, 6.95]","[4.491803278688525, 3.737704918032787, 2.377049180327869, 1.7540983606557377, 1.0491803278688525, 0.8032786885245902, 0.45901639344262296, 0.4426229508196721, 0.4262295081967213, 0.21311475409836064, 0.16393442622950818, 0.18032786885245902, 0.13114754098360656, 0.08196721311475409, 0.13114754098360656, 0.06557377049180328, 0.01639344262295082, 0.04918032786885246, 0.0, 0.04918032786885246, 0.0, 0.012345679012345678, 0.0, 0.012345679012345678, 0.012345679012345678]"
1637.0,7.335827960240358,1.3586783851728965,0.004241848405586225,"[4.55, 4.65, 4.75, 4.85, 4.95, 5.05, 5.15, 5.25, 5.35, 5.45, 5.55, 5.65, 5.75, 5.85, 5.95, 6.05, 6.15, 6.25, 6.35, 6.45, 6.55, 6.65, 6.75, 6.85, 6.95]","[4.491803278688525, 3.737704918032787, 2.377049180327869, 1.7540983606557377, 1.0491803278688525, 0.8032786885245902, 0.45901639344262296, 0.4426229508196721, 0.4262295081967213, 0.21311475409836064, 0.16393442622950818, 0.18032786885245902, 0.13114754098360656, 0.08196721311475409, 0.13114754098360656, 0.06557377049180328, 0.01639344262295082, 0.04918032786885246, 0.0, 0.04918032786885246, 0.0, 0.012345679012345678, 0.0, 0.012345679012345678, 0.012345679012345678]"
1638.0,7.267371625872687,1.3432971149913224,0.014683080940504668,"[4.55, 4.65, 4.75, 4.85, 4.95, 5.05, 5.15, 5.25, 5.35, 5.45, 5.55, 5.65, 5.75, 5.85, 5.95, 6.05, 6.15, 6.25, 6.35, 6.45, 6.55, 6.65, 6.75, 6.85, 6.95, 7.05, 7.15]","[4.491803278688525, 3.737704918032787, 2.377049180327869, 1.7540983606557377, 1.0491803278688525, 0.8032786885245902, 0.45901639344262296, 0.4426229508196721, 0.4262295081967213, 0.21311475409836064, 0.16393442622950818, 0.18032786885245902, 0.13114754098360656, 0.08196721311475409, 0.13114754098360656, 0.06557377049180328, 0.01639344262295082, 0.04918032786885246, 0.0, 0.04918032786885246, 0.0, 0.012345679012345678, 0.0, 0.012345679012345678, 0.012345679012345678, 0.008620689655172414, 0.008620689655172414]"
1639.0,7.287857332555184,1.3478811476194228,0.011735192792710104,"[4.55, 4.65, 4.75, 4.85, 4.95, 5.05, 5.15, 5.25, 5.35, 5.45, 5.55, 5.65, 5.75, 5.85, 5.95, 6.05, 6.15, 6.25, 6.35, 6.45, 6.55, 6.65, 6.75, 6.85, 6.95]","[4.491803278688525, 3.737704918032787, 2.377049180327869, 1.7540983606557377, 1.0491803278688525, 0.8032786885245902, 0.45901639344262296, 0.4426229508196721, 0.4262295081967213, 0.21311475409836064, 0.16393442622950818, 0.18032786885245902, 0.13114754098360656, 0.08196721311475409, 0.13114754098360656, 0.06557377049180328, 0.01639344262295082, 0.04918032786885246, 0.0, 0.04918032786885246, 0.009900990099009901, 0.019801980198019802, 0.0, 0.009900990099009901, 0.009900990099009901]"
1640.0,7.222714806866271,1.333240813833461,0.017016846153108157,"[4.55, 4.65, 4.75, 4.85, 4.95, 5.05, 5.15, 5.25, 5.35, 5.45, 5.55, 5.65, 5.75, 5.85, 5.95, 6.05, 6.15, 6.25, 6.35, 6.45, 6.55, 6.65, 6.75, 6.85, 6.95, 7.05, 7.15]","[4.491803278688525, 3.737704918032787, 2.377049180327869, 1.7540983606557377, 1.0491803278688525, 0.8032786885245902, 0.45901639344262296, 0.4426229508196721, 0.4262295081967213, 0.21311475409836064, 0.16393442622950818, 0.18032786885245902, 0.13114754098360656, 0.08196721311475409, 0.13114754098360656, 0.06557377049180328, 0.01639344262295082, 0.04918032786885246, 0.0, 0.04918032786885246, 0.009900990099009901, 0.019801980198019802, 0.0, 0.009900990099009901, 0.009900990099009901, 0.008620689655172414, 0.008620689655172414]"
1641.0,7.1367943845039825,1.3139189521789287,0.06213640040977794,"[4.55, 4.65, 4.75, 4.85, 4.95, 5.05, 5.15, 5.25, 5.35, 5.45, 5.55, 5.65, 5.75, 5.85, 5.95, 6.05, 6.15, 6.25, 6.35, 6.45, 6.55, 6.65, 6.75, 6.85, 6.95, 7.05, 7.15]","[4.491803278688525, 3.737704918032787, 2.377049180327869, 1.7540983606557377, 1.0491803278688525, 0.8032786885245902, 0.45901639344262296, 0.4426229508196721, 0.4262295081967213, 0.21311475409836064, 0.16393442622950818, 0.18032786885245902, 0.13114754098360656, 0.08196721311475409, 0.13114754098360656, 0.06557377049180328, 0.01639344262295082, 0.04918032786885246, 0.0, 0.04918032786885246, 0.008620689655172414, 0.02586206896551724, 0.008620689655172414, 0.008620689655172414, 0.017241379310344827, 0.008620689655172414, 0.008620689655172414]"
1642.0,7.36974572046484,1.3663427504323384,0.014577282769899154,"[4.55, 4.65, 4.75, 4.85, 4.95, 5.05, 5.15, 5.25, 5.35, 5.45, 5.55, 5.65, 5.75, 5.85, 5.95, 6.05, 6.15, 6.25, 6.35, 6.45, 6.55, 6.65, 6.75, 6.85, 6.95]","[4.491803278688525, 3.737704918032787, 2.377049180327869, 1.7540983606557377, 1.0491803278688525, 0.8032786885245902, 0.45901639344262296, 0.4426229508196721, 0.4262295081967213, 0.21311475409836064, 0.16393442622950818, 0.18032786885245902, 0.13114754098360656, 0.08196721311475409, 0.13114754098360656, 0.04938271604938271, 0.012345679012345678, 0.04938271604938271, 0.0, 0.037037037037037035, 0.0, 0.012345679012345678, 0.0, 0.012345679012345678, 0.012345679012345678]"
1643.0,7.36974572046484,1.3663427504323384,0.007638996288585992,"[4.55, 4.65, 4.75, 4.85, 4.95, 5.05, 5.15, 5.25, 5.35, 5.45, 5.55, 5.65, 5.75, 5.85, 5.95, 6.05, 6.15, 6.25, 6.35, 6.45, 6.55, 6.65, 6.75, 6.85, 6.95]","[4.491803278688525, 3.737704918032787, 2.377049180327869, 1.7540983606557377, 1.0491803278688525, 0.8032786885245902, 0.45901639344262296, 0.4426229508196721, 0.4262295081967213, 0.21311475409836064, 0.16393442622950818, 0.18032786885245902, 0.13114754098360656, 0.08196721311475409, 0.13114754098360656, 0.04938271604938271, 0.012345679012345678, 0.04938271604938271, 0.0, 0.037037037037037035, 0.0, 0.012345679012345678, 0.0, 0.012345679012345678, 0.012345679012345678]"
1644.0,7.302713070415885,1.351287902127827,0.01796436637307758,"[4.55, 4.65, 4.75, 4.85, 4.95, 5.05, 5.15, 5.25, 5.35, 5.45, 5.55, 5.65, 5.75, 5.85, 5.95, 6.05, 6.15, 6.25, 6.35, 6.45, 6.55, 6.65, 6.75, 6.85, 6.95, 7.05, 7.15]","[4.491803278688525, 3.737704918032787, 2.377049180327869, 1.7540983606557377, 1.0491803278688525, 0.8032786885245902, 0.45901639344262296, 0.4426229508196721, 0.4262295081967213, 0.21311475409836064, 0.16393442622950818, 0.18032786885245902, 0.13114754098360656, 0.08196721311475409, 0.13114754098360656, 0.04938271604938271, 0.012345679012345678, 0.04938271604938271, 0.0, 0.037037037037037035, 0.0, 0.012345679012345678, 0.0, 0.012345679012345678, 0.012345679012345678, 0.008620689655172414, 0.008620689655172414]"
1645.0,7.322638844010759,1.355743325522577,0.007977465884626276,"[4.55, 4.65, 4.75, 4.85, 4.95, 5.05, 5.15, 5.25, 5.35, 5.45, 5.55, 5.65, 5.75, 5.85, 5.95, 6.05, 6.15, 6.25, 6.35, 6.45, 6.55, 6.65, 6.75, 6.85, 6.95]","[4.491803278688525, 3.737704918032787, 2.377049180327869, 1.7540983606557377, 1.0491803278688525, 0.8032786885245902, 0.45901639344262296, 0.4426229508196721, 0.4262295081967213, 0.21311475409836064, 0.16393442622950818, 0.18032786885245902, 0.13114754098360656, 0.08196721311475409, 0.13114754098360656, 0.04938271604938271, 0.012345679012345678, 0.04938271604938271, 0.0, 0.037037037037037035, 0.009900990099009901, 0.019801980198019802, 0.0, 0.009900990099009901, 0.009900990099009901]"
1646.0,7.2587323731837445,1.3413873018308062,0.010050996548509222,"[4.55, 4.65, 4.75, 4.85, 4.95, 5.05, 5.15, 5.25, 5.35, 5.45, 5.55, 5.65, 5.75, 5.85, 5.95, 6.05, 6.15, 6.25, 6.35, 6.45, 6.55, 6.65, 6.75, 6.85, 6.95, 7.05, 7.15]","[4.491803278688525, 3.737704918032787, 2.377049180327869, 1.7540983606557377, 1.0491803278688525, 0.8032786885245902, 0.45901639344262296, 0.4426229508196721, 0.4262295081967213, 0.21311475409836064, 0.16393442622950818, 0.18032786885245902, 0.13114754098360656, 0.08196721311475409, 0.13114754098360656, 0.04938271604938271, 0.012345679012345678, 0.04938271604938271, 0.0, 0.037037037037037035, 0.009900990099009901, 0.019801980198019802, 0.0, 0.009900990099009901, 0.009900990099009901, 0.008620689655172414, 0.008620689655172414]"
1647.0,7.174737138089879,1.3225059076618662,0.026824186759744933,"[4.55, 4.65, 4.75, 4.85, 4.95, 5.05, 5.15, 5.25, 5.35, 5.45, 5.55, 5.65, 5.75, 5.85, 5.95, 6.05, 6.15, 6.25, 6.35, 6.45, 6.55, 6.65, 6.75, 6.85, 6.95, 7.05, 7.15]","[4.491803278688525, 3.737704918032787, 2.377049180327869, 1.7540983606557377, 1.0491803278688525, 0.8032786885245902, 0.45901639344262296, 0.4426229508196721, 0.4262295081967213, 0.21311475409836064, 0.16393442622950818, 0.18032786885245902, 0.13114754098360656, 0.08196721311475409, 0.13114754098360656, 0.04938271604938271, 0.012345679012345678, 0.04938271604938271, 0.0, 0.037037037037037035, 0.008620689655172414, 0.02586206896551724, 0.008620689655172414, 0.008620689655172414, 0.017241379310344827, 0.008620689655172414, 0.008620689655172414]"
1648.0,7.264453790968377,1.3425968449016243,0.018739948414010933,"[4.55, 4.65, 4.75, 4.85, 4.95, 5.05, 5.15, 5.25, 5.35, 5.45, 5.55, 5.65, 5.75, 5.85, 5.95, 6.05, 6.15, 6.25, 6.35, 6.45, 6.55, 6.65, 6.75, 6.85, 6.95]","[4.491803278688525, 3.737704918032787, 2.377049180327869, 1.7540983606557377, 1.0491803278688525, 0.8032786885245902, 0.45901639344262296, 0.4426229508196721, 0.4262295081967213, 0.21311475409836064, 0.16393442622950818, 0.18032786885245902, 0.13114754098360656, 0.08196721311475409, 0.13114754098360656, 0.0594059405940594, 0.019801980198019802, 0.04950495049504951, 0.0, 0.039603960396039604, 0.009900990099009901, 0.019801980198019802, 0.0, 0.009900990099009901, 0.009900990099009901]"
1649.0,7.205643339094846,1.3293846830633735,0.020891653948982177,"[4.55, 4.65, 4.75, 4.85, 4.95, 5.05, 5.15, 5.25, 5.35, 5.45, 5.55, 5.65, 5.75, 5.85, 5.95, 6.05, 6.15, 6.25, 6.35, 6.45, 6.55, 6.65, 6.75, 6.85, 6.95, 7.05, 7.15]","[4.491803278688525, 3.737704918032787, 2.377049180327869, 1.7540983606557377, 1.0491803278688525, 0.8032786885245902, 0.45901639344262296, 0.4426229508196721, 0.4262295081967213, 0.21311475409836064, 0.16393442622950818, 0.18032786885245902, 0.13114754098360656, 0.08196721311475409, 0.13114754098360656, 0.0594059405940594, 0.019801980198019802, 0.04950495049504951, 0.0, 0.039603960396039604, 0.009900990099009901, 0.019801980198019802, 0.0, 0.009900990099009901, 0.009900990099009901, 0.008620689655172414, 0.008620689655172414]"
1650.0,7.127615763067842,1.3118458470705594,0.028166844538439432,"[4.55, 4.65, 4.75, 4.85, 4.95, 5.05, 5.15, 5.25, 5.35, 5.45, 5.55, 5.65, 5.75, 5.85, 5.95, 6.05, 6.15, 6.25, 6.35, 6.45, 6.55, 6.65, 6.75, 6.85, 6.95, 7.05, 7.15]","[4.491803278688525, 3.737704918032787, 2.377049180327869, 1.7540983606557377, 1.0491803278688525, 0.8032786885245902, 0.45901639344262296, 0.4426229508196721, 0.4262295081967213, 0.21311475409836064, 0.16393442622950818, 0.18032786885245902, 0.13114754098360656, 0.08196721311475409, 0.13114754098360656, 0.0594059405940594, 0.019801980198019802, 0.04950495049504951, 0.0, 0.039603960396039604, 0.008620689655172414, 0.02586206896551724, 0.008620689655172414, 0.008620689655172414, 0.017241379310344827, 0.008620689655172414, 0.008620689655172414]"
1651.0,7.051287039345521,1.2945751875160505,0.08416637339678103,"[4.55, 4.65, 4.75, 4.85, 4.95, 5.05, 5.15, 5.25, 5.35, 5.45, 5.55, 5.65, 5.75, 5.85, 5.95, 6.05, 6.15, 6.25, 6.35, 6.45, 6.55, 6.65, 6.75, 6.85, 6.95, 7.05, 7.15]","[4.491803278688525, 3.737704918032787, 2.377049180327869, 1.7540983606557377, 1.0491803278688525, 0.8032786885245902, 0.45901639344262296, 0.4426229508196721, 0.4262295081967213, 0.21311475409836064, 0.16393442622950818, 0.18032786885245902, 0.13114754098360656, 0.08196721311475409, 0.13114754098360656, 0.06896551724137931, 0.02586206896551724, 0.05172413793103448, 0.017241379310344827, 0.034482758620689655, 0.008620689655172414, 0.02586206896551724, 0.008620689655172414, 0.008620689655172414, 0.017241379310344827, 0.008620689655172414, 0.008620689655172414]"
1652.0,7.38058636918922,1.3687775262007327,0.024709037687470556,"[4.55, 4.65, 4.75, 4.85, 4.95, 5.05, 5.15, 5.25, 5.35, 5.45, 5.55, 5.65, 5.75, 5.85, 5.95, 6.05, 6.15, 6.25, 6.35, 6.45, 6.55, 6.65, 6.75, 6.85, 6.95]","[4.491803278688525, 3.737704918032787, 2.377049180327869, 1.7540983606557377, 1.0491803278688525, 0.8032786885245902, 0.45901639344262296, 0.4426229508196721, 0.4262295081967213, 0.21311475409836064, 0.1728395061728395, 0.18518518518518517, 0.1111111111111111, 0.08641975308641975, 0.09876543209876543, 0.04938271604938271, 0.012345679012345678, 0.04938271604938271, 0.0, 0.037037037037037035, 0.0, 0.012345679012345678, 0.0, 0.012345679012345678, 0.012345679012345678]"
1653.0,7.38058636918922,1.3687775262007327,0.012376338186610181,"[4.55, 4.65, 4.75, 4.85, 4.95, 5.05, 5.15, 5.25, 5.35, 5.45, 5.55, 5.65, 5.75, 5.85, 5.95, 6.05, 6.15, 6.25, 6.35, 6.45, 6.55, 6.65, 6.75, 6.85, 6.95]","[4.491803278688525, 3.737704918032787, 2.377049180327869, 1.7540983606557377, 1.0491803278688525, 0.8032786885245902, 0.45901639344262296, 0.4426229508196721, 0.4262295081967213, 0.21311475409836064, 0.1728395061728395, 0.18518518518518517, 0.1111111111111111, 0.08641975308641975, 0.09876543209876543, 0.04938271604938271, 0.012345679012345678, 0.04938271604938271, 0.0, 0.037037037037037035, 0.0, 0.012345679012345678, 0.0, 0.012345679012345678, 0.012345679012345678]"
1654.0,7.318213861296502,1.3547884104634884,0.024567497026096636,"[4.55, 4.65, 4.75, 4.85, 4.95, 5.05, 5.15, 5.25, 5.35, 5.45, 5.55, 5.65, 5.75, 5.85, 5.95, 6.05, 6.15, 6.25, 6.35, 6.45, 6.55, 6.65, 6.75, 6.85, 6.95, 7.05, 7.15]","[4.491803278688525, 3.737704918032787, 2.377049180327869, 1.7540983606557377, 1.0491803278688525, 0.8032786885245902, 0.45901639344262296, 0.4426229508196721, 0.4262295081967213, 0.21311475409836064, 0.1728395061728395, 0.18518518518518517, 0.1111111111111111, 0.08641975308641975, 0.09876543209876543, 0.04938271604938271, 0.012345679012345678, 0.04938271604938271, 0.0, 0.037037037037037035, 0.0, 0.012345679012345678, 0.0, 0.012345679012345678, 0.012345679012345678, 0.008620689655172414, 0.008620689655172414]"
1655.0,7.336786231216111,1.3589339686519082,0.01105222065588504,"[4.55, 4.65, 4.75, 4.85, 4.95, 5.05, 5.15, 5.25, 5.35, 5.45, 5.55, 5.65, 5.75, 5.85, 5.95, 6.05, 6.15, 6.25, 6.35, 6.45, 6.55, 6.65, 6.75, 6.85, 6.95]","[4.491803278688525, 3.737704918032787, 2.377049180327869, 1.7540983606557377, 1.0491803278688525, 0.8032786885245902, 0.45901639344262296, 0.4426229508196721, 0.4262295081967213, 0.21311475409836064, 0.1728395061728395, 0.18518518518518517, 0.1111111111111111, 0.08641975308641975, 0.09876543209876543, 0.04938271604938271, 0.012345679012345678, 0.04938271604938271, 0.0, 0.037037037037037035, 0.009900990099009901, 0.019801980198019802, 0.0, 0.009900990099009901, 0.009900990099009901]"
1656.0,7.277082537706136,1.3455408764055785,0.012264050858229682,"[4.55, 4.65, 4.75, 4.85, 4.95, 5.05, 5.15, 5.25, 5.35, 5.45, 5.55, 5.65, 5.75, 5.85, 5.95, 6.05, 6.15, 6.25, 6.35, 6.45, 6.55, 6.65, 6.75, 6.85, 6.95, 7.05, 7.15]","[4.491803278688525, 3.737704918032787, 2.377049180327869, 1.7540983606557377, 1.0491803278688525, 0.8032786885245902, 0.45901639344262296, 0.4426229508196721, 0.4262295081967213, 0.21311475409836064, 0.1728395061728395, 0.18518518518518517, 0.1111111111111111, 0.08641975308641975, 0.09876543209876543, 0.04938271604938271, 0.012345679012345678, 0.04938271604938271, 0.0, 0.037037037037037035, 0.009900990099009901, 0.019801980198019802, 0.0, 0.009900990099009901, 0.009900990099009901, 0.008620689655172414, 0.008620689655172414]"
1657.0,7.198462965546222,1.3278929051146338,0.02870944345713246,"[4.55, 4.65, 4.75, 4.85, 4.95, 5.05, 5.15, 5.25, 5.35, 5.45, 5.55, 5.65, 5.75, 5.85, 5.95, 6.05, 6.15, 6.25, 6.35, 6.45, 6.55, 6.65, 6.75, 6.85, 6.95, 7.05, 7.15]","[4.491803278688525, 3.737704918032787, 2.377049180327869, 1.7540983606557377, 1.0491803278688525, 0.8032786885245902, 0.45901639344262296, 0.4426229508196721, 0.4262295081967213, 0.21311475409836064, 0.1728395061728395, 0.18518518518518517, 0.1111111111111111, 0.08641975308641975, 0.09876543209876543, 0.04938271604938271, 0.012345679012345678, 0.04938271604938271, 0.0, 0.037037037037037035, 0.008620689655172414, 0.02586206896551724, 0.008620689655172414, 0.008620689655172414, 0.017241379310344827, 0.008620689655172414, 0.008620689655172414]"
1658.0,7.282148140314084,1.3466006547398408,0.011576212728711803,"[4.55, 4.65, 4.75, 4.85, 4.95, 5.05, 5.15, 5.25, 5.35, 5.45, 5.55, 5.65, 5.75, 5.85, 5.95, 6.05, 6.15, 6.25, 6.35, 6.45, 6.55, 6.65, 6.75, 6.85, 6.95]","[4.491803278688525, 3.737704918032787, 2.377049180327869, 1.7540983606557377, 1.0491803278688525, 0.8032786885245902, 0.45901639344262296, 0.4426229508196721, 0.4262295081967213, 0.21311475409836064, 0.1728395061728395, 0.18518518518518517, 0.1111111111111111, 0.08641975308641975, 0.09876543209876543, 0.0594059405940594, 0.019801980198019802, 0.04950495049504951, 0.0, 0.039603960396039604, 0.009900990099009901, 0.019801980198019802, 0.0, 0.009900990099009901, 0.009900990099009901]"
1659.0,7.226833619470948,1.3341918281161924,0.012158264299720096,"[4.55, 4.65, 4.75, 4.85, 4.95, 5.05, 5.15, 5.25, 5.35, 5.45, 5.55, 5.65, 5.75, 5.85, 5.95, 6.05, 6.15, 6.25, 6.35, 6.45, 6.55, 6.65, 6.75, 6.85, 6.95, 7.05, 7.15]","[4.491803278688525, 3.737704918032787, 2.377049180327869, 1.7540983606557377, 1.0491803278688525, 0.8032786885245902, 0.45901639344262296, 0.4426229508196721, 0.4262295081967213, 0.21311475409836064, 0.1728395061728395, 0.18518518518518517, 0.1111111111111111, 0.08641975308641975, 0.09876543209876543, 0.0594059405940594, 0.019801980198019802, 0.04950495049504951, 0.0, 0.039603960396039604, 0.009900990099009901, 0.019801980198019802, 0.0, 0.009900990099009901, 0.009900990099009901, 0.008620689655172414, 0.008620689655172414]"
1660.0,7.153377602705661,1.3177044869032626,0.015367341391022164,"[4.55, 4.65, 4.75, 4.85, 4.95, 5.05, 5.15, 5.25, 5.35, 5.45, 5.55, 5.65, 5.75, 5.85, 5.95, 6.05, 6.15, 6.25, 6.35, 6.45, 6.55, 6.65, 6.75, 6.85, 6.95, 7.05, 7.15]","[4.491803278688525, 3.737704918032787, 2.377049180327869, 1.7540983606557377, 1.0491803278688525, 0.8032786885245902, 0.45901639344262296, 0.4426229508196721, 0.4262295081967213, 0.21311475409836064, 0.1728395061728395, 0.18518518518518517, 0.1111111111111111, 0.08641975308641975, 0.09876543209876543, 0.0594059405940594, 0.019801980198019802, 0.04950495049504951, 0.0, 0.039603960396039604, 0.008620689655172414, 0.02586206896551724, 0.008620689655172414, 0.008620689655172414, 0.017241379310344827, 0.008620689655172414, 0.008620689655172414]"
1661.0,7.080796348863935,1.3013005472477612,0.03459859073678124,"[4.55, 4.65, 4.75, 4.85, 4.95, 5.05, 5.15, 5.25, 5.35, 5.45, 5.55, 5.65, 5.75, 5.85, 5.95, 6.05, 6.15, 6.25, 6.35, 6.45, 6.55, 6.65, 6.75, 6.85, 6.95, 7.05, 7.15]","[4.491803278688525, 3.737704918032787, 2.377049180327869, 1.7540983606557377, 1.0491803278688525, 0.8032786885245902, 0.45901639344262296, 0.4426229508196721, 0.4262295081967213, 0.21311475409836064, 0.1728395061728395, 0.18518518518518517, 0.1111111111111111, 0.08641975308641975, 0.09876543209876543, 0.06896551724137931, 0.02586206896551724, 0.05172413793103448, 0.017241379310344827, 0.034482758620689655, 0.008620689655172414, 0.02586206896551724, 0.008620689655172414, 0.008620689655172414, 0.017241379310344827, 0.008620689655172414, 0.008620689655172414]"
1662.0,7.1834876610324745,1.3241624860921974,0.026763243017247137,"[4.55, 4.65, 4.75, 4.85, 4.95, 5.05, 5.15, 5.25, 5.35, 5.45, 5.55, 5.65, 5.75, 5.85, 5.95, 6.05, 6.15, 6.25, 6.35, 6.45, 6.55, 6.65, 6.75, 6.85, 6.95]","[4.491803278688525, 3.737704918032787, 2.377049180327869, 1.7540983606557377, 1.0491803278688525, 0.8032786885245902, 0.45901639344262296, 0.4426229508196721, 0.4262295081967213, 0.21311475409836064, 0.1782178217821782, 0.19801980198019803, 0.09900990099009901, 0.12871287128712872, 0.10891089108910891, 0.0594059405940594, 0.019801980198019802, 0.04950495049504951, 0.0, 0.039603960396039604, 0.009900990099009901, 0.019801980198019802, 0.0, 0.009900990099009901, 0.009900990099009901]"
1663.0,7.135600003376566,1.313428255173336,0.0258023186681617,"[4.55, 4.65, 4.75, 4.85, 4.95, 5.05, 5.15, 5.25, 5.35, 5.45, 5.55, 5.65, 5.75, 5.85, 5.95, 6.05, 6.15, 6.25, 6.35, 6.45, 6.55, 6.65, 6.75, 6.85, 6.95, 7.05, 7.15]","[4.491803278688525, 3.737704918032787, 2.377049180327869, 1.7540983606557377, 1.0491803278688525, 0.8032786885245902, 0.45901639344262296, 0.4426229508196721, 0.4262295081967213, 0.21311475409836064, 0.1782178217821782, 0.19801980198019803, 0.09900990099009901, 0.12871287128712872, 0.10891089108910891, 0.0594059405940594, 0.019801980198019802, 0.04950495049504951, 0.0, 0.039603960396039604, 0.009900990099009901, 0.019801980198019802, 0.0, 0.009900990099009901, 0.009900990099009901, 0.008620689655172414, 0.008620689655172414]"
1664.0,7.070795442449676,1.2988989631620076,0.029887236837900802,"[4.55, 4.65, 4.75, 4.85, 4.95, 5.05, 5.15, 5.25, 5.35, 5.45, 5.55, 5.65, 5.75, 5.85, 5.95, 6.05, 6.15, 6.25, 6.35, 6.45, 6.55, 6.65, 6.75, 6.85, 6.95, 7.05, 7.15]","[4.491803278688525, 3.737704918032787, 2.377049180327869, 1.7540983606557377, 1.0491803278688525, 0.8032786885245902, 0.45901639344262296, 0.4426229508196721, 0.4262295081967213, 0.21311475409836064, 0.1782178217821782, 0.19801980198019803, 0.09900990099009901, 0.12871287128712872, 0.10891089108910891, 0.0594059405940594, 0.019801980198019802, 0.04950495049504951, 0.0, 0.039603960396039604, 0.008620689655172414, 0.02586206896551724, 0.008620689655172414, 0.008620689655172414, 0.017241379310344827, 0.008620689655172414, 0.008620689655172414]"
1665.0,7.007922685463,1.2846957705419388,0.03516521752082399,"[4.55, 4.65, 4.75, 4.85, 4.95, 5.05, 5.15, 5.25, 5.35, 5.45, 5.55, 5.65, 5.75, 5.85, 5.95, 6.05, 6.15, 6.25, 6.35, 6.45, 6.55, 6.65, 6.75, 6.85, 6.95, 7.05, 7.15]","[4.491803278688525, 3.737704918032787, 2.377049180327869, 1.7540983606557377, 1.0491803278688525, 0.8032786885245902, 0.45901639344262296, 0.4426229508196721, 0.4262295081967213, 0.21311475409836064, 0.1782178217821782, 0.19801980198019803, 0.09900990099009901, 0.12871287128712872, 0.10891089108910891, 0.06896551724137931, 0.02586206896551724, 0.05172413793103448, 0.017241379310344827, 0.034482758620689655, 0.008620689655172414, 0.02586206896551724, 0.008620689655172414, 0.008620689655172414, 0.017241379310344827, 0.008620689655172414, 0.008620689655172414]"
1666.0,6.918888867343517,1.264322749203992,0.10240033234547488,"[4.55, 4.65, 4.75, 4.85, 4.95, 5.05, 5.15, 5.25, 5.35, 5.45, 5.55, 5.65, 5.75, 5.85, 5.95, 6.05, 6.15, 6.25, 6.35, 6.45, 6.55, 6.65, 6.75, 6.85, 6.95, 7.05, 7.15]","[4.491803278688525, 3.737704918032787, 2.377049180327869, 1.7540983606557377, 1.0491803278688525, 0.8032786885245902, 0.45901639344262296, 0.4426229508196721, 0.4262295081967213, 0.21311475409836064, 0.19827586206896552, 0.20689655172413793, 0.1206896551724138, 0.12931034482758622, 0.12931034482758622, 0.06896551724137931, 0.02586206896551724, 0.05172413793103448, 0.017241379310344827, 0.034482758620689655, 0.008620689655172414, 0.02586206896551724, 0.008620689655172414, 0.008620689655172414, 0.017241379310344827, 0.008620689655172414, 0.008620689655172414]"
1667.0,7.4281176740819514,1.380209878013885,0.030647075521517866,"[4.55, 4.65, 4.75, 4.85, 4.95, 5.05, 5.15, 5.25, 5.35, 5.45, 5.55, 5.65, 5.75, 5.85, 5.95, 6.05, 6.15, 6.25, 6.35, 6.45, 6.55, 6.65, 6.75, 6.85, 6.95]","[4.491803278688525, 3.737704918032787, 2.377049180327869, 1.7540983606557377, 1.0491803278688525, 0.7654320987654321, 0.4691358024691358, 0.4691358024691358, 0.3950617283950617, 0.20987654320987653, 0.1728395061728395, 0.18518518518518517, 0.1111111111111111, 0.08641975308641975, 0.09876543209876543, 0.04938271604938271, 0.012345679012345678, 0.04938271604938271, 0.0, 0.037037037037037035, 0.0, 0.012345679012345678, 0.0, 0.012345679012345678, 0.012345679012345678]"
1668.0,7.4281176740819514,1.380209878013885,0.014869675079521942,"[4.55, 4.65, 4.75, 4.85, 4.95, 5.05, 5.15, 5.25, 5.35, 5.45, 5.55, 5.65, 5.75, 5.85, 5.95, 6.05, 6.15, 6.25, 6.35, 6.45, 6.55, 6.65, 6.75, 6.85, 6.95]","[4.491803278688525, 3.737704918032787, 2.377049180327869, 1.7540983606557377, 1.0491803278688525, 0.7654320987654321, 0.4691358024691358, 0.4691358024691358, 0.3950617283950617, 0.20987654320987653, 0.1728395061728395, 0.18518518518518517, 0.1111111111111111, 0.08641975308641975, 0.09876543209876543, 0.04938271604938271, 0.012345679012345678, 0.04938271604938271, 0.0, 0.037037037037037035, 0.0, 0.012345679012345678, 0.0, 0.012345679012345678, 0.012345679012345678]"
1669.0,7.3673312668597735,1.3666302632570855,0.033008479587982205,"[4.55, 4.65, 4.75, 4.85, 4.95, 5.05, 5.15, 5.25, 5.35, 5.45, 5.55, 5.65, 5.75, 5.85, 5.95, 6.05, 6.15, 6.25, 6.35, 6.45, 6.55, 6.65, 6.75, 6.85, 6.95, 7.05, 7.15]","[4.491803278688525, 3.737704918032787, 2.377049180327869, 1.7540983606557377, 1.0491803278688525, 0.7654320987654321, 0.4691358024691358, 0.4691358024691358, 0.3950617283950617, 0.20987654320987653, 0.1728395061728395, 0.18518518518518517, 0.1111111111111111, 0.08641975308641975, 0.09876543209876543, 0.04938271604938271, 0.012345679012345678, 0.04938271604938271, 0.0, 0.037037037037037035, 0.0, 0.012345679012345678, 0.0, 0.012345679012345678, 0.012345679012345678, 0.008620689655172414, 0.008620689655172414]"
1670.0,7.38530773820814,1.3706262243690541,0.014609195916516564,"[4.55, 4.65, 4.75, 4.85, 4.95, 5.05, 5.15, 5.25, 5.35, 5.45, 5.55, 5.65, 5.75, 5.85, 5.95, 6.05, 6.15, 6.25, 6.35, 6.45, 6.55, 6.65, 6.75, 6.85, 6.95]","[4.491803278688525, 3.737704918032787, 2.377049180327869, 1.7540983606557377, 1.0491803278688525, 0.7654320987654321, 0.4691358024691358, 0.4691358024691358, 0.3950617283950617, 0.20987654320987653, 0.1728395061728395, 0.18518518518518517, 0.1111111111111111, 0.08641975308641975, 0.09876543209876543, 0.04938271604938271, 0.012345679012345678, 0.04938271604938271, 0.0, 0.037037037037037035, 0.009900990099009901, 0.019801980198019802, 0.0, 0.009900990099009901, 0.009900990099009901]"
1671.0,7.3268457208334,1.3575638076252154,0.01737998764661457,"[4.55, 4.65, 4.75, 4.85, 4.95, 5.05, 5.15, 5.25, 5.35, 5.45, 5.55, 5.65, 5.75, 5.85, 5.95, 6.05, 6.15, 6.25, 6.35, 6.45, 6.55, 6.65, 6.75, 6.85, 6.95, 7.05, 7.15]","[4.491803278688525, 3.737704918032787, 2.377049180327869, 1.7540983606557377, 1.0491803278688525, 0.7654320987654321, 0.4691358024691358, 0.4691358024691358, 0.3950617283950617, 0.20987654320987653, 0.1728395061728395, 0.18518518518518517, 0.1111111111111111, 0.08641975308641975, 0.09876543209876543, 0.04938271604938271, 0.012345679012345678, 0.04938271604938271, 0.0, 0.037037037037037035, 0.009900990099009901, 0.019801980198019802, 0.0, 0.009900990099009901, 0.009900990099009901, 0.008620689655172414, 0.008620689655172414]"
1672.0,7.250069847632661,1.3403978910851448,0.04141548566732879,"[4.55, 4.65, 4.75, 4.85, 4.95, 5.05, 5.15, 5.25, 5.35, 5.45, 5.55, 5.65, 5.75, 5.85, 5.95, 6.05, 6.15, 6.25, 6.35, 6.45, 6.55, 6.65, 6.75, 6.85, 6.95, 7.05, 7.15]","[4.491803278688525, 3.737704918032787, 2.377049180327869, 1.7540983606557377, 1.0491803278688525, 0.7654320987654321, 0.4691358024691358, 0.4691358024691358, 0.3950617283950617, 0.20987654320987653, 0.1728395061728395, 0.18518518518518517, 0.1111111111111111, 0.08641975308641975, 0.09876543209876543, 0.04938271604938271, 0.012345679012345678, 0.04938271604938271, 0.0, 0.037037037037037035, 0.008620689655172414, 0.02586206896551724, 0.008620689655172414, 0.008620689655172414, 0.017241379310344827, 0.008620689655172414, 0.008620689655172414]"
1673.0,7.330509789674419,1.3583046302034025,0.015497184198891473,"[4.55, 4.65, 4.75, 4.85, 4.95, 5.05, 5.15, 5.25, 5.35, 5.45, 5.55, 5.65, 5.75, 5.85, 5.95, 6.05, 6.15, 6.25, 6.35, 6.45, 6.55, 6.65, 6.75, 6.85, 6.95]","[4.491803278688525, 3.737704918032787, 2.377049180327869, 1.7540983606557377, 1.0491803278688525, 0.7654320987654321, 0.4691358024691358, 0.4691358024691358, 0.3950617283950617, 0.20987654320987653, 0.1728395061728395, 0.18518518518518517, 0.1111111111111111, 0.08641975308641975, 0.09876543209876543, 0.0594059405940594, 0.019801980198019802, 0.04950495049504951, 0.0, 0.039603960396039604, 0.009900990099009901, 0.019801980198019802, 0.0, 0.009900990099009901, 0.009900990099009901]"
1674.0,7.275972409931339,1.3461189717690467,0.016976163509488832,"[4.55, 4.65, 4.75, 4.85, 4.95, 5.05, 5.15, 5.25, 5.35, 5.45, 5.55, 5.65, 5.75, 5.85, 5.95, 6.05, 6.15, 6.25, 6.35, 6.45, 6.55, 6.65, 6.75, 6.85, 6.95, 7.05, 7.15]","[4.491803278688525, 3.737704918032787, 2.377049180327869, 1.7540983606557377, 1.0491803278688525, 0.7654320987654321, 0.4691358024691358, 0.4691358024691358, 0.3950617283950617, 0.20987654320987653, 0.1728395061728395, 0.18518518518518517, 0.1111111111111111, 0.08641975308641975, 0.09876543209876543, 0.0594059405940594, 0.019801980198019802, 0.04950495049504951, 0.0, 0.039603960396039604, 0.009900990099009901, 0.019801980198019802, 0.0, 0.009900990099009901, 0.009900990099009901, 0.008620689655172414, 0.008620689655172414]"
1675.0,7.203834154719433,1.3299914978310132,0.021361736334624362,"[4.55, 4.65, 4.75, 4.85, 4.95, 5.05, 5.15, 5.25, 5.35, 5.45, 5.55, 5.65, 5.75, 5.85, 5.95, 6.05, 6.15, 6.25, 6.35, 6.45, 6.55, 6.65, 6.75, 6.85, 6.95, 7.05, 7.15]","[4.491803278688525, 3.737704918032787, 2.377049180327869, 1.7540983606557377, 1.0491803278688525, 0.7654320987654321, 0.4691358024691358, 0.4691358024691358, 0.3950617283950617, 0.20987654320987653, 0.1728395061728395, 0.18518518518518517, 0.1111111111111111, 0.08641975308641975, 0.09876543209876543, 0.0594059405940594, 0.019801980198019802, 0.04950495049504951, 0.0, 0.039603960396039604, 0.008620689655172414, 0.02586206896551724, 0.008620689655172414, 0.008620689655172414, 0.017241379310344827, 0.008620689655172414, 0.008620689655172414]"
1676.0,7.131228663706473,1.3136485651863763,0.04790266284958181,"[4.55, 4.65, 4.75, 4.85, 4.95, 5.05, 5.15, 5.25, 5.35, 5.45, 5.55, 5.65, 5.75, 5.85, 5.95, 6.05, 6.15, 6.25, 6.35, 6.45, 6.55, 6.65, 6.75, 6.85, 6.95, 7.05, 7.15]","[4.491803278688525, 3.737704918032787, 2.377049180327869, 1.7540983606557377, 1.0491803278688525, 0.7654320987654321, 0.4691358024691358, 0.4691358024691358, 0.3950617283950617, 0.20987654320987653, 0.1728395061728395, 0.18518518518518517, 0.1111111111111111, 0.08641975308641975, 0.09876543209876543, 0.06896551724137931, 0.02586206896551724, 0.05172413793103448, 0.017241379310344827, 0.034482758620689655, 0.008620689655172414, 0.02586206896551724, 0.008620689655172414, 0.008620689655172414, 0.017241379310344827, 0.008620689655172414, 0.008620689655172414]"
1677.0,7.230640160006413,1.3356735762095449,0.017877502500045266,"[4.55, 4.65, 4.75, 4.85, 4.95, 5.05, 5.15, 5.25, 5.35, 5.45, 5.55, 5.65, 5.75, 5.85, 5.95, 6.05, 6.15, 6.25, 6.35, 6.45, 6.55, 6.65, 6.75, 6.85, 6.95]","[4.491803278688525, 3.737704918032787, 2.377049180327869, 1.7540983606557377, 1.0491803278688525, 0.7654320987654321, 0.4691358024691358, 0.4691358024691358, 0.3950617283950617, 0.20987654320987653, 0.1782178217821782, 0.19801980198019803, 0.09900990099009901, 0.12871287128712872, 0.10891089108910891, 0.0594059405940594, 0.019801980198019802, 0.04950495049504951, 0.0, 0.039603960396039604, 0.009900990099009901, 0.019801980198019802, 0.0, 0.009900990099009901, 0.009900990099009901]"
1678.0,7.182881851564559,1.3250106045382501,0.0176737668139543,"[4.55, 4.65, 4.75, 4.85, 4.95, 5.05, 5.15, 5.25, 5.35, 5.45, 5.55, 5.65, 5.75, 5.85, 5.95, 6.05, 6.15, 6.25, 6.35, 6.45, 6.55, 6.65, 6.75, 6.85, 6.95, 7.05, 7.15]","[4.491803278688525, 3.737704918032787, 2.377049180327869, 1.7540983606557377, 1.0491803278688525, 0.7654320987654321, 0.4691358024691358, 0.4691358024691358, 0.3950617283950617, 0.20987654320987653, 0.1782178217821782, 0.19801980198019803, 0.09900990099009901, 0.12871287128712872, 0.10891089108910891, 0.0594059405940594, 0.019801980198019802, 0.04950495049504951, 0.0, 0.039603960396039604, 0.009900990099009901, 0.019801980198019802, 0.0, 0.009900990099009901, 0.009900990099009901, 0.008620689655172414, 0.008620689655172414]"
1679.0,7.118664453872225,1.3106688283170813,0.02041119462291471,"[4.55, 4.65, 4.75, 4.85, 4.95, 5.05, 5.15, 5.25, 5.35, 5.45, 5.55, 5.65, 5.75, 5.85, 5.95, 6.05, 6.15, 6.25, 6.35, 6.45, 6.55, 6.65, 6.75, 6.85, 6.95, 7.05, 7.15]","[4.491803278688525, 3.737704918032787, 2.377049180327869, 1.7540983606557377, 1.0491803278688525, 0.7654320987654321, 0.4691358024691358, 0.4691358024691358, 0.3950617283950617, 0.20987654320987653, 0.1782178217821782, 0.19801980198019803, 0.09900990099009901, 0.12871287128712872, 0.10891089108910891, 0.0594059405940594, 0.019801980198019802, 0.04950495049504951, 0.0, 0.039603960396039604, 0.008620689655172414, 0.02586206896551724, 0.008620689655172414, 0.008620689655172414, 0.017241379310344827, 0.008620689655172414, 0.008620689655172414]"
1680.0,7.055194509280306,1.296388375770831,0.023831778114595005,"[4.55, 4.65, 4.75, 4.85, 4.95, 5.05, 5.15, 5.25, 5.35, 5.45, 5.55, 5.65, 5.75, 5.85, 5.95, 6.05, 6.15, 6.25, 6.35, 6.45, 6.55, 6.65, 6.75, 6.85, 6.95, 7.05, 7.15]","[4.491803278688525, 3.737704918032787, 2.377049180327869, 1.7540983606557377, 1.0491803278688525, 0.7654320987654321, 0.4691358024691358, 0.4691358024691358, 0.3950617283950617, 0.20987654320987653, 0.1782178217821782, 0.19801980198019803, 0.09900990099009901, 0.12871287128712872, 0.10891089108910891, 0.06896551724137931, 0.02586206896551724, 0.05172413793103448, 0.017241379310344827, 0.034482758620689655, 0.008620689655172414, 0.02586206896551724, 0.008620689655172414, 0.008620689655172414, 0.017241379310344827, 0.008620689655172414, 0.008620689655172414]"
1681.0,6.964378052757389,1.2756924335530533,0.05425132676798048,"[4.55, 4.65, 4.75, 4.85, 4.95, 5.05, 5.15, 5.25, 5.35, 5.45, 5.55, 5.65, 5.75, 5.85, 5.95, 6.05, 6.15, 6.25, 6.35, 6.45, 6.55, 6.65, 6.75, 6.85, 6.95, 7.05, 7.15]","[4.491803278688525, 3.737704918032787, 2.377049180327869, 1.7540983606557377, 1.0491803278688525, 0.7654320987654321, 0.4691358024691358, 0.4691358024691358, 0.3950617283950617, 0.20987654320987653, 0.19827586206896552, 0.20689655172413793, 0.1206896551724138, 0.12931034482758622, 0.12931034482758622, 0.06896551724137931, 0.02586206896551724, 0.05172413793103448, 0.017241379310344827, 0.034482758620689655, 0.008620689655172414, 0.02586206896551724, 0.008620689655172414, 0.008620689655172414, 0.017241379310344827, 0.008620689655172414, 0.008620689655172414]"
1682.0,7.195345829471845,1.3270365252562224,0.029402457088020587,"[4.55, 4.65, 4.75, 4.85, 4.95, 5.05, 5.15, 5.25, 5.35, 5.45, 5.55, 5.65, 5.75, 5.85, 5.95, 6.05, 6.15, 6.25, 6.35, 6.45, 6.55, 6.65, 6.75, 6.85, 6.95]","[4.491803278688525, 3.737704918032787, 2.377049180327869, 1.7540983606557377, 1.0491803278688525, 0.8316831683168316, 0.5346534653465347, 0.5445544554455446, 0.38613861386138615, 0.21782178217821782, 0.1782178217821782, 0.19801980198019803, 0.09900990099009901, 0.12871287128712872, 0.10891089108910891, 0.0594059405940594, 0.019801980198019802, 0.04950495049504951, 0.0, 0.039603960396039604, 0.009900990099009901, 0.019801980198019802, 0.0, 0.009900990099009901, 0.009900990099009901]"
1683.0,7.151337190449214,1.3172413928092777,0.030527686920653985,"[4.55, 4.65, 4.75, 4.85, 4.95, 5.05, 5.15, 5.25, 5.35, 5.45, 5.55, 5.65, 5.75, 5.85, 5.95, 6.05, 6.15, 6.25, 6.35, 6.45, 6.55, 6.65, 6.75, 6.85, 6.95, 7.05, 7.15]","[4.491803278688525, 3.737704918032787, 2.377049180327869, 1.7540983606557377, 1.0491803278688525, 0.8316831683168316, 0.5346534653465347, 0.5445544554455446, 0.38613861386138615, 0.21782178217821782, 0.1782178217821782, 0.19801980198019803, 0.09900990099009901, 0.12871287128712872, 0.10891089108910891, 0.0594059405940594, 0.019801980198019802, 0.04950495049504951, 0.0, 0.039603960396039604, 0.009900990099009901, 0.019801980198019802, 0.0, 0.009900990099009901, 0.009900990099009901, 0.008620689655172414, 0.008620689655172414]"
1684.0,7.091595706133808,1.3039441439928392,0.037787329504905355,"[4.55, 4.65, 4.75, 4.85, 4.95, 5.05, 5.15, 5.25, 5.35, 5.45, 5.55, 5.65, 5.75, 5.85, 5.95, 6.05, 6.15, 6.25, 6.35, 6.45, 6.55, 6.65, 6.75, 6.85, 6.95, 7.05, 7.15]","[4.491803278688525, 3.737704918032787, 2.377049180327869, 1.7540983606557377, 1.0491803278688525, 0.8316831683168316, 0.5346534653465347, 0.5445544554455446, 0.38613861386138615, 0.21782178217821782, 0.1782178217821782, 0.19801980198019803, 0.09900990099009901, 0.12871287128712872, 0.10891089108910891, 0.0594059405940594, 0.019801980198019802, 0.04950495049504951, 0.0, 0.039603960396039604, 0.008620689655172414, 0.02586206896551724, 0.008620689655172414, 0.008620689655172414, 0.017241379310344827, 0.008620689655172414, 0.008620689655172414]"
1685.0,7.033026130722869,1.290809319371896,0.04328103513052332,"[4.55, 4.65, 4.75, 4.85, 4.95, 5.05, 5.15, 5.25, 5.35, 5.45, 5.55, 5.65, 5.75, 5.85, 5.95, 6.05, 6.15, 6.25, 6.35, 6.45, 6.55, 6.65, 6.75, 6.85, 6.95, 7.05, 7.15]","[4.491803278688525, 3.737704918032787, 2.377049180327869, 1.7540983606557377, 1.0491803278688525, 0.8316831683168316, 0.5346534653465347, 0.5445544554455446, 0.38613861386138615, 0.21782178217821782, 0.1782178217821782, 0.19801980198019803, 0.09900990099009901, 0.12871287128712872, 0.10891089108910891, 0.06896551724137931, 0.02586206896551724, 0.05172413793103448, 0.017241379310344827, 0.034482758620689655, 0.008620689655172414, 0.02586206896551724, 0.008620689655172414, 0.008620689655172414, 0.017241379310344827, 0.008620689655172414, 0.008620689655172414]"
1686.0,6.949292434157327,1.2717869178083165,0.05120685273503573,"[4.55, 4.65, 4.75, 4.85, 4.95, 5.05, 5.15, 5.25, 5.35, 5.45, 5.55, 5.65, 5.75, 5.85, 5.95, 6.05, 6.15, 6.25, 6.35, 6.45, 6.55, 6.65, 6.75, 6.85, 6.95, 7.05, 7.15]","[4.491803278688525, 3.737704918032787, 2.377049180327869, 1.7540983606557377, 1.0491803278688525, 0.8316831683168316, 0.5346534653465347, 0.5445544554455446, 0.38613861386138615, 0.21782178217821782, 0.19827586206896552, 0.20689655172413793, 0.1206896551724138, 0.12931034482758622, 0.12931034482758622, 0.06896551724137931, 0.02586206896551724, 0.05172413793103448, 0.017241379310344827, 0.034482758620689655, 0.008620689655172414, 0.02586206896551724, 0.008620689655172414, 0.008620689655172414, 0.017241379310344827, 0.008620689655172414, 0.008620689655172414]"
1687.0,6.87207304587235,1.2532801702745135,0.11475252099365774,"[4.55, 4.65, 4.75, 4.85, 4.95, 5.05, 5.15, 5.25, 5.35, 5.45, 5.55, 5.65, 5.75, 5.85, 5.95, 6.05, 6.15, 6.25, 6.35, 6.45, 6.55, 6.65, 6.75, 6.85, 6.95, 7.05, 7.15]","[4.491803278688525, 3.737704918032787, 2.377049180327869, 1.7540983606557377, 1.0491803278688525, 0.9224137931034483, 0.5258620689655172, 0.5517241379310345, 0.5, 0.2672413793103448, 0.19827586206896552, 0.20689655172413793, 0.1206896551724138, 0.12931034482758622, 0.12931034482758622, 0.06896551724137931, 0.02586206896551724, 0.05172413793103448, 0.017241379310344827, 0.034482758620689655, 0.008620689655172414, 0.02586206896551724, 0.008620689655172414, 0.008620689655172414, 0.017241379310344827, 0.008620689655172414, 0.008620689655172414]"
1688.0,7.008250230633897,1.2990199909025473,0.01073209053457668,"[4.55, 4.65, 4.75, 4.85, 4.95, 5.05, 5.15, 5.25, 5.35, 5.45, 5.55, 5.65, 5.75, 5.85, 5.95, 6.05, 6.15, 6.25, 6.35, 6.45, 6.55, 6.65, 6.75, 6.85, 6.95]","[3.7160493827160495, 3.1358024691358026, 2.123456790123457, 1.4567901234567902, 0.9629629629629629, 0.7654320987654321, 0.4691358024691358, 0.4691358024691358, 0.3950617283950617, 0.20987654320987653, 0.1728395061728395, 0.18518518518518517, 0.1111111111111111, 0.08641975308641975, 0.09876543209876543, 0.04938271604938271, 0.012345679012345678, 0.04938271604938271, 0.0, 0.037037037037037035, 0.0, 0.012345679012345678, 0.0, 0.012345679012345678, 0.012345679012345678]"
1689.0,7.008250230633897,1.2990199909025473,0.007554915636190865,"[4.55, 4.65, 4.75, 4.85, 4.95, 5.05, 5.15, 5.25, 5.35, 5.45, 5.55, 5.65, 5.75, 5.85, 5.95, 6.05, 6.15, 6.25, 6.35, 6.45, 6.55, 6.65, 6.75, 6.85, 6.95]","[3.7160493827160495, 3.1358024691358026, 2.123456790123457, 1.4567901234567902, 0.9629629629629629, 0.7654320987654321, 0.4691358024691358, 0.4691358024691358, 0.3950617283950617, 0.20987654320987653, 0.1728395061728395, 0.18518518518518517, 0.1111111111111111, 0.08641975308641975, 0.09876543209876543, 0.04938271604938271, 0.012345679012345678, 0.04938271604938271, 0.0, 0.037037037037037035, 0.0, 0.012345679012345678, 0.0, 0.012345679012345678, 0.012345679012345678]"
1690.0,6.955458123700176,1.2871359928846566,0.02603907210388281,"[4.55, 4.65, 4.75, 4.85, 4.95, 5.05, 5.15, 5.25, 5.35, 5.45, 5.55, 5.65, 5.75, 5.85, 5.95, 6.05, 6.15, 6.25, 6.35, 6.45, 6.55, 6.65, 6.75, 6.85, 6.95, 7.05, 7.15]","[3.7160493827160495, 3.1358024691358026, 2.123456790123457, 1.4567901234567902, 0.9629629629629629, 0.7654320987654321, 0.4691358024691358, 0.4691358024691358, 0.3950617283950617, 0.20987654320987653, 0.1728395061728395, 0.18518518518518517, 0.1111111111111111, 0.08641975308641975, 0.09876543209876543, 0.04938271604938271, 0.012345679012345678, 0.04938271604938271, 0.0, 0.037037037037037035, 0.0, 0.012345679012345678, 0.0, 0.012345679012345678, 0.012345679012345678, 0.008620689655172414, 0.008620689655172414]"
1691.0,6.971475376767111,1.290732436232735,0.009713460217579037,"[4.55, 4.65, 4.75, 4.85, 4.95, 5.05, 5.15, 5.25, 5.35, 5.45, 5.55, 5.65, 5.75, 5.85, 5.95, 6.05, 6.15, 6.25, 6.35, 6.45, 6.55, 6.65, 6.75, 6.85, 6.95]","[3.7160493827160495, 3.1358024691358026, 2.123456790123457, 1.4567901234567902, 0.9629629629629629, 0.7654320987654321, 0.4691358024691358, 0.4691358024691358, 0.3950617283950617, 0.20987654320987653, 0.1728395061728395, 0.18518518518518517, 0.1111111111111111, 0.08641975308641975, 0.09876543209876543, 0.04938271604938271, 0.012345679012345678, 0.04938271604938271, 0.0, 0.037037037037037035, 0.009900990099009901, 0.019801980198019802, 0.0, 0.009900990099009901, 0.009900990099009901]"
1692.0,6.920898374744526,1.2793438137078479,0.014533993318741133,"[4.55, 4.65, 4.75, 4.85, 4.95, 5.05, 5.15, 5.25, 5.35, 5.45, 5.55, 5.65, 5.75, 5.85, 5.95, 6.05, 6.15, 6.25, 6.35, 6.45, 6.55, 6.65, 6.75, 6.85, 6.95, 7.05, 7.15]","[3.7160493827160495, 3.1358024691358026, 2.123456790123457, 1.4567901234567902, 0.9629629629629629, 0.7654320987654321, 0.4691358024691358, 0.4691358024691358, 0.3950617283950617, 0.20987654320987653, 0.1728395061728395, 0.18518518518518517, 0.1111111111111111, 0.08641975308641975, 0.09876543209876543, 0.04938271604938271, 0.012345679012345678, 0.04938271604938271, 0.0, 0.037037037037037035, 0.009900990099009901, 0.019801980198019802, 0.0, 0.009900990099009901, 0.009900990099009901, 0.008620689655172414, 0.008620689655172414]"
1693.0,6.8518467138041785,1.2637994593026243,0.05588984238865273,"[4.55, 4.65, 4.75, 4.85, 4.95, 5.05, 5.15, 5.25, 5.35, 5.45, 5.55, 5.65, 5.75, 5.85, 5.95, 6.05, 6.15, 6.25, 6.35, 6.45, 6.55, 6.65, 6.75, 6.85, 6.95, 7.05, 7.15]","[3.7160493827160495, 3.1358024691358026, 2.123456790123457, 1.4567901234567902, 0.9629629629629629, 0.7654320987654321, 0.4691358024691358, 0.4691358024691358, 0.3950617283950617, 0.20987654320987653, 0.1728395061728395, 0.18518518518518517, 0.1111111111111111, 0.08641975308641975, 0.09876543209876543, 0.04938271604938271, 0.012345679012345678, 0.04938271604938271, 0.0, 0.037037037037037035, 0.008620689655172414, 0.02586206896551724, 0.008620689655172414, 0.008620689655172414, 0.017241379310344827, 0.008620689655172414, 0.008620689655172414]"
1694.0,6.926252532760502,1.280497293534419,0.015870769747823164,"[4.55, 4.65, 4.75, 4.85, 4.95, 5.05, 5.15, 5.25, 5.35, 5.45, 5.55, 5.65, 5.75, 5.85, 5.95, 6.05, 6.15, 6.25, 6.35, 6.45, 6.55, 6.65, 6.75, 6.85, 6.95]","[3.7160493827160495, 3.1358024691358026, 2.123456790123457, 1.4567901234567902, 0.9629629629629629, 0.7654320987654321, 0.4691358024691358, 0.4691358024691358, 0.3950617283950617, 0.20987654320987653, 0.1728395061728395, 0.18518518518518517, 0.1111111111111111, 0.08641975308641975, 0.09876543209876543, 0.0594059405940594, 0.019801980198019802, 0.04950495049504951, 0.0, 0.039603960396039604, 0.009900990099009901, 0.019801980198019802, 0.0, 0.009900990099009901, 0.009900990099009901]"
1695.0,6.879213500643857,1.2699033655823326,0.017577368297948048,"[4.55, 4.65, 4.75, 4.85, 4.95, 5.05, 5.15, 5.25, 5.35, 5.45, 5.55, 5.65, 5.75, 5.85, 5.95, 6.05, 6.15, 6.25, 6.35, 6.45, 6.55, 6.65, 6.75, 6.85, 6.95, 7.05, 7.15]","[3.7160493827160495, 3.1358024691358026, 2.123456790123457, 1.4567901234567902, 0.9629629629629629, 0.7654320987654321, 0.4691358024691358, 0.4691358024691358, 0.3950617283950617, 0.20987654320987653, 0.1728395061728395, 0.18518518518518517, 0.1111111111111111, 0.08641975308641975, 0.09876543209876543, 0.0594059405940594, 0.019801980198019802, 0.04950495049504951, 0.0, 0.039603960396039604, 0.009900990099009901, 0.019801980198019802, 0.0, 0.009900990099009901, 0.009900990099009901, 0.008620689655172414, 0.008620689655172414]"
1696.0,6.814360437962484,1.2553048750088514,0.024832783268619207,"[4.55, 4.65, 4.75, 4.85, 4.95, 5.05, 5.15, 5.25, 5.35, 5.45, 5.55, 5.65, 5.75, 5.85, 5.95, 6.05, 6.15, 6.25, 6.35, 6.45, 6.55, 6.65, 6.75, 6.85, 6.95, 7.05, 7.15]","[3.7160493827160495, 3.1358024691358026, 2.123456790123457, 1.4567901234567902, 0.9629629629629629, 0.7654320987654321, 0.4691358024691358, 0.4691358024691358, 0.3950617283950617, 0.20987654320987653, 0.1728395061728395, 0.18518518518518517, 0.1111111111111111, 0.08641975308641975, 0.09876543209876543, 0.0594059405940594, 0.019801980198019802, 0.04950495049504951, 0.0, 0.039603960396039604, 0.008620689655172414, 0.02586206896551724, 0.008620689655172414, 0.008620689655172414, 0.017241379310344827, 0.008620689655172414, 0.008620689655172414]"
1697.0,6.750581870997445,1.2408508245202652,0.0759007677104027,"[4.55, 4.65, 4.75, 4.85, 4.95, 5.05, 5.15, 5.25, 5.35, 5.45, 5.55, 5.65, 5.75, 5.85, 5.95, 6.05, 6.15, 6.25, 6.35, 6.45, 6.55, 6.65, 6.75, 6.85, 6.95, 7.05, 7.15]","[3.7160493827160495, 3.1358024691358026, 2.123456790123457, 1.4567901234567902, 0.9629629629629629, 0.7654320987654321, 0.4691358024691358, 0.4691358024691358, 0.3950617283950617, 0.20987654320987653, 0.1728395061728395, 0.18518518518518517, 0.1111111111111111, 0.08641975308641975, 0.09876543209876543, 0.06896551724137931, 0.02586206896551724, 0.05172413793103448, 0.017241379310344827, 0.034482758620689655, 0.008620689655172414, 0.02586206896551724, 0.008620689655172414, 0.008620689655172414, 0.017241379310344827, 0.008620689655172414, 0.008620689655172414]"
1698.0,6.836461041836202,1.260022610105388,0.0249241976624921,"[4.55, 4.65, 4.75, 4.85, 4.95, 5.05, 5.15, 5.25, 5.35, 5.45, 5.55, 5.65, 5.75, 5.85, 5.95, 6.05, 6.15, 6.25, 6.35, 6.45, 6.55, 6.65, 6.75, 6.85, 6.95]","[3.7160493827160495, 3.1358024691358026, 2.123456790123457, 1.4567901234567902, 0.9629629629629629, 0.7654320987654321, 0.4691358024691358, 0.4691358024691358, 0.3950617283950617, 0.20987654320987653, 0.1782178217821782, 0.19801980198019803, 0.09900990099009901, 0.12871287128712872, 0.10891089108910891, 0.0594059405940594, 0.019801980198019802, 0.04950495049504951, 0.0, 0.039603960396039604, 0.009900990099009901, 0.019801980198019802, 0.0, 0.009900990099009901, 0.009900990099009901]"
1699.0,6.795547171798274,1.2508103419811112,0.023211300158910122,"[4.55, 4.65, 4.75, 4.85, 4.95, 5.05, 5.15, 5.25, 5.35, 5.45, 5.55, 5.65, 5.75, 5.85, 5.95, 6.05, 6.15, 6.25, 6.35, 6.45, 6.55, 6.65, 6.75, 6.85, 6.95, 7.05, 7.15]","[3.7160493827160495, 3.1358024691358026, 2.123456790123457, 1.4567901234567902, 0.9629629629629629, 0.7654320987654321, 0.4691358024691358, 0.4691358024691358, 0.3950617283950617, 0.20987654320987653, 0.1782178217821782, 0.19801980198019803, 0.09900990099009901, 0.12871287128712872, 0.10891089108910891, 0.0594059405940594, 0.019801980198019802, 0.04950495049504951, 0.0, 0.039603960396039604, 0.009900990099009901, 0.019801980198019802, 0.0, 0.009900990099009901, 0.009900990099009901, 0.008620689655172414, 0.008620689655172414]"
1700.0,6.737819998227745,1.2378267409577703,0.027263585991542813,"[4.55, 4.65, 4.75, 4.85, 4.95, 5.05, 5.15, 5.25, 5.35, 5.45, 5.55, 5.65, 5.75, 5.85, 5.95, 6.05, 6.15, 6.25, 6.35, 6.45, 6.55, 6.65, 6.75, 6.85, 6.95, 7.05, 7.15]","[3.7160493827160495, 3.1358024691358026, 2.123456790123457, 1.4567901234567902, 0.9629629629629629, 0.7654320987654321, 0.4691358024691358, 0.4691358024691358, 0.3950617283950617, 0.20987654320987653, 0.1782178217821782, 0.19801980198019803, 0.09900990099009901, 0.12871287128712872, 0.10891089108910891, 0.0594059405940594, 0.019801980198019802, 0.04950495049504951, 0.0, 0.039603960396039604, 0.008620689655172414, 0.02586206896551724, 0.008620689655172414, 0.008620689655172414, 0.017241379310344827, 0.008620689655172414, 0.008620689655172414]"
1701.0,6.6820811492492,1.2251979565785769,0.031858619418429275,"[4.55, 4.65, 4.75, 4.85, 4.95, 5.05, 5.15, 5.25, 5.35, 5.45, 5.55, 5.65, 5.75, 5.85, 5.95, 6.05, 6.15, 6.25, 6.35, 6.45, 6.55, 6.65, 6.75, 6.85, 6.95, 7.05, 7.15]","[3.7160493827160495, 3.1358024691358026, 2.123456790123457, 1.4567901234567902, 0.9629629629629629, 0.7654320987654321, 0.4691358024691358, 0.4691358024691358, 0.3950617283950617, 0.20987654320987653, 0.1782178217821782, 0.19801980198019803, 0.09900990099009901, 0.12871287128712872, 0.10891089108910891, 0.06896551724137931, 0.02586206896551724, 0.05172413793103448, 0.017241379310344827, 0.034482758620689655, 0.008620689655172414, 0.02586206896551724, 0.008620689655172414, 0.008620689655172414, 0.017241379310344827, 0.008620689655172414, 0.008620689655172414]"
1702.0,6.598288482544808,1.2059750327792826,0.09893431195334879,"[4.55, 4.65, 4.75, 4.85, 4.95, 5.05, 5.15, 5.25, 5.35, 5.45, 5.55, 5.65, 5.75, 5.85, 5.95, 6.05, 6.15, 6.25, 6.35, 6.45, 6.55, 6.65, 6.75, 6.85, 6.95, 7.05, 7.15]","[3.7160493827160495, 3.1358024691358026, 2.123456790123457, 1.4567901234567902, 0.9629629629629629, 0.7654320987654321, 0.4691358024691358, 0.4691358024691358, 0.3950617283950617, 0.20987654320987653, 0.19827586206896552, 0.20689655172413793, 0.1206896551724138, 0.12931034482758622, 0.12931034482758622, 0.06896551724137931, 0.02586206896551724, 0.05172413793103448, 0.017241379310344827, 0.034482758620689655, 0.008620689655172414, 0.02586206896551724, 0.008620689655172414, 0.008620689655172414, 0.017241379310344827, 0.008620689655172414, 0.008620689655172414]"
1703.0,6.791868176185072,1.2490860114104445,0.019078480928578865,"[4.55, 4.65, 4.75, 4.85, 4.95, 5.05, 5.15, 5.25, 5.35, 5.45, 5.55, 5.65, 5.75, 5.85, 5.95, 6.05, 6.15, 6.25, 6.35, 6.45, 6.55, 6.65, 6.75, 6.85, 6.95]","[3.7160493827160495, 3.1358024691358026, 2.123456790123457, 1.4567901234567902, 0.9629629629629629, 0.8316831683168316, 0.5346534653465347, 0.5445544554455446, 0.38613861386138615, 0.21782178217821782, 0.1782178217821782, 0.19801980198019803, 0.09900990099009901, 0.12871287128712872, 0.10891089108910891, 0.0594059405940594, 0.019801980198019802, 0.04950495049504951, 0.0, 0.039603960396039604, 0.009900990099009901, 0.019801980198019802, 0.0, 0.009900990099009901, 0.009900990099009901]"
1704.0,6.75478795135348,1.2407568106688442,0.020613183861603993,"[4.55, 4.65, 4.75, 4.85, 4.95, 5.05, 5.15, 5.25, 5.35, 5.45, 5.55, 5.65, 5.75, 5.85, 5.95, 6.05, 6.15, 6.25, 6.35, 6.45, 6.55, 6.65, 6.75, 6.85, 6.95, 7.05, 7.15]","[3.7160493827160495, 3.1358024691358026, 2.123456790123457, 1.4567901234567902, 0.9629629629629629, 0.8316831683168316, 0.5346534653465347, 0.5445544554455446, 0.38613861386138615, 0.21782178217821782, 0.1782178217821782, 0.19801980198019803, 0.09900990099009901, 0.12871287128712872, 0.10891089108910891, 0.0594059405940594, 0.019801980198019802, 0.04950495049504951, 0.0, 0.039603960396039604, 0.009900990099009901, 0.019801980198019802, 0.0, 0.009900990099009901, 0.009900990099009901, 0.008620689655172414, 0.008620689655172414]"
1705.0,6.701585823569042,1.2288258195402277,0.029214817361040635,"[4.55, 4.65, 4.75, 4.85, 4.95, 5.05, 5.15, 5.25, 5.35, 5.45, 5.55, 5.65, 5.75, 5.85, 5.95, 6.05, 6.15, 6.25, 6.35, 6.45, 6.55, 6.65, 6.75, 6.85, 6.95, 7.05, 7.15]","[3.7160493827160495, 3.1358024691358026, 2.123456790123457, 1.4567901234567902, 0.9629629629629629, 0.8316831683168316, 0.5346534653465347, 0.5445544554455446, 0.38613861386138615, 0.21782178217821782, 0.1782178217821782, 0.19801980198019803, 0.09900990099009901, 0.12871287128712872, 0.10891089108910891, 0.0594059405940594, 0.019801980198019802, 0.04950495049504951, 0.0, 0.039603960396039604, 0.008620689655172414, 0.02586206896551724, 0.008620689655172414, 0.008620689655172414, 0.017241379310344827, 0.008620689655172414, 0.008620689655172414]"
1706.0,6.6508787360060895,1.2173687060872325,0.03377095416437985,"[4.55, 4.65, 4.75, 4.85, 4.95, 5.05, 5.15, 5.25, 5.35, 5.45, 5.55, 5.65, 5.75, 5.85, 5.95, 6.05, 6.15, 6.25, 6.35, 6.45, 6.55, 6.65, 6.75, 6.85, 6.95, 7.05, 7.15]","[3.7160493827160495, 3.1358024691358026, 2.123456790123457, 1.4567901234567902, 0.9629629629629629, 0.8316831683168316, 0.5346534653465347, 0.5445544554455446, 0.38613861386138615, 0.21782178217821782, 0.1782178217821782, 0.19801980198019803, 0.09900990099009901, 0.12871287128712872, 0.10891089108910891, 0.06896551724137931, 0.02586206896551724, 0.05172413793103448, 0.017241379310344827, 0.034482758620689655, 0.008620689655172414, 0.02586206896551724, 0.008620689655172414, 0.008620689655172414, 0.017241379310344827, 0.008620689655172414, 0.008620689655172414]"
1707.0,6.574629179476232,1.1999204569184856,0.04206241234820724,"[4.55, 4.65, 4.75, 4.85, 4.95, 5.05, 5.15, 5.25, 5.35, 5.45, 5.55, 5.65, 5.75, 5.85, 5.95, 6.05, 6.15, 6.25, 6.35, 6.45, 6.55, 6.65, 6.75, 6.85, 6.95, 7.05, 7.15]","[3.7160493827160495, 3.1358024691358026, 2.123456790123457, 1.4567901234567902, 0.9629629629629629, 0.8316831683168316, 0.5346534653465347, 0.5445544554455446, 0.38613861386138615, 0.21782178217821782, 0.19827586206896552, 0.20689655172413793, 0.1206896551724138, 0.12931034482758622, 0.12931034482758622, 0.06896551724137931, 0.02586206896551724, 0.05172413793103448, 0.017241379310344827, 0.034482758620689655, 0.008620689655172414, 0.02586206896551724, 0.008620689655172414, 0.008620689655172414, 0.017241379310344827, 0.008620689655172414, 0.008620689655172414]"
1708.0,6.494891899158164,1.180648212302278,0.06675589727073829,"[4.55, 4.65, 4.75, 4.85, 4.95, 5.05, 5.15, 5.25, 5.35, 5.45, 5.55, 5.65, 5.75, 5.85, 5.95, 6.05, 6.15, 6.25, 6.35, 6.45, 6.55, 6.65, 6.75, 6.85, 6.95, 7.05, 7.15]","[3.7160493827160495, 3.1358024691358026, 2.123456790123457, 1.4567901234567902, 0.9629629629629629, 0.9224137931034483, 0.5258620689655172, 0.5517241379310345, 0.5, 0.2672413793103448, 0.19827586206896552, 0.20689655172413793, 0.1206896551724138, 0.12931034482758622, 0.12931034482758622, 0.06896551724137931, 0.02586206896551724, 0.05172413793103448, 0.017241379310344827, 0.034482758620689655, 0.008620689655172414, 0.02586206896551724, 0.008620689655172414, 0.008620689655172414, 0.017241379310344827, 0.008620689655172414, 0.008620689655172414]"
1709.0,6.586794756590997,1.2083569202384004,0.014451230760942103,"[4.55, 4.65, 4.75, 4.85, 4.95, 5.05, 5.15, 5.25, 5.35, 5.45, 5.55, 5.65, 5.75, 5.85, 5.95, 6.05, 6.15, 6.25, 6.35, 6.45, 6.55, 6.65, 6.75, 6.85, 6.95]","[3.3564356435643563, 2.9702970297029703, 1.9108910891089108, 1.297029702970297, 1.118811881188119, 0.8316831683168316, 0.5346534653465347, 0.5445544554455446, 0.38613861386138615, 0.21782178217821782, 0.1782178217821782, 0.19801980198019803, 0.09900990099009901, 0.12871287128712872, 0.10891089108910891, 0.0594059405940594, 0.019801980198019802, 0.04950495049504951, 0.0, 0.039603960396039604, 0.009900990099009901, 0.019801980198019802, 0.0, 0.009900990099009901, 0.009900990099009901]"
1710.0,6.554656887663472,1.2010857738422598,0.015675245739542067,"[4.55, 4.65, 4.75, 4.85, 4.95, 5.05, 5.15, 5.25, 5.35, 5.45, 5.55, 5.65, 5.75, 5.85, 5.95, 6.05, 6.15, 6.25, 6.35, 6.45, 6.55, 6.65, 6.75, 6.85, 6.95, 7.05, 7.15]","[3.3564356435643563, 2.9702970297029703, 1.9108910891089108, 1.297029702970297, 1.118811881188119, 0.8316831683168316, 0.5346534653465347, 0.5445544554455446, 0.38613861386138615, 0.21782178217821782, 0.1782178217821782, 0.19801980198019803, 0.09900990099009901, 0.12871287128712872, 0.10891089108910891, 0.0594059405940594, 0.019801980198019802, 0.04950495049504951, 0.0, 0.039603960396039604, 0.009900990099009901, 0.019801980198019802, 0.0, 0.009900990099009901, 0.009900990099009901, 0.008620689655172414, 0.008620689655172414]"
1711.0,6.5063574577512036,1.1901946379629655,0.042718492395361095,"[4.55, 4.65, 4.75, 4.85, 4.95, 5.05, 5.15, 5.25, 5.35, 5.45, 5.55, 5.65, 5.75, 5.85, 5.95, 6.05, 6.15, 6.25, 6.35, 6.45, 6.55, 6.65, 6.75, 6.85, 6.95, 7.05, 7.15]","[3.3564356435643563, 2.9702970297029703, 1.9108910891089108, 1.297029702970297, 1.118811881188119, 0.8316831683168316, 0.5346534653465347, 0.5445544554455446, 0.38613861386138615, 0.21782178217821782, 0.1782178217821782, 0.19801980198019803, 0.09900990099009901, 0.12871287128712872, 0.10891089108910891, 0.0594059405940594, 0.019801980198019802, 0.04950495049504951, 0.0, 0.039603960396039604, 0.008620689655172414, 0.02586206896551724, 0.008620689655172414, 0.008620689655172414, 0.017241379310344827, 0.008620689655172414, 0.008620689655172414]"
1712.0,6.461135628678534,1.1799240229157255,0.053500589303707005,"[4.55, 4.65, 4.75, 4.85, 4.95, 5.05, 5.15, 5.25, 5.35, 5.45, 5.55, 5.65, 5.75, 5.85, 5.95, 6.05, 6.15, 6.25, 6.35, 6.45, 6.55, 6.65, 6.75, 6.85, 6.95, 7.05, 7.15]","[3.3564356435643563, 2.9702970297029703, 1.9108910891089108, 1.297029702970297, 1.118811881188119, 0.8316831683168316, 0.5346534653465347, 0.5445544554455446, 0.38613861386138615, 0.21782178217821782, 0.1782178217821782, 0.19801980198019803, 0.09900990099009901, 0.12871287128712872, 0.10891089108910891, 0.06896551724137931, 0.02586206896551724, 0.05172413793103448, 0.017241379310344827, 0.034482758620689655, 0.008620689655172414, 0.02586206896551724, 0.008620689655172414, 0.008620689655172414, 0.017241379310344827, 0.008620689655172414, 0.008620689655172414]"
1713.0,6.390833829751186,1.1637664977738031,0.07669370760218183,"[4.55, 4.65, 4.75, 4.85, 4.95, 5.05, 5.15, 5.25, 5.35, 5.45, 5.55, 5.65, 5.75, 5.85, 5.95, 6.05, 6.15, 6.25, 6.35, 6.45, 6.55, 6.65, 6.75, 6.85, 6.95, 7.05, 7.15]","[3.3564356435643563, 2.9702970297029703, 1.9108910891089108, 1.297029702970297, 1.118811881188119, 0.8316831683168316, 0.5346534653465347, 0.5445544554455446, 0.38613861386138615, 0.21782178217821782, 0.19827586206896552, 0.20689655172413793, 0.1206896551724138, 0.12931034482758622, 0.12931034482758622, 0.06896551724137931, 0.02586206896551724, 0.05172413793103448, 0.017241379310344827, 0.034482758620689655, 0.008620689655172414, 0.02586206896551724, 0.008620689655172414, 0.008620689655172414, 0.017241379310344827, 0.008620689655172414, 0.008620689655172414]"
1714.0,6.31090466065314,1.1444437471531657,0.05179864246806502,"[4.55, 4.65, 4.75, 4.85, 4.95, 5.05, 5.15, 5.25, 5.35, 5.45, 5.55, 5.65, 5.75, 5.85, 5.95, 6.05, 6.15, 6.25, 6.35, 6.45, 6.55, 6.65, 6.75, 6.85, 6.95, 7.05, 7.15]","[3.3564356435643563, 2.9702970297029703, 1.9108910891089108, 1.297029702970297, 1.118811881188119, 0.9224137931034483, 0.5258620689655172, 0.5517241379310345, 0.5, 0.2672413793103448, 0.19827586206896552, 0.20689655172413793, 0.1206896551724138, 0.12931034482758622, 0.12931034482758622, 0.06896551724137931, 0.02586206896551724, 0.05172413793103448, 0.017241379310344827, 0.034482758620689655, 0.008620689655172414, 0.02586206896551724, 0.008620689655172414, 0.008620689655172414, 0.017241379310344827, 0.008620689655172414, 0.008620689655172414]"
1715.0,6.2067038983925995,1.124334997125852,0.0030316353489370507,"[4.55, 4.65, 4.75, 4.85, 4.95, 5.05, 5.15, 5.25, 5.35, 5.45, 5.55, 5.65, 5.75, 5.85, 5.95, 6.05, 6.15, 6.25, 6.35, 6.45, 6.55, 6.65, 6.75, 6.85, 6.95, 7.05, 7.15]","[3.189655172413793, 2.8189655172413794, 1.8362068965517242, 1.2413793103448276, 1.1120689655172413, 0.9224137931034483, 0.5258620689655172, 0.5517241379310345, 0.5, 0.2672413793103448, 0.19827586206896552, 0.20689655172413793, 0.1206896551724138, 0.12931034482758622, 0.12931034482758622, 0.06896551724137931, 0.02586206896551724, 0.05172413793103448, 0.017241379310344827, 0.034482758620689655, 0.008620689655172414, 0.02586206896551724, 0.008620689655172414, 0.008620689655172414, 0.017241379310344827, 0.008620689655172414, 0.008620689655172414]"
