rupture_id,magnitude,longitude,latitude,depth,tectonic_region
1,4.05,5.557371338640676,46.04311120392052,10.0,Undef
2,4.1499999999999995,5.557371338640676,46.04311120392052,5.0,Undef
5,4.249999999999999,5.557371338640676,46.04311120392052,10.0,Undef
9,4.449999999999998,5.557371338640676,46.04311120392052,10.0,Undef
10,4.549999999999998,5.557371338640676,46.04311120392052,5.0,Undef
11,4.549999999999998,5.557371338640676,46.04311120392052,10.0,Undef
12,4.649999999999998,5.557371338640676,46.04311120392052,5.0,Undef
13,4.649999999999998,5.557371338640676,46.04311120392052,10.0,Undef
15,4.749999999999997,5.557371338640676,46.04311120392052,10.0,Undef
39,5.949999999999993,5.557371338640676,46.04311120392052,10.0,Undef
61,4.05,5.686934642259881,46.04311120392052,10.0,Undef
62,4.1499999999999995,5.686934642259881,46.04311120392052,5.0,Undef
63,4.1499999999999995,5.686934642259881,46.04311120392052,10.0,Undef
65,4.249999999999999,5.686934642259881,46.04311120392052,10.0,Undef
67,4.349999999999999,5.686934642259881,46.04311120392052,10.0,Undef
73,4.649999999999998,5.686934642259881,46.04311120392052,10.0,Undef
77,4.849999999999997,5.686934642259881,46.04311120392052,10.0,Undef
84,5.249999999999996,5.686934642259881,46.04311120392052,5.0,Undef
95,5.749999999999994,5.686934642259881,46.04311120392052,10.0,Undef
121,4.05,5.816497945879085,46.04311120392052,10.0,Undef
124,4.249999999999999,5.816497945879085,46.04311120392052,5.0,Undef
131,4.549999999999998,5.816497945879085,46.04311120392052,10.0,Undef
132,4.649999999999998,5.816497945879085,46.04311120392052,5.0,Undef
135,4.749999999999997,5.816497945879085,46.04311120392052,10.0,Undef
146,5.349999999999995,5.816497945879085,46.04311120392052,5.0,Undef
181,4.05,5.94606124949829,46.04311120392052,10.0,Undef
182,4.1499999999999995,5.94606124949829,46.04311120392052,5.0,Undef
183,4.1499999999999995,5.94606124949829,46.04311120392052,10.0,Undef
185,4.249999999999999,5.94606124949829,46.04311120392052,10.0,Undef
189,4.449999999999998,5.94606124949829,46.04311120392052,10.0,Undef
190,4.549999999999998,5.94606124949829,46.04311120392052,5.0,Undef
191,4.549999999999998,5.94606124949829,46.04311120392052,10.0,Undef
192,4.649999999999998,5.94606124949829,46.04311120392052,5.0,Undef
195,4.749999999999997,5.94606124949829,46.04311120392052,10.0,Undef
199,4.949999999999997,5.94606124949829,46.04311120392052,10.0,Undef
201,5.049999999999996,5.94606124949829,46.04311120392052,10.0,Undef
241,4.05,6.075624553117494,46.04311120392052,10.0,Undef
242,4.1499999999999995,6.075624553117494,46.04311120392052,5.0,Undef
243,4.1499999999999995,6.075624553117494,46.04311120392052,10.0,Undef
245,4.249999999999999,6.075624553117494,46.04311120392052,10.0,Undef
246,4.349999999999999,6.075624553117494,46.04311120392052,5.0,Undef
247,4.349999999999999,6.075624553117494,46.04311120392052,10.0,Undef
251,4.549999999999998,6.075624553117494,46.04311120392052,10.0,Undef
303,4.1499999999999995,6.205187856736699,46.04311120392052,10.0,Undef
304,4.249999999999999,6.205187856736699,46.04311120392052,5.0,Undef
305,4.249999999999999,6.205187856736699,46.04311120392052,10.0,Undef
307,4.349999999999999,6.205187856736699,46.04311120392052,10.0,Undef
311,4.549999999999998,6.205187856736699,46.04311120392052,10.0,Undef
366,4.349999999999999,6.3347511603559035,46.04311120392052,5.0,Undef
367,4.349999999999999,6.3347511603559035,46.04311120392052,10.0,Undef
369,4.449999999999998,6.3347511603559035,46.04311120392052,10.0,Undef
375,4.749999999999997,6.3347511603559035,46.04311120392052,10.0,Undef
379,4.949999999999997,6.3347511603559035,46.04311120392052,10.0,Undef
421,4.05,4.649165786609412,45.95317904332864,10.0,Undef
424,4.249999999999999,4.649165786609412,45.95317904332864,5.0,Undef
428,4.449999999999998,4.649165786609412,45.95317904332864,5.0,Undef
429,4.449999999999998,4.649165786609412,45.95317904332864,10.0,Undef
432,4.649999999999998,4.649165786609412,45.95317904332864,5.0,Undef
434,4.749999999999997,4.649165786609412,45.95317904332864,5.0,Undef
481,4.05,4.77851868577914,45.95317904332864,10.0,Undef
483,4.1499999999999995,4.77851868577914,45.95317904332864,10.0,Undef
488,4.449999999999998,4.77851868577914,45.95317904332864,5.0,Undef
491,4.549999999999998,4.77851868577914,45.95317904332864,10.0,Undef
499,4.949999999999997,4.77851868577914,45.95317904332864,10.0,Undef
541,4.05,4.907871584948868,45.95317904332864,10.0,Undef
543,4.1499999999999995,4.907871584948868,45.95317904332864,10.0,Undef
545,4.249999999999999,4.907871584948868,45.95317904332864,10.0,Undef
546,4.349999999999999,4.907871584948868,45.95317904332864,5.0,Undef
601,4.05,5.037224484118597,45.95317904332864,10.0,Undef
607,4.349999999999999,5.037224484118597,45.95317904332864,10.0,Undef
608,4.449999999999998,5.037224484118597,45.95317904332864,5.0,Undef
611,4.549999999999998,5.037224484118597,45.95317904332864,10.0,Undef
616,4.849999999999997,5.037224484118597,45.95317904332864,5.0,Undef
617,4.849999999999997,5.037224484118597,45.95317904332864,10.0,Undef
619,4.949999999999997,5.037224484118597,45.95317904332864,10.0,Undef
621,5.049999999999996,5.037224484118597,45.95317904332864,10.0,Undef
625,5.249999999999996,5.037224484118597,45.95317904332864,10.0,Undef
660,4.05,5.166577383288325,45.95317904332864,5.0,Undef
661,4.05,5.166577383288325,45.95317904332864,10.0,Undef
667,4.349999999999999,5.166577383288325,45.95317904332864,10.0,Undef
670,4.549999999999998,5.166577383288325,45.95317904332864,5.0,Undef
681,5.049999999999996,5.166577383288325,45.95317904332864,10.0,Undef
720,4.05,5.295930282458054,45.95317904332864,5.0,Undef
722,4.1499999999999995,5.295930282458054,45.95317904332864,5.0,Undef
723,4.1499999999999995,5.295930282458054,45.95317904332864,10.0,Undef
727,4.349999999999999,5.295930282458054,45.95317904332864,10.0,Undef
747,5.349999999999995,5.295930282458054,45.95317904332864,10.0,Undef
781,4.05,5.425283181627782,45.95317904332864,10.0,Undef
782,4.1499999999999995,5.425283181627782,45.95317904332864,5.0,Undef
785,4.249999999999999,5.425283181627782,45.95317904332864,10.0,Undef
790,4.549999999999998,5.425283181627782,45.95317904332864,5.0,Undef
791,4.549999999999998,5.425283181627782,45.95317904332864,10.0,Undef
792,4.649999999999998,5.425283181627782,45.95317904332864,5.0,Undef
795,4.749999999999997,5.425283181627782,45.95317904332864,10.0,Undef
802,5.149999999999996,5.425283181627782,45.95317904332864,5.0,Undef
811,5.5499999999999945,5.425283181627782,45.95317904332864,10.0,Undef
841,4.05,5.5546360807975095,45.95317904332864,10.0,Undef
843,4.1499999999999995,5.5546360807975095,45.95317904332864,10.0,Undef
845,4.249999999999999,5.5546360807975095,45.95317904332864,10.0,Undef
847,4.349999999999999,5.5546360807975095,45.95317904332864,10.0,Undef
849,4.449999999999998,5.5546360807975095,45.95317904332864,10.0,Undef
852,4.649999999999998,5.5546360807975095,45.95317904332864,5.0,Undef
853,4.649999999999998,5.5546360807975095,45.95317904332864,10.0,Undef
854,4.749999999999997,5.5546360807975095,45.95317904332864,5.0,Undef
860,5.049999999999996,5.5546360807975095,45.95317904332864,5.0,Undef
881,6.049999999999993,5.5546360807975095,45.95317904332864,10.0,Undef
900,4.05,5.683988979967238,45.95317904332864,5.0,Undef
901,4.05,5.683988979967238,45.95317904332864,10.0,Undef
903,4.1499999999999995,5.683988979967238,45.95317904332864,10.0,Undef
913,4.649999999999998,5.683988979967238,45.95317904332864,10.0,Undef
960,4.05,5.813341879136966,45.95317904332864,5.0,Undef
963,4.1499999999999995,5.813341879136966,45.95317904332864,10.0,Undef
967,4.349999999999999,5.813341879136966,45.95317904332864,10.0,Undef
973,4.649999999999998,5.813341879136966,45.95317904332864,10.0,Undef
1020,4.05,5.942694778306695,45.95317904332864,5.0,Undef
1021,4.05,5.942694778306695,45.95317904332864,10.0,Undef
1022,4.1499999999999995,5.942694778306695,45.95317904332864,5.0,Undef
1023,4.1499999999999995,5.942694778306695,45.95317904332864,10.0,Undef
1024,4.249999999999999,5.942694778306695,45.95317904332864,5.0,Undef
1027,4.349999999999999,5.942694778306695,45.95317904332864,10.0,Undef
1031,4.549999999999998,5.942694778306695,45.95317904332864,10.0,Undef
1040,5.049999999999996,5.942694778306695,45.95317904332864,5.0,Undef
1045,5.249999999999996,5.942694778306695,45.95317904332864,10.0,Undef
1081,4.05,6.072047677476423,45.95317904332864,10.0,Undef
1082,4.1499999999999995,6.072047677476423,45.95317904332864,5.0,Undef
1086,4.349999999999999,6.072047677476423,45.95317904332864,5.0,Undef
1087,4.349999999999999,6.072047677476423,45.95317904332864,10.0,Undef
1096,4.849999999999997,6.072047677476423,45.95317904332864,5.0,Undef
1108,5.449999999999995,6.072047677476423,45.95317904332864,5.0,Undef
1140,4.05,6.201400576646151,45.95317904332864,5.0,Undef
1141,4.05,6.201400576646151,45.95317904332864,10.0,Undef
1144,4.249999999999999,6.201400576646151,45.95317904332864,5.0,Undef
1148,4.449999999999998,6.201400576646151,45.95317904332864,5.0,Undef
1160,5.049999999999996,6.201400576646151,45.95317904332864,5.0,Undef
1200,4.05,6.33075347581588,45.95317904332864,5.0,Undef
1201,4.05,6.33075347581588,45.95317904332864,10.0,Undef
1203,4.1499999999999995,6.33075347581588,45.95317904332864,10.0,Undef
1205,4.249999999999999,6.33075347581588,45.95317904332864,10.0,Undef
1212,4.649999999999998,6.33075347581588,45.95317904332864,5.0,Undef
1215,4.749999999999997,6.33075347581588,45.95317904332864,10.0,Undef
1223,5.149999999999996,6.33075347581588,45.95317904332864,10.0,Undef
1263,4.1499999999999995,4.002191886226798,45.863246882736775,10.0,Undef
1265,4.249999999999999,4.002191886226798,45.863246882736775,10.0,Undef
1271,4.549999999999998,4.002191886226798,45.863246882736775,10.0,Undef
1285,5.249999999999996,4.002191886226798,45.863246882736775,10.0,Undef
1287,5.349999999999995,4.002191886226798,45.863246882736775,10.0,Undef
1325,4.249999999999999,4.131335380862552,45.863246882736775,10.0,Undef
1326,4.349999999999999,4.131335380862552,45.863246882736775,5.0,Undef
1331,4.549999999999998,4.131335380862552,45.863246882736775,10.0,Undef
1340,5.049999999999996,4.131335380862552,45.863246882736775,5.0,Undef
1380,4.05,4.260478875498307,45.863246882736775,5.0,Undef
1382,4.1499999999999995,4.260478875498307,45.863246882736775,5.0,Undef
1383,4.1499999999999995,4.260478875498307,45.863246882736775,10.0,Undef
1384,4.249999999999999,4.260478875498307,45.863246882736775,5.0,Undef
1387,4.349999999999999,4.260478875498307,45.863246882736775,10.0,Undef
1393,4.649999999999998,4.260478875498307,45.863246882736775,10.0,Undef
1440,4.05,4.389622370134062,45.863246882736775,5.0,Undef
1441,4.05,4.389622370134062,45.863246882736775,10.0,Undef
1442,4.1499999999999995,4.389622370134062,45.863246882736775,5.0,Undef
1447,4.349999999999999,4.389622370134062,45.863246882736775,10.0,Undef
1451,4.549999999999998,4.389622370134062,45.863246882736775,10.0,Undef
1452,4.649999999999998,4.389622370134062,45.863246882736775,5.0,Undef
1500,4.05,4.518765864769817,45.863246882736775,5.0,Undef
1501,4.05,4.518765864769817,45.863246882736775,10.0,Undef
1502,4.1499999999999995,4.518765864769817,45.863246882736775,5.0,Undef
1503,4.1499999999999995,4.518765864769817,45.863246882736775,10.0,Undef
1504,4.249999999999999,4.518765864769817,45.863246882736775,5.0,Undef
1505,4.249999999999999,4.518765864769817,45.863246882736775,10.0,Undef
1506,4.349999999999999,4.518765864769817,45.863246882736775,5.0,Undef
1511,4.549999999999998,4.518765864769817,45.863246882736775,10.0,Undef
1524,5.249999999999996,4.518765864769817,45.863246882736775,5.0,Undef
1561,4.05,4.647909359405572,45.863246882736775,10.0,Undef
1563,4.1499999999999995,4.647909359405572,45.863246882736775,10.0,Undef
1568,4.449999999999998,4.647909359405572,45.863246882736775,5.0,Undef
1573,4.649999999999998,4.647909359405572,45.863246882736775,10.0,Undef
1579,4.949999999999997,4.647909359405572,45.863246882736775,10.0,Undef
1621,4.05,4.777052854041327,45.863246882736775,10.0,Undef
1625,4.249999999999999,4.777052854041327,45.863246882736775,10.0,Undef
1628,4.449999999999998,4.777052854041327,45.863246882736775,5.0,Undef
1633,4.649999999999998,4.777052854041327,45.863246882736775,10.0,Undef
1635,4.749999999999997,4.777052854041327,45.863246882736775,10.0,Undef
1637,4.849999999999997,4.777052854041327,45.863246882736775,10.0,Undef
1639,4.949999999999997,4.777052854041327,45.863246882736775,10.0,Undef
1681,4.05,4.906196348677081,45.863246882736775,10.0,Undef
1683,4.1499999999999995,4.906196348677081,45.863246882736775,10.0,Undef
1687,4.349999999999999,4.906196348677081,45.863246882736775,10.0,Undef
1694,4.749999999999997,4.906196348677081,45.863246882736775,5.0,Undef
1695,4.749999999999997,4.906196348677081,45.863246882736775,10.0,Undef
1717,5.849999999999993,4.906196348677081,45.863246882736775,10.0,Undef
1741,4.05,5.035339843312837,45.863246882736775,10.0,Undef
1743,4.1499999999999995,5.035339843312837,45.863246882736775,10.0,Undef
1747,4.349999999999999,5.035339843312837,45.863246882736775,10.0,Undef
1749,4.449999999999998,5.035339843312837,45.863246882736775,10.0,Undef
1755,4.749999999999997,5.035339843312837,45.863246882736775,10.0,Undef
1756,4.849999999999997,5.035339843312837,45.863246882736775,5.0,Undef
1761,5.049999999999996,5.035339843312837,45.863246882736775,10.0,Undef
1801,4.05,5.1644833379485915,45.863246882736775,10.0,Undef
1807,4.349999999999999,5.1644833379485915,45.863246882736775,10.0,Undef
1810,4.549999999999998,5.1644833379485915,45.863246882736775,5.0,Undef
1813,4.649999999999998,5.1644833379485915,45.863246882736775,10.0,Undef
1815,4.749999999999997,5.1644833379485915,45.863246882736775,10.0,Undef
1860,4.05,5.293626832584347,45.863246882736775,5.0,Undef
1861,4.05,5.293626832584347,45.863246882736775,10.0,Undef
1865,4.249999999999999,5.293626832584347,45.863246882736775,10.0,Undef
1868,4.449999999999998,5.293626832584347,45.863246882736775,5.0,Undef
1870,4.549999999999998,5.293626832584347,45.863246882736775,5.0,Undef
1921,4.05,5.4227703272201015,45.863246882736775,10.0,Undef
1922,4.1499999999999995,5.4227703272201015,45.863246882736775,5.0,Undef
1923,4.1499999999999995,5.4227703272201015,45.863246882736775,10.0,Undef
1925,4.249999999999999,5.4227703272201015,45.863246882736775,10.0,Undef
1926,4.349999999999999,5.4227703272201015,45.863246882736775,5.0,Undef
1928,4.449999999999998,5.4227703272201015,45.863246882736775,5.0,Undef
1945,5.249999999999996,5.4227703272201015,45.863246882736775,10.0,Undef
1981,4.05,5.551913821855857,45.863246882736775,10.0,Undef
1982,4.1499999999999995,5.551913821855857,45.863246882736775,5.0,Undef
1983,4.1499999999999995,5.551913821855857,45.863246882736775,10.0,Undef
1984,4.249999999999999,5.551913821855857,45.863246882736775,5.0,Undef
1985,4.249999999999999,5.551913821855857,45.863246882736775,10.0,Undef
1986,4.349999999999999,5.551913821855857,45.863246882736775,5.0,Undef
1987,4.349999999999999,5.551913821855857,45.863246882736775,10.0,Undef
1989,4.449999999999998,5.551913821855857,45.863246882736775,10.0,Undef
2009,5.449999999999995,5.551913821855857,45.863246882736775,10.0,Undef
2041,4.05,5.681057316491612,45.863246882736775,10.0,Undef
2042,4.1499999999999995,5.681057316491612,45.863246882736775,5.0,Undef
2043,4.1499999999999995,5.681057316491612,45.863246882736775,10.0,Undef
2045,4.249999999999999,5.681057316491612,45.863246882736775,10.0,Undef
2047,4.349999999999999,5.681057316491612,45.863246882736775,10.0,Undef
2049,4.449999999999998,5.681057316491612,45.863246882736775,10.0,Undef
2051,4.549999999999998,5.681057316491612,45.863246882736775,10.0,Undef
2053,4.649999999999998,5.681057316491612,45.863246882736775,10.0,Undef
2103,4.1499999999999995,5.810200811127366,45.863246882736775,10.0,Undef
2106,4.349999999999999,5.810200811127366,45.863246882736775,5.0,Undef
2111,4.549999999999998,5.810200811127366,45.863246882736775,10.0,Undef
2112,4.649999999999998,5.810200811127366,45.863246882736775,5.0,Undef
2124,5.249999999999996,5.810200811127366,45.863246882736775,5.0,Undef
2161,4.05,5.939344305763122,45.863246882736775,10.0,Undef
2165,4.249999999999999,5.939344305763122,45.863246882736775,10.0,Undef
2167,4.349999999999999,5.939344305763122,45.863246882736775,10.0,Undef
2171,4.549999999999998,5.939344305763122,45.863246882736775,10.0,Undef
2179,4.949999999999997,5.939344305763122,45.863246882736775,10.0,Undef
2220,4.05,6.068487800398876,45.863246882736775,5.0,Undef
2221,4.05,6.068487800398876,45.863246882736775,10.0,Undef
2224,4.249999999999999,6.068487800398876,45.863246882736775,5.0,Undef
2225,4.249999999999999,6.068487800398876,45.863246882736775,10.0,Undef
2226,4.349999999999999,6.068487800398876,45.863246882736775,5.0,Undef
2227,4.349999999999999,6.068487800398876,45.863246882736775,10.0,Undef
2234,4.749999999999997,6.068487800398876,45.863246882736775,5.0,Undef
2247,5.349999999999995,6.068487800398876,45.863246882736775,10.0,Undef
2251,5.5499999999999945,6.068487800398876,45.863246882736775,10.0,Undef
2283,4.1499999999999995,6.197631295034632,45.863246882736775,10.0,Undef
2285,4.249999999999999,6.197631295034632,45.863246882736775,10.0,Undef
2289,4.449999999999998,6.197631295034632,45.863246882736775,10.0,Undef
2306,5.349999999999995,6.197631295034632,45.863246882736775,5.0,Undef
2340,4.05,6.326774789670386,45.863246882736775,5.0,Undef
2341,4.05,6.326774789670386,45.863246882736775,10.0,Undef
2342,4.1499999999999995,6.326774789670386,45.863246882736775,5.0,Undef
2343,4.1499999999999995,6.326774789670386,45.863246882736775,10.0,Undef
2345,4.249999999999999,6.326774789670386,45.863246882736775,10.0,Undef
2349,4.449999999999998,6.326774789670386,45.863246882736775,10.0,Undef
2350,4.549999999999998,6.326774789670386,45.863246882736775,5.0,Undef
2351,4.549999999999998,6.326774789670386,45.863246882736775,10.0,Undef
2352,4.649999999999998,6.326774789670386,45.863246882736775,5.0,Undef
2355,4.749999999999997,6.326774789670386,45.863246882736775,10.0,Undef
2357,4.849999999999997,6.326774789670386,45.863246882736775,10.0,Undef
2372,5.649999999999994,6.326774789670386,45.863246882736775,5.0,Undef
2401,4.05,4.001983475730687,45.773314722144896,10.0,Undef
2402,4.1499999999999995,4.001983475730687,45.773314722144896,5.0,Undef
2403,4.1499999999999995,4.001983475730687,45.773314722144896,10.0,Undef
2409,4.449999999999998,4.001983475730687,45.773314722144896,10.0,Undef
2417,4.849999999999997,4.001983475730687,45.773314722144896,10.0,Undef
2425,5.249999999999996,4.001983475730687,45.773314722144896,10.0,Undef
2461,4.05,4.1309185598703575,45.773314722144896,10.0,Undef
2462,4.1499999999999995,4.1309185598703575,45.773314722144896,5.0,Undef
2463,4.1499999999999995,4.1309185598703575,45.773314722144896,10.0,Undef
2464,4.249999999999999,4.1309185598703575,45.773314722144896,5.0,Undef
2465,4.249999999999999,4.1309185598703575,45.773314722144896,10.0,Undef
2466,4.349999999999999,4.1309185598703575,45.773314722144896,5.0,Undef
2471,4.549999999999998,4.1309185598703575,45.773314722144896,10.0,Undef
2472,4.649999999999998,4.1309185598703575,45.773314722144896,5.0,Undef
2488,5.449999999999995,4.1309185598703575,45.773314722144896,5.0,Undef
2503,6.149999999999992,4.1309185598703575,45.773314722144896,10.0,Undef
2521,4.05,4.259853644010002,45.773314722144896,10.0,Undef
2523,4.1499999999999995,4.259853644010002,45.773314722144896,10.0,Undef
2531,4.549999999999998,4.259853644010002,45.773314722144896,10.0,Undef
2539,4.949999999999997,4.259853644010002,45.773314722144896,10.0,Undef
2587,4.349999999999999,4.388788728149648,45.773314722144896,10.0,Undef
2589,4.449999999999998,4.388788728149648,45.773314722144896,10.0,Undef
2592,4.649999999999998,4.388788728149648,45.773314722144896,5.0,Undef
2614,5.749999999999994,4.388788728149648,45.773314722144896,5.0,Undef
2640,4.05,4.517723812289318,45.773314722144896,5.0,Undef
2641,4.05,4.517723812289318,45.773314722144896,10.0,Undef
2642,4.1499999999999995,4.517723812289318,45.773314722144896,5.0,Undef
2643,4.1499999999999995,4.517723812289318,45.773314722144896,10.0,Undef
2645,4.249999999999999,4.517723812289318,45.773314722144896,10.0,Undef
2647,4.349999999999999,4.517723812289318,45.773314722144896,10.0,Undef
2648,4.449999999999998,4.517723812289318,45.773314722144896,5.0,Undef
2649,4.449999999999998,4.517723812289318,45.773314722144896,10.0,Undef
2655,4.749999999999997,4.517723812289318,45.773314722144896,10.0,Undef
2702,4.1499999999999995,4.646658896428988,45.773314722144896,5.0,Undef
2703,4.1499999999999995,4.646658896428988,45.773314722144896,10.0,Undef
2709,4.449999999999998,4.646658896428988,45.773314722144896,10.0,Undef
2711,4.549999999999998,4.646658896428988,45.773314722144896,10.0,Undef
2713,4.649999999999998,4.646658896428988,45.773314722144896,10.0,Undef
2724,5.249999999999996,4.646658896428988,45.773314722144896,5.0,Undef
2737,5.849999999999993,4.646658896428988,45.773314722144896,10.0,Undef
2760,4.05,4.775593980568633,45.773314722144896,5.0,Undef
2761,4.05,4.775593980568633,45.773314722144896,10.0,Undef
2762,4.1499999999999995,4.775593980568633,45.773314722144896,5.0,Undef
2763,4.1499999999999995,4.775593980568633,45.773314722144896,10.0,Undef
2765,4.249999999999999,4.775593980568633,45.773314722144896,10.0,Undef
2767,4.349999999999999,4.775593980568633,45.773314722144896,10.0,Undef
2768,4.449999999999998,4.775593980568633,45.773314722144896,5.0,Undef
2769,4.449999999999998,4.775593980568633,45.773314722144896,10.0,Undef
2771,4.549999999999998,4.775593980568633,45.773314722144896,10.0,Undef
2789,5.449999999999995,4.775593980568633,45.773314722144896,10.0,Undef
2791,5.5499999999999945,4.775593980568633,45.773314722144896,10.0,Undef
2820,4.05,4.904529064708279,45.773314722144896,5.0,Undef
2821,4.05,4.904529064708279,45.773314722144896,10.0,Undef
2823,4.1499999999999995,4.904529064708279,45.773314722144896,10.0,Undef
2824,4.249999999999999,4.904529064708279,45.773314722144896,5.0,Undef
2827,4.349999999999999,4.904529064708279,45.773314722144896,10.0,Undef
2829,4.449999999999998,4.904529064708279,45.773314722144896,10.0,Undef
2844,5.249999999999996,4.904529064708279,45.773314722144896,5.0,Undef
2880,4.05,5.033464148847949,45.773314722144896,5.0,Undef
2881,4.05,5.033464148847949,45.773314722144896,10.0,Undef
2885,4.249999999999999,5.033464148847949,45.773314722144896,10.0,Undef
2886,4.349999999999999,5.033464148847949,45.773314722144896,5.0,Undef
2897,4.849999999999997,5.033464148847949,45.773314722144896,10.0,Undef
2905,5.249999999999996,5.033464148847949,45.773314722144896,10.0,Undef
2919,5.949999999999993,5.033464148847949,45.773314722144896,10.0,Undef
2940,4.05,5.162399232987619,45.773314722144896,5.0,Undef
2941,4.05,5.162399232987619,45.773314722144896,10.0,Undef
2943,4.1499999999999995,5.162399232987619,45.773314722144896,10.0,Undef
2949,4.449999999999998,5.162399232987619,45.773314722144896,10.0,Undef
2951,4.549999999999998,5.162399232987619,45.773314722144896,10.0,Undef
2961,5.049999999999996,5.162399232987619,45.773314722144896,10.0,Undef
2963,5.149999999999996,5.162399232987619,45.773314722144896,10.0,Undef
3001,4.05,5.291334317127265,45.773314722144896,10.0,Undef
3003,4.1499999999999995,5.291334317127265,45.773314722144896,10.0,Undef
3004,4.249999999999999,5.291334317127265,45.773314722144896,5.0,Undef
3005,4.249999999999999,5.291334317127265,45.773314722144896,10.0,Undef
3009,4.449999999999998,5.291334317127265,45.773314722144896,10.0,Undef
3023,5.149999999999996,5.291334317127265,45.773314722144896,10.0,Undef
3043,6.149999999999992,5.291334317127265,45.773314722144896,10.0,Undef
3060,4.05,5.420269401266935,45.773314722144896,5.0,Undef
3061,4.05,5.420269401266935,45.773314722144896,10.0,Undef
3065,4.249999999999999,5.420269401266935,45.773314722144896,10.0,Undef
3075,4.749999999999997,5.420269401266935,45.773314722144896,10.0,Undef
3087,5.349999999999995,5.420269401266935,45.773314722144896,10.0,Undef
3120,4.05,5.549204485406605,45.773314722144896,5.0,Undef
3123,4.1499999999999995,5.549204485406605,45.773314722144896,10.0,Undef
3124,4.249999999999999,5.549204485406605,45.773314722144896,5.0,Undef
3125,4.249999999999999,5.549204485406605,45.773314722144896,10.0,Undef
3133,4.649999999999998,5.549204485406605,45.773314722144896,10.0,Undef
3138,4.949999999999997,5.549204485406605,45.773314722144896,5.0,Undef
3180,4.05,5.67813956954625,45.773314722144896,5.0,Undef
3181,4.05,5.67813956954625,45.773314722144896,10.0,Undef
3182,4.1499999999999995,5.67813956954625,45.773314722144896,5.0,Undef
3183,4.1499999999999995,5.67813956954625,45.773314722144896,10.0,Undef
3193,4.649999999999998,5.67813956954625,45.773314722144896,10.0,Undef
3197,4.849999999999997,5.67813956954625,45.773314722144896,10.0,Undef
3209,5.449999999999995,5.67813956954625,45.773314722144896,10.0,Undef
3225,6.249999999999992,5.67813956954625,45.773314722144896,10.0,Undef
3241,4.05,5.807074653685896,45.773314722144896,10.0,Undef
3249,4.449999999999998,5.807074653685896,45.773314722144896,10.0,Undef
3252,4.649999999999998,5.807074653685896,45.773314722144896,5.0,Undef
3255,4.749999999999997,5.807074653685896,45.773314722144896,10.0,Undef
3260,5.049999999999996,5.807074653685896,45.773314722144896,5.0,Undef
3261,5.049999999999996,5.807074653685896,45.773314722144896,10.0,Undef
3270,5.5499999999999945,5.807074653685896,45.773314722144896,5.0,Undef
3271,5.5499999999999945,5.807074653685896,45.773314722144896,10.0,Undef
3301,4.05,5.936009737825565,45.773314722144896,10.0,Undef
3303,4.1499999999999995,5.936009737825565,45.773314722144896,10.0,Undef
3304,4.249999999999999,5.936009737825565,45.773314722144896,5.0,Undef
3308,4.449999999999998,5.936009737825565,45.773314722144896,5.0,Undef
3311,4.549999999999998,5.936009737825565,45.773314722144896,10.0,Undef
3313,4.649999999999998,5.936009737825565,45.773314722144896,10.0,Undef
3361,4.05,6.064944821965236,45.773314722144896,10.0,Undef
3363,4.1499999999999995,6.064944821965236,45.773314722144896,10.0,Undef
3365,4.249999999999999,6.064944821965236,45.773314722144896,10.0,Undef
3366,4.349999999999999,6.064944821965236,45.773314722144896,5.0,Undef
3367,4.349999999999999,6.064944821965236,45.773314722144896,10.0,Undef
3375,4.749999999999997,6.064944821965236,45.773314722144896,10.0,Undef
3391,5.5499999999999945,6.064944821965236,45.773314722144896,10.0,Undef
3420,4.05,6.193879906104881,45.773314722144896,5.0,Undef
3421,4.05,6.193879906104881,45.773314722144896,10.0,Undef
3422,4.1499999999999995,6.193879906104881,45.773314722144896,5.0,Undef
3423,4.1499999999999995,6.193879906104881,45.773314722144896,10.0,Undef
3425,4.249999999999999,6.193879906104881,45.773314722144896,10.0,Undef
3434,4.749999999999997,6.193879906104881,45.773314722144896,5.0,Undef
3437,4.849999999999997,6.193879906104881,45.773314722144896,10.0,Undef
3480,4.05,6.3228149902445265,45.773314722144896,5.0,Undef
3482,4.1499999999999995,6.3228149902445265,45.773314722144896,5.0,Undef
3483,4.1499999999999995,6.3228149902445265,45.773314722144896,10.0,Undef
3486,4.349999999999999,6.3228149902445265,45.773314722144896,5.0,Undef
3493,4.649999999999998,6.3228149902445265,45.773314722144896,10.0,Undef
3496,4.849999999999997,6.3228149902445265,45.773314722144896,5.0,Undef
3503,5.149999999999996,6.3228149902445265,45.773314722144896,10.0,Undef
3541,4.05,6.451750074384196,45.773314722144896,10.0,Undef
3544,4.249999999999999,6.451750074384196,45.773314722144896,5.0,Undef
3545,4.249999999999999,6.451750074384196,45.773314722144896,10.0,Undef
3556,4.849999999999997,6.451750074384196,45.773314722144896,5.0,Undef
3559,4.949999999999997,6.451750074384196,45.773314722144896,10.0,Undef
3560,5.049999999999996,6.451750074384196,45.773314722144896,5.0,Undef
3561,5.049999999999996,6.451750074384196,45.773314722144896,10.0,Undef
3577,5.849999999999993,6.451750074384196,45.773314722144896,10.0,Undef
3600,4.05,4.001776053443298,45.683382561553024,5.0,Undef
3601,4.05,4.001776053443298,45.683382561553024,10.0,Undef
3602,4.1499999999999995,4.001776053443298,45.683382561553024,5.0,Undef
3604,4.249999999999999,4.001776053443298,45.683382561553024,5.0,Undef
3605,4.249999999999999,4.001776053443298,45.683382561553024,10.0,Undef
3606,4.349999999999999,4.001776053443298,45.683382561553024,5.0,Undef
3607,4.349999999999999,4.001776053443298,45.683382561553024,10.0,Undef
3623,5.149999999999996,4.001776053443298,45.683382561553024,10.0,Undef
3660,4.05,4.130503715295554,45.683382561553024,5.0,Undef
3661,4.05,4.130503715295554,45.683382561553024,10.0,Undef
3662,4.1499999999999995,4.130503715295554,45.683382561553024,5.0,Undef
3663,4.1499999999999995,4.130503715295554,45.683382561553024,10.0,Undef
3665,4.249999999999999,4.130503715295554,45.683382561553024,10.0,Undef
3667,4.349999999999999,4.130503715295554,45.683382561553024,10.0,Undef
3669,4.449999999999998,4.130503715295554,45.683382561553024,10.0,Undef
3670,4.549999999999998,4.130503715295554,45.683382561553024,5.0,Undef
3671,4.549999999999998,4.130503715295554,45.683382561553024,10.0,Undef
3678,4.949999999999997,4.130503715295554,45.683382561553024,5.0,Undef
3695,5.749999999999994,4.130503715295554,45.683382561553024,10.0,Undef
3721,4.05,4.25923137714781,45.683382561553024,10.0,Undef
3723,4.1499999999999995,4.25923137714781,45.683382561553024,10.0,Undef
3726,4.349999999999999,4.25923137714781,45.683382561553024,5.0,Undef
3727,4.349999999999999,4.25923137714781,45.683382561553024,10.0,Undef
3731,4.549999999999998,4.25923137714781,45.683382561553024,10.0,Undef
3734,4.749999999999997,4.25923137714781,45.683382561553024,5.0,Undef
3735,4.749999999999997,4.25923137714781,45.683382561553024,10.0,Undef
3741,5.049999999999996,4.25923137714781,45.683382561553024,10.0,Undef
3742,5.149999999999996,4.25923137714781,45.683382561553024,5.0,Undef
3783,4.1499999999999995,4.387959039000066,45.683382561553024,10.0,Undef
3784,4.249999999999999,4.387959039000066,45.683382561553024,5.0,Undef
3787,4.349999999999999,4.387959039000066,45.683382561553024,10.0,Undef
3792,4.649999999999998,4.387959039000066,45.683382561553024,5.0,Undef
3793,4.649999999999998,4.387959039000066,45.683382561553024,10.0,Undef
3795,4.749999999999997,4.387959039000066,45.683382561553024,10.0,Undef
3797,4.849999999999997,4.387959039000066,45.683382561553024,10.0,Undef
3809,5.449999999999995,4.387959039000066,45.683382561553024,10.0,Undef
3840,4.05,4.516686700852322,45.683382561553024,5.0,Undef
3841,4.05,4.516686700852322,45.683382561553024,10.0,Undef
3842,4.1499999999999995,4.516686700852322,45.683382561553024,5.0,Undef
3843,4.1499999999999995,4.516686700852322,45.683382561553024,10.0,Undef
3844,4.249999999999999,4.516686700852322,45.683382561553024,5.0,Undef
3845,4.249999999999999,4.516686700852322,45.683382561553024,10.0,Undef
3846,4.349999999999999,4.516686700852322,45.683382561553024,5.0,Undef
3847,4.349999999999999,4.516686700852322,45.683382561553024,10.0,Undef
3848,4.449999999999998,4.516686700852322,45.683382561553024,5.0,Undef
3849,4.449999999999998,4.516686700852322,45.683382561553024,10.0,Undef
3851,4.549999999999998,4.516686700852322,45.683382561553024,10.0,Undef
3866,5.349999999999995,4.516686700852322,45.683382561553024,5.0,Undef
3893,6.649999999999991,4.516686700852322,45.683382561553024,10.0,Undef
3901,4.05,4.645414362704578,45.683382561553024,10.0,Undef
3903,4.1499999999999995,4.645414362704578,45.683382561553024,10.0,Undef
3904,4.249999999999999,4.645414362704578,45.683382561553024,5.0,Undef
3905,4.249999999999999,4.645414362704578,45.683382561553024,10.0,Undef
3911,4.549999999999998,4.645414362704578,45.683382561553024,10.0,Undef
3960,4.05,4.774142024556833,45.683382561553024,5.0,Undef
3961,4.05,4.774142024556833,45.683382561553024,10.0,Undef
3962,4.1499999999999995,4.774142024556833,45.683382561553024,5.0,Undef
3965,4.249999999999999,4.774142024556833,45.683382561553024,10.0,Undef
3967,4.349999999999999,4.774142024556833,45.683382561553024,10.0,Undef
3971,4.549999999999998,4.774142024556833,45.683382561553024,10.0,Undef
3973,4.649999999999998,4.774142024556833,45.683382561553024,10.0,Undef
4021,4.05,4.9028696864090895,45.683382561553024,10.0,Undef
4022,4.1499999999999995,4.9028696864090895,45.683382561553024,5.0,Undef
4023,4.1499999999999995,4.9028696864090895,45.683382561553024,10.0,Undef
4025,4.249999999999999,4.9028696864090895,45.683382561553024,10.0,Undef
4026,4.349999999999999,4.9028696864090895,45.683382561553024,5.0,Undef
4027,4.349999999999999,4.9028696864090895,45.683382561553024,10.0,Undef
4028,4.449999999999998,4.9028696864090895,45.683382561553024,5.0,Undef
4029,4.449999999999998,4.9028696864090895,45.683382561553024,10.0,Undef
4031,4.549999999999998,4.9028696864090895,45.683382561553024,10.0,Undef
4045,5.249999999999996,4.9028696864090895,45.683382561553024,10.0,Undef
4080,4.05,5.031597348261346,45.683382561553024,5.0,Undef
4082,4.1499999999999995,5.031597348261346,45.683382561553024,5.0,Undef
4083,4.1499999999999995,5.031597348261346,45.683382561553024,10.0,Undef
4086,4.349999999999999,5.031597348261346,45.683382561553024,5.0,Undef
4087,4.349999999999999,5.031597348261346,45.683382561553024,10.0,Undef
4088,4.449999999999998,5.031597348261346,45.683382561553024,5.0,Undef
4089,4.449999999999998,5.031597348261346,45.683382561553024,10.0,Undef
4095,4.749999999999997,5.031597348261346,45.683382561553024,10.0,Undef
4100,5.049999999999996,5.031597348261346,45.683382561553024,5.0,Undef
4143,4.1499999999999995,5.160325010113601,45.683382561553024,10.0,Undef
4145,4.249999999999999,5.160325010113601,45.683382561553024,10.0,Undef
4149,4.449999999999998,5.160325010113601,45.683382561553024,10.0,Undef
4150,4.549999999999998,5.160325010113601,45.683382561553024,5.0,Undef
4200,4.05,5.289052671965857,45.683382561553024,5.0,Undef
4201,4.05,5.289052671965857,45.683382561553024,10.0,Undef
4202,4.1499999999999995,5.289052671965857,45.683382561553024,5.0,Undef
4203,4.1499999999999995,5.289052671965857,45.683382561553024,10.0,Undef
4205,4.249999999999999,5.289052671965857,45.683382561553024,10.0,Undef
4206,4.349999999999999,5.289052671965857,45.683382561553024,5.0,Undef
4209,4.449999999999998,5.289052671965857,45.683382561553024,10.0,Undef
4211,4.549999999999998,5.289052671965857,45.683382561553024,10.0,Undef
4223,5.149999999999996,5.289052671965857,45.683382561553024,10.0,Undef
4261,4.05,5.417780333818113,45.683382561553024,10.0,Undef
4262,4.1499999999999995,5.417780333818113,45.683382561553024,5.0,Undef
4263,4.1499999999999995,5.417780333818113,45.683382561553024,10.0,Undef
4265,4.249999999999999,5.417780333818113,45.683382561553024,10.0,Undef
4269,4.449999999999998,5.417780333818113,45.683382561553024,10.0,Undef
4287,5.349999999999995,5.417780333818113,45.683382561553024,10.0,Undef
4321,4.05,5.546507995670369,45.683382561553024,10.0,Undef
4325,4.249999999999999,5.546507995670369,45.683382561553024,10.0,Undef
4327,4.349999999999999,5.546507995670369,45.683382561553024,10.0,Undef
4331,4.549999999999998,5.546507995670369,45.683382561553024,10.0,Undef
4332,4.649999999999998,5.546507995670369,45.683382561553024,5.0,Undef
4380,4.05,5.675235657522625,45.683382561553024,5.0,Undef
4381,4.05,5.675235657522625,45.683382561553024,10.0,Undef
4383,4.1499999999999995,5.675235657522625,45.683382561553024,10.0,Undef
4391,4.549999999999998,5.675235657522625,45.683382561553024,10.0,Undef
4398,4.949999999999997,5.675235657522625,45.683382561553024,5.0,Undef
4403,5.149999999999996,5.675235657522625,45.683382561553024,10.0,Undef
4411,5.5499999999999945,5.675235657522625,45.683382561553024,10.0,Undef
4441,4.05,5.803963319374881,45.683382561553024,10.0,Undef
4443,4.1499999999999995,5.803963319374881,45.683382561553024,10.0,Undef
4444,4.249999999999999,5.803963319374881,45.683382561553024,5.0,Undef
4453,4.649999999999998,5.803963319374881,45.683382561553024,10.0,Undef
4454,4.749999999999997,5.803963319374881,45.683382561553024,5.0,Undef
4500,4.05,5.932690981227137,45.683382561553024,5.0,Undef
4501,4.05,5.932690981227137,45.683382561553024,10.0,Undef
4506,4.349999999999999,5.932690981227137,45.683382561553024,5.0,Undef
4507,4.349999999999999,5.932690981227137,45.683382561553024,10.0,Undef
4510,4.549999999999998,5.932690981227137,45.683382561553024,5.0,Undef
4513,4.649999999999998,5.932690981227137,45.683382561553024,10.0,Undef
4520,5.049999999999996,5.932690981227137,45.683382561553024,5.0,Undef
4555,6.74999999999999,5.932690981227137,45.683382561553024,10.0,Undef
4561,4.05,6.061418643079393,45.683382561553024,10.0,Undef
4566,4.349999999999999,6.061418643079393,45.683382561553024,5.0,Undef
4567,4.349999999999999,6.061418643079393,45.683382561553024,10.0,Undef
4571,4.549999999999998,6.061418643079393,45.683382561553024,10.0,Undef
4574,4.749999999999997,6.061418643079393,45.683382561553024,5.0,Undef
4579,4.949999999999997,6.061418643079393,45.683382561553024,10.0,Undef
4621,4.05,6.190146304931648,45.683382561553024,10.0,Undef
4623,4.1499999999999995,6.190146304931648,45.683382561553024,10.0,Undef
4625,4.249999999999999,6.190146304931648,45.683382561553024,10.0,Undef
4628,4.449999999999998,6.190146304931648,45.683382561553024,5.0,Undef
4681,4.05,6.3188739667839045,45.683382561553024,10.0,Undef
4682,4.1499999999999995,6.3188739667839045,45.683382561553024,5.0,Undef
4685,4.249999999999999,6.3188739667839045,45.683382561553024,10.0,Undef
4696,4.849999999999997,6.3188739667839045,45.683382561553024,5.0,Undef
4728,6.449999999999991,6.3188739667839045,45.683382561553024,5.0,Undef
4740,4.05,6.447601628636161,45.683382561553024,5.0,Undef
4741,4.05,6.447601628636161,45.683382561553024,10.0,Undef
4744,4.249999999999999,6.447601628636161,45.683382561553024,5.0,Undef
4745,4.249999999999999,6.447601628636161,45.683382561553024,10.0,Undef
4748,4.449999999999998,6.447601628636161,45.683382561553024,5.0,Undef
4749,4.449999999999998,6.447601628636161,45.683382561553024,10.0,Undef
4756,4.849999999999997,6.447601628636161,45.683382561553024,5.0,Undef
4779,5.949999999999993,6.447601628636161,45.683382561553024,10.0,Undef
4781,6.049999999999993,6.447601628636161,45.683382561553024,10.0,Undef
4800,4.05,4.001569613583374,45.593450400961146,5.0,Undef
4801,4.05,4.001569613583374,45.593450400961146,10.0,Undef
4802,4.1499999999999995,4.001569613583374,45.593450400961146,5.0,Undef
4803,4.1499999999999995,4.001569613583374,45.593450400961146,10.0,Undef
4805,4.249999999999999,4.001569613583374,45.593450400961146,10.0,Undef
4807,4.349999999999999,4.001569613583374,45.593450400961146,10.0,Undef
4809,4.449999999999998,4.001569613583374,45.593450400961146,10.0,Undef
4811,4.549999999999998,4.001569613583374,45.593450400961146,10.0,Undef
4817,4.849999999999997,4.001569613583374,45.593450400961146,10.0,Undef
4824,5.249999999999996,4.001569613583374,45.593450400961146,5.0,Undef
4860,4.05,4.130090835575731,45.593450400961146,5.0,Undef
4861,4.05,4.130090835575731,45.593450400961146,10.0,Undef
4862,4.1499999999999995,4.130090835575731,45.593450400961146,5.0,Undef
4863,4.1499999999999995,4.130090835575731,45.593450400961146,10.0,Undef
4864,4.249999999999999,4.130090835575731,45.593450400961146,5.0,Undef
4865,4.249999999999999,4.130090835575731,45.593450400961146,10.0,Undef
4873,4.649999999999998,4.130090835575731,45.593450400961146,10.0,Undef
4874,4.749999999999997,4.130090835575731,45.593450400961146,5.0,Undef
4877,4.849999999999997,4.130090835575731,45.593450400961146,10.0,Undef
4921,4.05,4.258612057568088,45.593450400961146,10.0,Undef
4923,4.1499999999999995,4.258612057568088,45.593450400961146,10.0,Undef
4930,4.549999999999998,4.258612057568088,45.593450400961146,5.0,Undef
4949,5.449999999999995,4.258612057568088,45.593450400961146,10.0,Undef
4981,4.05,4.387133279560445,45.593450400961146,10.0,Undef
4987,4.349999999999999,4.387133279560445,45.593450400961146,10.0,Undef
4988,4.449999999999998,4.387133279560445,45.593450400961146,5.0,Undef
4990,4.549999999999998,4.387133279560445,45.593450400961146,5.0,Undef
4992,4.649999999999998,4.387133279560445,45.593450400961146,5.0,Undef
5010,5.5499999999999945,4.387133279560445,45.593450400961146,5.0,Undef
5041,4.05,4.5156545015528025,45.593450400961146,10.0,Undef
5042,4.1499999999999995,4.5156545015528025,45.593450400961146,5.0,Undef
5045,4.249999999999999,4.5156545015528025,45.593450400961146,10.0,Undef
5046,4.349999999999999,4.5156545015528025,45.593450400961146,5.0,Undef
5049,4.449999999999998,4.5156545015528025,45.593450400961146,10.0,Undef
5101,4.05,4.644175723545159,45.593450400961146,10.0,Undef
5102,4.1499999999999995,4.644175723545159,45.593450400961146,5.0,Undef
5109,4.449999999999998,4.644175723545159,45.593450400961146,10.0,Undef
5111,4.549999999999998,4.644175723545159,45.593450400961146,10.0,Undef
5115,4.749999999999997,4.644175723545159,45.593450400961146,10.0,Undef
5122,5.149999999999996,4.644175723545159,45.593450400961146,5.0,Undef
5131,5.5499999999999945,4.644175723545159,45.593450400961146,10.0,Undef
5161,4.05,4.772696945537516,45.593450400961146,10.0,Undef
5163,4.1499999999999995,4.772696945537516,45.593450400961146,10.0,Undef
5165,4.249999999999999,4.772696945537516,45.593450400961146,10.0,Undef
5173,4.649999999999998,4.772696945537516,45.593450400961146,10.0,Undef
5220,4.05,4.901218167529873,45.593450400961146,5.0,Undef
5221,4.05,4.901218167529873,45.593450400961146,10.0,Undef
5223,4.1499999999999995,4.901218167529873,45.593450400961146,10.0,Undef
5225,4.249999999999999,4.901218167529873,45.593450400961146,10.0,Undef
5226,4.349999999999999,4.901218167529873,45.593450400961146,5.0,Undef
5227,4.349999999999999,4.901218167529873,45.593450400961146,10.0,Undef
5231,4.549999999999998,4.901218167529873,45.593450400961146,10.0,Undef
5240,5.049999999999996,4.901218167529873,45.593450400961146,5.0,Undef
5253,5.649999999999994,4.901218167529873,45.593450400961146,10.0,Undef
5261,6.049999999999993,4.901218167529873,45.593450400961146,10.0,Undef
5280,4.05,5.02973938952223,45.593450400961146,5.0,Undef
5281,4.05,5.02973938952223,45.593450400961146,10.0,Undef
5283,4.1499999999999995,5.02973938952223,45.593450400961146,10.0,Undef
5285,4.249999999999999,5.02973938952223,45.593450400961146,10.0,Undef
5287,4.349999999999999,5.02973938952223,45.593450400961146,10.0,Undef
5295,4.749999999999997,5.02973938952223,45.593450400961146,10.0,Undef
5297,4.849999999999997,5.02973938952223,45.593450400961146,10.0,Undef
5333,6.649999999999991,5.02973938952223,45.593450400961146,10.0,Undef
5341,4.05,5.158260611514587,45.593450400961146,10.0,Undef
5351,4.549999999999998,5.158260611514587,45.593450400961146,10.0,Undef
5353,4.649999999999998,5.158260611514587,45.593450400961146,10.0,Undef
5401,4.05,5.286781833506944,45.593450400961146,10.0,Undef
5403,4.1499999999999995,5.286781833506944,45.593450400961146,10.0,Undef
5405,4.249999999999999,5.286781833506944,45.593450400961146,10.0,Undef
5406,4.349999999999999,5.286781833506944,45.593450400961146,5.0,Undef
5408,4.449999999999998,5.286781833506944,45.593450400961146,5.0,Undef
5411,4.549999999999998,5.286781833506944,45.593450400961146,10.0,Undef
5414,4.749999999999997,5.286781833506944,45.593450400961146,5.0,Undef
5422,5.149999999999996,5.286781833506944,45.593450400961146,5.0,Undef
5441,6.049999999999993,5.286781833506944,45.593450400961146,10.0,Undef
5461,4.05,5.415303055499301,45.593450400961146,10.0,Undef
5462,4.1499999999999995,5.415303055499301,45.593450400961146,5.0,Undef
5464,4.249999999999999,5.415303055499301,45.593450400961146,5.0,Undef
5466,4.349999999999999,5.415303055499301,45.593450400961146,5.0,Undef
5469,4.449999999999998,5.415303055499301,45.593450400961146,10.0,Undef
5471,4.549999999999998,5.415303055499301,45.593450400961146,10.0,Undef
5473,4.649999999999998,5.415303055499301,45.593450400961146,10.0,Undef
5475,4.749999999999997,5.415303055499301,45.593450400961146,10.0,Undef
5482,5.149999999999996,5.415303055499301,45.593450400961146,5.0,Undef
5521,4.05,5.543824277491658,45.593450400961146,10.0,Undef
5523,4.1499999999999995,5.543824277491658,45.593450400961146,10.0,Undef
5527,4.349999999999999,5.543824277491658,45.593450400961146,10.0,Undef
5539,4.949999999999997,5.543824277491658,45.593450400961146,10.0,Undef
5583,4.1499999999999995,5.672345499484015,45.593450400961146,10.0,Undef
5585,4.249999999999999,5.672345499484015,45.593450400961146,10.0,Undef
5589,4.449999999999998,5.672345499484015,45.593450400961146,10.0,Undef
5595,4.749999999999997,5.672345499484015,45.593450400961146,10.0,Undef
5607,5.349999999999995,5.672345499484015,45.593450400961146,10.0,Undef
5615,5.749999999999994,5.672345499484015,45.593450400961146,10.0,Undef
5644,4.249999999999999,5.800866721476372,45.593450400961146,5.0,Undef
5645,4.249999999999999,5.800866721476372,45.593450400961146,10.0,Undef
5651,4.549999999999998,5.800866721476372,45.593450400961146,10.0,Undef
5654,4.749999999999997,5.800866721476372,45.593450400961146,5.0,Undef
5657,4.849999999999997,5.800866721476372,45.593450400961146,10.0,Undef
5700,4.05,5.929387943468729,45.593450400961146,5.0,Undef
5701,4.05,5.929387943468729,45.593450400961146,10.0,Undef
5702,4.1499999999999995,5.929387943468729,45.593450400961146,5.0,Undef
5707,4.349999999999999,5.929387943468729,45.593450400961146,10.0,Undef
5713,4.649999999999998,5.929387943468729,45.593450400961146,10.0,Undef
5763,4.1499999999999995,6.057909165461086,45.593450400961146,10.0,Undef
5764,4.249999999999999,6.057909165461086,45.593450400961146,5.0,Undef
5765,4.249999999999999,6.057909165461086,45.593450400961146,10.0,Undef
5766,4.349999999999999,6.057909165461086,45.593450400961146,5.0,Undef
5779,4.949999999999997,6.057909165461086,45.593450400961146,10.0,Undef
5809,6.449999999999991,6.057909165461086,45.593450400961146,10.0,Undef
5821,4.05,6.186430387453443,45.593450400961146,10.0,Undef
5823,4.1499999999999995,6.186430387453443,45.593450400961146,10.0,Undef
5825,4.249999999999999,6.186430387453443,45.593450400961146,10.0,Undef
5827,4.349999999999999,6.186430387453443,45.593450400961146,10.0,Undef
5828,4.449999999999998,6.186430387453443,45.593450400961146,5.0,Undef
5831,4.549999999999998,6.186430387453443,45.593450400961146,10.0,Undef
5834,4.749999999999997,6.186430387453443,45.593450400961146,5.0,Undef
5835,4.749999999999997,6.186430387453443,45.593450400961146,10.0,Undef
5837,4.849999999999997,6.186430387453443,45.593450400961146,10.0,Undef
5880,4.05,6.3149516094458,45.593450400961146,5.0,Undef
5881,4.05,6.3149516094458,45.593450400961146,10.0,Undef
5882,4.1499999999999995,6.3149516094458,45.593450400961146,5.0,Undef
5884,4.249999999999999,6.3149516094458,45.593450400961146,5.0,Undef
5885,4.249999999999999,6.3149516094458,45.593450400961146,10.0,Undef
5886,4.349999999999999,6.3149516094458,45.593450400961146,5.0,Undef
5887,4.349999999999999,6.3149516094458,45.593450400961146,10.0,Undef
5888,4.449999999999998,6.3149516094458,45.593450400961146,5.0,Undef
5899,4.949999999999997,6.3149516094458,45.593450400961146,10.0,Undef
5941,4.05,6.443472831438157,45.593450400961146,10.0,Undef
5943,4.1499999999999995,6.443472831438157,45.593450400961146,10.0,Undef
5945,4.249999999999999,6.443472831438157,45.593450400961146,10.0,Undef
5952,4.649999999999998,6.443472831438157,45.593450400961146,5.0,Undef
6000,4.05,4.001364150417239,45.503518240369274,5.0,Undef
6001,4.05,4.001364150417239,45.503518240369274,10.0,Undef
6005,4.249999999999999,4.001364150417239,45.503518240369274,10.0,Undef
6007,4.349999999999999,4.001364150417239,45.503518240369274,10.0,Undef
6011,4.549999999999998,4.001364150417239,45.503518240369274,10.0,Undef
6017,4.849999999999997,4.001364150417239,45.503518240369274,10.0,Undef
6060,4.05,4.129679909243436,45.503518240369274,5.0,Undef
6063,4.1499999999999995,4.129679909243436,45.503518240369274,10.0,Undef
6066,4.349999999999999,4.129679909243436,45.503518240369274,5.0,Undef
6067,4.349999999999999,4.129679909243436,45.503518240369274,10.0,Undef
6069,4.449999999999998,4.129679909243436,45.503518240369274,10.0,Undef
6073,4.649999999999998,4.129679909243436,45.503518240369274,10.0,Undef
6081,5.049999999999996,4.129679909243436,45.503518240369274,10.0,Undef
6085,5.249999999999996,4.129679909243436,45.503518240369274,10.0,Undef
6120,4.05,4.257995668069634,45.503518240369274,5.0,Undef
6121,4.05,4.257995668069634,45.503518240369274,10.0,Undef
6124,4.249999999999999,4.257995668069634,45.503518240369274,5.0,Undef
6127,4.349999999999999,4.257995668069634,45.503518240369274,10.0,Undef
6131,4.549999999999998,4.257995668069634,45.503518240369274,10.0,Undef
6139,4.949999999999997,4.257995668069634,45.503518240369274,10.0,Undef
6141,5.049999999999996,4.257995668069634,45.503518240369274,10.0,Undef
6181,4.05,4.386311426895831,45.503518240369274,10.0,Undef
6183,4.1499999999999995,4.386311426895831,45.503518240369274,10.0,Undef
6185,4.249999999999999,4.386311426895831,45.503518240369274,10.0,Undef
6186,4.349999999999999,4.386311426895831,45.503518240369274,5.0,Undef
6189,4.449999999999998,4.386311426895831,45.503518240369274,10.0,Undef
6190,4.549999999999998,4.386311426895831,45.503518240369274,5.0,Undef
6240,4.05,4.514627185722028,45.503518240369274,5.0,Undef
6241,4.05,4.514627185722028,45.503518240369274,10.0,Undef
6242,4.1499999999999995,4.514627185722028,45.503518240369274,5.0,Undef
6245,4.249999999999999,4.514627185722028,45.503518240369274,10.0,Undef
6246,4.349999999999999,4.514627185722028,45.503518240369274,5.0,Undef
6249,4.449999999999998,4.514627185722028,45.503518240369274,10.0,Undef
6250,4.549999999999998,4.514627185722028,45.503518240369274,5.0,Undef
6255,4.749999999999997,4.514627185722028,45.503518240369274,10.0,Undef
6261,5.049999999999996,4.514627185722028,45.503518240369274,10.0,Undef
6301,4.05,4.642942944548225,45.503518240369274,10.0,Undef
6305,4.249999999999999,4.642942944548225,45.503518240369274,10.0,Undef
6307,4.349999999999999,4.642942944548225,45.503518240369274,10.0,Undef
6308,4.449999999999998,4.642942944548225,45.503518240369274,5.0,Undef
6309,4.449999999999998,4.642942944548225,45.503518240369274,10.0,Undef
6312,4.649999999999998,4.642942944548225,45.503518240369274,5.0,Undef
6323,5.149999999999996,4.642942944548225,45.503518240369274,10.0,Undef
6335,5.749999999999994,4.642942944548225,45.503518240369274,10.0,Undef
6361,4.05,4.771258703374422,45.503518240369274,10.0,Undef
6362,4.1499999999999995,4.771258703374422,45.503518240369274,5.0,Undef
6364,4.249999999999999,4.771258703374422,45.503518240369274,5.0,Undef
6369,4.449999999999998,4.771258703374422,45.503518240369274,10.0,Undef
6371,4.549999999999998,4.771258703374422,45.503518240369274,10.0,Undef
6420,4.05,4.899574462200619,45.503518240369274,5.0,Undef
6421,4.05,4.899574462200619,45.503518240369274,10.0,Undef
6423,4.1499999999999995,4.899574462200619,45.503518240369274,10.0,Undef
6425,4.249999999999999,4.899574462200619,45.503518240369274,10.0,Undef
6427,4.349999999999999,4.899574462200619,45.503518240369274,10.0,Undef
6429,4.449999999999998,4.899574462200619,45.503518240369274,10.0,Undef
6435,4.749999999999997,4.899574462200619,45.503518240369274,10.0,Undef
6468,6.449999999999991,4.899574462200619,45.503518240369274,5.0,Undef
6481,4.05,5.027890221026816,45.503518240369274,10.0,Undef
6482,4.1499999999999995,5.027890221026816,45.503518240369274,5.0,Undef
6485,4.249999999999999,5.027890221026816,45.503518240369274,10.0,Undef
6487,4.349999999999999,5.027890221026816,45.503518240369274,10.0,Undef
6489,4.449999999999998,5.027890221026816,45.503518240369274,10.0,Undef
6497,4.849999999999997,5.027890221026816,45.503518240369274,10.0,Undef
6540,4.05,5.156205979853013,45.503518240369274,5.0,Undef
6541,4.05,5.156205979853013,45.503518240369274,10.0,Undef
6546,4.349999999999999,5.156205979853013,45.503518240369274,5.0,Undef
6547,4.349999999999999,5.156205979853013,45.503518240369274,10.0,Undef
6548,4.449999999999998,5.156205979853013,45.503518240369274,5.0,Undef
6567,5.349999999999995,5.156205979853013,45.503518240369274,10.0,Undef
6602,4.1499999999999995,5.28452173867921,45.503518240369274,5.0,Undef
6603,4.1499999999999995,5.28452173867921,45.503518240369274,10.0,Undef
6606,4.349999999999999,5.28452173867921,45.503518240369274,5.0,Undef
6615,4.749999999999997,5.28452173867921,45.503518240369274,10.0,Undef
6619,4.949999999999997,5.28452173867921,45.503518240369274,10.0,Undef
6625,5.249999999999996,5.28452173867921,45.503518240369274,10.0,Undef
6627,5.349999999999995,5.28452173867921,45.503518240369274,10.0,Undef
6663,4.1499999999999995,5.412837497505407,45.503518240369274,10.0,Undef
6665,4.249999999999999,5.412837497505407,45.503518240369274,10.0,Undef
6667,4.349999999999999,5.412837497505407,45.503518240369274,10.0,Undef
6668,4.449999999999998,5.412837497505407,45.503518240369274,5.0,Undef
6669,4.449999999999998,5.412837497505407,45.503518240369274,10.0,Undef
6679,4.949999999999997,5.412837497505407,45.503518240369274,10.0,Undef
6721,4.05,5.541153256331604,45.503518240369274,10.0,Undef
6723,4.1499999999999995,5.541153256331604,45.503518240369274,10.0,Undef
6725,4.249999999999999,5.541153256331604,45.503518240369274,10.0,Undef
6727,4.349999999999999,5.541153256331604,45.503518240369274,10.0,Undef
6731,4.549999999999998,5.541153256331604,45.503518240369274,10.0,Undef
6781,4.05,5.6694690151578016,45.503518240369274,10.0,Undef
6782,4.1499999999999995,5.6694690151578016,45.503518240369274,5.0,Undef
6785,4.249999999999999,5.6694690151578016,45.503518240369274,10.0,Undef
6787,4.349999999999999,5.6694690151578016,45.503518240369274,10.0,Undef
6791,4.549999999999998,5.6694690151578016,45.503518240369274,10.0,Undef
6793,4.649999999999998,5.6694690151578016,45.503518240369274,10.0,Undef
6795,4.749999999999997,5.6694690151578016,45.503518240369274,10.0,Undef
6801,5.049999999999996,5.6694690151578016,45.503518240369274,10.0,Undef
6843,4.1499999999999995,5.797784773983999,45.503518240369274,10.0,Undef
6845,4.249999999999999,5.797784773983999,45.503518240369274,10.0,Undef
6847,4.349999999999999,5.797784773983999,45.503518240369274,10.0,Undef
6848,4.449999999999998,5.797784773983999,45.503518240369274,5.0,Undef
6849,4.449999999999998,5.797784773983999,45.503518240369274,10.0,Undef
6855,4.749999999999997,5.797784773983999,45.503518240369274,10.0,Undef
6856,4.849999999999997,5.797784773983999,45.503518240369274,5.0,Undef
6857,4.849999999999997,5.797784773983999,45.503518240369274,10.0,Undef
6901,4.05,5.926100532810196,45.503518240369274,10.0,Undef
6903,4.1499999999999995,5.926100532810196,45.503518240369274,10.0,Undef
6908,4.449999999999998,5.926100532810196,45.503518240369274,5.0,Undef
6911,4.549999999999998,5.926100532810196,45.503518240369274,10.0,Undef
6913,4.649999999999998,5.926100532810196,45.503518240369274,10.0,Undef
6915,4.749999999999997,5.926100532810196,45.503518240369274,10.0,Undef
6917,4.849999999999997,5.926100532810196,45.503518240369274,10.0,Undef
6918,4.949999999999997,5.926100532810196,45.503518240369274,5.0,Undef
6960,4.05,6.054416291636393,45.503518240369274,5.0,Undef
6961,4.05,6.054416291636393,45.503518240369274,10.0,Undef
6963,4.1499999999999995,6.054416291636393,45.503518240369274,10.0,Undef
6964,4.249999999999999,6.054416291636393,45.503518240369274,5.0,Undef
6967,4.349999999999999,6.054416291636393,45.503518240369274,10.0,Undef
6968,4.449999999999998,6.054416291636393,45.503518240369274,5.0,Undef
6969,4.449999999999998,6.054416291636393,45.503518240369274,10.0,Undef
6974,4.749999999999997,6.054416291636393,45.503518240369274,5.0,Undef
6985,5.249999999999996,6.054416291636393,45.503518240369274,10.0,Undef
7020,4.05,6.18273205046259,45.503518240369274,5.0,Undef
7021,4.05,6.18273205046259,45.503518240369274,10.0,Undef
7023,4.1499999999999995,6.18273205046259,45.503518240369274,10.0,Undef
7027,4.349999999999999,6.18273205046259,45.503518240369274,10.0,Undef
7029,4.449999999999998,6.18273205046259,45.503518240369274,10.0,Undef
7030,4.549999999999998,6.18273205046259,45.503518240369274,5.0,Undef
7035,4.749999999999997,6.18273205046259,45.503518240369274,10.0,Undef
7080,4.05,6.311047809288787,45.503518240369274,5.0,Undef
7081,4.05,6.311047809288787,45.503518240369274,10.0,Undef
7083,4.1499999999999995,6.311047809288787,45.503518240369274,10.0,Undef
7087,4.349999999999999,6.311047809288787,45.503518240369274,10.0,Undef
7089,4.449999999999998,6.311047809288787,45.503518240369274,10.0,Undef
7091,4.549999999999998,6.311047809288787,45.503518240369274,10.0,Undef
7141,4.05,6.439363568114985,45.503518240369274,10.0,Undef
7142,4.1499999999999995,6.439363568114985,45.503518240369274,5.0,Undef
7143,4.1499999999999995,6.439363568114985,45.503518240369274,10.0,Undef
7145,4.249999999999999,6.439363568114985,45.503518240369274,10.0,Undef
7147,4.349999999999999,6.439363568114985,45.503518240369274,10.0,Undef
7148,4.449999999999998,6.439363568114985,45.503518240369274,5.0,Undef
7149,4.449999999999998,6.439363568114985,45.503518240369274,10.0,Undef
7151,4.549999999999998,6.439363568114985,45.503518240369274,10.0,Undef
7159,4.949999999999997,6.439363568114985,45.503518240369274,10.0,Undef
7204,4.249999999999999,4.001159658258139,45.413586079777396,5.0,Undef
7205,4.249999999999999,4.001159658258139,45.413586079777396,10.0,Undef
7207,4.349999999999999,4.001159658258139,45.413586079777396,10.0,Undef
7211,4.549999999999998,4.001159658258139,45.413586079777396,10.0,Undef
7213,4.649999999999998,4.001159658258139,45.413586079777396,10.0,Undef
7216,4.849999999999997,4.001159658258139,45.413586079777396,5.0,Undef
7224,5.249999999999996,4.001159658258139,45.413586079777396,5.0,Undef
7260,4.05,4.129270924925262,45.413586079777396,5.0,Undef
7266,4.349999999999999,4.129270924925262,45.413586079777396,5.0,Undef
7268,4.449999999999998,4.129270924925262,45.413586079777396,5.0,Undef
7274,4.749999999999997,4.129270924925262,45.413586079777396,5.0,Undef
7320,4.05,4.257382191592384,45.413586079777396,5.0,Undef
7321,4.05,4.257382191592384,45.413586079777396,10.0,Undef
7323,4.1499999999999995,4.257382191592384,45.413586079777396,10.0,Undef
7324,4.249999999999999,4.257382191592384,45.413586079777396,5.0,Undef
7326,4.349999999999999,4.257382191592384,45.413586079777396,5.0,Undef
7327,4.349999999999999,4.257382191592384,45.413586079777396,10.0,Undef
7341,5.049999999999996,4.257382191592384,45.413586079777396,10.0,Undef
7343,5.149999999999996,4.257382191592384,45.413586079777396,10.0,Undef
7345,5.249999999999996,4.257382191592384,45.413586079777396,10.0,Undef
7383,4.1499999999999995,4.385493458259506,45.413586079777396,10.0,Undef
7385,4.249999999999999,4.385493458259506,45.413586079777396,10.0,Undef
7386,4.349999999999999,4.385493458259506,45.413586079777396,5.0,Undef
7387,4.349999999999999,4.385493458259506,45.413586079777396,10.0,Undef
7391,4.549999999999998,4.385493458259506,45.413586079777396,10.0,Undef
7401,5.049999999999996,4.385493458259506,45.413586079777396,10.0,Undef
7441,4.05,4.513604724926629,45.413586079777396,10.0,Undef
7445,4.249999999999999,4.513604724926629,45.413586079777396,10.0,Undef
7449,4.449999999999998,4.513604724926629,45.413586079777396,10.0,Undef
7451,4.549999999999998,4.513604724926629,45.413586079777396,10.0,Undef
7452,4.649999999999998,4.513604724926629,45.413586079777396,5.0,Undef
7459,4.949999999999997,4.513604724926629,45.413586079777396,10.0,Undef
7477,5.849999999999993,4.513604724926629,45.413586079777396,10.0,Undef
7502,4.1499999999999995,4.641715991593752,45.413586079777396,5.0,Undef
7503,4.1499999999999995,4.641715991593752,45.413586079777396,10.0,Undef
7508,4.449999999999998,4.641715991593752,45.413586079777396,5.0,Undef
7511,4.549999999999998,4.641715991593752,45.413586079777396,10.0,Undef
7513,4.649999999999998,4.641715991593752,45.413586079777396,10.0,Undef
7515,4.749999999999997,4.641715991593752,45.413586079777396,10.0,Undef
7517,4.849999999999997,4.641715991593752,45.413586079777396,10.0,Undef
7525,5.249999999999996,4.641715991593752,45.413586079777396,10.0,Undef
7531,5.5499999999999945,4.641715991593752,45.413586079777396,10.0,Undef
7560,4.05,4.769827258260873,45.413586079777396,5.0,Undef
7561,4.05,4.769827258260873,45.413586079777396,10.0,Undef
7563,4.1499999999999995,4.769827258260873,45.413586079777396,10.0,Undef
7565,4.249999999999999,4.769827258260873,45.413586079777396,10.0,Undef
7570,4.549999999999998,4.769827258260873,45.413586079777396,5.0,Undef
7582,5.149999999999996,4.769827258260873,45.413586079777396,5.0,Undef
7608,6.449999999999991,4.769827258260873,45.413586079777396,5.0,Undef
7620,4.05,4.897938524927996,45.413586079777396,5.0,Undef
7623,4.1499999999999995,4.897938524927996,45.413586079777396,10.0,Undef
7625,4.249999999999999,4.897938524927996,45.413586079777396,10.0,Undef
7626,4.349999999999999,4.897938524927996,45.413586079777396,5.0,Undef
7630,4.549999999999998,4.897938524927996,45.413586079777396,5.0,Undef
7631,4.549999999999998,4.897938524927996,45.413586079777396,10.0,Undef
7637,4.849999999999997,4.897938524927996,45.413586079777396,10.0,Undef
7640,5.049999999999996,4.897938524927996,45.413586079777396,5.0,Undef
7680,4.05,5.026049791595119,45.413586079777396,5.0,Undef
7681,4.05,5.026049791595119,45.413586079777396,10.0,Undef
7682,4.1499999999999995,5.026049791595119,45.413586079777396,5.0,Undef
7683,4.1499999999999995,5.026049791595119,45.413586079777396,10.0,Undef
7684,4.249999999999999,5.026049791595119,45.413586079777396,5.0,Undef
7687,4.349999999999999,5.026049791595119,45.413586079777396,10.0,Undef
7689,4.449999999999998,5.026049791595119,45.413586079777396,10.0,Undef
7695,4.749999999999997,5.026049791595119,45.413586079777396,10.0,Undef
7740,4.05,5.154161058262241,45.413586079777396,5.0,Undef
7741,4.05,5.154161058262241,45.413586079777396,10.0,Undef
7743,4.1499999999999995,5.154161058262241,45.413586079777396,10.0,Undef
7745,4.249999999999999,5.154161058262241,45.413586079777396,10.0,Undef
7747,4.349999999999999,5.154161058262241,45.413586079777396,10.0,Undef
7751,4.549999999999998,5.154161058262241,45.413586079777396,10.0,Undef
7754,4.749999999999997,5.154161058262241,45.413586079777396,5.0,Undef
7765,5.249999999999996,5.154161058262241,45.413586079777396,10.0,Undef
7801,4.05,5.282272324929363,45.413586079777396,10.0,Undef
7802,4.1499999999999995,5.282272324929363,45.413586079777396,5.0,Undef
7805,4.249999999999999,5.282272324929363,45.413586079777396,10.0,Undef
7807,4.349999999999999,5.282272324929363,45.413586079777396,10.0,Undef
7817,4.849999999999997,5.282272324929363,45.413586079777396,10.0,Undef
7823,5.149999999999996,5.282272324929363,45.413586079777396,10.0,Undef
7831,5.5499999999999945,5.282272324929363,45.413586079777396,10.0,Undef
7860,4.05,5.410383591596486,45.413586079777396,5.0,Undef
7861,4.05,5.410383591596486,45.413586079777396,10.0,Undef
7862,4.1499999999999995,5.410383591596486,45.413586079777396,5.0,Undef
7864,4.249999999999999,5.410383591596486,45.413586079777396,5.0,Undef
7865,4.249999999999999,5.410383591596486,45.413586079777396,10.0,Undef
7867,4.349999999999999,5.410383591596486,45.413586079777396,10.0,Undef
7877,4.849999999999997,5.410383591596486,45.413586079777396,10.0,Undef
7878,4.949999999999997,5.410383591596486,45.413586079777396,5.0,Undef
7880,5.049999999999996,5.410383591596486,45.413586079777396,5.0,Undef
7887,5.349999999999995,5.410383591596486,45.413586079777396,10.0,Undef
7920,4.05,5.538494858263608,45.413586079777396,5.0,Undef
7921,4.05,5.538494858263608,45.413586079777396,10.0,Undef
7923,4.1499999999999995,5.538494858263608,45.413586079777396,10.0,Undef
7924,4.249999999999999,5.538494858263608,45.413586079777396,5.0,Undef
7928,4.449999999999998,5.538494858263608,45.413586079777396,5.0,Undef
7929,4.449999999999998,5.538494858263608,45.413586079777396,10.0,Undef
7931,4.549999999999998,5.538494858263608,45.413586079777396,10.0,Undef
7933,4.649999999999998,5.538494858263608,45.413586079777396,10.0,Undef
7943,5.149999999999996,5.538494858263608,45.413586079777396,10.0,Undef
7949,5.449999999999995,5.538494858263608,45.413586079777396,10.0,Undef
7952,5.649999999999994,5.538494858263608,45.413586079777396,5.0,Undef
7981,4.05,5.6666061249307305,45.413586079777396,10.0,Undef
7985,4.249999999999999,5.6666061249307305,45.413586079777396,10.0,Undef
7991,4.549999999999998,5.6666061249307305,45.413586079777396,10.0,Undef
7994,4.749999999999997,5.6666061249307305,45.413586079777396,5.0,Undef
7995,4.749999999999997,5.6666061249307305,45.413586079777396,10.0,Undef
8009,5.449999999999995,5.6666061249307305,45.413586079777396,10.0,Undef
8040,4.05,5.794717391597853,45.413586079777396,5.0,Undef
8041,4.05,5.794717391597853,45.413586079777396,10.0,Undef
8042,4.1499999999999995,5.794717391597853,45.413586079777396,5.0,Undef
8044,4.249999999999999,5.794717391597853,45.413586079777396,5.0,Undef
8047,4.349999999999999,5.794717391597853,45.413586079777396,10.0,Undef
8101,4.05,5.922828658264975,45.413586079777396,10.0,Undef
8103,4.1499999999999995,5.922828658264975,45.413586079777396,10.0,Undef
8105,4.249999999999999,5.922828658264975,45.413586079777396,10.0,Undef
8107,4.349999999999999,5.922828658264975,45.413586079777396,10.0,Undef
8109,4.449999999999998,5.922828658264975,45.413586079777396,10.0,Undef
8118,4.949999999999997,5.922828658264975,45.413586079777396,5.0,Undef
8160,4.05,6.050939924932098,45.413586079777396,5.0,Undef
8161,4.05,6.050939924932098,45.413586079777396,10.0,Undef
8163,4.1499999999999995,6.050939924932098,45.413586079777396,10.0,Undef
8169,4.449999999999998,6.050939924932098,45.413586079777396,10.0,Undef
8173,4.649999999999998,6.050939924932098,45.413586079777396,10.0,Undef
8175,4.749999999999997,6.050939924932098,45.413586079777396,10.0,Undef
8222,4.1499999999999995,6.17905119159922,45.413586079777396,5.0,Undef
8223,4.1499999999999995,6.17905119159922,45.413586079777396,10.0,Undef
8225,4.249999999999999,6.17905119159922,45.413586079777396,10.0,Undef
8230,4.549999999999998,6.17905119159922,45.413586079777396,5.0,Undef
8237,4.849999999999997,6.17905119159922,45.413586079777396,10.0,Undef
8280,4.05,6.307162458266342,45.413586079777396,5.0,Undef
8283,4.1499999999999995,6.307162458266342,45.413586079777396,10.0,Undef
8285,4.249999999999999,6.307162458266342,45.413586079777396,10.0,Undef
8287,4.349999999999999,6.307162458266342,45.413586079777396,10.0,Undef
8289,4.449999999999998,6.307162458266342,45.413586079777396,10.0,Undef
8291,4.549999999999998,6.307162458266342,45.413586079777396,10.0,Undef
8342,4.1499999999999995,6.435273724933465,45.413586079777396,5.0,Undef
8344,4.249999999999999,6.435273724933465,45.413586079777396,5.0,Undef
8348,4.449999999999998,6.435273724933465,45.413586079777396,5.0,Undef
8349,4.449999999999998,6.435273724933465,45.413586079777396,10.0,Undef
8351,4.549999999999998,6.435273724933465,45.413586079777396,10.0,Undef
8353,4.649999999999998,6.435273724933465,45.413586079777396,10.0,Undef
8365,5.249999999999996,6.435273724933465,45.413586079777396,10.0,Undef
8400,4.05,4.000956131465932,45.323653919185524,5.0,Undef
8402,4.1499999999999995,4.000956131465932,45.323653919185524,5.0,Undef
8403,4.1499999999999995,4.000956131465932,45.323653919185524,10.0,Undef
8418,4.949999999999997,4.000956131465932,45.323653919185524,5.0,Undef
8425,5.249999999999996,4.000956131465932,45.323653919185524,10.0,Undef
8429,5.449999999999995,4.000956131465932,45.323653919185524,10.0,Undef
8460,4.05,4.1288638713408226,45.323653919185524,5.0,Undef
8463,4.1499999999999995,4.1288638713408226,45.323653919185524,10.0,Undef
8464,4.249999999999999,4.1288638713408226,45.323653919185524,5.0,Undef
8465,4.249999999999999,4.1288638713408226,45.323653919185524,10.0,Undef
8469,4.449999999999998,4.1288638713408226,45.323653919185524,10.0,Undef
8473,4.649999999999998,4.1288638713408226,45.323653919185524,10.0,Undef
8474,4.749999999999997,4.1288638713408226,45.323653919185524,5.0,Undef
8481,5.049999999999996,4.1288638713408226,45.323653919185524,10.0,Undef
8485,5.249999999999996,4.1288638713408226,45.323653919185524,10.0,Undef
8520,4.05,4.256771611215712,45.323653919185524,5.0,Undef
8521,4.05,4.256771611215712,45.323653919185524,10.0,Undef
8523,4.1499999999999995,4.256771611215712,45.323653919185524,10.0,Undef
8525,4.249999999999999,4.256771611215712,45.323653919185524,10.0,Undef
8527,4.349999999999999,4.256771611215712,45.323653919185524,10.0,Undef
8533,4.649999999999998,4.256771611215712,45.323653919185524,10.0,Undef
8542,5.149999999999996,4.256771611215712,45.323653919185524,5.0,Undef
8580,4.05,4.384679351090602,45.323653919185524,5.0,Undef
8581,4.05,4.384679351090602,45.323653919185524,10.0,Undef
8585,4.249999999999999,4.384679351090602,45.323653919185524,10.0,Undef
8587,4.349999999999999,4.384679351090602,45.323653919185524,10.0,Undef
8589,4.449999999999998,4.384679351090602,45.323653919185524,10.0,Undef
8599,4.949999999999997,4.384679351090602,45.323653919185524,10.0,Undef
8603,5.149999999999996,4.384679351090602,45.323653919185524,10.0,Undef
8640,4.05,4.512587090965492,45.323653919185524,5.0,Undef
8641,4.05,4.512587090965492,45.323653919185524,10.0,Undef
8643,4.1499999999999995,4.512587090965492,45.323653919185524,10.0,Undef
8644,4.249999999999999,4.512587090965492,45.323653919185524,5.0,Undef
8645,4.249999999999999,4.512587090965492,45.323653919185524,10.0,Undef
8653,4.649999999999998,4.512587090965492,45.323653919185524,10.0,Undef
8657,4.849999999999997,4.512587090965492,45.323653919185524,10.0,Undef
8659,4.949999999999997,4.512587090965492,45.323653919185524,10.0,Undef
8701,4.05,4.640494830840382,45.323653919185524,10.0,Undef
8702,4.1499999999999995,4.640494830840382,45.323653919185524,5.0,Undef
8703,4.1499999999999995,4.640494830840382,45.323653919185524,10.0,Undef
8706,4.349999999999999,4.640494830840382,45.323653919185524,5.0,Undef
8707,4.349999999999999,4.640494830840382,45.323653919185524,10.0,Undef
8711,4.549999999999998,4.640494830840382,45.323653919185524,10.0,Undef
8760,4.05,4.7684025707152715,45.323653919185524,5.0,Undef
8761,4.05,4.7684025707152715,45.323653919185524,10.0,Undef
8763,4.1499999999999995,4.7684025707152715,45.323653919185524,10.0,Undef
8764,4.249999999999999,4.7684025707152715,45.323653919185524,5.0,Undef
8767,4.349999999999999,4.7684025707152715,45.323653919185524,10.0,Undef
8772,4.649999999999998,4.7684025707152715,45.323653919185524,5.0,Undef
8773,4.649999999999998,4.7684025707152715,45.323653919185524,10.0,Undef
8777,4.849999999999997,4.7684025707152715,45.323653919185524,10.0,Undef
8779,4.949999999999997,4.7684025707152715,45.323653919185524,10.0,Undef
8785,5.249999999999996,4.7684025707152715,45.323653919185524,10.0,Undef
8787,5.349999999999995,4.7684025707152715,45.323653919185524,10.0,Undef
8807,6.349999999999992,4.7684025707152715,45.323653919185524,10.0,Undef
8821,4.05,4.896310310590162,45.323653919185524,10.0,Undef
8823,4.1499999999999995,4.896310310590162,45.323653919185524,10.0,Undef
8831,4.549999999999998,4.896310310590162,45.323653919185524,10.0,Undef
8832,4.649999999999998,4.896310310590162,45.323653919185524,5.0,Undef
8833,4.649999999999998,4.896310310590162,45.323653919185524,10.0,Undef
8845,5.249999999999996,4.896310310590162,45.323653919185524,10.0,Undef
8881,4.05,5.024218050465052,45.323653919185524,10.0,Undef
8882,4.1499999999999995,5.024218050465052,45.323653919185524,5.0,Undef
8885,4.249999999999999,5.024218050465052,45.323653919185524,10.0,Undef
8940,4.05,5.152125790339942,45.323653919185524,5.0,Undef
8942,4.1499999999999995,5.152125790339942,45.323653919185524,5.0,Undef
8947,4.349999999999999,5.152125790339942,45.323653919185524,10.0,Undef
8949,4.449999999999998,5.152125790339942,45.323653919185524,10.0,Undef
8951,4.549999999999998,5.152125790339942,45.323653919185524,10.0,Undef
8971,5.5499999999999945,5.152125790339942,45.323653919185524,10.0,Undef
9002,4.1499999999999995,5.280033530214832,45.323653919185524,5.0,Undef
9003,4.1499999999999995,5.280033530214832,45.323653919185524,10.0,Undef
9004,4.249999999999999,5.280033530214832,45.323653919185524,5.0,Undef
9007,4.349999999999999,5.280033530214832,45.323653919185524,10.0,Undef
9012,4.649999999999998,5.280033530214832,45.323653919185524,5.0,Undef
9039,5.949999999999993,5.280033530214832,45.323653919185524,10.0,Undef
9047,6.349999999999992,5.280033530214832,45.323653919185524,10.0,Undef
9060,4.05,5.407941270089721,45.323653919185524,5.0,Undef
9063,4.1499999999999995,5.407941270089721,45.323653919185524,10.0,Undef
9067,4.349999999999999,5.407941270089721,45.323653919185524,10.0,Undef
9069,4.449999999999998,5.407941270089721,45.323653919185524,10.0,Undef
9070,4.549999999999998,5.407941270089721,45.323653919185524,5.0,Undef
9071,4.549999999999998,5.407941270089721,45.323653919185524,10.0,Undef
9073,4.649999999999998,5.407941270089721,45.323653919185524,10.0,Undef
9075,4.749999999999997,5.407941270089721,45.323653919185524,10.0,Undef
9095,5.749999999999994,5.407941270089721,45.323653919185524,10.0,Undef
9121,4.05,5.535849009964612,45.323653919185524,10.0,Undef
9123,4.1499999999999995,5.535849009964612,45.323653919185524,10.0,Undef
9124,4.249999999999999,5.535849009964612,45.323653919185524,5.0,Undef
9125,4.249999999999999,5.535849009964612,45.323653919185524,10.0,Undef
9129,4.449999999999998,5.535849009964612,45.323653919185524,10.0,Undef
9130,4.549999999999998,5.535849009964612,45.323653919185524,5.0,Undef
9142,5.149999999999996,5.535849009964612,45.323653919185524,5.0,Undef
9144,5.249999999999996,5.535849009964612,45.323653919185524,5.0,Undef
9150,5.5499999999999945,5.535849009964612,45.323653919185524,5.0,Undef
9181,4.05,5.663756749839502,45.323653919185524,10.0,Undef
9191,4.549999999999998,5.663756749839502,45.323653919185524,10.0,Undef
9197,4.849999999999997,5.663756749839502,45.323653919185524,10.0,Undef
9199,4.949999999999997,5.663756749839502,45.323653919185524,10.0,Undef
9205,5.249999999999996,5.663756749839502,45.323653919185524,10.0,Undef
9241,4.05,5.791664489714392,45.323653919185524,10.0,Undef
9244,4.249999999999999,5.791664489714392,45.323653919185524,5.0,Undef
9245,4.249999999999999,5.791664489714392,45.323653919185524,10.0,Undef
9246,4.349999999999999,5.791664489714392,45.323653919185524,5.0,Undef
9247,4.349999999999999,5.791664489714392,45.323653919185524,10.0,Undef
9274,5.749999999999994,5.791664489714392,45.323653919185524,5.0,Undef
9300,4.05,5.919572229589281,45.323653919185524,5.0,Undef
9301,4.05,5.919572229589281,45.323653919185524,10.0,Undef
9302,4.1499999999999995,5.919572229589281,45.323653919185524,5.0,Undef
9303,4.1499999999999995,5.919572229589281,45.323653919185524,10.0,Undef
9307,4.349999999999999,5.919572229589281,45.323653919185524,10.0,Undef
9317,4.849999999999997,5.919572229589281,45.323653919185524,10.0,Undef
9320,5.049999999999996,5.919572229589281,45.323653919185524,5.0,Undef
9361,4.05,6.047479969464171,45.323653919185524,10.0,Undef
9364,4.249999999999999,6.047479969464171,45.323653919185524,5.0,Undef
9366,4.349999999999999,6.047479969464171,45.323653919185524,5.0,Undef
9367,4.349999999999999,6.047479969464171,45.323653919185524,10.0,Undef
9369,4.449999999999998,6.047479969464171,45.323653919185524,10.0,Undef
9373,4.649999999999998,6.047479969464171,45.323653919185524,10.0,Undef
9420,4.05,6.175387709339062,45.323653919185524,5.0,Undef
9421,4.05,6.175387709339062,45.323653919185524,10.0,Undef
9422,4.1499999999999995,6.175387709339062,45.323653919185524,5.0,Undef
9423,4.1499999999999995,6.175387709339062,45.323653919185524,10.0,Undef
9427,4.349999999999999,6.175387709339062,45.323653919185524,10.0,Undef
9482,4.1499999999999995,6.303295449213952,45.323653919185524,5.0,Undef
9485,4.249999999999999,6.303295449213952,45.323653919185524,10.0,Undef
9493,4.649999999999998,6.303295449213952,45.323653919185524,10.0,Undef
9497,4.849999999999997,6.303295449213952,45.323653919185524,10.0,Undef
9503,5.149999999999996,6.303295449213952,45.323653919185524,10.0,Undef
9540,4.05,6.4312031890888415,45.323653919185524,5.0,Undef
9541,4.05,6.4312031890888415,45.323653919185524,10.0,Undef
9542,4.1499999999999995,6.4312031890888415,45.323653919185524,5.0,Undef
9543,4.1499999999999995,6.4312031890888415,45.323653919185524,10.0,Undef
9544,4.249999999999999,6.4312031890888415,45.323653919185524,5.0,Undef
9545,4.249999999999999,6.4312031890888415,45.323653919185524,10.0,Undef
9548,4.449999999999998,6.4312031890888415,45.323653919185524,5.0,Undef
9553,4.649999999999998,6.4312031890888415,45.323653919185524,10.0,Undef
9559,4.949999999999997,6.4312031890888415,45.323653919185524,10.0,Undef
9560,5.049999999999996,6.4312031890888415,45.323653919185524,5.0,Undef
9562,5.149999999999996,6.4312031890888415,45.323653919185524,5.0,Undef
9565,5.249999999999996,6.4312031890888415,45.323653919185524,10.0,Undef
9601,4.05,4.000753564446455,45.23372175859365,10.0,Undef
9602,4.1499999999999995,4.000753564446455,45.23372175859365,5.0,Undef
9605,4.249999999999999,4.000753564446455,45.23372175859365,10.0,Undef
9611,4.549999999999998,4.000753564446455,45.23372175859365,10.0,Undef
9614,4.749999999999997,4.000753564446455,45.23372175859365,5.0,Undef
9616,4.849999999999997,4.000753564446455,45.23372175859365,5.0,Undef
9619,4.949999999999997,4.000753564446455,45.23372175859365,10.0,Undef
9623,5.149999999999996,4.000753564446455,45.23372175859365,10.0,Undef
9660,4.05,4.128458737301868,45.23372175859365,5.0,Undef
9661,4.05,4.128458737301868,45.23372175859365,10.0,Undef
9662,4.1499999999999995,4.128458737301868,45.23372175859365,5.0,Undef
9664,4.249999999999999,4.128458737301868,45.23372175859365,5.0,Undef
9665,4.249999999999999,4.128458737301868,45.23372175859365,10.0,Undef
9670,4.549999999999998,4.128458737301868,45.23372175859365,5.0,Undef
9671,4.549999999999998,4.128458737301868,45.23372175859365,10.0,Undef
9673,4.649999999999998,4.128458737301868,45.23372175859365,10.0,Undef
9681,5.049999999999996,4.128458737301868,45.23372175859365,10.0,Undef
9683,5.149999999999996,4.128458737301868,45.23372175859365,10.0,Undef
9685,5.249999999999996,4.128458737301868,45.23372175859365,10.0,Undef
9721,4.05,4.256163910157281,45.23372175859365,10.0,Undef
9723,4.1499999999999995,4.256163910157281,45.23372175859365,10.0,Undef
9728,4.449999999999998,4.256163910157281,45.23372175859365,5.0,Undef
9731,4.549999999999998,4.256163910157281,45.23372175859365,10.0,Undef
9732,4.649999999999998,4.256163910157281,45.23372175859365,5.0,Undef
9733,4.649999999999998,4.256163910157281,45.23372175859365,10.0,Undef
9741,5.049999999999996,4.256163910157281,45.23372175859365,10.0,Undef
9753,5.649999999999994,4.256163910157281,45.23372175859365,10.0,Undef
9761,6.049999999999993,4.256163910157281,45.23372175859365,10.0,Undef
9780,4.05,4.383869083012694,45.23372175859365,5.0,Undef
9781,4.05,4.383869083012694,45.23372175859365,10.0,Undef
9783,4.1499999999999995,4.383869083012694,45.23372175859365,10.0,Undef
9789,4.449999999999998,4.383869083012694,45.23372175859365,10.0,Undef
9794,4.749999999999997,4.383869083012694,45.23372175859365,5.0,Undef
9840,4.05,4.511574255868107,45.23372175859365,5.0,Undef
9841,4.05,4.511574255868107,45.23372175859365,10.0,Undef
9843,4.1499999999999995,4.511574255868107,45.23372175859365,10.0,Undef
9845,4.249999999999999,4.511574255868107,45.23372175859365,10.0,Undef
9847,4.349999999999999,4.511574255868107,45.23372175859365,10.0,Undef
9849,4.449999999999998,4.511574255868107,45.23372175859365,10.0,Undef
9854,4.749999999999997,4.511574255868107,45.23372175859365,5.0,Undef
9857,4.849999999999997,4.511574255868107,45.23372175859365,10.0,Undef
9901,4.05,4.63927942872352,45.23372175859365,10.0,Undef
9907,4.349999999999999,4.63927942872352,45.23372175859365,10.0,Undef
9911,4.549999999999998,4.63927942872352,45.23372175859365,10.0,Undef
9925,5.249999999999996,4.63927942872352,45.23372175859365,10.0,Undef
9960,4.05,4.766984601578933,45.23372175859365,5.0,Undef
9961,4.05,4.766984601578933,45.23372175859365,10.0,Undef
9963,4.1499999999999995,4.766984601578933,45.23372175859365,10.0,Undef
9964,4.249999999999999,4.766984601578933,45.23372175859365,5.0,Undef
9965,4.249999999999999,4.766984601578933,45.23372175859365,10.0,Undef
9967,4.349999999999999,4.766984601578933,45.23372175859365,10.0,Undef
9969,4.449999999999998,4.766984601578933,45.23372175859365,10.0,Undef
9972,4.649999999999998,4.766984601578933,45.23372175859365,5.0,Undef
9985,5.249999999999996,4.766984601578933,45.23372175859365,10.0,Undef
9988,5.449999999999995,4.766984601578933,45.23372175859365,5.0,Undef
10021,4.05,4.894689774434346,45.23372175859365,10.0,Undef
10022,4.1499999999999995,4.894689774434346,45.23372175859365,5.0,Undef
10023,4.1499999999999995,4.894689774434346,45.23372175859365,10.0,Undef
10025,4.249999999999999,4.894689774434346,45.23372175859365,10.0,Undef
10031,4.549999999999998,4.894689774434346,45.23372175859365,10.0,Undef
10038,4.949999999999997,4.894689774434346,45.23372175859365,5.0,Undef
10071,6.549999999999991,4.894689774434346,45.23372175859365,10.0,Undef
10081,4.05,5.022394947289759,45.23372175859365,10.0,Undef
10082,4.1499999999999995,5.022394947289759,45.23372175859365,5.0,Undef
10087,4.349999999999999,5.022394947289759,45.23372175859365,10.0,Undef
10088,4.449999999999998,5.022394947289759,45.23372175859365,5.0,Undef
10140,4.05,5.150100120145172,45.23372175859365,5.0,Undef
10141,4.05,5.150100120145172,45.23372175859365,10.0,Undef
10143,4.1499999999999995,5.150100120145172,45.23372175859365,10.0,Undef
10145,4.249999999999999,5.150100120145172,45.23372175859365,10.0,Undef
10147,4.349999999999999,5.150100120145172,45.23372175859365,10.0,Undef
10149,4.449999999999998,5.150100120145172,45.23372175859365,10.0,Undef
10152,4.649999999999998,5.150100120145172,45.23372175859365,5.0,Undef
10159,4.949999999999997,5.150100120145172,45.23372175859365,10.0,Undef
10181,6.049999999999993,5.150100120145172,45.23372175859365,10.0,Undef
10201,4.05,5.2778052930005845,45.23372175859365,10.0,Undef
10202,4.1499999999999995,5.2778052930005845,45.23372175859365,5.0,Undef
10203,4.1499999999999995,5.2778052930005845,45.23372175859365,10.0,Undef
10205,4.249999999999999,5.2778052930005845,45.23372175859365,10.0,Undef
10206,4.349999999999999,5.2778052930005845,45.23372175859365,5.0,Undef
10207,4.349999999999999,5.2778052930005845,45.23372175859365,10.0,Undef
10209,4.449999999999998,5.2778052930005845,45.23372175859365,10.0,Undef
10217,4.849999999999997,5.2778052930005845,45.23372175859365,10.0,Undef
10261,4.05,5.405510465855998,45.23372175859365,10.0,Undef
10263,4.1499999999999995,5.405510465855998,45.23372175859365,10.0,Undef
10265,4.249999999999999,5.405510465855998,45.23372175859365,10.0,Undef
10273,4.649999999999998,5.405510465855998,45.23372175859365,10.0,Undef
10278,4.949999999999997,5.405510465855998,45.23372175859365,5.0,Undef
10292,5.649999999999994,5.405510465855998,45.23372175859365,5.0,Undef
10329,4.449999999999998,5.533215638711411,45.23372175859365,10.0,Undef
10336,4.849999999999997,5.533215638711411,45.23372175859365,5.0,Undef
10352,5.649999999999994,5.533215638711411,45.23372175859365,5.0,Undef
10381,4.05,5.6609208115668235,45.23372175859365,10.0,Undef
10382,4.1499999999999995,5.6609208115668235,45.23372175859365,5.0,Undef
10383,4.1499999999999995,5.6609208115668235,45.23372175859365,10.0,Undef
10384,4.249999999999999,5.6609208115668235,45.23372175859365,5.0,Undef
10387,4.349999999999999,5.6609208115668235,45.23372175859365,10.0,Undef
10389,4.449999999999998,5.6609208115668235,45.23372175859365,10.0,Undef
10397,4.849999999999997,5.6609208115668235,45.23372175859365,10.0,Undef
10440,4.05,5.788625984422237,45.23372175859365,5.0,Undef
10441,4.05,5.788625984422237,45.23372175859365,10.0,Undef
10443,4.1499999999999995,5.788625984422237,45.23372175859365,10.0,Undef
10444,4.249999999999999,5.788625984422237,45.23372175859365,5.0,Undef
10445,4.249999999999999,5.788625984422237,45.23372175859365,10.0,Undef
10449,4.449999999999998,5.788625984422237,45.23372175859365,10.0,Undef
10501,4.05,5.91633115727765,45.23372175859365,10.0,Undef
10502,4.1499999999999995,5.91633115727765,45.23372175859365,5.0,Undef
10503,4.1499999999999995,5.91633115727765,45.23372175859365,10.0,Undef
10505,4.249999999999999,5.91633115727765,45.23372175859365,10.0,Undef
10508,4.449999999999998,5.91633115727765,45.23372175859365,5.0,Undef
10511,4.549999999999998,5.91633115727765,45.23372175859365,10.0,Undef
10515,4.749999999999997,5.91633115727765,45.23372175859365,10.0,Undef
10516,4.849999999999997,5.91633115727765,45.23372175859365,5.0,Undef
10517,4.849999999999997,5.91633115727765,45.23372175859365,10.0,Undef
10520,5.049999999999996,5.91633115727765,45.23372175859365,5.0,Undef
10521,5.049999999999996,5.91633115727765,45.23372175859365,10.0,Undef
10522,5.149999999999996,5.91633115727765,45.23372175859365,5.0,Undef
10527,5.349999999999995,5.91633115727765,45.23372175859365,10.0,Undef
10563,4.1499999999999995,6.044036330133062,45.23372175859365,10.0,Undef
10564,4.249999999999999,6.044036330133062,45.23372175859365,5.0,Undef
10573,4.649999999999998,6.044036330133062,45.23372175859365,10.0,Undef
10581,5.049999999999996,6.044036330133062,45.23372175859365,10.0,Undef
10620,4.05,6.171741502988476,45.23372175859365,5.0,Undef
10621,4.05,6.171741502988476,45.23372175859365,10.0,Undef
10622,4.1499999999999995,6.171741502988476,45.23372175859365,5.0,Undef
10627,4.349999999999999,6.171741502988476,45.23372175859365,10.0,Undef
10629,4.449999999999998,6.171741502988476,45.23372175859365,10.0,Undef
10682,4.1499999999999995,6.299446675843889,45.23372175859365,5.0,Undef
10685,4.249999999999999,6.299446675843889,45.23372175859365,10.0,Undef
10688,4.449999999999998,6.299446675843889,45.23372175859365,5.0,Undef
10689,4.449999999999998,6.299446675843889,45.23372175859365,10.0,Undef
10691,4.549999999999998,6.299446675843889,45.23372175859365,10.0,Undef
10741,4.05,6.427151848699301,45.23372175859365,10.0,Undef
10743,4.1499999999999995,6.427151848699301,45.23372175859365,10.0,Undef
10745,4.249999999999999,6.427151848699301,45.23372175859365,10.0,Undef
10749,4.449999999999998,6.427151848699301,45.23372175859365,10.0,Undef
10753,4.649999999999998,6.427151848699301,45.23372175859365,10.0,Undef
10800,4.05,4.000551951651243,45.14378959800178,5.0,Undef
10802,4.1499999999999995,4.000551951651243,45.14378959800178,5.0,Undef
10805,4.249999999999999,4.000551951651243,45.14378959800178,10.0,Undef
10806,4.349999999999999,4.000551951651243,45.14378959800178,5.0,Undef
10807,4.349999999999999,4.000551951651243,45.14378959800178,10.0,Undef
10809,4.449999999999998,4.000551951651243,45.14378959800178,10.0,Undef
10810,4.549999999999998,4.000551951651243,45.14378959800178,5.0,Undef
10811,4.549999999999998,4.000551951651243,45.14378959800178,10.0,Undef
10816,4.849999999999997,4.000551951651243,45.14378959800178,5.0,Undef
10817,4.849999999999997,4.000551951651243,45.14378959800178,10.0,Undef
10861,4.05,4.128055511711445,45.14378959800178,10.0,Undef
10862,4.1499999999999995,4.128055511711445,45.14378959800178,5.0,Undef
10863,4.1499999999999995,4.128055511711445,45.14378959800178,10.0,Undef
10866,4.349999999999999,4.128055511711445,45.14378959800178,5.0,Undef
10867,4.349999999999999,4.128055511711445,45.14378959800178,10.0,Undef
10868,4.449999999999998,4.128055511711445,45.14378959800178,5.0,Undef
10871,4.549999999999998,4.128055511711445,45.14378959800178,10.0,Undef
10920,4.05,4.255559071771645,45.14378959800178,5.0,Undef
10922,4.1499999999999995,4.255559071771645,45.14378959800178,5.0,Undef
10925,4.249999999999999,4.255559071771645,45.14378959800178,10.0,Undef
10928,4.449999999999998,4.255559071771645,45.14378959800178,5.0,Undef
10930,4.549999999999998,4.255559071771645,45.14378959800178,5.0,Undef
10981,4.05,4.383062631831846,45.14378959800178,10.0,Undef
10984,4.249999999999999,4.383062631831846,45.14378959800178,5.0,Undef
10985,4.249999999999999,4.383062631831846,45.14378959800178,10.0,Undef
10988,4.449999999999998,4.383062631831846,45.14378959800178,5.0,Undef
10989,4.449999999999998,4.383062631831846,45.14378959800178,10.0,Undef
10993,4.649999999999998,4.383062631831846,45.14378959800178,10.0,Undef
11040,4.05,4.510566191892048,45.14378959800178,5.0,Undef
11041,4.05,4.510566191892048,45.14378959800178,10.0,Undef
11042,4.1499999999999995,4.510566191892048,45.14378959800178,5.0,Undef
11045,4.249999999999999,4.510566191892048,45.14378959800178,10.0,Undef
11047,4.349999999999999,4.510566191892048,45.14378959800178,10.0,Undef
11050,4.549999999999998,4.510566191892048,45.14378959800178,5.0,Undef
11053,4.649999999999998,4.510566191892048,45.14378959800178,10.0,Undef
11100,4.05,4.638069751952249,45.14378959800178,5.0,Undef
11101,4.05,4.638069751952249,45.14378959800178,10.0,Undef
11102,4.1499999999999995,4.638069751952249,45.14378959800178,5.0,Undef
11103,4.1499999999999995,4.638069751952249,45.14378959800178,10.0,Undef
11105,4.249999999999999,4.638069751952249,45.14378959800178,10.0,Undef
11106,4.349999999999999,4.638069751952249,45.14378959800178,5.0,Undef
11109,4.449999999999998,4.638069751952249,45.14378959800178,10.0,Undef
11113,4.649999999999998,4.638069751952249,45.14378959800178,10.0,Undef
11116,4.849999999999997,4.638069751952249,45.14378959800178,5.0,Undef
11160,4.05,4.7655733120124495,45.14378959800178,5.0,Undef
11161,4.05,4.7655733120124495,45.14378959800178,10.0,Undef
11163,4.1499999999999995,4.7655733120124495,45.14378959800178,10.0,Undef
11169,4.449999999999998,4.7655733120124495,45.14378959800178,10.0,Undef
11170,4.549999999999998,4.7655733120124495,45.14378959800178,5.0,Undef
11171,4.549999999999998,4.7655733120124495,45.14378959800178,10.0,Undef
11173,4.649999999999998,4.7655733120124495,45.14378959800178,10.0,Undef
11174,4.749999999999997,4.7655733120124495,45.14378959800178,5.0,Undef
11220,4.05,4.893076872072651,45.14378959800178,5.0,Undef
11227,4.349999999999999,4.893076872072651,45.14378959800178,10.0,Undef
11230,4.549999999999998,4.893076872072651,45.14378959800178,5.0,Undef
11231,4.549999999999998,4.893076872072651,45.14378959800178,10.0,Undef
11233,4.649999999999998,4.893076872072651,45.14378959800178,10.0,Undef
11241,5.049999999999996,4.893076872072651,45.14378959800178,10.0,Undef
11243,5.149999999999996,4.893076872072651,45.14378959800178,10.0,Undef
11245,5.249999999999996,4.893076872072651,45.14378959800178,10.0,Undef
11281,4.05,5.020580432132852,45.14378959800178,10.0,Undef
11285,4.249999999999999,5.020580432132852,45.14378959800178,10.0,Undef
11290,4.549999999999998,5.020580432132852,45.14378959800178,5.0,Undef
11295,4.749999999999997,5.020580432132852,45.14378959800178,10.0,Undef
11296,4.849999999999997,5.020580432132852,45.14378959800178,5.0,Undef
11297,4.849999999999997,5.020580432132852,45.14378959800178,10.0,Undef
11301,5.049999999999996,5.020580432132852,45.14378959800178,10.0,Undef
11341,4.05,5.148083992193053,45.14378959800178,10.0,Undef
11343,4.1499999999999995,5.148083992193053,45.14378959800178,10.0,Undef
11347,4.349999999999999,5.148083992193053,45.14378959800178,10.0,Undef
11348,4.449999999999998,5.148083992193053,45.14378959800178,5.0,Undef
11349,4.449999999999998,5.148083992193053,45.14378959800178,10.0,Undef
11353,4.649999999999998,5.148083992193053,45.14378959800178,10.0,Undef
11357,4.849999999999997,5.148083992193053,45.14378959800178,10.0,Undef
11359,4.949999999999997,5.148083992193053,45.14378959800178,10.0,Undef
11363,5.149999999999996,5.148083992193053,45.14378959800178,10.0,Undef
11371,5.5499999999999945,5.148083992193053,45.14378959800178,10.0,Undef
11400,4.05,5.275587552253254,45.14378959800178,5.0,Undef
11401,4.05,5.275587552253254,45.14378959800178,10.0,Undef
11403,4.1499999999999995,5.275587552253254,45.14378959800178,10.0,Undef
11404,4.249999999999999,5.275587552253254,45.14378959800178,5.0,Undef
11413,4.649999999999998,5.275587552253254,45.14378959800178,10.0,Undef
11415,4.749999999999997,5.275587552253254,45.14378959800178,10.0,Undef
11430,5.5499999999999945,5.275587552253254,45.14378959800178,5.0,Undef
11461,4.05,5.403091112313455,45.14378959800178,10.0,Undef
11463,4.1499999999999995,5.403091112313455,45.14378959800178,10.0,Undef
11465,4.249999999999999,5.403091112313455,45.14378959800178,10.0,Undef
11475,4.749999999999997,5.403091112313455,45.14378959800178,10.0,Undef
11483,5.149999999999996,5.403091112313455,45.14378959800178,10.0,Undef
11520,4.05,5.530594672373656,45.14378959800178,5.0,Undef
11521,4.05,5.530594672373656,45.14378959800178,10.0,Undef
11522,4.1499999999999995,5.530594672373656,45.14378959800178,5.0,Undef
11524,4.249999999999999,5.530594672373656,45.14378959800178,5.0,Undef
11526,4.349999999999999,5.530594672373656,45.14378959800178,5.0,Undef
11527,4.349999999999999,5.530594672373656,45.14378959800178,10.0,Undef
11528,4.449999999999998,5.530594672373656,45.14378959800178,5.0,Undef
11530,4.549999999999998,5.530594672373656,45.14378959800178,5.0,Undef
11531,4.549999999999998,5.530594672373656,45.14378959800178,10.0,Undef
11533,4.649999999999998,5.530594672373656,45.14378959800178,10.0,Undef
11545,5.249999999999996,5.530594672373656,45.14378959800178,10.0,Undef
11556,5.849999999999993,5.530594672373656,45.14378959800178,5.0,Undef
11581,4.05,5.658098232433857,45.14378959800178,10.0,Undef
11582,4.1499999999999995,5.658098232433857,45.14378959800178,5.0,Undef
11583,4.1499999999999995,5.658098232433857,45.14378959800178,10.0,Undef
11590,4.549999999999998,5.658098232433857,45.14378959800178,5.0,Undef
11593,4.649999999999998,5.658098232433857,45.14378959800178,10.0,Undef
11595,4.749999999999997,5.658098232433857,45.14378959800178,10.0,Undef
11615,5.749999999999994,5.658098232433857,45.14378959800178,10.0,Undef
11619,5.949999999999993,5.658098232433857,45.14378959800178,10.0,Undef
11641,4.05,5.785601792494059,45.14378959800178,10.0,Undef
11642,4.1499999999999995,5.785601792494059,45.14378959800178,5.0,Undef
11643,4.1499999999999995,5.785601792494059,45.14378959800178,10.0,Undef
11645,4.249999999999999,5.785601792494059,45.14378959800178,10.0,Undef
11648,4.449999999999998,5.785601792494059,45.14378959800178,5.0,Undef
11649,4.449999999999998,5.785601792494059,45.14378959800178,10.0,Undef
11655,4.749999999999997,5.785601792494059,45.14378959800178,10.0,Undef
11662,5.149999999999996,5.785601792494059,45.14378959800178,5.0,Undef
11701,4.05,5.913105352554259,45.14378959800178,10.0,Undef
11703,4.1499999999999995,5.913105352554259,45.14378959800178,10.0,Undef
11704,4.249999999999999,5.913105352554259,45.14378959800178,5.0,Undef
11705,4.249999999999999,5.913105352554259,45.14378959800178,10.0,Undef
11707,4.349999999999999,5.913105352554259,45.14378959800178,10.0,Undef
11709,4.449999999999998,5.913105352554259,45.14378959800178,10.0,Undef
11713,4.649999999999998,5.913105352554259,45.14378959800178,10.0,Undef
11715,4.749999999999997,5.913105352554259,45.14378959800178,10.0,Undef
11718,4.949999999999997,5.913105352554259,45.14378959800178,5.0,Undef
11721,5.049999999999996,5.913105352554259,45.14378959800178,10.0,Undef
11760,4.05,6.04060891261446,45.14378959800178,5.0,Undef
11761,4.05,6.04060891261446,45.14378959800178,10.0,Undef
11774,4.749999999999997,6.04060891261446,45.14378959800178,5.0,Undef
11820,4.05,6.168112472674662,45.14378959800178,5.0,Undef
11821,4.05,6.168112472674662,45.14378959800178,10.0,Undef
11822,4.1499999999999995,6.168112472674662,45.14378959800178,5.0,Undef
11823,4.1499999999999995,6.168112472674662,45.14378959800178,10.0,Undef
11824,4.249999999999999,6.168112472674662,45.14378959800178,5.0,Undef
11825,4.249999999999999,6.168112472674662,45.14378959800178,10.0,Undef
11826,4.349999999999999,6.168112472674662,45.14378959800178,5.0,Undef
11828,4.449999999999998,6.168112472674662,45.14378959800178,5.0,Undef
11829,4.449999999999998,6.168112472674662,45.14378959800178,10.0,Undef
11836,4.849999999999997,6.168112472674662,45.14378959800178,5.0,Undef
11837,4.849999999999997,6.168112472674662,45.14378959800178,10.0,Undef
11881,4.05,6.295616032734863,45.14378959800178,10.0,Undef
11883,4.1499999999999995,6.295616032734863,45.14378959800178,10.0,Undef
11893,4.649999999999998,6.295616032734863,45.14378959800178,10.0,Undef
11894,4.749999999999997,6.295616032734863,45.14378959800178,5.0,Undef
11898,4.949999999999997,6.295616032734863,45.14378959800178,5.0,Undef
11899,4.949999999999997,6.295616032734863,45.14378959800178,10.0,Undef
11941,4.05,6.4231195927950635,45.14378959800178,10.0,Undef
11942,4.1499999999999995,6.4231195927950635,45.14378959800178,5.0,Undef
11943,4.1499999999999995,6.4231195927950635,45.14378959800178,10.0,Undef
11944,4.249999999999999,6.4231195927950635,45.14378959800178,5.0,Undef
11946,4.349999999999999,6.4231195927950635,45.14378959800178,5.0,Undef
12000,4.05,4.000351287576945,45.05385743740991,5.0,Undef
12003,4.1499999999999995,4.000351287576945,45.05385743740991,10.0,Undef
12007,4.349999999999999,4.000351287576945,45.05385743740991,10.0,Undef
12009,4.449999999999998,4.000351287576945,45.05385743740991,10.0,Undef
12017,4.849999999999997,4.000351287576945,45.05385743740991,10.0,Undef
12060,4.05,4.127654183562847,45.05385743740991,5.0,Undef
12062,4.1499999999999995,4.127654183562847,45.05385743740991,5.0,Undef
12064,4.249999999999999,4.127654183562847,45.05385743740991,5.0,Undef
12065,4.249999999999999,4.127654183562847,45.05385743740991,10.0,Undef
12067,4.349999999999999,4.127654183562847,45.05385743740991,10.0,Undef
12069,4.449999999999998,4.127654183562847,45.05385743740991,10.0,Undef
12070,4.549999999999998,4.127654183562847,45.05385743740991,5.0,Undef
12075,4.749999999999997,4.127654183562847,45.05385743740991,10.0,Undef
12085,5.249999999999996,4.127654183562847,45.05385743740991,10.0,Undef
12120,4.05,4.254957079548749,45.05385743740991,5.0,Undef
12121,4.05,4.254957079548749,45.05385743740991,10.0,Undef
12125,4.249999999999999,4.254957079548749,45.05385743740991,10.0,Undef
12127,4.349999999999999,4.254957079548749,45.05385743740991,10.0,Undef
12128,4.449999999999998,4.254957079548749,45.05385743740991,5.0,Undef
12181,4.05,4.382259975534652,45.05385743740991,10.0,Undef
12182,4.1499999999999995,4.382259975534652,45.05385743740991,5.0,Undef
12185,4.249999999999999,4.382259975534652,45.05385743740991,10.0,Undef
12187,4.349999999999999,4.382259975534652,45.05385743740991,10.0,Undef
12189,4.449999999999998,4.382259975534652,45.05385743740991,10.0,Undef
12191,4.549999999999998,4.382259975534652,45.05385743740991,10.0,Undef
12193,4.649999999999998,4.382259975534652,45.05385743740991,10.0,Undef
12241,4.05,4.509562871520554,45.05385743740991,10.0,Undef
12242,4.1499999999999995,4.509562871520554,45.05385743740991,5.0,Undef
12243,4.1499999999999995,4.509562871520554,45.05385743740991,10.0,Undef
12248,4.449999999999998,4.509562871520554,45.05385743740991,5.0,Undef
12249,4.449999999999998,4.509562871520554,45.05385743740991,10.0,Undef
12252,4.649999999999998,4.509562871520554,45.05385743740991,5.0,Undef
12266,5.349999999999995,4.509562871520554,45.05385743740991,5.0,Undef
12301,4.05,4.636865767506456,45.05385743740991,10.0,Undef
12302,4.1499999999999995,4.636865767506456,45.05385743740991,5.0,Undef
12303,4.1499999999999995,4.636865767506456,45.05385743740991,10.0,Undef
12307,4.349999999999999,4.636865767506456,45.05385743740991,10.0,Undef
12309,4.449999999999998,4.636865767506456,45.05385743740991,10.0,Undef
12314,4.749999999999997,4.636865767506456,45.05385743740991,5.0,Undef
12315,4.749999999999997,4.636865767506456,45.05385743740991,10.0,Undef
12333,5.649999999999994,4.636865767506456,45.05385743740991,10.0,Undef
12361,4.05,4.764168663492359,45.05385743740991,10.0,Undef
12364,4.249999999999999,4.764168663492359,45.05385743740991,5.0,Undef
12366,4.349999999999999,4.764168663492359,45.05385743740991,5.0,Undef
12369,4.449999999999998,4.764168663492359,45.05385743740991,10.0,Undef
12371,4.549999999999998,4.764168663492359,45.05385743740991,10.0,Undef
12380,5.049999999999996,4.764168663492359,45.05385743740991,5.0,Undef
12407,6.349999999999992,4.764168663492359,45.05385743740991,10.0,Undef
12421,4.05,4.891471559478261,45.05385743740991,10.0,Undef
12422,4.1499999999999995,4.891471559478261,45.05385743740991,5.0,Undef
12424,4.249999999999999,4.891471559478261,45.05385743740991,5.0,Undef
12425,4.249999999999999,4.891471559478261,45.05385743740991,10.0,Undef
12426,4.349999999999999,4.891471559478261,45.05385743740991,5.0,Undef
12427,4.349999999999999,4.891471559478261,45.05385743740991,10.0,Undef
12431,4.549999999999998,4.891471559478261,45.05385743740991,10.0,Undef
12443,5.149999999999996,4.891471559478261,45.05385743740991,10.0,Undef
12460,6.049999999999993,4.891471559478261,45.05385743740991,5.0,Undef
12481,4.05,5.018774455464163,45.05385743740991,10.0,Undef
12487,4.349999999999999,5.018774455464163,45.05385743740991,10.0,Undef
12491,4.549999999999998,5.018774455464163,45.05385743740991,10.0,Undef
12501,5.049999999999996,5.018774455464163,45.05385743740991,10.0,Undef
12541,4.05,5.1460773514500655,45.05385743740991,10.0,Undef
12547,4.349999999999999,5.1460773514500655,45.05385743740991,10.0,Undef
12552,4.649999999999998,5.1460773514500655,45.05385743740991,5.0,Undef
12563,5.149999999999996,5.1460773514500655,45.05385743740991,10.0,Undef
12570,5.5499999999999945,5.1460773514500655,45.05385743740991,5.0,Undef
12600,4.05,5.273380247435968,45.05385743740991,5.0,Undef
12601,4.05,5.273380247435968,45.05385743740991,10.0,Undef
12603,4.1499999999999995,5.273380247435968,45.05385743740991,10.0,Undef
12611,4.549999999999998,5.273380247435968,45.05385743740991,10.0,Undef
12614,4.749999999999997,5.273380247435968,45.05385743740991,5.0,Undef
12623,5.149999999999996,5.273380247435968,45.05385743740991,10.0,Undef
12628,5.449999999999995,5.273380247435968,45.05385743740991,5.0,Undef
12629,5.449999999999995,5.273380247435968,45.05385743740991,10.0,Undef
12661,4.05,5.40068314342187,45.05385743740991,10.0,Undef
12663,4.1499999999999995,5.40068314342187,45.05385743740991,10.0,Undef
12665,4.249999999999999,5.40068314342187,45.05385743740991,10.0,Undef
12667,4.349999999999999,5.40068314342187,45.05385743740991,10.0,Undef
12669,4.449999999999998,5.40068314342187,45.05385743740991,10.0,Undef
12671,4.549999999999998,5.40068314342187,45.05385743740991,10.0,Undef
12674,4.749999999999997,5.40068314342187,45.05385743740991,5.0,Undef
12677,4.849999999999997,5.40068314342187,45.05385743740991,10.0,Undef
12680,5.049999999999996,5.40068314342187,45.05385743740991,5.0,Undef
12681,5.049999999999996,5.40068314342187,45.05385743740991,10.0,Undef
12720,4.05,5.5279860394077724,45.05385743740991,5.0,Undef
12721,4.05,5.5279860394077724,45.05385743740991,10.0,Undef
12728,4.449999999999998,5.5279860394077724,45.05385743740991,5.0,Undef
12741,5.049999999999996,5.5279860394077724,45.05385743740991,10.0,Undef
12768,6.449999999999991,5.5279860394077724,45.05385743740991,5.0,Undef
12781,4.05,5.655288935393675,45.05385743740991,10.0,Undef
12782,4.1499999999999995,5.655288935393675,45.05385743740991,5.0,Undef
12783,4.1499999999999995,5.655288935393675,45.05385743740991,10.0,Undef
12785,4.249999999999999,5.655288935393675,45.05385743740991,10.0,Undef
12787,4.349999999999999,5.655288935393675,45.05385743740991,10.0,Undef
12791,4.549999999999998,5.655288935393675,45.05385743740991,10.0,Undef
12792,4.649999999999998,5.655288935393675,45.05385743740991,5.0,Undef
12793,4.649999999999998,5.655288935393675,45.05385743740991,10.0,Undef
12797,4.849999999999997,5.655288935393675,45.05385743740991,10.0,Undef
12840,4.05,5.782591831379577,45.05385743740991,5.0,Undef
12842,4.1499999999999995,5.782591831379577,45.05385743740991,5.0,Undef
12900,4.05,5.909894727365479,45.05385743740991,5.0,Undef
12901,4.05,5.909894727365479,45.05385743740991,10.0,Undef
12903,4.1499999999999995,5.909894727365479,45.05385743740991,10.0,Undef
12909,4.449999999999998,5.909894727365479,45.05385743740991,10.0,Undef
12913,4.649999999999998,5.909894727365479,45.05385743740991,10.0,Undef
12916,4.849999999999997,5.909894727365479,45.05385743740991,5.0,Undef
12917,4.849999999999997,5.909894727365479,45.05385743740991,10.0,Undef
12960,4.05,6.037197623351382,45.05385743740991,5.0,Undef
12961,4.05,6.037197623351382,45.05385743740991,10.0,Undef
12965,4.249999999999999,6.037197623351382,45.05385743740991,10.0,Undef
12968,4.449999999999998,6.037197623351382,45.05385743740991,5.0,Undef
12969,4.449999999999998,6.037197623351382,45.05385743740991,10.0,Undef
12970,4.549999999999998,6.037197623351382,45.05385743740991,5.0,Undef
12984,5.249999999999996,6.037197623351382,45.05385743740991,5.0,Undef
12988,5.449999999999995,6.037197623351382,45.05385743740991,5.0,Undef
13021,4.05,6.164500519337284,45.05385743740991,10.0,Undef
13023,4.1499999999999995,6.164500519337284,45.05385743740991,10.0,Undef
13027,4.349999999999999,6.164500519337284,45.05385743740991,10.0,Undef
13031,4.549999999999998,6.164500519337284,45.05385743740991,10.0,Undef
13055,5.749999999999994,6.164500519337284,45.05385743740991,10.0,Undef
13081,4.05,6.291803415323186,45.05385743740991,10.0,Undef
13083,4.1499999999999995,6.291803415323186,45.05385743740991,10.0,Undef
13087,4.349999999999999,6.291803415323186,45.05385743740991,10.0,Undef
13089,4.449999999999998,6.291803415323186,45.05385743740991,10.0,Undef
13091,4.549999999999998,6.291803415323186,45.05385743740991,10.0,Undef
13099,4.949999999999997,6.291803415323186,45.05385743740991,10.0,Undef
13140,4.05,6.419106311309089,45.05385743740991,5.0,Undef
13143,4.1499999999999995,6.419106311309089,45.05385743740991,10.0,Undef
13144,4.249999999999999,6.419106311309089,45.05385743740991,5.0,Undef
13186,6.349999999999992,6.419106311309089,45.05385743740991,5.0,Undef
13191,6.549999999999991,6.419106311309089,45.05385743740991,10.0,Undef
13202,4.1499999999999995,4.000151566764939,44.963925276818046,5.0,Undef
13203,4.1499999999999995,4.000151566764939,44.963925276818046,10.0,Undef
13205,4.249999999999999,4.000151566764939,44.963925276818046,10.0,Undef
13211,4.549999999999998,4.000151566764939,44.963925276818046,10.0,Undef
13214,4.749999999999997,4.000151566764939,44.963925276818046,5.0,Undef
13223,5.149999999999996,4.000151566764939,44.963925276818046,10.0,Undef
13225,5.249999999999996,4.000151566764939,44.963925276818046,10.0,Undef
13261,4.05,4.127254741938835,44.963925276818046,10.0,Undef
13264,4.249999999999999,4.127254741938835,44.963925276818046,5.0,Undef
13266,4.349999999999999,4.127254741938835,44.963925276818046,5.0,Undef
13302,6.149999999999992,4.127254741938835,44.963925276818046,5.0,Undef
13321,4.05,4.25435791711273,44.963925276818046,10.0,Undef
13323,4.1499999999999995,4.25435791711273,44.963925276818046,10.0,Undef
13325,4.249999999999999,4.25435791711273,44.963925276818046,10.0,Undef
13326,4.349999999999999,4.25435791711273,44.963925276818046,5.0,Undef
13329,4.449999999999998,4.25435791711273,44.963925276818046,10.0,Undef
13331,4.549999999999998,4.25435791711273,44.963925276818046,10.0,Undef
13333,4.649999999999998,4.25435791711273,44.963925276818046,10.0,Undef
13337,4.849999999999997,4.25435791711273,44.963925276818046,10.0,Undef
13343,5.149999999999996,4.25435791711273,44.963925276818046,10.0,Undef
13381,4.05,4.381461092286627,44.963925276818046,10.0,Undef
13384,4.249999999999999,4.381461092286627,44.963925276818046,5.0,Undef
13385,4.249999999999999,4.381461092286627,44.963925276818046,10.0,Undef
13389,4.449999999999998,4.381461092286627,44.963925276818046,10.0,Undef
13391,4.549999999999998,4.381461092286627,44.963925276818046,10.0,Undef
13401,5.049999999999996,4.381461092286627,44.963925276818046,10.0,Undef
13402,5.149999999999996,4.381461092286627,44.963925276818046,5.0,Undef
13440,4.05,4.508564267460523,44.963925276818046,5.0,Undef
13443,4.1499999999999995,4.508564267460523,44.963925276818046,10.0,Undef
13445,4.249999999999999,4.508564267460523,44.963925276818046,10.0,Undef
13450,4.549999999999998,4.508564267460523,44.963925276818046,5.0,Undef
13481,6.049999999999993,4.508564267460523,44.963925276818046,10.0,Undef
13500,4.05,4.635667442634419,44.963925276818046,5.0,Undef
13501,4.05,4.635667442634419,44.963925276818046,10.0,Undef
13503,4.1499999999999995,4.635667442634419,44.963925276818046,10.0,Undef
13504,4.249999999999999,4.635667442634419,44.963925276818046,5.0,Undef
13505,4.249999999999999,4.635667442634419,44.963925276818046,10.0,Undef
13515,4.749999999999997,4.635667442634419,44.963925276818046,10.0,Undef
13519,4.949999999999997,4.635667442634419,44.963925276818046,10.0,Undef
13561,4.05,4.762770617808315,44.963925276818046,10.0,Undef
13562,4.1499999999999995,4.762770617808315,44.963925276818046,5.0,Undef
13564,4.249999999999999,4.762770617808315,44.963925276818046,5.0,Undef
13569,4.449999999999998,4.762770617808315,44.963925276818046,10.0,Undef
13575,4.749999999999997,4.762770617808315,44.963925276818046,10.0,Undef
13592,5.649999999999994,4.762770617808315,44.963925276818046,5.0,Undef
13620,4.05,4.889873792982211,44.963925276818046,5.0,Undef
13621,4.05,4.889873792982211,44.963925276818046,10.0,Undef
13623,4.1499999999999995,4.889873792982211,44.963925276818046,10.0,Undef
13626,4.349999999999999,4.889873792982211,44.963925276818046,5.0,Undef
13628,4.449999999999998,4.889873792982211,44.963925276818046,5.0,Undef
13629,4.449999999999998,4.889873792982211,44.963925276818046,10.0,Undef
13641,5.049999999999996,4.889873792982211,44.963925276818046,10.0,Undef
13680,4.05,5.016976968156108,44.963925276818046,5.0,Undef
13681,4.05,5.016976968156108,44.963925276818046,10.0,Undef
13683,4.1499999999999995,5.016976968156108,44.963925276818046,10.0,Undef
13684,4.249999999999999,5.016976968156108,44.963925276818046,5.0,Undef
13685,4.249999999999999,5.016976968156108,44.963925276818046,10.0,Undef
13689,4.449999999999998,5.016976968156108,44.963925276818046,10.0,Undef
13692,4.649999999999998,5.016976968156108,44.963925276818046,5.0,Undef
13693,4.649999999999998,5.016976968156108,44.963925276818046,10.0,Undef
13696,4.849999999999997,5.016976968156108,44.963925276818046,5.0,Undef
13701,5.049999999999996,5.016976968156108,44.963925276818046,10.0,Undef
13735,6.74999999999999,5.016976968156108,44.963925276818046,10.0,Undef
13743,4.1499999999999995,5.144080143330004,44.963925276818046,10.0,Undef
13745,4.249999999999999,5.144080143330004,44.963925276818046,10.0,Undef
13747,4.349999999999999,5.144080143330004,44.963925276818046,10.0,Undef
13750,4.549999999999998,5.144080143330004,44.963925276818046,5.0,Undef
13800,4.05,5.271183318503899,44.963925276818046,5.0,Undef
13801,4.05,5.271183318503899,44.963925276818046,10.0,Undef
13802,4.1499999999999995,5.271183318503899,44.963925276818046,5.0,Undef
13804,4.249999999999999,5.271183318503899,44.963925276818046,5.0,Undef
13805,4.249999999999999,5.271183318503899,44.963925276818046,10.0,Undef
13806,4.349999999999999,5.271183318503899,44.963925276818046,5.0,Undef
13807,4.349999999999999,5.271183318503899,44.963925276818046,10.0,Undef
13809,4.449999999999998,5.271183318503899,44.963925276818046,10.0,Undef
13810,4.549999999999998,5.271183318503899,44.963925276818046,5.0,Undef
13811,4.549999999999998,5.271183318503899,44.963925276818046,10.0,Undef
13821,5.049999999999996,5.271183318503899,44.963925276818046,10.0,Undef
13822,5.149999999999996,5.271183318503899,44.963925276818046,5.0,Undef
13825,5.249999999999996,5.271183318503899,44.963925276818046,10.0,Undef
13860,4.05,5.398286493677796,44.963925276818046,5.0,Undef
13861,4.05,5.398286493677796,44.963925276818046,10.0,Undef
13862,4.1499999999999995,5.398286493677796,44.963925276818046,5.0,Undef
13863,4.1499999999999995,5.398286493677796,44.963925276818046,10.0,Undef
13864,4.249999999999999,5.398286493677796,44.963925276818046,5.0,Undef
13865,4.249999999999999,5.398286493677796,44.963925276818046,10.0,Undef
13866,4.349999999999999,5.398286493677796,44.963925276818046,5.0,Undef
13869,4.449999999999998,5.398286493677796,44.963925276818046,10.0,Undef
13878,4.949999999999997,5.398286493677796,44.963925276818046,5.0,Undef
13879,4.949999999999997,5.398286493677796,44.963925276818046,10.0,Undef
13891,5.5499999999999945,5.398286493677796,44.963925276818046,10.0,Undef
13921,4.05,5.525389668851692,44.963925276818046,10.0,Undef
13923,4.1499999999999995,5.525389668851692,44.963925276818046,10.0,Undef
13927,4.349999999999999,5.525389668851692,44.963925276818046,10.0,Undef
13929,4.449999999999998,5.525389668851692,44.963925276818046,10.0,Undef
13981,4.05,5.652492844025588,44.963925276818046,10.0,Undef
13983,4.1499999999999995,5.652492844025588,44.963925276818046,10.0,Undef
13988,4.449999999999998,5.652492844025588,44.963925276818046,5.0,Undef
13989,4.449999999999998,5.652492844025588,44.963925276818046,10.0,Undef
13991,4.549999999999998,5.652492844025588,44.963925276818046,10.0,Undef
13999,4.949999999999997,5.652492844025588,44.963925276818046,10.0,Undef
14043,4.1499999999999995,5.779596019199484,44.963925276818046,10.0,Undef
14045,4.249999999999999,5.779596019199484,44.963925276818046,10.0,Undef
14047,4.349999999999999,5.779596019199484,44.963925276818046,10.0,Undef
14048,4.449999999999998,5.779596019199484,44.963925276818046,5.0,Undef
14049,4.449999999999998,5.779596019199484,44.963925276818046,10.0,Undef
14053,4.649999999999998,5.779596019199484,44.963925276818046,10.0,Undef
14055,4.749999999999997,5.779596019199484,44.963925276818046,10.0,Undef
14065,5.249999999999996,5.779596019199484,44.963925276818046,10.0,Undef
14101,4.05,5.90669919437338,44.963925276818046,10.0,Undef
14103,4.1499999999999995,5.90669919437338,44.963925276818046,10.0,Undef
14104,4.249999999999999,5.90669919437338,44.963925276818046,5.0,Undef
14111,4.549999999999998,5.90669919437338,44.963925276818046,10.0,Undef
14113,4.649999999999998,5.90669919437338,44.963925276818046,10.0,Undef
14119,4.949999999999997,5.90669919437338,44.963925276818046,10.0,Undef
14161,4.05,6.033802369547277,44.963925276818046,10.0,Undef
14162,4.1499999999999995,6.033802369547277,44.963925276818046,5.0,Undef
14163,4.1499999999999995,6.033802369547277,44.963925276818046,10.0,Undef
14164,4.249999999999999,6.033802369547277,44.963925276818046,5.0,Undef
14166,4.349999999999999,6.033802369547277,44.963925276818046,5.0,Undef
14169,4.449999999999998,6.033802369547277,44.963925276818046,10.0,Undef
14173,4.649999999999998,6.033802369547277,44.963925276818046,10.0,Undef
14187,5.349999999999995,6.033802369547277,44.963925276818046,10.0,Undef
14220,4.05,6.160905544721173,44.963925276818046,5.0,Undef
14221,4.05,6.160905544721173,44.963925276818046,10.0,Undef
14222,4.1499999999999995,6.160905544721173,44.963925276818046,5.0,Undef
14225,4.249999999999999,6.160905544721173,44.963925276818046,10.0,Undef
14227,4.349999999999999,6.160905544721173,44.963925276818046,10.0,Undef
14232,4.649999999999998,6.160905544721173,44.963925276818046,5.0,Undef
14233,4.649999999999998,6.160905544721173,44.963925276818046,10.0,Undef
14239,4.949999999999997,6.160905544721173,44.963925276818046,10.0,Undef
14280,4.05,6.2880087198950685,44.963925276818046,5.0,Undef
14281,4.05,6.2880087198950685,44.963925276818046,10.0,Undef
14283,4.1499999999999995,6.2880087198950685,44.963925276818046,10.0,Undef
14284,4.249999999999999,6.2880087198950685,44.963925276818046,5.0,Undef
14287,4.349999999999999,6.2880087198950685,44.963925276818046,10.0,Undef
14295,4.749999999999997,6.2880087198950685,44.963925276818046,10.0,Undef
14296,4.849999999999997,6.2880087198950685,44.963925276818046,5.0,Undef
14301,5.049999999999996,6.2880087198950685,44.963925276818046,10.0,Undef
14340,4.05,6.415111895068965,44.963925276818046,5.0,Undef
14344,4.249999999999999,6.415111895068965,44.963925276818046,5.0,Undef
14345,4.249999999999999,6.415111895068965,44.963925276818046,10.0,Undef
14347,4.349999999999999,6.415111895068965,44.963925276818046,10.0,Undef
14351,4.549999999999998,6.415111895068965,44.963925276818046,10.0,Undef
14353,4.649999999999998,6.415111895068965,44.963925276818046,10.0,Undef
14355,4.749999999999997,6.415111895068965,44.963925276818046,10.0,Undef
14365,5.249999999999996,6.415111895068965,44.963925276818046,10.0,Undef
14401,4.05,3.9999527838008264,44.873993116226174,10.0,Undef
14402,4.1499999999999995,3.9999527838008264,44.873993116226174,5.0,Undef
14403,4.1499999999999995,3.9999527838008264,44.873993116226174,10.0,Undef
14405,4.249999999999999,3.9999527838008264,44.873993116226174,10.0,Undef
14407,4.349999999999999,3.9999527838008264,44.873993116226174,10.0,Undef
14411,4.549999999999998,3.9999527838008264,44.873993116226174,10.0,Undef
14414,4.749999999999997,3.9999527838008264,44.873993116226174,5.0,Undef
14461,4.05,4.126857176010611,44.873993116226174,10.0,Undef
14462,4.1499999999999995,4.126857176010611,44.873993116226174,5.0,Undef
14465,4.249999999999999,4.126857176010611,44.873993116226174,10.0,Undef
14469,4.449999999999998,4.126857176010611,44.873993116226174,10.0,Undef
14471,4.549999999999998,4.126857176010611,44.873993116226174,10.0,Undef
14481,5.049999999999996,4.126857176010611,44.873993116226174,10.0,Undef
14521,4.05,4.253761568220395,44.873993116226174,10.0,Undef
14522,4.1499999999999995,4.253761568220395,44.873993116226174,5.0,Undef
14530,4.549999999999998,4.253761568220395,44.873993116226174,5.0,Undef
14539,4.949999999999997,4.253761568220395,44.873993116226174,10.0,Undef
14542,5.149999999999996,4.253761568220395,44.873993116226174,5.0,Undef
14558,5.949999999999993,4.253761568220395,44.873993116226174,5.0,Undef
14581,4.05,4.380665960430179,44.873993116226174,10.0,Undef
14582,4.1499999999999995,4.380665960430179,44.873993116226174,5.0,Undef
14583,4.1499999999999995,4.380665960430179,44.873993116226174,10.0,Undef
14585,4.249999999999999,4.380665960430179,44.873993116226174,10.0,Undef
14589,4.449999999999998,4.380665960430179,44.873993116226174,10.0,Undef
14601,5.049999999999996,4.380665960430179,44.873993116226174,10.0,Undef
14602,5.149999999999996,4.380665960430179,44.873993116226174,5.0,Undef
14607,5.349999999999995,4.380665960430179,44.873993116226174,10.0,Undef
14641,4.05,4.507570352639964,44.873993116226174,10.0,Undef
14642,4.1499999999999995,4.507570352639964,44.873993116226174,5.0,Undef
14644,4.249999999999999,4.507570352639964,44.873993116226174,5.0,Undef
14651,4.549999999999998,4.507570352639964,44.873993116226174,10.0,Undef
14652,4.649999999999998,4.507570352639964,44.873993116226174,5.0,Undef
14653,4.649999999999998,4.507570352639964,44.873993116226174,10.0,Undef
14657,4.849999999999997,4.507570352639964,44.873993116226174,10.0,Undef
14663,5.149999999999996,4.507570352639964,44.873993116226174,10.0,Undef
14701,4.05,4.634474744849748,44.873993116226174,10.0,Undef
14703,4.1499999999999995,4.634474744849748,44.873993116226174,10.0,Undef
14704,4.249999999999999,4.634474744849748,44.873993116226174,5.0,Undef
14717,4.849999999999997,4.634474744849748,44.873993116226174,10.0,Undef
14761,4.05,4.761379137059532,44.873993116226174,10.0,Undef
14765,4.249999999999999,4.761379137059532,44.873993116226174,10.0,Undef
14767,4.349999999999999,4.761379137059532,44.873993116226174,10.0,Undef
14769,4.449999999999998,4.761379137059532,44.873993116226174,10.0,Undef
14770,4.549999999999998,4.761379137059532,44.873993116226174,5.0,Undef
14771,4.549999999999998,4.761379137059532,44.873993116226174,10.0,Undef
14783,5.149999999999996,4.761379137059532,44.873993116226174,10.0,Undef
14787,5.349999999999995,4.761379137059532,44.873993116226174,10.0,Undef
14820,4.05,4.888283529269317,44.873993116226174,5.0,Undef
14821,4.05,4.888283529269317,44.873993116226174,10.0,Undef
14823,4.1499999999999995,4.888283529269317,44.873993116226174,10.0,Undef
14825,4.249999999999999,4.888283529269317,44.873993116226174,10.0,Undef
14829,4.449999999999998,4.888283529269317,44.873993116226174,10.0,Undef
14830,4.549999999999998,4.888283529269317,44.873993116226174,5.0,Undef
14831,4.549999999999998,4.888283529269317,44.873993116226174,10.0,Undef
14881,4.05,5.015187921479101,44.873993116226174,10.0,Undef
14883,4.1499999999999995,5.015187921479101,44.873993116226174,10.0,Undef
14887,4.349999999999999,5.015187921479101,44.873993116226174,10.0,Undef
14889,4.449999999999998,5.015187921479101,44.873993116226174,10.0,Undef
14891,4.549999999999998,5.015187921479101,44.873993116226174,10.0,Undef
14895,4.749999999999997,5.015187921479101,44.873993116226174,10.0,Undef
14897,4.849999999999997,5.015187921479101,44.873993116226174,10.0,Undef
14905,5.249999999999996,5.015187921479101,44.873993116226174,10.0,Undef
14915,5.749999999999994,5.015187921479101,44.873993116226174,10.0,Undef
14940,4.05,5.142092313688885,44.873993116226174,5.0,Undef
14941,4.05,5.142092313688885,44.873993116226174,10.0,Undef
14945,4.249999999999999,5.142092313688885,44.873993116226174,10.0,Undef
14946,4.349999999999999,5.142092313688885,44.873993116226174,5.0,Undef
14949,4.449999999999998,5.142092313688885,44.873993116226174,10.0,Undef
14957,4.849999999999997,5.142092313688885,44.873993116226174,10.0,Undef
14961,5.049999999999996,5.142092313688885,44.873993116226174,10.0,Undef
15001,4.05,5.26899670589867,44.873993116226174,10.0,Undef
15002,4.1499999999999995,5.26899670589867,44.873993116226174,5.0,Undef
15003,4.1499999999999995,5.26899670589867,44.873993116226174,10.0,Undef
15009,4.449999999999998,5.26899670589867,44.873993116226174,10.0,Undef
15011,4.549999999999998,5.26899670589867,44.873993116226174,10.0,Undef
15012,4.649999999999998,5.26899670589867,44.873993116226174,5.0,Undef
15019,4.949999999999997,5.26899670589867,44.873993116226174,10.0,Undef
15049,6.449999999999991,5.26899670589867,44.873993116226174,10.0,Undef
15063,4.1499999999999995,5.395901098108454,44.873993116226174,10.0,Undef
15065,4.249999999999999,5.395901098108454,44.873993116226174,10.0,Undef
15070,4.549999999999998,5.395901098108454,44.873993116226174,5.0,Undef
15120,4.05,5.522805490318238,44.873993116226174,5.0,Undef
15121,4.05,5.522805490318238,44.873993116226174,10.0,Undef
15122,4.1499999999999995,5.522805490318238,44.873993116226174,5.0,Undef
15123,4.1499999999999995,5.522805490318238,44.873993116226174,10.0,Undef
15125,4.249999999999999,5.522805490318238,44.873993116226174,10.0,Undef
15126,4.349999999999999,5.522805490318238,44.873993116226174,5.0,Undef
15129,4.449999999999998,5.522805490318238,44.873993116226174,10.0,Undef
15132,4.649999999999998,5.522805490318238,44.873993116226174,5.0,Undef
15133,4.649999999999998,5.522805490318238,44.873993116226174,10.0,Undef
15181,4.05,5.649709882528023,44.873993116226174,10.0,Undef
15184,4.249999999999999,5.649709882528023,44.873993116226174,5.0,Undef
15185,4.249999999999999,5.649709882528023,44.873993116226174,10.0,Undef
15188,4.449999999999998,5.649709882528023,44.873993116226174,5.0,Undef
15193,4.649999999999998,5.649709882528023,44.873993116226174,10.0,Undef
15203,5.149999999999996,5.649709882528023,44.873993116226174,10.0,Undef
15240,4.05,5.776614274737807,44.873993116226174,5.0,Undef
15241,4.05,5.776614274737807,44.873993116226174,10.0,Undef
15243,4.1499999999999995,5.776614274737807,44.873993116226174,10.0,Undef
15244,4.249999999999999,5.776614274737807,44.873993116226174,5.0,Undef
15245,4.249999999999999,5.776614274737807,44.873993116226174,10.0,Undef
15246,4.349999999999999,5.776614274737807,44.873993116226174,5.0,Undef
15247,4.349999999999999,5.776614274737807,44.873993116226174,10.0,Undef
15251,4.549999999999998,5.776614274737807,44.873993116226174,10.0,Undef
15254,4.749999999999997,5.776614274737807,44.873993116226174,5.0,Undef
15256,4.849999999999997,5.776614274737807,44.873993116226174,5.0,Undef
15257,4.849999999999997,5.776614274737807,44.873993116226174,10.0,Undef
15300,4.05,5.903518666947591,44.873993116226174,5.0,Undef
15301,4.05,5.903518666947591,44.873993116226174,10.0,Undef
15308,4.449999999999998,5.903518666947591,44.873993116226174,5.0,Undef
15312,4.649999999999998,5.903518666947591,44.873993116226174,5.0,Undef
15313,4.649999999999998,5.903518666947591,44.873993116226174,10.0,Undef
15331,5.5499999999999945,5.903518666947591,44.873993116226174,10.0,Undef
15360,4.05,6.030423059157376,44.873993116226174,5.0,Undef
15361,4.05,6.030423059157376,44.873993116226174,10.0,Undef
15362,4.1499999999999995,6.030423059157376,44.873993116226174,5.0,Undef
15363,4.1499999999999995,6.030423059157376,44.873993116226174,10.0,Undef
15365,4.249999999999999,6.030423059157376,44.873993116226174,10.0,Undef
15366,4.349999999999999,6.030423059157376,44.873993116226174,5.0,Undef
15371,4.549999999999998,6.030423059157376,44.873993116226174,10.0,Undef
15374,4.749999999999997,6.030423059157376,44.873993116226174,5.0,Undef
15380,5.049999999999996,6.030423059157376,44.873993116226174,5.0,Undef
15389,5.449999999999995,6.030423059157376,44.873993116226174,10.0,Undef
15420,4.05,6.15732745136716,44.873993116226174,5.0,Undef
15421,4.05,6.15732745136716,44.873993116226174,10.0,Undef
15423,4.1499999999999995,6.15732745136716,44.873993116226174,10.0,Undef
15425,4.249999999999999,6.15732745136716,44.873993116226174,10.0,Undef
15427,4.349999999999999,6.15732745136716,44.873993116226174,10.0,Undef
15429,4.449999999999998,6.15732745136716,44.873993116226174,10.0,Undef
15439,4.949999999999997,6.15732745136716,44.873993116226174,10.0,Undef
15461,6.049999999999993,6.15732745136716,44.873993116226174,10.0,Undef
15481,4.05,6.284231843576944,44.873993116226174,10.0,Undef
15482,4.1499999999999995,6.284231843576944,44.873993116226174,5.0,Undef
15483,4.1499999999999995,6.284231843576944,44.873993116226174,10.0,Undef
15484,4.249999999999999,6.284231843576944,44.873993116226174,5.0,Undef
15486,4.349999999999999,6.284231843576944,44.873993116226174,5.0,Undef
15493,4.649999999999998,6.284231843576944,44.873993116226174,10.0,Undef
15494,4.749999999999997,6.284231843576944,44.873993116226174,5.0,Undef
15540,4.05,6.411136235786729,44.873993116226174,5.0,Undef
15543,4.1499999999999995,6.411136235786729,44.873993116226174,10.0,Undef
15547,4.349999999999999,6.411136235786729,44.873993116226174,10.0,Undef
15550,4.549999999999998,6.411136235786729,44.873993116226174,5.0,Undef
15551,4.549999999999998,6.411136235786729,44.873993116226174,10.0,Undef
15562,5.149999999999996,6.411136235786729,44.873993116226174,5.0,Undef
15571,5.5499999999999945,6.411136235786729,44.873993116226174,10.0,Undef
15601,4.05,3.999754933314077,44.7840609556343,10.0,Undef
15603,4.1499999999999995,3.999754933314077,44.7840609556343,10.0,Undef
15605,4.249999999999999,3.999754933314077,44.7840609556343,10.0,Undef
15606,4.349999999999999,3.999754933314077,44.7840609556343,5.0,Undef
15609,4.449999999999998,3.999754933314077,44.7840609556343,10.0,Undef
15617,4.849999999999997,3.999754933314077,44.7840609556343,10.0,Undef
15661,4.05,4.126461475037138,44.7840609556343,10.0,Undef
15663,4.1499999999999995,4.126461475037138,44.7840609556343,10.0,Undef
15664,4.249999999999999,4.126461475037138,44.7840609556343,5.0,Undef
15671,4.549999999999998,4.126461475037138,44.7840609556343,10.0,Undef
15679,4.949999999999997,4.126461475037138,44.7840609556343,10.0,Undef
15723,4.1499999999999995,4.253168016760198,44.7840609556343,10.0,Undef
15724,4.249999999999999,4.253168016760198,44.7840609556343,5.0,Undef
15725,4.249999999999999,4.253168016760198,44.7840609556343,10.0,Undef
15727,4.349999999999999,4.253168016760198,44.7840609556343,10.0,Undef
15728,4.449999999999998,4.253168016760198,44.7840609556343,5.0,Undef
15730,4.549999999999998,4.253168016760198,44.7840609556343,5.0,Undef
15735,4.749999999999997,4.253168016760198,44.7840609556343,10.0,Undef
15737,4.849999999999997,4.253168016760198,44.7840609556343,10.0,Undef
15775,6.74999999999999,4.253168016760198,44.7840609556343,10.0,Undef
15781,4.05,4.379874558483258,44.7840609556343,10.0,Undef
15785,4.249999999999999,4.379874558483258,44.7840609556343,10.0,Undef
15840,4.05,4.5065811002063185,44.7840609556343,5.0,Undef
15842,4.1499999999999995,4.5065811002063185,44.7840609556343,5.0,Undef
15843,4.1499999999999995,4.5065811002063185,44.7840609556343,10.0,Undef
15846,4.349999999999999,4.5065811002063185,44.7840609556343,5.0,Undef
15847,4.349999999999999,4.5065811002063185,44.7840609556343,10.0,Undef
15900,4.05,4.633287641929379,44.7840609556343,5.0,Undef
15901,4.05,4.633287641929379,44.7840609556343,10.0,Undef
15904,4.249999999999999,4.633287641929379,44.7840609556343,5.0,Undef
15905,4.249999999999999,4.633287641929379,44.7840609556343,10.0,Undef
15908,4.449999999999998,4.633287641929379,44.7840609556343,5.0,Undef
15921,5.049999999999996,4.633287641929379,44.7840609556343,10.0,Undef
15924,5.249999999999996,4.633287641929379,44.7840609556343,5.0,Undef
15961,4.05,4.759994183652439,44.7840609556343,10.0,Undef
15963,4.1499999999999995,4.759994183652439,44.7840609556343,10.0,Undef
15966,4.349999999999999,4.759994183652439,44.7840609556343,5.0,Undef
15967,4.349999999999999,4.759994183652439,44.7840609556343,10.0,Undef
15972,4.649999999999998,4.759994183652439,44.7840609556343,5.0,Undef
15973,4.649999999999998,4.759994183652439,44.7840609556343,10.0,Undef
16020,4.05,4.8867007253754995,44.7840609556343,5.0,Undef
16024,4.249999999999999,4.8867007253754995,44.7840609556343,5.0,Undef
16027,4.349999999999999,4.8867007253754995,44.7840609556343,10.0,Undef
16029,4.449999999999998,4.8867007253754995,44.7840609556343,10.0,Undef
16035,4.749999999999997,4.8867007253754995,44.7840609556343,10.0,Undef
16036,4.849999999999997,4.8867007253754995,44.7840609556343,5.0,Undef
16044,5.249999999999996,4.8867007253754995,44.7840609556343,5.0,Undef
16080,4.05,5.01340726709856,44.7840609556343,5.0,Undef
16081,4.05,5.01340726709856,44.7840609556343,10.0,Undef
16083,4.1499999999999995,5.01340726709856,44.7840609556343,10.0,Undef
16084,4.249999999999999,5.01340726709856,44.7840609556343,5.0,Undef
16085,4.249999999999999,5.01340726709856,44.7840609556343,10.0,Undef
16101,5.049999999999996,5.01340726709856,44.7840609556343,10.0,Undef
16140,4.05,5.14011380882162,44.7840609556343,5.0,Undef
16141,4.05,5.14011380882162,44.7840609556343,10.0,Undef
16143,4.1499999999999995,5.14011380882162,44.7840609556343,10.0,Undef
16145,4.249999999999999,5.14011380882162,44.7840609556343,10.0,Undef
16147,4.349999999999999,5.14011380882162,44.7840609556343,10.0,Undef
16149,4.449999999999998,5.14011380882162,44.7840609556343,10.0,Undef
16153,4.649999999999998,5.14011380882162,44.7840609556343,10.0,Undef
16200,4.05,5.2668203505446805,44.7840609556343,5.0,Undef
16201,4.05,5.2668203505446805,44.7840609556343,10.0,Undef
16218,4.949999999999997,5.2668203505446805,44.7840609556343,5.0,Undef
16263,4.1499999999999995,5.393526892267741,44.7840609556343,10.0,Undef
16267,4.349999999999999,5.393526892267741,44.7840609556343,10.0,Undef
16269,4.449999999999998,5.393526892267741,44.7840609556343,10.0,Undef
16270,4.549999999999998,5.393526892267741,44.7840609556343,5.0,Undef
16323,4.1499999999999995,5.520233433990801,44.7840609556343,10.0,Undef
16327,4.349999999999999,5.520233433990801,44.7840609556343,10.0,Undef
16329,4.449999999999998,5.520233433990801,44.7840609556343,10.0,Undef
16333,4.649999999999998,5.520233433990801,44.7840609556343,10.0,Undef
16335,4.749999999999997,5.520233433990801,44.7840609556343,10.0,Undef
16337,4.849999999999997,5.520233433990801,44.7840609556343,10.0,Undef
16339,4.949999999999997,5.520233433990801,44.7840609556343,10.0,Undef
16349,5.449999999999995,5.520233433990801,44.7840609556343,10.0,Undef
16381,4.05,5.646939975713861,44.7840609556343,10.0,Undef
16382,4.1499999999999995,5.646939975713861,44.7840609556343,5.0,Undef
16383,4.1499999999999995,5.646939975713861,44.7840609556343,10.0,Undef
16385,4.249999999999999,5.646939975713861,44.7840609556343,10.0,Undef
16387,4.349999999999999,5.646939975713861,44.7840609556343,10.0,Undef
16391,4.549999999999998,5.646939975713861,44.7840609556343,10.0,Undef
16397,4.849999999999997,5.646939975713861,44.7840609556343,10.0,Undef
16399,4.949999999999997,5.646939975713861,44.7840609556343,10.0,Undef
16441,4.05,5.773646517436922,44.7840609556343,10.0,Undef
16443,4.1499999999999995,5.773646517436922,44.7840609556343,10.0,Undef
16444,4.249999999999999,5.773646517436922,44.7840609556343,5.0,Undef
16445,4.249999999999999,5.773646517436922,44.7840609556343,10.0,Undef
16447,4.349999999999999,5.773646517436922,44.7840609556343,10.0,Undef
16449,4.449999999999998,5.773646517436922,44.7840609556343,10.0,Undef
16455,4.749999999999997,5.773646517436922,44.7840609556343,10.0,Undef
16457,4.849999999999997,5.773646517436922,44.7840609556343,10.0,Undef
16501,4.05,5.900353059159982,44.7840609556343,10.0,Undef
16503,4.1499999999999995,5.900353059159982,44.7840609556343,10.0,Undef
16563,4.1499999999999995,6.027059600883042,44.7840609556343,10.0,Undef
16569,4.449999999999998,6.027059600883042,44.7840609556343,10.0,Undef
16570,4.549999999999998,6.027059600883042,44.7840609556343,5.0,Undef
16620,4.05,6.153766142606103,44.7840609556343,5.0,Undef
16621,4.05,6.153766142606103,44.7840609556343,10.0,Undef
16622,4.1499999999999995,6.153766142606103,44.7840609556343,5.0,Undef
16623,4.1499999999999995,6.153766142606103,44.7840609556343,10.0,Undef
16629,4.449999999999998,6.153766142606103,44.7840609556343,10.0,Undef
16630,4.549999999999998,6.153766142606103,44.7840609556343,5.0,Undef
16635,4.749999999999997,6.153766142606103,44.7840609556343,10.0,Undef
16638,4.949999999999997,6.153766142606103,44.7840609556343,5.0,Undef
16643,5.149999999999996,6.153766142606103,44.7840609556343,10.0,Undef
16645,5.249999999999996,6.153766142606103,44.7840609556343,10.0,Undef
16681,4.05,6.280472684329163,44.7840609556343,10.0,Undef
16682,4.1499999999999995,6.280472684329163,44.7840609556343,5.0,Undef
16683,4.1499999999999995,6.280472684329163,44.7840609556343,10.0,Undef
16685,4.249999999999999,6.280472684329163,44.7840609556343,10.0,Undef
16686,4.349999999999999,6.280472684329163,44.7840609556343,5.0,Undef
16689,4.449999999999998,6.280472684329163,44.7840609556343,10.0,Undef
16697,4.849999999999997,6.280472684329163,44.7840609556343,10.0,Undef
16741,4.05,6.407179226052223,44.7840609556343,10.0,Undef
16742,4.1499999999999995,6.407179226052223,44.7840609556343,5.0,Undef
16743,4.1499999999999995,6.407179226052223,44.7840609556343,10.0,Undef
16751,4.549999999999998,6.407179226052223,44.7840609556343,10.0,Undef
16753,4.649999999999998,6.407179226052223,44.7840609556343,10.0,Undef
16756,4.849999999999997,6.407179226052223,44.7840609556343,5.0,Undef
16765,5.249999999999996,6.407179226052223,44.7840609556343,10.0,Undef
16775,5.749999999999994,6.407179226052223,44.7840609556343,10.0,Undef
16791,6.549999999999991,6.407179226052223,44.7840609556343,10.0,Undef
16801,4.05,6.533885767775284,44.7840609556343,10.0,Undef
16804,4.249999999999999,6.533885767775284,44.7840609556343,5.0,Undef
16806,4.349999999999999,6.533885767775284,44.7840609556343,5.0,Undef
16807,4.349999999999999,6.533885767775284,44.7840609556343,10.0,Undef
16809,4.449999999999998,6.533885767775284,44.7840609556343,10.0,Undef
16811,4.549999999999998,6.533885767775284,44.7840609556343,10.0,Undef
16823,5.149999999999996,6.533885767775284,44.7840609556343,10.0,Undef
16839,5.949999999999993,6.533885767775284,44.7840609556343,10.0,Undef
16860,4.05,4.126067628364116,44.694128795042424,5.0,Undef
16861,4.05,4.126067628364116,44.694128795042424,10.0,Undef
16863,4.1499999999999995,4.126067628364116,44.694128795042424,10.0,Undef
16864,4.249999999999999,4.126067628364116,44.694128795042424,5.0,Undef
16865,4.249999999999999,4.126067628364116,44.694128795042424,10.0,Undef
16871,4.549999999999998,4.126067628364116,44.694128795042424,10.0,Undef
16873,4.649999999999998,4.126067628364116,44.694128795042424,10.0,Undef
16876,4.849999999999997,4.126067628364116,44.694128795042424,5.0,Undef
16877,4.849999999999997,4.126067628364116,44.694128795042424,10.0,Undef
16882,5.149999999999996,4.126067628364116,44.694128795042424,5.0,Undef
16885,5.249999999999996,4.126067628364116,44.694128795042424,10.0,Undef
16921,4.05,4.252577246750666,44.694128795042424,10.0,Undef
16923,4.1499999999999995,4.252577246750666,44.694128795042424,10.0,Undef
16925,4.249999999999999,4.252577246750666,44.694128795042424,10.0,Undef
16926,4.349999999999999,4.252577246750666,44.694128795042424,5.0,Undef
16929,4.449999999999998,4.252577246750666,44.694128795042424,10.0,Undef
16931,4.549999999999998,4.252577246750666,44.694128795042424,10.0,Undef
16933,4.649999999999998,4.252577246750666,44.694128795042424,10.0,Undef
16989,4.449999999999998,4.379086865137215,44.694128795042424,10.0,Undef
16993,4.649999999999998,4.379086865137215,44.694128795042424,10.0,Undef
16997,4.849999999999997,4.379086865137215,44.694128795042424,10.0,Undef
17041,4.05,4.505596483523765,44.694128795042424,10.0,Undef
17042,4.1499999999999995,4.505596483523765,44.694128795042424,5.0,Undef
17043,4.1499999999999995,4.505596483523765,44.694128795042424,10.0,Undef
17047,4.349999999999999,4.505596483523765,44.694128795042424,10.0,Undef
17063,5.149999999999996,4.505596483523765,44.694128795042424,10.0,Undef
17077,5.849999999999993,4.505596483523765,44.694128795042424,10.0,Undef
17100,4.05,4.632106101910314,44.694128795042424,5.0,Undef
17101,4.05,4.632106101910314,44.694128795042424,10.0,Undef
17104,4.249999999999999,4.632106101910314,44.694128795042424,5.0,Undef
17105,4.249999999999999,4.632106101910314,44.694128795042424,10.0,Undef
17109,4.449999999999998,4.632106101910314,44.694128795042424,10.0,Undef
17111,4.549999999999998,4.632106101910314,44.694128795042424,10.0,Undef
17121,5.049999999999996,4.632106101910314,44.694128795042424,10.0,Undef
17123,5.149999999999996,4.632106101910314,44.694128795042424,10.0,Undef
17125,5.249999999999996,4.632106101910314,44.694128795042424,10.0,Undef
17135,5.749999999999994,4.632106101910314,44.694128795042424,10.0,Undef
17161,4.05,4.758615720296864,44.694128795042424,10.0,Undef
17163,4.1499999999999995,4.758615720296864,44.694128795042424,10.0,Undef
17164,4.249999999999999,4.758615720296864,44.694128795042424,5.0,Undef
17169,4.449999999999998,4.758615720296864,44.694128795042424,10.0,Undef
17171,4.549999999999998,4.758615720296864,44.694128795042424,10.0,Undef
17176,4.849999999999997,4.758615720296864,44.694128795042424,5.0,Undef
17177,4.849999999999997,4.758615720296864,44.694128795042424,10.0,Undef
17221,4.05,4.885125338683413,44.694128795042424,10.0,Undef
17222,4.1499999999999995,4.885125338683413,44.694128795042424,5.0,Undef
17223,4.1499999999999995,4.885125338683413,44.694128795042424,10.0,Undef
17225,4.249999999999999,4.885125338683413,44.694128795042424,10.0,Undef
17227,4.349999999999999,4.885125338683413,44.694128795042424,10.0,Undef
17229,4.449999999999998,4.885125338683413,44.694128795042424,10.0,Undef
17230,4.549999999999998,4.885125338683413,44.694128795042424,5.0,Undef
17231,4.549999999999998,4.885125338683413,44.694128795042424,10.0,Undef
17236,4.849999999999997,4.885125338683413,44.694128795042424,5.0,Undef
17248,5.449999999999995,4.885125338683413,44.694128795042424,5.0,Undef
17283,4.1499999999999995,5.011634957069963,44.694128795042424,10.0,Undef
17287,4.349999999999999,5.011634957069963,44.694128795042424,10.0,Undef
17289,4.449999999999998,5.011634957069963,44.694128795042424,10.0,Undef
17290,4.549999999999998,5.011634957069963,44.694128795042424,5.0,Undef
17299,4.949999999999997,5.011634957069963,44.694128795042424,10.0,Undef
17340,4.05,5.138144575456512,44.694128795042424,5.0,Undef
17341,4.05,5.138144575456512,44.694128795042424,10.0,Undef
17343,4.1499999999999995,5.138144575456512,44.694128795042424,10.0,Undef
17345,4.249999999999999,5.138144575456512,44.694128795042424,10.0,Undef
17348,4.449999999999998,5.138144575456512,44.694128795042424,5.0,Undef
17351,4.549999999999998,5.138144575456512,44.694128795042424,10.0,Undef
17353,4.649999999999998,5.138144575456512,44.694128795042424,10.0,Undef
17354,4.749999999999997,5.138144575456512,44.694128795042424,5.0,Undef
17357,4.849999999999997,5.138144575456512,44.694128795042424,10.0,Undef
17359,4.949999999999997,5.138144575456512,44.694128795042424,10.0,Undef
17401,4.05,5.264654193843062,44.694128795042424,10.0,Undef
17403,4.1499999999999995,5.264654193843062,44.694128795042424,10.0,Undef
17406,4.349999999999999,5.264654193843062,44.694128795042424,5.0,Undef
17408,4.449999999999998,5.264654193843062,44.694128795042424,5.0,Undef
17409,4.449999999999998,5.264654193843062,44.694128795042424,10.0,Undef
17413,4.649999999999998,5.264654193843062,44.694128795042424,10.0,Undef
17415,4.749999999999997,5.264654193843062,44.694128795042424,10.0,Undef
17437,5.849999999999993,5.264654193843062,44.694128795042424,10.0,Undef
17463,4.1499999999999995,5.391163812229611,44.694128795042424,10.0,Undef
17465,4.249999999999999,5.391163812229611,44.694128795042424,10.0,Undef
17467,4.349999999999999,5.391163812229611,44.694128795042424,10.0,Undef
17468,4.449999999999998,5.391163812229611,44.694128795042424,5.0,Undef
17470,4.549999999999998,5.391163812229611,44.694128795042424,5.0,Undef
17471,4.549999999999998,5.391163812229611,44.694128795042424,10.0,Undef
17489,5.449999999999995,5.391163812229611,44.694128795042424,10.0,Undef
17520,4.05,5.517673430616161,44.694128795042424,5.0,Undef
17521,4.05,5.517673430616161,44.694128795042424,10.0,Undef
17525,4.249999999999999,5.517673430616161,44.694128795042424,10.0,Undef
17529,4.449999999999998,5.517673430616161,44.694128795042424,10.0,Undef
17530,4.549999999999998,5.517673430616161,44.694128795042424,5.0,Undef
17581,4.05,5.64418304900271,44.694128795042424,10.0,Undef
17582,4.1499999999999995,5.64418304900271,44.694128795042424,5.0,Undef
17583,4.1499999999999995,5.64418304900271,44.694128795042424,10.0,Undef
17587,4.349999999999999,5.64418304900271,44.694128795042424,10.0,Undef
17589,4.449999999999998,5.64418304900271,44.694128795042424,10.0,Undef
17591,4.549999999999998,5.64418304900271,44.694128795042424,10.0,Undef
17594,4.749999999999997,5.64418304900271,44.694128795042424,5.0,Undef
17597,4.849999999999997,5.64418304900271,44.694128795042424,10.0,Undef
17609,5.449999999999995,5.64418304900271,44.694128795042424,10.0,Undef
17641,4.05,5.77069266738926,44.694128795042424,10.0,Undef
17642,4.1499999999999995,5.77069266738926,44.694128795042424,5.0,Undef
17643,4.1499999999999995,5.77069266738926,44.694128795042424,10.0,Undef
17646,4.349999999999999,5.77069266738926,44.694128795042424,5.0,Undef
17647,4.349999999999999,5.77069266738926,44.694128795042424,10.0,Undef
17651,4.549999999999998,5.77069266738926,44.694128795042424,10.0,Undef
17663,5.149999999999996,5.77069266738926,44.694128795042424,10.0,Undef
17705,4.249999999999999,5.897202285775809,44.694128795042424,10.0,Undef
17713,4.649999999999998,5.897202285775809,44.694128795042424,10.0,Undef
17717,4.849999999999997,5.897202285775809,44.694128795042424,10.0,Undef
17761,4.05,6.023711904162359,44.694128795042424,10.0,Undef
17763,4.1499999999999995,6.023711904162359,44.694128795042424,10.0,Undef
17764,4.249999999999999,6.023711904162359,44.694128795042424,5.0,Undef
17765,4.249999999999999,6.023711904162359,44.694128795042424,10.0,Undef
17767,4.349999999999999,6.023711904162359,44.694128795042424,10.0,Undef
17769,4.449999999999998,6.023711904162359,44.694128795042424,10.0,Undef
17771,4.549999999999998,6.023711904162359,44.694128795042424,10.0,Undef
17821,4.05,6.150221522548908,44.694128795042424,10.0,Undef
17823,4.1499999999999995,6.150221522548908,44.694128795042424,10.0,Undef
17824,4.249999999999999,6.150221522548908,44.694128795042424,5.0,Undef
17825,4.249999999999999,6.150221522548908,44.694128795042424,10.0,Undef
17826,4.349999999999999,6.150221522548908,44.694128795042424,5.0,Undef
17827,4.349999999999999,6.150221522548908,44.694128795042424,10.0,Undef
17828,4.449999999999998,6.150221522548908,44.694128795042424,5.0,Undef
17829,4.449999999999998,6.150221522548908,44.694128795042424,10.0,Undef
17832,4.649999999999998,6.150221522548908,44.694128795042424,5.0,Undef
17837,4.849999999999997,6.150221522548908,44.694128795042424,10.0,Undef
17845,5.249999999999996,6.150221522548908,44.694128795042424,10.0,Undef
17880,4.05,6.276731140935458,44.694128795042424,5.0,Undef
17881,4.05,6.276731140935458,44.694128795042424,10.0,Undef
17882,4.1499999999999995,6.276731140935458,44.694128795042424,5.0,Undef
17883,4.1499999999999995,6.276731140935458,44.694128795042424,10.0,Undef
17885,4.249999999999999,6.276731140935458,44.694128795042424,10.0,Undef
17893,4.649999999999998,6.276731140935458,44.694128795042424,10.0,Undef
17941,4.05,6.403240759322007,44.694128795042424,10.0,Undef
17942,4.1499999999999995,6.403240759322007,44.694128795042424,5.0,Undef
17943,4.1499999999999995,6.403240759322007,44.694128795042424,10.0,Undef
17944,4.249999999999999,6.403240759322007,44.694128795042424,5.0,Undef
17950,4.549999999999998,6.403240759322007,44.694128795042424,5.0,Undef
17953,4.649999999999998,6.403240759322007,44.694128795042424,10.0,Undef
17956,4.849999999999997,6.403240759322007,44.694128795042424,5.0,Undef
17957,4.849999999999997,6.403240759322007,44.694128795042424,10.0,Undef
17962,5.149999999999996,6.403240759322007,44.694128795042424,5.0,Undef
17963,5.149999999999996,6.403240759322007,44.694128795042424,10.0,Undef
17985,6.249999999999992,6.403240759322007,44.694128795042424,10.0,Undef
17989,6.449999999999991,6.403240759322007,44.694128795042424,10.0,Undef
18000,4.05,6.529750377708557,44.694128795042424,5.0,Undef
18001,4.05,6.529750377708557,44.694128795042424,10.0,Undef
18003,4.1499999999999995,6.529750377708557,44.694128795042424,10.0,Undef
18005,4.249999999999999,6.529750377708557,44.694128795042424,10.0,Undef
18006,4.349999999999999,6.529750377708557,44.694128795042424,5.0,Undef
18008,4.449999999999998,6.529750377708557,44.694128795042424,5.0,Undef
18011,4.549999999999998,6.529750377708557,44.694128795042424,10.0,Undef
18013,4.649999999999998,6.529750377708557,44.694128795042424,10.0,Undef
18017,4.849999999999997,6.529750377708557,44.694128795042424,10.0,Undef
18023,5.149999999999996,6.529750377708557,44.694128795042424,10.0,Undef
18060,4.05,4.125675625423148,44.60419663445055,5.0,Undef
18061,4.05,4.125675625423148,44.60419663445055,10.0,Undef
18064,4.249999999999999,4.125675625423148,44.60419663445055,5.0,Undef
18073,4.649999999999998,4.125675625423148,44.60419663445055,10.0,Undef
18075,4.749999999999997,4.125675625423148,44.60419663445055,10.0,Undef
18077,4.849999999999997,4.125675625423148,44.60419663445055,10.0,Undef
18089,5.449999999999995,4.125675625423148,44.60419663445055,10.0,Undef
18120,4.05,4.251989242339201,44.60419663445055,5.0,Undef
18121,4.05,4.251989242339201,44.60419663445055,10.0,Undef
18126,4.349999999999999,4.251989242339201,44.60419663445055,5.0,Undef
18127,4.349999999999999,4.251989242339201,44.60419663445055,10.0,Undef
18131,4.549999999999998,4.251989242339201,44.60419663445055,10.0,Undef
18133,4.649999999999998,4.251989242339201,44.60419663445055,10.0,Undef
18135,4.749999999999997,4.251989242339201,44.60419663445055,10.0,Undef
18138,4.949999999999997,4.251989242339201,44.60419663445055,5.0,Undef
18180,4.05,4.378302859255254,44.60419663445055,5.0,Undef
18181,4.05,4.378302859255254,44.60419663445055,10.0,Undef
18183,4.1499999999999995,4.378302859255254,44.60419663445055,10.0,Undef
18185,4.249999999999999,4.378302859255254,44.60419663445055,10.0,Undef
18241,4.05,4.504616476171307,44.60419663445055,10.0,Undef
18242,4.1499999999999995,4.504616476171307,44.60419663445055,5.0,Undef
18245,4.249999999999999,4.504616476171307,44.60419663445055,10.0,Undef
18251,4.549999999999998,4.504616476171307,44.60419663445055,10.0,Undef
18255,4.749999999999997,4.504616476171307,44.60419663445055,10.0,Undef
18259,4.949999999999997,4.504616476171307,44.60419663445055,10.0,Undef
18300,4.05,4.63093009308736,44.60419663445055,5.0,Undef
18301,4.05,4.63093009308736,44.60419663445055,10.0,Undef
18302,4.1499999999999995,4.63093009308736,44.60419663445055,5.0,Undef
18305,4.249999999999999,4.63093009308736,44.60419663445055,10.0,Undef
18306,4.349999999999999,4.63093009308736,44.60419663445055,5.0,Undef
18312,4.649999999999998,4.63093009308736,44.60419663445055,5.0,Undef
18313,4.649999999999998,4.63093009308736,44.60419663445055,10.0,Undef
18360,4.05,4.757243710003413,44.60419663445055,5.0,Undef
18362,4.1499999999999995,4.757243710003413,44.60419663445055,5.0,Undef
18363,4.1499999999999995,4.757243710003413,44.60419663445055,10.0,Undef
18373,4.649999999999998,4.757243710003413,44.60419663445055,10.0,Undef
18423,4.1499999999999995,4.883557326919466,44.60419663445055,10.0,Undef
18425,4.249999999999999,4.883557326919466,44.60419663445055,10.0,Undef
18427,4.349999999999999,4.883557326919466,44.60419663445055,10.0,Undef
18428,4.449999999999998,4.883557326919466,44.60419663445055,5.0,Undef
18431,4.549999999999998,4.883557326919466,44.60419663445055,10.0,Undef
18433,4.649999999999998,4.883557326919466,44.60419663445055,10.0,Undef
18437,4.849999999999997,4.883557326919466,44.60419663445055,10.0,Undef
18439,4.949999999999997,4.883557326919466,44.60419663445055,10.0,Undef
18461,6.049999999999993,4.883557326919466,44.60419663445055,10.0,Undef
18481,4.05,5.0098709438355185,44.60419663445055,10.0,Undef
18483,4.1499999999999995,5.0098709438355185,44.60419663445055,10.0,Undef
18491,4.549999999999998,5.0098709438355185,44.60419663445055,10.0,Undef
18497,4.849999999999997,5.0098709438355185,44.60419663445055,10.0,Undef
18513,5.649999999999994,5.0098709438355185,44.60419663445055,10.0,Undef
18537,6.84999999999999,5.0098709438355185,44.60419663445055,10.0,Undef
18541,4.05,5.1361845607515715,44.60419663445055,10.0,Undef
18544,4.249999999999999,5.1361845607515715,44.60419663445055,5.0,Undef
18546,4.349999999999999,5.1361845607515715,44.60419663445055,5.0,Undef
18548,4.449999999999998,5.1361845607515715,44.60419663445055,5.0,Undef
18549,4.449999999999998,5.1361845607515715,44.60419663445055,10.0,Undef
18551,4.549999999999998,5.1361845607515715,44.60419663445055,10.0,Undef
18555,4.749999999999997,5.1361845607515715,44.60419663445055,10.0,Undef
18573,5.649999999999994,5.1361845607515715,44.60419663445055,10.0,Undef
18603,4.1499999999999995,5.2624981776676245,44.60419663445055,10.0,Undef
18604,4.249999999999999,5.2624981776676245,44.60419663445055,5.0,Undef
18605,4.249999999999999,5.2624981776676245,44.60419663445055,10.0,Undef
18609,4.449999999999998,5.2624981776676245,44.60419663445055,10.0,Undef
18611,4.549999999999998,5.2624981776676245,44.60419663445055,10.0,Undef
18613,4.649999999999998,5.2624981776676245,44.60419663445055,10.0,Undef
18615,4.749999999999997,5.2624981776676245,44.60419663445055,10.0,Undef
18621,5.049999999999996,5.2624981776676245,44.60419663445055,10.0,Undef
18639,5.949999999999993,5.2624981776676245,44.60419663445055,10.0,Undef
18660,4.05,5.3888117945836775,44.60419663445055,5.0,Undef
18661,4.05,5.3888117945836775,44.60419663445055,10.0,Undef
18662,4.1499999999999995,5.3888117945836775,44.60419663445055,5.0,Undef
18663,4.1499999999999995,5.3888117945836775,44.60419663445055,10.0,Undef
18665,4.249999999999999,5.3888117945836775,44.60419663445055,10.0,Undef
18667,4.349999999999999,5.3888117945836775,44.60419663445055,10.0,Undef
18668,4.449999999999998,5.3888117945836775,44.60419663445055,5.0,Undef
18673,4.649999999999998,5.3888117945836775,44.60419663445055,10.0,Undef
18678,4.949999999999997,5.3888117945836775,44.60419663445055,5.0,Undef
18685,5.249999999999996,5.3888117945836775,44.60419663445055,10.0,Undef
18687,5.349999999999995,5.3888117945836775,44.60419663445055,10.0,Undef
18721,4.05,5.515125411499731,44.60419663445055,10.0,Undef
18722,4.1499999999999995,5.515125411499731,44.60419663445055,5.0,Undef
18729,4.449999999999998,5.515125411499731,44.60419663445055,10.0,Undef
18731,4.549999999999998,5.515125411499731,44.60419663445055,10.0,Undef
18732,4.649999999999998,5.515125411499731,44.60419663445055,5.0,Undef
18740,5.049999999999996,5.515125411499731,44.60419663445055,5.0,Undef
18780,4.05,5.641439028415784,44.60419663445055,5.0,Undef
18783,4.1499999999999995,5.641439028415784,44.60419663445055,10.0,Undef
18801,5.049999999999996,5.641439028415784,44.60419663445055,10.0,Undef
18807,5.349999999999995,5.641439028415784,44.60419663445055,10.0,Undef
18840,4.05,5.767752645331837,44.60419663445055,5.0,Undef
18841,4.05,5.767752645331837,44.60419663445055,10.0,Undef
18843,4.1499999999999995,5.767752645331837,44.60419663445055,10.0,Undef
18845,4.249999999999999,5.767752645331837,44.60419663445055,10.0,Undef
18848,4.449999999999998,5.767752645331837,44.60419663445055,5.0,Undef
18850,4.549999999999998,5.767752645331837,44.60419663445055,5.0,Undef
18852,4.649999999999998,5.767752645331837,44.60419663445055,5.0,Undef
18853,4.649999999999998,5.767752645331837,44.60419663445055,10.0,Undef
18859,4.949999999999997,5.767752645331837,44.60419663445055,10.0,Undef
18865,5.249999999999996,5.767752645331837,44.60419663445055,10.0,Undef
18901,4.05,5.89406626224789,44.60419663445055,10.0,Undef
18909,4.449999999999998,5.89406626224789,44.60419663445055,10.0,Undef
18910,4.549999999999998,5.89406626224789,44.60419663445055,5.0,Undef
18915,4.749999999999997,5.89406626224789,44.60419663445055,10.0,Undef
18917,4.849999999999997,5.89406626224789,44.60419663445055,10.0,Undef
18932,5.649999999999994,5.89406626224789,44.60419663445055,5.0,Undef
18935,5.749999999999994,5.89406626224789,44.60419663445055,10.0,Undef
18939,5.949999999999993,5.89406626224789,44.60419663445055,10.0,Undef
18960,4.05,6.020379879163943,44.60419663445055,5.0,Undef
18961,4.05,6.020379879163943,44.60419663445055,10.0,Undef
18965,4.249999999999999,6.020379879163943,44.60419663445055,10.0,Undef
18967,4.349999999999999,6.020379879163943,44.60419663445055,10.0,Undef
18971,4.549999999999998,6.020379879163943,44.60419663445055,10.0,Undef
18973,4.649999999999998,6.020379879163943,44.60419663445055,10.0,Undef
18975,4.749999999999997,6.020379879163943,44.60419663445055,10.0,Undef
18980,5.049999999999996,6.020379879163943,44.60419663445055,5.0,Undef
18983,5.149999999999996,6.020379879163943,44.60419663445055,10.0,Undef
19020,4.05,6.146693496079996,44.60419663445055,5.0,Undef
19021,4.05,6.146693496079996,44.60419663445055,10.0,Undef
19025,4.249999999999999,6.146693496079996,44.60419663445055,10.0,Undef
19029,4.449999999999998,6.146693496079996,44.60419663445055,10.0,Undef
19030,4.549999999999998,6.146693496079996,44.60419663445055,5.0,Undef
19031,4.549999999999998,6.146693496079996,44.60419663445055,10.0,Undef
19032,4.649999999999998,6.146693496079996,44.60419663445055,5.0,Undef
19039,4.949999999999997,6.146693496079996,44.60419663445055,10.0,Undef
19041,5.049999999999996,6.146693496079996,44.60419663445055,10.0,Undef
19080,4.05,6.273007112996049,44.60419663445055,5.0,Undef
19081,4.05,6.273007112996049,44.60419663445055,10.0,Undef
19082,4.1499999999999995,6.273007112996049,44.60419663445055,5.0,Undef
19083,4.1499999999999995,6.273007112996049,44.60419663445055,10.0,Undef
19085,4.249999999999999,6.273007112996049,44.60419663445055,10.0,Undef
19090,4.549999999999998,6.273007112996049,44.60419663445055,5.0,Undef
19099,4.949999999999997,6.273007112996049,44.60419663445055,10.0,Undef
19101,5.049999999999996,6.273007112996049,44.60419663445055,10.0,Undef
19116,5.849999999999993,6.273007112996049,44.60419663445055,5.0,Undef
19141,4.05,6.399320729912102,44.60419663445055,10.0,Undef
19142,4.1499999999999995,6.399320729912102,44.60419663445055,5.0,Undef
19143,4.1499999999999995,6.399320729912102,44.60419663445055,10.0,Undef
19151,4.549999999999998,6.399320729912102,44.60419663445055,10.0,Undef
19155,4.749999999999997,6.399320729912102,44.60419663445055,10.0,Undef
19165,5.249999999999996,6.399320729912102,44.60419663445055,10.0,Undef
19172,5.649999999999994,6.399320729912102,44.60419663445055,5.0,Undef
19200,4.05,6.525634346828154,44.60419663445055,5.0,Undef
19202,4.1499999999999995,6.525634346828154,44.60419663445055,5.0,Undef
19205,4.249999999999999,6.525634346828154,44.60419663445055,10.0,Undef
19210,4.549999999999998,6.525634346828154,44.60419663445055,5.0,Undef
19217,4.849999999999997,6.525634346828154,44.60419663445055,10.0,Undef
19220,5.049999999999996,6.525634346828154,44.60419663445055,5.0,Undef
19261,4.05,4.125285455731024,44.514264473858674,10.0,Undef
19262,4.1499999999999995,4.125285455731024,44.514264473858674,5.0,Undef
19263,4.1499999999999995,4.125285455731024,44.514264473858674,10.0,Undef
19267,4.349999999999999,4.125285455731024,44.514264473858674,10.0,Undef
19271,4.549999999999998,4.125285455731024,44.514264473858674,10.0,Undef
19275,4.749999999999997,4.125285455731024,44.514264473858674,10.0,Undef
19276,4.849999999999997,4.125285455731024,44.514264473858674,5.0,Undef
19279,4.949999999999997,4.125285455731024,44.514264473858674,10.0,Undef
19305,6.249999999999992,4.125285455731024,44.514264473858674,10.0,Undef
19321,4.05,4.251403987801015,44.514264473858674,10.0,Undef
19324,4.249999999999999,4.251403987801015,44.514264473858674,5.0,Undef
19325,4.249999999999999,4.251403987801015,44.514264473858674,10.0,Undef
19327,4.349999999999999,4.251403987801015,44.514264473858674,10.0,Undef
19328,4.449999999999998,4.251403987801015,44.514264473858674,5.0,Undef
19330,4.549999999999998,4.251403987801015,44.514264473858674,5.0,Undef
19333,4.649999999999998,4.251403987801015,44.514264473858674,10.0,Undef
19334,4.749999999999997,4.251403987801015,44.514264473858674,5.0,Undef
19381,4.05,4.377522519871007,44.514264473858674,10.0,Undef
19383,4.1499999999999995,4.377522519871007,44.514264473858674,10.0,Undef
19386,4.349999999999999,4.377522519871007,44.514264473858674,5.0,Undef
19387,4.349999999999999,4.377522519871007,44.514264473858674,10.0,Undef
19405,5.249999999999996,4.377522519871007,44.514264473858674,10.0,Undef
19409,5.449999999999995,4.377522519871007,44.514264473858674,10.0,Undef
19441,4.05,4.503641051940997,44.514264473858674,10.0,Undef
19443,4.1499999999999995,4.503641051940997,44.514264473858674,10.0,Undef
19444,4.249999999999999,4.503641051940997,44.514264473858674,5.0,Undef
19445,4.249999999999999,4.503641051940997,44.514264473858674,10.0,Undef
19453,4.649999999999998,4.503641051940997,44.514264473858674,10.0,Undef
19454,4.749999999999997,4.503641051940997,44.514264473858674,5.0,Undef
19458,4.949999999999997,4.503641051940997,44.514264473858674,5.0,Undef
19463,5.149999999999996,4.503641051940997,44.514264473858674,10.0,Undef
19500,4.05,4.629759584010988,44.514264473858674,5.0,Undef
19501,4.05,4.629759584010988,44.514264473858674,10.0,Undef
19502,4.1499999999999995,4.629759584010988,44.514264473858674,5.0,Undef
19503,4.1499999999999995,4.629759584010988,44.514264473858674,10.0,Undef
19505,4.249999999999999,4.629759584010988,44.514264473858674,10.0,Undef
19507,4.349999999999999,4.629759584010988,44.514264473858674,10.0,Undef
19510,4.549999999999998,4.629759584010988,44.514264473858674,5.0,Undef
19511,4.549999999999998,4.629759584010988,44.514264473858674,10.0,Undef
19512,4.649999999999998,4.629759584010988,44.514264473858674,5.0,Undef
19513,4.649999999999998,4.629759584010988,44.514264473858674,10.0,Undef
19563,4.1499999999999995,4.7558781160809795,44.514264473858674,10.0,Undef
19567,4.349999999999999,4.7558781160809795,44.514264473858674,10.0,Undef
19570,4.549999999999998,4.7558781160809795,44.514264473858674,5.0,Undef
19571,4.549999999999998,4.7558781160809795,44.514264473858674,10.0,Undef
19577,4.849999999999997,4.7558781160809795,44.514264473858674,10.0,Undef
19620,4.05,4.88199664815097,44.514264473858674,5.0,Undef
19621,4.05,4.88199664815097,44.514264473858674,10.0,Undef
19622,4.1499999999999995,4.88199664815097,44.514264473858674,5.0,Undef
19623,4.1499999999999995,4.88199664815097,44.514264473858674,10.0,Undef
19627,4.349999999999999,4.88199664815097,44.514264473858674,10.0,Undef
19629,4.449999999999998,4.88199664815097,44.514264473858674,10.0,Undef
19633,4.649999999999998,4.88199664815097,44.514264473858674,10.0,Undef
19637,4.849999999999997,4.88199664815097,44.514264473858674,10.0,Undef
19652,5.649999999999994,4.88199664815097,44.514264473858674,5.0,Undef
19653,5.649999999999994,4.88199664815097,44.514264473858674,10.0,Undef
19681,4.05,5.008115180220962,44.514264473858674,10.0,Undef
19682,4.1499999999999995,5.008115180220962,44.514264473858674,5.0,Undef
19685,4.249999999999999,5.008115180220962,44.514264473858674,10.0,Undef
19688,4.449999999999998,5.008115180220962,44.514264473858674,5.0,Undef
19689,4.449999999999998,5.008115180220962,44.514264473858674,10.0,Undef
19691,4.549999999999998,5.008115180220962,44.514264473858674,10.0,Undef
19693,4.649999999999998,5.008115180220962,44.514264473858674,10.0,Undef
19696,4.849999999999997,5.008115180220962,44.514264473858674,5.0,Undef
19697,4.849999999999997,5.008115180220962,44.514264473858674,10.0,Undef
19700,5.049999999999996,5.008115180220962,44.514264473858674,5.0,Undef
19740,4.05,5.1342337122909525,44.514264473858674,5.0,Undef
19741,4.05,5.1342337122909525,44.514264473858674,10.0,Undef
19742,4.1499999999999995,5.1342337122909525,44.514264473858674,5.0,Undef
19743,4.1499999999999995,5.1342337122909525,44.514264473858674,10.0,Undef
19745,4.249999999999999,5.1342337122909525,44.514264473858674,10.0,Undef
19747,4.349999999999999,5.1342337122909525,44.514264473858674,10.0,Undef
19757,4.849999999999997,5.1342337122909525,44.514264473858674,10.0,Undef
19801,4.05,5.260352244360943,44.514264473858674,10.0,Undef
19803,4.1499999999999995,5.260352244360943,44.514264473858674,10.0,Undef
19804,4.249999999999999,5.260352244360943,44.514264473858674,5.0,Undef
19808,4.449999999999998,5.260352244360943,44.514264473858674,5.0,Undef
19809,4.449999999999998,5.260352244360943,44.514264473858674,10.0,Undef
19813,4.649999999999998,5.260352244360943,44.514264473858674,10.0,Undef
19860,4.05,5.386470776430935,44.514264473858674,5.0,Undef
19862,4.1499999999999995,5.386470776430935,44.514264473858674,5.0,Undef
19863,4.1499999999999995,5.386470776430935,44.514264473858674,10.0,Undef
19866,4.349999999999999,5.386470776430935,44.514264473858674,5.0,Undef
19870,4.549999999999998,5.386470776430935,44.514264473858674,5.0,Undef
19872,4.649999999999998,5.386470776430935,44.514264473858674,5.0,Undef
19875,4.749999999999997,5.386470776430935,44.514264473858674,10.0,Undef
19887,5.349999999999995,5.386470776430935,44.514264473858674,10.0,Undef
19910,6.549999999999991,5.386470776430935,44.514264473858674,5.0,Undef
