eventID,Agency,year,month,day,hour,minute,second,timeError,longitude,latitude,SemiMajor90,SemiMinor90,ErrorStrike,depth,depthError,magnitude,sigmaMagnitude,magnitudeType
10000002,,1005,1,1,0,0,0.0,,11.882,43.464,,,,1.5,,4.88,,
10000003,,1005,1,1,0,0,0.0,,13.831,41.488,,,,17.1,,5.11,,
10000030,,1065,3,27,0,0,0.0,,10.22,45.539,,,,10.0,,5.11,,
10000038,,1087,9,10,0,0,0.0,,16.869,41.129,,,,10.0,,4.88,,
10000049,,1117,1,3,15,15,0.0,,11.015,45.267,,,,6.9,,6.57,,
10000053,,1120,3,25,0,0,0.0,,13.917,41.377,,,,5.0,,5.8,,
10000056,,1125,6,7,11,0,0.0,,15.286,37.073,,,,6.0,,5.8,,
10000069,,1148,1,1,0,0,0.0,,11.257,43.773,,,,6.6,,5.11,,
10000073,,1161,1,16,6,0,0.0,,13.334,41.568,,,,10.2,,5.11,,
10000078,,1168,1,10,0,0,0.0,,10.402,43.718,,,,0.5,,4.43,,
10000079,,1169,2,4,7,0,0.0,,14.949,37.215,,,,16.0,,6.48,,
10000082,,1170,5,9,0,0,0.0,,13.334,41.568,,,,26.0,,5.56,,
10000083,,1172,9,26,13,40,0.0,,15.555,38.185,,,,12.9,,5.56,,
10000084,,1174,8,17,18,0,0.0,,10.995,44.821,,,,10.3,,3.97,,
10000086,,1182,8,15,0,0,0.0,,8.898,44.419,,,,24.4,,4.65,,
10000091,,1194,1,1,0,0,0.0,,12.078,44.067,,,,0.1,,4.88,,
10000093,,1196,1,1,0,0,0.0,,10.915,43.933,,,,48.0,,4.65,,
10000096,,1201,5,4,0,0,0.0,,13.671,46.831,,,,8.0,,5.2,,
10000104,,1217,1,8,0,0,0.0,,8.898,44.419,,,,14.0,,4.43,,
10000105,,1222,12,25,12,30,0.0,,10.699,45.312,,,,10.0,,5.74,,
10000109,,1230,4,5,0,0,0.0,,15.647,38.108,,,,10.3,,4.43,,
10000112,,1231,6,1,11,0,0.0,,13.831,41.488,,,,7.6,,5.11,,
10000113,,1234,3,20,0,0,0.0,,11.62,44.835,,,,2.1,,5.11,,
10000118,,1242,10,24,0,0,0.0,,11.546,45.548,,,,5.0,,4.43,,
10000120,,1246,1,1,0,0,0.0,,12.737,42.736,,,,7.7,,5.34,,
10000125,,1249,9,16,23,59,59.99,,10.926,44.647,,,,10.0,,4.88,,
10000127,,1255,11,17,10,0,0.0,,15.555,38.185,,,,0.6,,4.88,,
10000133,,1269,9,1,0,0,0.0,,13.57,43.565,,,,0.1,,5.56,,
10000135,,1270,3,1,0,0,0.0,,19.446,41.314,,,,0.0,,6.74,,
10000136,,1273,12,18,0,0,0.0,,15.802,40.638,,,,15.7,,5.8,,
10000139,,1276,5,22,0,0,0.0,,12.091,42.721,,,,21.0,,5.56,,
10000140,,1276,7,29,18,30,0.0,,9.559,45.085,,,,15.0,,4.77,,
10000142,,1278,2,25,0,0,0.0,,19.92,39.624,,,,0.0,,6.6,,
10000144,,1279,4,30,0,0,0.0,,11.919,44.13,,,,4.9,,5.53,,
10000143,,1279,4,30,18,0,0.0,,12.872,43.093,,,,14.5,,6.23,,
10000146,,1280,1,25,0,0,0.0,,10.683,44.815,,,,5.4,,4.43,,
10000147,,1280,4,5,0,0,0.0,,15.22,44.133,,,,17.0,,4.72,,
10000151,,1284,1,17,15,30,0.0,,12.336,45.438,,,,25.7,,4.2,,
10000152,,1285,12,13,0,0,0.0,,11.62,44.835,,,,8.3,,5.11,,
10000154,,1287,1,1,0,0,0.0,,11.678,42.88,,,,21.0,,4.88,,
10000159,,1293,3,1,0,0,0.0,,10.915,43.933,,,,0.1,,5.56,,
10000160,,1293,9,4,0,0,0.0,,14.549,41.304,,,,10.0,,5.8,,
10000164,,1295,9,3,0,0,0.0,,9.504,46.947,,,,6.0,,6.21,,
10000169,,1298,12,1,0,0,0.0,,12.903,42.576,,,,5.3,,6.25,,
10000172,,1301,6,11,4,0,0.0,,13.431,46.093,,,,10.6,,4.2,,
10000177,,1304,12,18,2,0,0.0,,8.954,45.352,,,,7.0,,4.43,,
10000179,,1306,7,1,0,0,0.0,,10.505,43.843,,,,8.4,,4.65,,
10000180,,1308,1,25,17,15,0.0,,12.568,44.059,,,,9.7,,5.34,,
10000183,,1311,1,1,0,0,0.0,,7.327,44.885,,,,10.0,,4.59,,
10000184,,1312,10,14,11,15,0.0,,8.954,45.352,,,,6.1,,4.2,,
10000186,,1315,12,3,0,0,0.0,,13.399,42.351,,,,8.4,,5.56,,
10000189,,1320,12,16,0,0,0.0,,11.332,43.318,,,,0.1,,5.11,,
10000194,,1322,1,1,0,0,0.0,,10.402,43.718,,,,0.5,,4.43,,
10000195,,1323,2,25,19,0,0.0,,11.135,44.571,,,,8.6,,4.2,,
10000198,,1325,5,21,0,0,0.0,,11.257,43.773,,,,20.1,,4.43,,
10000202,,1328,12,1,0,0,0.0,,13.018,42.857,,,,10.0,,6.47,,
10000207,,1334,12,4,0,0,0.0,,10.994,45.439,,,,19.0,,4.88,,
10000209,,1339,11,16,14,10,0.0,,11.62,44.835,,,,8.6,,4.65,,
10000214,,1344,11,11,0,0,0.0,,10.33,44.801,,,,9.6,,4.2,,
10000217,,1345,9,12,0,0,0.0,,11.257,43.773,,,,8.5,,4.65,,
10000219,,1346,2,8,0,0,0.0,,10.926,44.647,,,,5.5,,4.2,,
10000221,,1348,1,25,0,0,0.0,,13.333,46.43,,,,19.0,,6.66,,
10000223,,1349,1,6,0,0,0.0,,18.111,42.641,,,,9.0,,4.3,,
10000229,,1349,9,9,0,0,0.0,,13.942,41.554,,,,8.2,,6.82,,
10000227,,1349,9,9,0,0,0.0,,13.118,42.27,,,,6.2,,6.34,,
10000231,,1352,12,25,0,0,0.0,,12.127,43.469,,,,3.2,,6.34,,
10000248,,1358,1,1,0,0,0.0,,12.141,43.57,,,,16.3,,4.88,,
10000249,,1361,7,17,17,15,0.0,,15.561,41.205,,,,12.1,,6.02,,
10000250,,1361,12,27,0,0,0.0,,11.332,43.318,,,,27.7,,4.88,,
10000256,,1365,3,4,0,0,0.0,,12.019,45.337,,,,6.9,,4.67,,
10000257,,1365,7,25,18,0,0.0,,11.343,44.494,,,,3.5,,5.34,,
10000258,,1365,9,21,5,45,0.0,,10.994,45.439,,,,9.5,,4.43,,
10000262,,1367,1,1,0,0,0.0,,13.867,41.54,,,,0.1,,5.11,,
10000263,,1369,2,1,0,0,0.0,,8.615,44.913,,,,19.0,,4.88,,
10000265,,1373,1,1,0,0,0.0,,11.546,45.548,,,,29.6,,4.43,,
10000266,,1373,3,1,8,0,0.0,,12.336,45.438,,,,17.0,,4.2,,
10000277,,1376,3,12,1,15,0.0,,11.546,45.548,,,,7.3,,4.88,,
10000279,,1377,11,14,0,0,0.0,,15.899,38.675,,,,10.0,,5.34,,
10000280,,1380,1,1,0,0,0.0,,20.091,41.119,,,,2.6,,6.07,,
10000283,,1383,7,24,20,0,0.0,,9.918,45.058,,,,0.3,,3.97,,
10000284,,1383,8,4,0,0,0.0,,12.04,44.222,,,,6.4,,5.34,,
10000285,,1384,2,4,5,5,0.0,,11.257,43.773,,,,6.6,,4.2,,
10000288,,1384,10,22,0,0,0.0,,13.703,42.659,,,,49.6,,5.11,,
10000290,,1387,3,5,5,0,0.0,,15.229,44.112,,,,17.0,,4.67,,
10000292,,1389,4,1,0,0,0.0,,13.018,43.837,,,,34.2,,5.11,,
10000293,,1389,8,20,13,0,0.0,,13.197,46.406,,,,7.5,,4.88,,
10000294,,1389,10,18,0,0,0.0,,12.299,43.527,,,,3.0,,6.02,,
10000295,,1390,10,16,0,0,0.0,,12.9,47.7,,,,8.0,,3.95,,
10000296,,1390,12,5,1,0,0.0,,15.229,44.112,,,,10.0,,4.67,,
10000297,,1392,1,28,0,30,0.0,,12.218,46.139,,,,5.1,,3.97,,
10000298,,1393,6,15,0,0,0.0,,11.912,43.996,,,,9.5,,5.11,,
10000304,,1396,11,26,0,0,0.0,,9.274,45.584,,,,11.0,,5.34,,
10000311,,1398,4,3,0,0,0.0,,13.399,42.351,,,,6.0,,4.65,,
10000312,,1399,7,20,23,0,0.0,,10.925,44.442,,,,13.8,,5.11,,
10000313,,1399,10,21,15,0,0.0,,15.229,44.112,,,,3.2,,4.93,,
10000319,,1401,6,29,9,0,0.0,,12.218,46.139,,,,5.0,,4.2,,
10000322,,1402,1,1,0,0,0.0,,10.994,45.439,,,,10.0,,4.65,,
10000323,,1403,1,12,5,30,0.0,,12.218,46.139,,,,12.0,,4.65,,
10000325,,1403,9,6,0,0,0.0,,13.431,46.093,,,,2.0,,5.56,,
10000326,,1404,2,1,21,0,0.0,,12.218,46.139,,,,5.0,,4.2,,
10000327,,1405,6,26,13,45,0.0,,12.062,46.079,,,,10.0,,3.97,,
10000328,,1406,5,28,21,30,0.0,,12.218,46.139,,,,25.1,,3.97,,
10000331,,1407,6,25,0,0,0.0,,15.229,44.112,,,,3.0,,4.72,,
10000332,,1408,1,3,16,30,0.0,,11.343,44.494,,,,8.4,,3.74,,
10000333,,1409,8,17,0,35,0.0,,11.62,44.835,,,,1.5,,4.65,,
10000335,,1409,11,15,11,15,0.0,,10.33,44.801,,,,5.1,,5.11,,
10000336,,1410,5,9,22,30,0.0,,11.62,44.835,,,,0.1,,4.88,,
10000338,,1411,1,9,2,0,0.0,,11.62,44.835,,,,9.4,,5.11,,
10000340,,1411,7,1,6,0,0.0,,12.218,46.139,,,,45.3,,3.97,,
10000342,,1414,1,1,0,0,0.0,,16.18,41.882,,,,5.0,,5.8,,
10000341,,1414,8,7,0,0,0.0,,11.121,43.27,,,,24.1,,5.68,,
10000344,,1418,3,7,0,0,0.0,,15.567,43.95,,,,2.0,,5.68,,
10000348,,1420,1,1,0,0,0.0,,11.332,43.318,,,,26.8,,4.43,,
10000352,,1423,11,10,0,0,0.0,,13.399,42.351,,,,7.5,,4.2,,
10000353,,1424,10,20,0,0,0.0,,11.947,44.172,,,,6.4,,4.2,,
10000354,,1425,8,10,0,0,0.0,,11.62,44.835,,,,3.5,,4.65,,
10000355,,1426,1,1,0,0,0.0,,11.257,43.773,,,,10.2,,4.43,,
10000373,,1428,7,3,5,0,0.0,,12.046,44.146,,,,2.2,,5.47,,
10000374,,1429,6,26,0,0,0.0,,11.332,43.318,,,,5.8,,4.2,,
10000375,,1429,11,10,16,20,0.0,,15.555,38.185,,,,5.5,,4.88,,
10000378,,1430,8,13,0,40,0.0,,11.332,43.318,,,,17.6,,4.2,,
10000379,,1430,10,28,0,0,0.0,,18.111,42.641,,,,5.0,,4.3,,
10000383,,1433,5,4,8,5,0.0,,11.343,44.494,,,,4.9,,4.65,,
10000384,,1436,3,1,0,0,0.0,,11.332,43.318,,,,5.0,,4.88,,
10000387,,1438,6,11,2,0,0.0,,10.239,44.844,,,,4.4,,5.56,,
10000391,,1444,8,25,0,0,0.0,,19.201,41.923,,,,0.0,,5.78,,
10000394,,1445,3,21,13,30,0.0,,10.994,45.439,,,,6.1,,4.43,,
10000398,,1448,1,1,0,0,0.0,,15.555,38.185,,,,26.1,,4.2,,
10000401,,1449,1,1,0,0,0.0,,7.327,44.885,,,,5.4,,4.11,,
10000400,,1449,10,15,20,45,0.0,,11.56,43.234,,,,5.8,,4.65,,
10000405,,1453,9,28,22,45,0.0,,11.287,43.783,,,,23.5,,5.36,,
10000408,,1455,12,20,20,45,0.0,,10.883,44.594,,,,3.5,,4.43,,
10000410,,1456,12,5,0,0,0.0,,14.711,41.302,,,,7.7,,7.2,,
10000411,,1456,12,9,0,0,0.0,,12.141,43.57,,,,15.0,,4.43,,
10000416,,1458,4,26,12,15,0.0,,12.236,43.463,,,,9.0,,5.8,,
10000418,,1458,5,1,0,0,0.0,,13.229,43.194,,,,0.1,,4.43,,
10000420,,1461,11,27,0,0,0.0,,13.544,42.308,,,,9.9,,6.48,,
10000427,,1464,3,24,0,0,0.0,,10.458,43.996,,,,16.8,,4.2,,
10000428,,1465,4,7,15,30,0.0,,10.682,44.943,,,,10.0,,4.43,,
10000429,,1465,5,17,0,0,0.0,,12.577,43.351,,,,6.2,,4.65,,
10000430,,1466,1,15,2,25,0.0,,15.334,40.765,,,,23.8,,6.0,,
10000431,,1466,12,20,11,0,0.0,,13.399,42.351,,,,8.4,,4.2,,
10000432,,1466,12,26,0,0,0.0,,12.577,43.351,,,,5.4,,4.65,,
10000434,,1467,9,3,0,0,0.0,,11.332,43.318,,,,5.0,,4.88,,
10000435,,1468,6,6,10,30,0.0,,12.336,44.205,,,,8.8,,3.74,,
10000436,,1469,4,7,6,25,0.0,,11.257,43.773,,,,27.9,,4.2,,
10000440,,1470,4,11,0,0,0.0,,11.037,44.162,,,,7.3,,5.56,,
10000444,,1471,1,1,0,0,0.0,,10.22,45.539,,,,25.1,,3.74,,
10000441,,1471,3,1,0,0,0.0,,12.577,43.351,,,,4.9,,4.2,,
10000442,,1471,8,15,16,40,0.0,,10.22,45.539,,,,10.0,,4.2,,
10000450,,1472,1,1,0,0,0.0,,12.568,44.059,,,,0.8,,5.11,,
10000448,,1472,1,1,0,0,0.0,,17.1,42.7,,,,17.0,,5.14,,
10000451,,1473,2,2,0,0,0.0,,12.568,44.059,,,,15.4,,4.43,,
10000452,,1473,5,7,7,45,0.0,,9.328,45.321,,,,9.5,,3.74,,
10000453,,1474,3,11,20,30,0.0,,10.926,44.647,,,,8.5,,4.2,,
10000454,,1474,8,18,0,0,0.0,,13.513,43.619,,,,9.6,,5.11,,
10000457,,1477,2,3,1,0,0.0,,12.704,42.955,,,,24.5,,4.88,,
10000461,,1479,10,10,22,0,0.0,,12.04,44.222,,,,10.7,,4.2,,
10000464,,1480,1,1,0,0,0.0,,13.835,42.919,,,,10.2,,4.88,,
10000468,,1481,2,14,23,0,0.0,,18.111,42.641,,,,16.0,,4.78,,
10000470,,1481,5,7,14,15,0.0,,10.13,44.274,,,,8.9,,5.59,,
10000474,,1482,2,1,0,0,0.0,,18.111,42.641,,,,11.0,,4.72,,
10000476,,1483,3,3,22,0,0.0,,11.62,44.835,,,,8.2,,4.43,,
10000477,,1483,8,11,19,40,0.0,,12.23,44.155,,,,17.1,,5.69,,
10000483,,1485,1,1,0,0,0.0,,10.631,44.698,,,,9.5,,4.2,,
10000482,,1485,9,1,0,0,0.0,,11.721,45.355,,,,10.0,,4.2,,
10000484,,1486,9,30,0,0,0.0,,11.332,43.318,,,,7.4,,4.43,,
10000485,,1487,1,11,15,40,0.0,,11.307,45.137,,,,9.5,,3.74,,
10000488,,1489,1,1,0,0,0.0,,12.141,43.57,,,,9.6,,5.11,,
10000491,,1491,1,24,23,50,0.0,,11.875,45.407,,,,10.3,,4.88,,
10000492,,1492,1,1,0,0,0.0,,12.04,44.222,,,,9.9,,4.88,,
10000493,,1493,8,24,0,0,0.0,,13.135,46.279,,,,11.0,,4.2,,
10000496,,1494,5,29,2,15,0.0,,15.555,38.185,,,,12.7,,5.34,,
10000497,,1494,6,13,0,0,0.0,,7.267,43.7,,,,24.4,,4.5,,
10000504,,1496,6,1,0,0,0.0,,12.742,42.807,,,,1.0,,4.2,,
10000502,,1496,6,4,8,30,0.0,,11.332,43.318,,,,10.2,,5.11,,
10000505,,1496,11,28,11,30,0.0,,18.111,42.641,,,,15.0,,4.3,,
10000509,,1498,4,10,0,0,0.0,,13.399,42.351,,,,10.0,,4.43,,
10000510,,1498,4,11,8,50,0.0,,11.506,43.197,,,,9.8,,4.43,,
10000517,,1499,11,9,0,0,0.0,,15.555,38.185,,,,13.9,,5.34,,
10000519,,1501,6,5,10,0,0.0,,10.844,44.519,,,,3.9,,6.02,,
10000520,,1502,3,10,0,0,0.0,,12.949,42.386,,,,10.0,,5.11,,
10000521,,1502,5,15,0,0,0.0,,7.487,44.331,,,,15.9,,4.11,,
10000522,,1502,9,6,0,0,0.0,,13.087,43.462,,,,9.4,,4.65,,
10000523,,1503,11,14,0,0,0.0,,13.024,43.426,,,,9.9,,4.88,,
10000528,,1504,11,1,0,0,0.0,,11.816,43.697,,,,17.1,,5.11,,
10000529,,1504,11,7,17,30,0.0,,18.111,42.641,,,,14.0,,4.62,,
10000531,,1505,1,3,2,0,0.0,,11.23,44.507,,,,7.2,,5.6,,
10000538,,1507,1,1,0,0,0.0,,7.327,44.885,,,,32.5,,4.11,,
10000539,,1508,1,1,0,0,0.0,,14.5,46.0,,,,10.0,,5.14,,
10000544,,1508,10,26,0,0,0.0,,11.62,44.835,,,,8.7,,4.2,,
10000545,,1509,2,25,22,20,0.0,,15.684,38.1,,,,9.1,,5.56,,
10000546,,1509,4,19,0,0,0.0,,11.865,44.324,,,,3.2,,5.02,,
10000550,,1509,12,13,0,0,0.0,,5.783,43.833,,,,4.0,,5.05,,
10000551,,1509,12,24,21,0,0.0,,11.769,42.896,,,,0.5,,4.65,,
10000552,,1511,3,26,15,30,0.0,,13.216,46.209,,,,10.0,,6.35,,
10000558,,1511,4,1,0,0,0.0,,13.61,43.44,,,,10.9,,4.65,,
10000570,,1512,2,8,0,0,0.0,,9.402,46.322,,,,10.0,,4.59,,
10000571,,1512,12,12,20,40,0.0,,10.994,45.439,,,,0.1,,3.87,,
10000572,,1513,2,10,0,0,0.0,,8.615,44.913,,,,10.5,,4.2,,
10000575,,1513,8,25,0,0,0.0,,15.555,38.185,,,,7.1,,4.2,,
10000585,,1516,12,19,23,0,0.0,,13.135,46.279,,,,12.7,,4.14,,
10000587,,1517,3,29,19,0,0.0,,15.211,41.012,,,,30.0,,5.34,,
10000594,,1519,1,1,0,0,0.0,,12.949,42.386,,,,13.8,,4.65,,
10000595,,1520,1,9,17,30,0.0,,12.054,43.541,,,,1.5,,4.88,,
10000598,,1520,5,17,6,30,0.0,,18.037,42.674,,,,17.0,,5.55,,
10000603,,1522,7,5,23,59,59.99,,12.785,45.751,,,,5.0,,3.74,,
10000605,,1522,10,5,0,10,0.0,,9.75,45.116,,,,7.7,,4.78,,
10000606,,1523,6,7,0,0,0.0,,13.185,46.171,,,,10.9,,3.74,,
10000611,,1524,4,20,0,0,0.0,,7.303,46.228,,,,6.0,,5.59,,
10000613,,1525,2,19,21,0,0.0,,12.975,45.926,,,,10.0,,4.6,,
10000617,,1527,10,4,0,0,0.0,,10.915,43.933,,,,3.5,,5.34,,
10000622,,1529,1,1,0,0,0.0,,12.737,42.736,,,,8.0,,4.88,,
10000624,,1529,4,14,0,0,0.0,,12.785,45.751,,,,14.1,,4.2,,
10000625,,1529,7,3,0,0,0.0,,10.023,45.135,,,,9.4,,4.09,,
10000627,,1530,11,11,16,30,0.0,,11.559,43.208,,,,10.0,,4.43,,
10000635,,1534,2,3,20,30,0.0,,18.111,42.641,,,,10.9,,4.3,,
10000643,,1536,8,10,23,0,0.0,,8.898,44.419,,,,10.0,,4.65,,
10000644,,1536,8,17,0,5,0.0,,10.934,44.365,,,,10.4,,5.16,,
10000648,,1537,11,1,0,0,0.0,,8.48,44.307,,,,10.1,,4.65,,
10000663,,1540,4,8,0,0,0.0,,13.718,43.162,,,,0.1,,4.88,,
10000666,,1540,9,1,8,10,0.0,,10.22,45.539,,,,9.4,,4.2,,
10000671,,1541,10,22,18,0,0.0,,8.909,44.761,,,,26.0,,5.26,,
10000674,,1542,6,13,2,15,0.0,,11.385,44.006,,,,23.8,,6.0,,
10000677,,1542,12,10,15,15,0.0,,14.944,37.215,,,,2.0,,6.7,,
10000678,,1543,8,13,2,30,0.0,,18.111,42.641,,,,13.9,,4.3,,
10000681,,1544,3,6,8,30,0.0,,18.136,42.675,,,,10.0,,4.51,,
10000686,,1545,6,9,15,45,0.0,,9.825,44.473,,,,8.0,,5.35,,
10000688,,1545,11,27,2,0,0.0,,11.643,43.067,,,,33.0,,5.34,,
10000693,,1547,2,10,13,20,0.0,,10.631,44.698,,,,24.5,,5.11,,
10000695,,1547,7,31,0,0,0.0,,8.48,44.307,,,,5.0,,4.43,,
10000698,,1549,4,1,0,0,0.0,,15.555,38.185,,,,18.0,,4.2,,
10000700,,1549,5,8,0,0,0.0,,10.309,43.551,,,,17.0,,4.88,,
10000701,,1549,5,13,8,30,0.0,,7.752,44.517,,,,5.0,,4.35,,
10000704,,1549,9,10,2,0,0.0,,12.218,46.139,,,,2.4,,4.88,,
10000705,,1550,2,28,16,0,0.0,,7.547,44.389,,,,5.0,,4.82,,
10000709,,1551,9,26,16,30,0.0,,11.257,43.773,,,,3.0,,4.43,,
10000719,,1554,11,27,18,30,0.0,,11.257,43.773,,,,17.1,,4.88,,
10000723,,1556,11,17,0,0,0.0,,16.252,39.303,,,,18.9,,5.11,,
10000724,,1557,4,23,21,0,0.0,,13.399,42.351,,,,23.6,,4.2,,
10000729,,1558,4,13,9,0,0.0,,11.564,43.457,,,,2.7,,5.94,,
10000733,,1559,4,27,12,0,0.0,,16.136,39.844,,,,19.1,,4.88,,
10000739,,1560,1,1,0,0,0.0,,9.066,47.042,,,,5.0,,3.79,,
10000736,,1560,5,11,4,40,0.0,,16.485,41.249,,,,10.0,,5.64,,
10000737,,1560,10,11,0,0,0.0,,9.066,47.042,,,,6.0,,3.79,,
10000744,,1561,8,19,15,50,0.0,,15.505,40.563,,,,18.9,,6.75,,
10000745,,1561,11,24,1,25,0.0,,11.455,44.781,,,,5.5,,4.43,,
10000748,,1563,6,13,12,0,0.0,,18.442,42.534,,,,10.0,,5.35,,
10000749,,1563,9,17,9,30,0.0,,13.978,42.58,,,,9.8,,4.43,,
10000751,,1564,7,20,0,0,0.0,,7.276,44.024,,,,10.9,,5.51,,
10000760,,1567,1,1,0,0,0.0,,13.094,42.793,,,,5.8,,4.88,,
10000774,,1570,11,17,19,10,0.0,,11.632,44.824,,,,4.9,,5.43,,
10000783,,1572,1,4,18,45,0.0,,11.467,47.283,,,,8.0,,4.87,,
10000785,,1572,6,4,22,0,0.0,,10.423,44.851,,,,10.0,,4.65,,
10000790,,1573,3,22,0,0,0.0,,9.933,46.75,,,,7.0,,3.9,,
10000791,,1573,6,5,0,0,0.0,,9.528,46.855,,,,3.0,,3.79,,
10000792,,1573,8,1,0,0,0.0,,7.635,46.318,,,,1.0,,3.79,,
10000794,,1574,1,28,15,0,0.0,,9.4,46.667,,,,10.0,,3.9,,
10000795,,1574,3,17,3,40,0.0,,11.294,44.833,,,,10.0,,4.65,,
10000797,,1574,8,14,0,0,0.0,,14.1,45.4,,,,10.1,,5.57,,
10000804,,1575,6,14,16,0,0.0,,11.332,43.318,,,,10.9,,4.88,,
10000805,,1575,11,17,10,30,0.0,,12.635,46.062,,,,7.0,,4.88,,
10000806,,1576,1,26,23,0,0.0,,10.1,46.7,,,,7.0,,3.9,,
10000807,,1576,9,26,5,10,0.0,,9.671,45.694,,,,10.0,,4.43,,
10000831,,1579,1,1,0,0,0.0,,13.789,41.808,,,,3.7,,4.43,,
10000845,,1584,3,1,0,0,0.0,,7.362,44.466,,,,9.8,,4.82,,
10000846,,1584,3,11,0,0,0.0,,6.942,46.391,,,,8.0,,5.82,,
10000851,,1584,9,10,20,30,0.0,,11.992,43.862,,,,3.8,,5.93,,
10000855,,1586,1,12,0,0,0.0,,10.061,44.866,,,,4.7,,4.2,,
10000856,,1586,10,31,0,0,0.0,,9.717,46.617,,,,8.0,,3.9,,
10000860,,1588,1,1,0,0,0.0,,5.555,44.006,,,,10.0,,3.71,,
10000862,,1590,4,22,12,30,0.0,,14.5,46.08,,,,10.0,,5.14,,
10000864,,1590,6,13,10,30,0.0,,12.497,43.065,,,,0.1,,4.88,,
10000876,,1590,12,28,0,0,0.0,,6.8,44.75,,,,10.0,,3.79,,
10000879,,1591,5,24,0,0,0.0,,10.631,44.698,,,,25.5,,4.65,,
10000881,,1591,7,10,0,0,0.0,,12.035,44.401,,,,9.6,,5.14,,
10000886,,1592,11,24,0,0,0.0,,12.747,42.877,,,,6.5,,5.11,,
10000889,,1593,3,8,0,0,0.0,,9.671,45.694,,,,25.1,,4.88,,
10000895,,1594,10,3,0,0,0.0,,11.62,44.835,,,,2.7,,4.2,,
10000896,,1595,2,8,23,0,0.0,,9.45,46.75,,,,15.0,,3.9,,
10000898,,1595,7,12,0,0,0.0,,11.51,47.28,,,,6.0,,4.45,,
10000899,,1595,7,14,1,30,0.0,,12.961,46.098,,,,3.6,,3.74,,
10000901,,1595,10,30,0,0,0.0,,12.577,43.351,,,,9.6,,4.43,,
10000905,,1597,3,5,0,0,0.0,,12.466,42.778,,,,5.0,,4.65,,
10000907,,1597,8,3,23,40,0.0,,11.429,43.987,,,,10.5,,5.26,,
10000916,,1599,8,1,0,0,0.0,,15.601,38.147,,,,10.9,,5.11,,
10000919,,1599,11,6,1,25,0.0,,13.021,42.724,,,,9.5,,6.04,,
10000920,,1599,11,16,0,0,0.0,,11.716,43.774,,,,9.9,,5.11,,
10000922,,1599,12,29,2,30,0.0,,14.5,46.0,,,,10.0,,4.3,,
10000926,,1600,10,28,0,0,0.0,,10.631,44.698,,,,13.8,,5.34,,
10000935,,1601,1,1,0,0,0.0,,15.555,38.185,,,,16.1,,4.2,,
10000927,,1601,4,26,0,0,0.0,,19.49,40.474,,,,2.0,,6.26,,
10000938,,1603,1,25,0,0,0.0,,11.332,43.318,,,,0.1,,4.43,,
10000940,,1603,8,4,0,0,0.0,,18.111,42.641,,,,16.0,,4.72,,
10000944,,1604,11,11,0,0,0.0,,8.25,46.9,,,,4.0,,3.9,,
10000947,,1605,4,1,0,0,0.0,,9.57,46.61,,,,7.0,,3.9,,
10000952,,1606,8,22,0,0,0.0,,9.671,45.694,,,,14.0,,4.88,,
10000953,,1606,12,12,0,0,0.0,,11.875,45.407,,,,1.1,,4.2,,
10000955,,1607,1,27,2,0,0.0,,9.433,46.7,,,,8.0,,3.9,,
10000960,,1608,1,6,22,20,0.0,,10.631,44.698,,,,19.4,,4.43,,
10000961,,1608,7,25,0,0,0.0,,18.667,42.43,,,,17.0,,5.41,,
10000967,,1609,1,1,0,0,0.0,,11.115,43.421,,,,12.7,,4.43,,
10000966,,1609,7,20,0,0,0.0,,16.373,38.925,,,,5.2,,5.8,,
10000971,,1610,5,14,0,0,0.0,,8.48,44.307,,,,9.5,,3.74,,
10000972,,1611,1,15,0,0,0.0,,7.245,44.808,,,,14.0,,4.35,,
10000975,,1612,1,31,0,0,0.0,,7.613,43.949,,,,15.2,,4.82,,
10000978,,1612,10,14,0,0,0.0,,12.853,43.247,,,,19.8,,5.1,,
10000986,,1614,3,2,0,0,0.0,,15.2,44.1,,,,11.0,,5.14,,
10000988,,1614,8,1,0,0,0.0,,12.389,43.112,,,,23.2,,4.88,,
10001002,,1617,1,1,0,0,0.0,,19.7,41.5,,,,0.0,,6.24,,
10000999,,1617,3,23,0,0,0.0,,13.245,43.522,,,,8.1,,4.43,,
10001003,,1618,1,18,0,0,0.0,,7.311,43.961,,,,10.3,,5.52,,
10001010,,1619,7,7,22,0,0.0,,13.297,42.526,,,,3.6,,5.34,,
10001014,,1620,6,22,0,0,0.0,,12.017,44.517,,,,26.0,,4.88,,
10001026,,1621,1,1,0,0,0.0,,14.5,46.17,,,,10.0,,5.14,,
10001028,,1622,5,5,11,0,0.0,,14.66,46.176,,,,3.5,,5.35,,
10001031,,1622,8,3,0,0,0.0,,10.25,46.795,,,,7.0,,5.16,,
10001032,,1623,7,29,0,0,0.0,,9.55,47.017,,,,3.0,,3.9,,
10001034,,1624,2,3,0,0,0.0,,16.283,39.027,,,,28.7,,5.11,,
10001035,,1624,3,19,0,0,0.0,,11.848,44.642,,,,4.9,,5.43,,
10001036,,1624,10,3,17,0,0.0,,14.742,37.27,,,,10.0,,5.56,,
10001044,,1625,1,1,0,0,0.0,,14.5,46.0,,,,10.0,,5.14,,
10001038,,1625,2,22,10,0,0.0,,8.4,46.817,,,,6.0,,3.5,,
10001042,,1625,8,1,0,0,0.0,,15.818,40.961,,,,7.9,,5.8,,
10001043,,1625,12,5,0,0,0.0,,12.568,44.059,,,,8.2,,4.65,,
10001045,,1626,1,7,4,0,0.0,,14.5,46.08,,,,10.0,,4.72,,
10001047,,1626,4,4,12,45,0.0,,16.456,38.851,,,,10.3,,6.06,,
10001048,,1626,5,12,0,0,0.0,,13.453,43.3,,,,10.0,,5.11,,
10001054,,1627,7,1,0,0,0.0,,13.248,42.695,,,,8.5,,5.34,,
10001052,,1627,7,30,10,50,0.0,,15.342,41.737,,,,6.7,,6.69,,
10001061,,1628,11,4,15,40,0.0,,10.33,44.801,,,,7.5,,4.88,,
10001064,,1630,5,1,0,0,0.0,,10.69,43.903,,,,2.1,,4.43,,
10001070,,1631,2,25,0,0,0.0,,12.855,43.052,,,,4.1,,5.11,,
10001080,,1634,5,1,4,30,0.0,,15.08,45.75,,,,10.0,,4.72,,
10001081,,1634,11,10,0,0,0.0,,16.611,40.667,,,,4.0,,4.88,,
10001084,,1635,8,12,0,0,0.0,,15.555,38.185,,,,9.7,,4.43,,
10001094,,1637,11,20,0,0,0.0,,9.322,44.317,,,,0.1,,4.43,,
10001097,,1638,3,1,0,0,0.0,,8.583,46.583,,,,0.1,,3.5,,
10001096,,1638,3,27,15,5,0.0,,16.289,39.048,,,,10.0,,7.08,,
10001098,,1638,4,1,0,0,0.0,,11.332,43.318,,,,10.0,,4.43,,
10001106,,1639,4,6,0,0,0.0,,11.294,44.833,,,,3.6,,5.34,,
10001108,,1639,7,28,16,30,0.0,,18.038,42.676,,,,15.0,,5.35,,
10001109,,1639,10,7,0,0,0.0,,13.261,42.639,,,,6.6,,6.14,,
10001118,,1640,1,1,0,0,0.0,,15.3,45.74,,,,17.2,,5.14,,
10001119,,1641,1,13,6,0,0.0,,14.5,46.08,,,,10.0,,4.72,,
10001123,,1641,6,8,0,0,0.0,,9.882,44.377,,,,8.7,,4.65,,
10001125,,1642,6,13,0,0,0.0,,9.667,45.437,,,,10.0,,4.95,,
10001131,,1643,3,19,2,30,0.0,,14.5,46.0,,,,18.1,,4.72,,
10001135,,1644,2,15,4,30,0.0,,7.228,43.978,,,,10.0,,5.77,,
10001138,,1644,5,9,0,0,0.0,,10.952,44.245,,,,0.1,,4.88,,
10001144,,1645,1,1,0,0,0.0,,15.4,45.6,,,,4.5,,5.57,,
10001146,,1646,2,22,0,0,0.0,,11.875,45.407,,,,7.0,,4.2,,
10001147,,1646,4,5,16,15,0.0,,10.309,43.551,,,,33.0,,4.65,,
10001149,,1646,4,28,7,0,0.0,,13.247,42.615,,,,9.1,,5.85,,
10001151,,1646,5,30,1,0,0.0,,10.409,45.147,,,,17.8,,3.74,,
10001152,,1646,5,31,0,0,0.0,,15.993,41.905,,,,21.2,,6.76,,
10001159,,1647,5,17,0,0,0.0,,12.143,42.415,,,,21.0,,4.82,,
10001165,,1648,1,1,0,0,0.0,,14.9,44.98,,,,10.1,,5.57,,
10001160,,1648,1,1,0,0,0.0,,12.737,42.736,,,,3.6,,4.88,,
10001161,,1648,1,13,18,0,0.0,,10.915,43.933,,,,8.0,,4.43,,
10001166,,1649,1,1,0,0,0.0,,15.555,38.185,,,,0.1,,4.43,,
10001185,,1650,8,18,22,0,0.0,,9.533,46.867,,,,7.0,,3.9,,
10001204,,1651,2,26,0,0,0.0,,19.92,39.624,,,,15.0,,5.92,,
10001208,,1651,6,8,0,0,0.0,,10.052,46.651,,,,7.0,,3.79,,
10001222,,1653,4,19,4,15,0.0,,10.504,44.814,,,,5.0,,4.43,,
10001223,,1653,8,15,0,0,0.0,,12.055,44.216,,,,9.2,,4.43,,
10001227,,1654,7,24,0,25,0.0,,13.683,41.635,,,,6.7,,6.33,,
10001230,,1655,2,3,0,0,0.0,,12.737,42.736,,,,7.8,,4.88,,
10001232,,1655,3,25,0,0,0.0,,11.842,44.06,,,,3.6,,4.65,,
10001242,,1656,6,1,0,0,0.0,,16.252,39.303,,,,23.8,,5.34,,
10001245,,1657,1,29,2,0,0.0,,15.393,41.726,,,,24.0,,5.99,,
10001258,,1659,11,5,22,15,0.0,,16.249,38.694,,,,48.1,,6.57,,
10001266,,1661,1,3,0,0,0.0,,14.8,46.05,,,,10.0,,4.3,,
10001270,,1661,3,12,0,0,0.0,,9.799,45.705,,,,12.0,,4.88,,
10001271,,1661,3,21,23,0,0.0,,10.863,44.734,,,,11.1,,4.88,,
10001272,,1661,3,22,12,50,0.0,,11.898,44.021,,,,49.6,,6.06,,
10001273,,1661,3,27,0,0,0.0,,6.967,46.317,,,,5.0,,3.9,,
10001287,,1662,12,29,0,0,0.0,,11.875,45.407,,,,10.3,,4.2,,
10001294,,1665,3,1,1,0,0.0,,9.067,47.033,,,,6.0,,3.9,,
10001297,,1666,4,14,18,58,0.0,,11.114,44.639,,,,32.4,,4.2,,
10001304,,1667,1,1,0,0,0.0,,12.737,42.736,,,,10.2,,5.11,,
10001301,,1667,3,15,0,0,0.0,,15.2,44.1,,,,33.0,,5.14,,
10001302,,1667,4,6,8,45,0.0,,18.098,42.659,,,,12.0,,6.38,,
10001308,,1668,8,22,0,0,0.0,,12.19,43.514,,,,10.7,,4.2,,
10001318,,1669,9,1,3,0,0.0,,14.53,46.08,,,,10.0,,4.72,,
10001326,,1670,7,17,1,0,0.0,,11.507,47.294,,,,8.0,,5.46,,
10001329,,1671,6,20,10,0,0.0,,10.866,44.674,,,,16.4,,5.27,,
10001332,,1672,4,14,15,45,0.0,,12.576,43.941,,,,0.1,,5.59,,
10001334,,1672,6,8,17,30,0.0,,13.302,42.569,,,,11.4,,5.38,,
10001338,,1673,2,13,0,0,0.0,,9.067,47.033,,,,8.0,,3.5,,
10001343,,1674,1,16,0,0,0.0,,19.92,39.624,,,,0.1,,6.31,,
10001346,,1674,2,23,0,0,0.0,,9.15,47.0,,,,4.0,,3.9,,
10001367,,1678,7,15,0,0,0.0,,11.62,44.835,,,,1.5,,4.2,,
10001368,,1678,9,2,0,0,0.0,,5.653,43.63,,,,4.0,,4.66,,
10001370,,1679,3,24,11,30,0.0,,11.585,43.167,,,,0.1,,4.88,,
10001373,,1680,4,30,11,0,0.0,,8.803,44.688,,,,2.2,,5.11,,
10001385,,1682,5,7,0,0,0.0,,9.067,47.033,,,,8.0,,3.5,,
10001387,,1683,5,25,0,0,0.0,,10.864,46.025,,,,9.7,,4.43,,
10001390,,1684,8,31,23,55,0.0,,6.233,44.1,,,,10.0,,4.08,,
10001391,,1684,10,21,5,30,0.0,,14.5,46.08,,,,9.3,,5.14,,
10001398,,1685,1,1,0,0,0.0,,12.559,43.655,,,,14.5,,4.08,,
10001397,,1685,9,9,0,0,0.0,,9.067,47.033,,,,4.0,,3.5,,
10001402,,1686,1,1,0,0,0.0,,14.5,46.0,,,,10.0,,4.72,,
10001403,,1687,3,15,0,0,0.0,,9.083,47.0,,,,13.0,,3.9,,
10001406,,1687,10,2,0,0,0.0,,15.899,38.675,,,,5.0,,5.11,,
10001410,,1688,4,11,12,20,0.0,,11.942,44.39,,,,4.6,,5.83,,
10001414,,1688,7,20,0,0,0.0,,16.159,38.733,,,,23.7,,4.65,,
10001415,,1688,7,23,0,0,0.0,,15.337,41.687,,,,11.8,,5.34,,
10001431,,1689,1,1,0,0,0.0,,12.411,43.664,,,,6.6,,5.11,,
10001421,,1689,3,10,0,0,0.0,,14.9,45.95,,,,8.2,,5.57,,
10001424,,1689,4,1,0,0,0.0,,12.747,42.877,,,,8.4,,4.65,,
10001427,,1689,7,21,11,0,0.0,,13.076,42.415,,,,4.6,,5.11,,
10001428,,1689,9,21,0,0,0.0,,16.288,41.273,,,,7.0,,4.88,,
10001430,,1689,12,22,1,0,0.0,,11.567,47.263,,,,6.0,,5.65,,
10001434,,1690,1,26,0,0,0.0,,12.726,42.916,,,,0.1,,4.65,,
10001436,,1690,3,22,21,50,0.0,,12.239,43.457,,,,26.0,,4.88,,
10001437,,1690,5,4,0,0,0.0,,12.218,46.139,,,,5.1,,4.43,,
10001443,,1690,12,4,14,0,0.0,,13.881,46.635,,,,10.0,,6.26,,
10001445,,1690,12,23,0,20,0.0,,13.586,43.55,,,,4.9,,5.55,,
10001447,,1691,2,19,0,0,0.0,,14.448,46.09,,,,4.4,,5.35,,
10001449,,1691,9,26,0,0,0.0,,15.898,41.264,,,,12.1,,4.2,,
10001454,,1692,3,4,22,20,0.0,,15.196,40.903,,,,12.9,,5.93,,
10001458,,1692,10,23,20,10,0.0,,13.018,43.837,,,,10.0,,4.2,,
10001460,,1693,1,8,0,0,0.0,,16.157,39.873,,,,4.4,,5.26,,
10001463,,1693,1,11,13,30,0.0,,15.013,37.14,,,,0.0,,7.34,,
10001464,,1693,2,22,8,30,0.0,,12.436,43.442,,,,2.9,,4.2,,
10001466,,1693,3,24,0,0,0.0,,13.922,41.652,,,,7.9,,5.23,,
10001472,,1693,7,6,9,15,0.0,,10.644,45.28,,,,2.4,,5.24,,
10001476,,1693,10,15,0,0,0.0,,12.635,43.282,,,,23.1,,4.84,,
10001480,,1694,4,8,0,0,0.0,,12.091,43.62,,,,7.9,,5.38,,
10001489,,1694,9,8,11,40,0.0,,15.406,40.862,,,,3.6,,6.74,,
10001492,,1695,2,25,5,30,0.0,,11.91,45.861,,,,18.0,,6.39,,
10001493,,1695,2,28,0,0,0.0,,11.62,44.835,,,,8.8,,4.43,,
10001495,,1695,6,11,2,30,0.0,,12.11,42.613,,,,33.0,,5.77,,
10001497,,1695,9,11,0,0,0.0,,9.635,46.9,,,,9.0,,4.86,,
10001500,,1696,4,20,12,0,0.0,,15.024,36.966,,,,5.0,,4.43,,
10001502,,1697,2,1,20,0,0.0,,16.338,39.019,,,,0.1,,4.43,,
10001504,,1697,6,18,0,0,0.0,,11.09,43.67,,,,0.1,,4.43,,
10001514,,1698,10,3,19,30,0.0,,14.5,46.0,,,,10.0,,3.87,,
10001515,,1698,12,1,0,0,0.0,,13.513,43.619,,,,16.2,,4.65,,
10001526,,1699,1,1,0,0,0.0,,19.201,41.923,,,,8.0,,5.41,,
10001527,,1699,1,1,0,0,0.0,,13.838,41.527,,,,9.4,,3.51,,
10001518,,1699,2,6,0,0,0.0,,15.2,44.1,,,,10.0,,5.14,,
10001519,,1699,2,11,0,0,0.0,,15.32,45.63,,,,6.1,,5.57,,
10001524,,1699,5,9,0,0,0.0,,12.177,42.388,,,,2.3,,4.43,,
10001528,,1700,2,5,0,0,0.0,,11.668,42.871,,,,7.1,,4.88,,
10001529,,1700,7,28,0,0,0.0,,12.868,46.433,,,,0.1,,5.67,,
10001530,,1700,8,25,0,0,0.0,,15.4,45.6,,,,6.0,,5.35,,
10001537,,1701,4,5,0,0,0.0,,20.019,40.296,,,,4.0,,6.55,,
10001540,,1701,8,24,0,0,0.0,,8.999,46.921,,,,6.0,,3.79,,
10001552,,1701,12,12,19,0,0.0,,8.999,46.921,,,,3.0,,3.79,,
10001557,,1702,2,24,0,0,0.0,,9.012,46.934,,,,7.0,,3.79,,
10001560,,1702,3,14,5,0,0.0,,14.989,41.12,,,,8.4,,6.56,,
10001563,,1702,10,2,0,0,0.0,,8.999,46.921,,,,4.0,,3.79,,
10001567,,1703,1,14,18,0,0.0,,13.071,42.708,,,,9.1,,6.87,,
10001575,,1703,9,16,17,0,0.0,,11.881,44.288,,,,4.0,,4.65,,
10001576,,1703,11,23,13,0,0.0,,14.5,46.08,,,,10.0,,4.72,,
10001577,,1703,12,21,21,0,0.0,,8.529,44.542,,,,10.0,,3.74,,
10001580,,1704,5,13,12,15,0.0,,8.574,44.298,,,,12.4,,4.2,,
10001587,,1705,4,14,19,20,0.0,,11.446,43.276,,,,26.7,,3.74,,
10001596,,1706,3,19,0,0,0.0,,15.641,38.203,,,,23.8,,4.73,,
10001597,,1706,3,28,0,0,0.0,,11.39,47.27,,,,6.0,,4.45,,
10001602,,1706,11,3,13,0,0.0,,14.08,42.076,,,,5.4,,6.84,,
10001603,,1706,12,2,0,0,0.0,,11.51,47.28,,,,6.0,,4.7,,
10001604,,1707,3,24,13,0,0.0,,12.617,42.699,,,,5.9,,5.19,,
10001608,,1708,1,26,0,0,0.0,,16.105,39.93,,,,7.7,,5.56,,
10001611,,1708,3,21,23,0,0.0,,5.783,43.9,,,,10.0,,3.65,,
10001613,,1708,8,14,0,0,0.0,,5.756,43.789,,,,10.0,,5.12,,
10001624,,1710,12,13,21,0,0.0,,17.708,40.412,,,,21.0,,4.2,,
10001627,,1711,1,7,0,0,0.0,,15.647,38.108,,,,6.0,,4.2,,
10001631,,1711,3,30,3,0,0.0,,13.814,41.491,,,,18.1,,4.09,,
10001632,,1711,5,21,0,0,0.0,,11.546,45.548,,,,10.0,,3.74,,
10001638,,1712,3,28,0,0,0.0,,12.734,43.513,,,,9.8,,4.88,,
10001640,,1712,5,8,0,0,0.0,,14.66,41.561,,,,22.8,,4.88,,
10001641,,1712,7,16,0,0,0.0,,16.064,38.202,,,,10.0,,4.43,,
10001644,,1713,1,1,0,0,0.0,,19.956,40.703,,,,3.0,,6.33,,
10001643,,1713,1,3,0,0,0.0,,17.113,40.589,,,,5.9,,4.43,,
10001654,,1714,1,1,0,0,0.0,,12.521,42.517,,,,12.7,,5.34,,
10001655,,1715,2,21,0,0,0.0,,15.812,38.234,,,,6.8,,4.43,,
10001658,,1716,2,3,0,0,0.0,,13.62,46.08,,,,10.2,,5.14,,
10001659,,1716,10,4,0,0,0.0,,13.013,42.718,,,,6.8,,4.88,,
10001664,,1717,3,31,0,0,0.0,,12.91,43.91,,,,3.5,,4.2,,
10001665,,1717,4,4,0,0,0.0,,14.532,36.95,,,,10.0,,4.88,,
10001669,,1717,7,28,0,0,0.0,,15.2,44.1,,,,10.0,,5.14,,
10001675,,1718,7,14,0,0,0.0,,13.814,41.491,,,,10.3,,4.09,,
10001676,,1718,8,18,0,0,0.0,,13.453,43.3,,,,21.0,,4.43,,
10001678,,1719,1,7,0,0,0.0,,11.991,46.123,,,,7.3,,5.01,,
10001682,,1719,6,11,0,0,0.0,,5.483,44.367,,,,10.0,,3.7,,
10001683,,1719,6,27,6,30,0.0,,13.047,42.877,,,,10.2,,5.58,,
10001685,,1719,12,12,19,0,0.0,,10.671,45.804,,,,29.6,,4.2,,
10001686,,1720,1,10,0,0,0.0,,10.142,44.037,,,,4.4,,3.97,,
10001687,,1720,6,7,0,0,0.0,,15.92,41.262,,,,27.0,,5.25,,
10001690,,1720,8,28,0,0,0.0,,14.032,41.17,,,,7.7,,4.39,,
10001691,,1720,9,12,0,0,0.0,,15.888,38.228,,,,9.0,,4.43,,
10001694,,1721,1,12,0,0,0.0,,14.4,45.3,,,,11.6,,6.41,,
10001697,,1721,6,18,0,0,0.0,,12.855,43.052,,,,8.4,,5.11,,
10001701,,1722,9,1,0,0,0.0,,16.611,40.667,,,,7.9,,4.2,,
10001705,,1723,6,1,0,0,0.0,,13.983,41.288,,,,7.7,,4.43,,
10001718,,1724,6,1,0,0,0.0,,10.35,46.883,,,,15.0,,3.9,,
10001719,,1724,7,15,18,30,0.0,,6.083,45.717,,,,4.0,,3.79,,
10001720,,1724,8,3,0,0,0.0,,15.686,38.178,,,,9.1,,4.96,,
10001724,,1724,12,11,20,0,0.0,,11.008,43.207,,,,0.5,,5.11,,
10001726,,1725,4,17,13,0,0.0,,12.487,43.564,,,,2.2,,4.84,,
10001728,,1725,6,30,0,0,0.0,,9.05,46.983,,,,6.0,,3.9,,
10001730,,1725,10,29,17,40,0.0,,11.573,44.207,,,,8.6,,5.64,,
10001735,,1726,4,19,22,0,0.0,,11.51,43.242,,,,17.4,,5.34,,
10001738,,1726,9,23,0,0,0.0,,12.546,43.309,,,,4.8,,4.82,,
10001740,,1727,1,7,0,0,0.0,,15.047,36.915,,,,6.0,,4.69,,
10001741,,1727,3,9,11,0,0.0,,11.367,44.057,,,,7.4,,4.92,,
10001748,,1727,8,18,0,0,0.0,,11.39,47.27,,,,6.0,,4.7,,
10001749,,1727,12,14,19,45,0.0,,12.819,43.61,,,,32.1,,5.23,,
10001750,,1728,2,4,3,0,0.0,,11.59,44.398,,,,6.0,,4.43,,
10001751,,1728,2,8,0,0,0.0,,13.984,41.295,,,,17.0,,4.88,,
10001753,,1728,5,1,0,0,0.0,,16.318,38.974,,,,9.1,,4.43,,
10001757,,1729,1,13,21,0,0.0,,7.873,46.772,,,,4.0,,5.18,,
10001759,,1729,6,23,0,0,0.0,,11.487,43.774,,,,6.2,,4.65,,
10001763,,1730,3,29,0,5,0.0,,10.272,43.878,,,,6.7,,3.74,,
10001765,,1730,5,12,5,0,0.0,,13.12,42.753,,,,10.4,,6.03,,
10001768,,1730,10,23,0,0,0.0,,12.619,43.282,,,,10.0,,4.86,,
10001772,,1731,3,20,3,0,0.0,,15.757,41.274,,,,21.5,,6.37,,
10001773,,1731,3,29,0,0,0.0,,12.041,43.67,,,,17.7,,4.73,,
10001774,,1731,4,26,0,0,0.0,,13.823,41.49,,,,16.4,,4.47,,
10001780,,1731,12,9,0,0,0.0,,10.915,43.933,,,,8.4,,3.74,,
10001784,,1732,2,4,18,20,0.0,,10.468,44.872,,,,11.5,,4.65,,
10001785,,1732,3,28,0,0,0.0,,15.335,38.169,,,,12.2,,4.2,,
10001786,,1732,5,21,0,0,0.0,,9.604,43.985,,,,22.9,,3.97,,
10001787,,1732,8,9,0,0,0.0,,11.878,44.288,,,,10.1,,4.65,,
10001790,,1732,11,1,0,0,0.0,,19.92,39.624,,,,0.0,,6.56,,
10001798,,1733,10,20,0,0,0.0,,13.513,43.619,,,,9.9,,4.43,,
10001814,,1735,9,6,0,0,0.0,,16.129,38.678,,,,5.0,,4.83,,
10001817,,1736,4,23,0,0,0.0,,6.3,45.25,,,,10.0,,4.08,,
10001819,,1736,6,12,0,0,0.0,,8.602,46.318,,,,23.0,,3.91,,
10001821,,1736,8,16,0,0,0.0,,14.175,38.01,,,,10.3,,4.88,,
10001830,,1737,6,11,0,30,0.0,,11.166,43.564,,,,10.0,,4.2,,
10001836,,1738,5,23,0,0,0.0,,16.171,38.903,,,,25.6,,5.11,,
10001838,,1738,7,19,1,0,0.0,,12.095,42.626,,,,7.4,,4.88,,
10001840,,1738,11,5,0,30,0.0,,10.028,44.906,,,,9.6,,5.18,,
10001843,,1739,2,12,21,30,0.0,,15.545,41.462,,,,5.0,,4.43,,
10001845,,1739,3,6,2,30,0.0,,16.559,38.737,,,,9.0,,3.97,,
10001851,,1739,7,31,11,0,0.0,,11.343,44.494,,,,3.7,,4.43,,
10001858,,1740,3,6,5,40,0.0,,10.489,44.074,,,,26.0,,5.61,,
10001862,,1740,3,30,17,30,0.0,,16.559,38.737,,,,7.7,,4.65,,
10001865,,1740,6,1,0,0,0.0,,12.38,42.655,,,,9.9,,3.97,,
10001866,,1740,7,13,0,0,0.0,,12.761,43.313,,,,17.7,,4.65,,
10001867,,1740,8,29,0,30,0.0,,7.117,43.583,,,,10.0,,3.89,,
10001872,,1741,4,24,9,20,0.0,,13.005,43.425,,,,5.4,,6.17,,
10001874,,1741,8,6,13,30,0.0,,14.97,41.049,,,,10.0,,5.44,,
10001875,,1741,10,1,0,0,0.0,,11.332,43.318,,,,26.7,,5.11,,
10001884,,1742,1,1,0,0,0.0,,13.546,42.084,,,,10.5,,4.43,,
10001876,,1742,1,27,11,20,0.0,,10.309,43.551,,,,4.0,,4.88,,
10001879,,1742,3,16,2,30,0.0,,14.188,42.042,,,,16.8,,4.65,,
10001895,,1743,1,1,0,0,0.0,,13.657,42.025,,,,6.4,,4.43,,
10001885,,1743,1,21,21,55,0.0,,12.074,42.614,,,,33.0,,5.01,,
10001887,,1743,2,20,0,0,0.0,,18.774,39.847,,,,19.0,,6.75,,
10001891,,1743,5,29,0,0,0.0,,11.62,44.835,,,,0.2,,4.88,,
10001894,,1743,12,7,7,45,0.0,,16.354,38.704,,,,8.8,,5.87,,
10001900,,1744,1,1,0,0,0.0,,10.952,44.245,,,,11.1,,4.88,,
10001898,,1744,5,25,0,0,0.0,,13.05,43.82,,,,13.8,,4.6,,
10001899,,1744,12,28,10,30,0.0,,9.833,46.817,,,,7.0,,3.9,,
10001902,,1745,3,1,0,0,0.0,,12.737,42.736,,,,4.6,,5.11,,
10001903,,1745,10,18,0,0,0.0,,13.8,41.483,,,,0.1,,4.63,,
10001906,,1746,7,23,18,15,0.0,,10.449,44.091,,,,5.1,,5.12,,
10001908,,1746,10,8,0,0,0.0,,13.38,46.037,,,,15.8,,4.43,,
10001909,,1746,10,28,0,0,0.0,,8.217,46.417,,,,8.0,,3.9,,
10001913,,1747,4,17,0,0,0.0,,12.769,43.205,,,,11.5,,6.02,,
10001916,,1747,9,1,0,0,0.0,,15.647,38.108,,,,9.9,,4.65,,
10001925,,1749,8,1,0,0,0.0,,15.555,38.185,,,,8.4,,5.8,,
10001927,,1750,2,1,0,0,0.0,,13.399,42.351,,,,9.7,,4.88,,
10001945,,1750,12,17,15,45,0.0,,14.565,45.28,,,,8.8,,5.45,,
10001951,,1751,7,27,1,0,0.0,,12.739,43.225,,,,17.1,,6.35,,
10001959,,1751,11,21,0,0,0.0,,8.621,44.567,,,,45.3,,3.74,,
10001964,,1752,2,16,4,45,0.0,,7.65,43.792,,,,2.0,,3.71,,
10001974,,1753,3,9,13,15,0.0,,7.181,44.941,,,,2.0,,5.17,,
10001976,,1753,4,22,0,0,0.0,,11.92,43.983,,,,5.9,,4.88,,
10001990,,1754,9,19,0,0,0.0,,7.186,46.242,,,,4.0,,3.91,,
10001999,,1755,8,28,0,0,0.0,,12.658,45.959,,,,10.0,,3.74,,
10002001,,1755,11,1,17,0,0.0,,11.868,42.742,,,,12.7,,4.43,,
10002007,,1755,12,9,13,45,0.0,,7.955,46.319,,,,4.0,,5.73,,
10002026,,1756,2,1,1,0,0.0,,6.967,46.317,,,,13.0,,3.79,,
10002033,,1756,2,13,0,0,0.0,,5.433,44.217,,,,10.0,,3.61,,
10002048,,1756,4,13,0,0,0.0,,12.245,45.666,,,,7.9,,4.88,,
10002062,,1756,7,3,2,20,0.0,,5.45,43.533,,,,4.0,,4.31,,
10002065,,1756,10,6,20,0,0.0,,12.84,43.899,,,,7.7,,3.97,,
10002068,,1756,10,22,0,0,0.0,,15.917,41.63,,,,10.0,,4.43,,
10002080,,1757,8,6,0,0,0.0,,15.286,37.073,,,,7.0,,4.2,,
10002095,,1759,3,18,0,0,0.0,,10.915,43.933,,,,0.1,,4.2,,
10002098,,1759,5,20,0,0,0.0,,15.735,40.421,,,,16.1,,4.2,,
10002099,,1759,5,26,22,15,0.0,,8.648,44.893,,,,8.9,,4.2,,
10002101,,1759,6,14,0,0,0.0,,12.133,42.612,,,,2.0,,4.2,,
10002106,,1759,10,5,1,0,0.0,,13.814,41.491,,,,25.6,,4.08,,
10002111,,1760,1,12,0,0,0.0,,13.312,43.06,,,,4.3,,4.43,,
10002121,,1761,4,5,14,0,0.0,,13.814,41.491,,,,1.5,,4.53,,
10002124,,1761,5,3,8,15,0.0,,16.594,38.905,,,,13.9,,5.11,,
10002126,,1761,6,10,0,10,0.0,,11.909,43.946,,,,9.6,,3.74,,
10002129,,1762,4,15,18,0,0.0,,11.506,44.004,,,,8.3,,5.13,,
10002130,,1762,4,18,11,30,0.0,,12.992,46.512,,,,6.5,,3.74,,
10002132,,1762,6,15,0,0,0.0,,7.373,46.554,,,,3.0,,3.79,,
10002135,,1762,10,3,20,15,0.0,,7.373,46.554,,,,1.0,,3.79,,
10002136,,1762,10,6,0,0,0.0,,13.585,42.308,,,,0.4,,5.5,,
10002152,,1764,12,12,19,0,0.0,,7.373,46.554,,,,11.0,,3.79,,
10002158,,1765,5,12,0,0,0.0,,13.983,41.405,,,,1.8,,4.88,,
10002167,,1766,5,6,0,0,0.0,,10.942,43.541,,,,8.7,,3.74,,
10002179,,1766,12,24,12,24,0.0,,12.899,42.874,,,,8.7,,4.65,,
10002182,,1767,1,21,7,45,0.0,,10.133,44.138,,,,3.6,,5.29,,
10002184,,1767,2,7,3,45,0.0,,8.682,44.548,,,,9.7,,5.02,,
10002189,,1767,5,10,0,0,0.0,,12.992,46.512,,,,13.4,,3.74,,
10002190,,1767,5,26,18,24,0.0,,7.502,45.272,,,,29.3,,5.07,,
10002191,,1767,6,5,1,30,0.0,,12.751,42.821,,,,4.8,,5.45,,
10002192,,1767,7,14,1,5,0.0,,16.279,39.375,,,,14.0,,5.92,,
10002196,,1767,11,21,0,0,0.0,,14.33,46.89,,,,8.0,,5.14,,
10002209,,1768,10,19,23,0,0.0,,11.904,43.943,,,,8.5,,5.96,,
10002212,,1768,11,30,11,30,0.0,,10.946,43.565,,,,10.0,,4.2,,
10002227,,1770,3,20,15,30,0.0,,7.261,46.478,,,,8.0,,5.15,,
10002233,,1770,10,7,0,0,0.0,,12.992,46.512,,,,9.8,,3.74,,
10002237,,1770,12,27,4,0,0.0,,11.41,43.701,,,,11.1,,4.88,,
10002241,,1771,1,1,0,0,0.0,,13.613,41.718,,,,10.5,,5.11,,
10002240,,1771,1,8,3,30,0.0,,10.309,43.551,,,,1.6,,4.43,,
10002242,,1771,2,17,19,0,0.0,,14.957,38.442,,,,5.0,,4.3,,
10002249,,1771,8,13,8,13,0.0,,11.161,44.141,,,,16.8,,4.65,,
10002250,,1771,8,15,8,15,0.0,,9.722,45.606,,,,29.6,,4.2,,
10002264,,1772,10,12,0,0,0.0,,12.141,43.57,,,,9.7,,4.65,,
10002285,,1773,11,11,0,0,0.0,,8.962,46.958,,,,6.0,,3.92,,
10002291,,1773,12,31,1,15,0.0,,6.634,44.659,,,,10.0,,4.34,,
10002294,,1774,1,31,19,30,0.0,,12.128,43.61,,,,13.8,,4.65,,
10002295,,1774,3,4,0,0,0.0,,10.33,44.801,,,,7.9,,4.2,,
10002296,,1774,3,31,14,49,0.0,,10.111,45.552,,,,28.3,,4.43,,
10002298,,1774,5,15,0,0,0.0,,11.586,42.831,,,,7.4,,4.65,,
10002302,,1774,9,10,15,30,0.0,,8.606,46.876,,,,13.0,,5.62,,
10002312,,1775,1,5,22,45,0.0,,10.525,44.443,,,,11.5,,4.63,,
10002316,,1775,8,26,0,0,0.0,,12.992,46.512,,,,10.0,,3.74,,
10002320,,1775,10,22,2,12,0.0,,8.809,42.175,,,,10.0,,5.11,,
10002325,,1776,4,24,16,36,0.0,,14.58,45.3,,,,6.2,,5.14,,
10002328,,1776,7,10,0,0,0.0,,12.706,46.233,,,,3.4,,5.81,,
10002333,,1777,2,7,1,0,0.0,,8.263,46.887,,,,8.0,,5.02,,
10002343,,1777,8,19,8,19,0.0,,13.537,41.697,,,,32.4,,4.43,,
10002347,,1777,10,5,15,45,0.0,,11.757,42.88,,,,9.3,,5.12,,
10002352,,1778,1,24,7,45,0.0,,13.602,42.055,,,,33.9,,4.83,,
10002355,,1778,2,18,2,18,0.0,,9.54,44.297,,,,15.7,,3.97,,
10002360,,1778,4,21,0,0,0.0,,12.992,46.512,,,,10.9,,3.97,,
10002365,,1778,6,11,0,0,0.0,,12.04,44.222,,,,15.7,,4.43,,
10002369,,1778,8,3,0,0,0.0,,12.141,43.57,,,,10.0,,4.65,,
10002377,,1779,5,10,6,0,0.0,,8.248,46.899,,,,10.0,,3.79,,
10002381,,1779,6,4,7,0,0.0,,11.48,44.443,,,,8.9,,5.23,,
10002383,,1779,6,26,12,0,0.0,,11.332,43.318,,,,17.0,,4.2,,
10002391,,1779,12,24,17,0,0.0,,10.86,44.061,,,,8.4,,4.6,,
10002399,,1780,4,9,0,0,0.0,,15.555,38.185,,,,4.1,,4.88,,
10002401,,1780,5,25,0,0,0.0,,12.197,44.418,,,,2.3,,4.43,,
10002404,,1780,8,1,0,0,0.0,,8.864,44.897,,,,8.4,,4.2,,
10002407,,1780,9,8,17,0,0.0,,12.992,46.512,,,,12.7,,3.74,,
10002409,,1780,9,21,13,15,0.0,,18.5,42.4,,,,6.7,,5.35,,
10002415,,1781,1,3,2,30,0.0,,11.538,43.171,,,,32.4,,5.08,,
10002417,,1781,1,11,1,11,0.0,,12.965,40.892,,,,5.0,,4.2,,
10002420,,1781,4,4,21,20,0.0,,11.798,44.251,,,,17.7,,6.09,,
10002422,,1781,4,20,0,0,0.0,,8.68,46.76,,,,10.0,,3.9,,
10002427,,1781,6,2,10,30,0.0,,7.65,43.792,,,,10.0,,3.61,,
10002429,,1781,6,3,0,0,0.0,,12.513,43.596,,,,9.1,,6.48,,
10002433,,1781,9,10,11,30,0.0,,9.589,45.501,,,,32.5,,4.92,,
10002436,,1781,12,23,17,0,0.0,,12.992,46.512,,,,7.0,,3.74,,
10002438,,1782,4,11,20,0,0.0,,12.992,46.512,,,,2.2,,3.74,,
10002439,,1782,8,15,0,0,0.0,,5.775,45.167,,,,2.0,,3.96,,
10002443,,1782,12,10,0,0,0.0,,12.992,46.512,,,,8.2,,3.74,,
10002445,,1783,2,5,3,0,0.0,,10.275,46.796,,,,9.0,,3.79,,
10002446,,1783,2,5,12,0,0.0,,15.97,38.297,,,,24.1,,7.08,,
10002449,,1783,2,18,0,0,0.0,,14.75,46.0,,,,10.0,,4.3,,
10002463,,1783,6,21,18,0,0.0,,5.967,45.383,,,,6.0,,4.08,,
10002466,,1783,7,28,0,0,0.0,,10.809,45.879,,,,28.3,,4.65,,
10002469,,1783,11,15,0,0,0.0,,15.292,41.689,,,,10.0,,4.88,,
10002477,,1784,3,24,0,0,0.0,,14.5,46.08,,,,10.0,,4.93,,
10002478,,1784,3,30,11,0,0.0,,9.183,44.776,,,,7.4,,4.2,,
10002485,,1784,9,11,10,0,0.0,,6.834,44.9,,,,9.8,,3.59,,
10002487,,1784,10,15,12,3,0.0,,5.947,45.477,,,,7.0,,5.07,,
10002496,,1785,4,29,10,45,0.0,,6.625,44.659,,,,10.3,,4.15,,
10002497,,1785,5,3,2,30,0.0,,12.955,43.073,,,,8.5,,5.01,,
10002499,,1785,7,19,22,30,0.0,,11.257,45.701,,,,6.1,,3.74,,
10002501,,1785,9,12,0,0,0.0,,6.842,45.021,,,,7.0,,4.11,,
10002504,,1785,10,9,3,15,0.0,,12.788,42.536,,,,8.9,,5.73,,
10002506,,1785,11,14,0,0,0.0,,10.1,46.6,,,,20.0,,3.9,,
10002510,,1786,1,15,0,0,0.0,,12.577,43.351,,,,3.8,,5.11,,
10002514,,1786,2,5,0,0,0.0,,19.92,39.624,,,,6.0,,6.52,,
10002517,,1786,2,23,7,40,0.0,,16.103,38.673,,,,10.0,,4.2,,
10002521,,1786,4,7,0,15,0.0,,9.55,45.267,,,,10.2,,5.27,,
10002522,,1786,4,11,9,0,0.0,,14.5,46.08,,,,13.2,,4.72,,
10002526,,1786,11,24,6,45,0.0,,7.909,44.732,,,,8.7,,4.23,,
10002528,,1786,12,25,1,0,0.0,,12.565,43.992,,,,9.8,,5.65,,
10002529,,1786,12,28,0,0,0.0,,12.992,46.512,,,,12.7,,3.74,,
10002531,,1787,4,25,0,0,0.0,,12.992,46.512,,,,16.0,,3.74,,
10002535,,1787,7,26,7,15,0.0,,11.62,44.835,,,,8.9,,4.88,,
10002538,,1787,9,20,4,0,0.0,,15.555,38.185,,,,19.1,,4.2,,
10002540,,1787,10,21,12,30,0.0,,11.332,43.318,,,,2.0,,4.2,,
10002544,,1787,12,9,4,30,0.0,,12.992,46.512,,,,9.5,,3.74,,
10002546,,1787,12,26,0,0,0.0,,11.767,43.723,,,,4.6,,4.43,,
10002554,,1788,4,18,0,0,0.0,,13.018,43.837,,,,12.1,,4.43,,
10002558,,1788,10,20,21,10,0.0,,13.019,46.398,,,,9.7,,5.19,,
10002561,,1789,2,7,0,0,0.0,,15.875,38.391,,,,10.3,,5.11,,
10002567,,1789,8,4,0,0,0.0,,12.302,45.938,,,,1.1,,3.97,,
10002570,,1789,9,30,10,0,0.0,,12.217,43.51,,,,21.2,,5.88,,
10002573,,1790,1,26,7,0,0.0,,12.992,46.512,,,,16.0,,4.09,,
10002577,,1790,7,26,0,0,0.0,,9.909,44.354,,,,6.3,,5.11,,
10002578,,1791,1,1,0,0,0.0,,13.399,42.351,,,,25.6,,5.34,,
10002581,,1791,7,7,6,0,0.0,,5.7,44.967,,,,9.0,,3.95,,
10002583,,1791,10,11,13,5,0.0,,12.861,42.95,,,,0.1,,5.55,,
10002584,,1791,10,13,1,20,0.0,,16.268,38.636,,,,0.1,,6.11,,
10002588,,1792,4,1,12,0,0.0,,16.087,39.973,,,,9.1,,4.43,,
10002589,,1792,5,11,0,0,0.0,,9.558,46.961,,,,12.0,,3.79,,
10002593,,1792,10,20,0,0,0.0,,12.992,46.512,,,,4.4,,3.74,,
10002597,,1793,7,25,0,0,0.0,,13.198,40.845,,,,7.1,,4.65,,
10002606,,1794,5,12,10,59,0.0,,11.39,47.27,,,,6.0,,4.45,,
10002607,,1794,6,7,0,45,0.0,,12.821,46.306,,,,9.5,,5.98,,
10002610,,1794,6,12,22,30,0.0,,14.924,41.108,,,,0.1,,5.25,,
10002617,,1795,2,14,19,15,0.0,,11.332,43.318,,,,0.1,,3.74,,
10002618,,1795,6,19,23,30,0.0,,13.443,43.182,,,,4.9,,4.72,,
10002627,,1796,2,5,2,0,0.0,,11.873,43.534,,,,9.9,,4.97,,
10002633,,1796,10,22,4,0,0.0,,11.67,44.614,,,,1.0,,5.49,,
10002640,,1797,10,30,5,0,0.0,,12.992,46.512,,,,17.2,,3.74,,
10002644,,1798,5,26,0,0,0.0,,11.417,43.343,,,,10.0,,4.87,,
10002653,,1799,2,22,5,45,0.0,,10.779,44.771,,,,10.0,,4.2,,
10002654,,1799,3,5,4,0,0.0,,7.267,43.7,,,,2.7,,3.89,,
10002656,,1799,5,29,19,0,0.0,,10.27,45.404,,,,9.4,,5.03,,
10002659,,1799,7,28,22,45,0.0,,13.161,43.21,,,,12.0,,6.2,,
10002661,,1799,10,26,4,0,0.0,,12.992,46.512,,,,10.0,,3.74,,
10002664,,1800,11,1,22,30,0.0,,9.209,47.063,,,,7.0,,3.91,,
10002667,,1801,7,18,18,0,0.0,,12.992,46.512,,,,9.0,,3.74,,
10002671,,1801,10,8,7,52,0.0,,11.421,44.466,,,,23.6,,4.94,,
10002677,,1802,5,12,9,30,0.0,,9.839,45.424,,,,10.0,,5.58,,
10002678,,1802,8,10,1,45,0.0,,10.914,43.485,,,,12.7,,4.23,,
10002682,,1802,10,1,0,0,0.0,,7.303,46.206,,,,10.0,,3.79,,
10002681,,1802,10,30,18,30,0.0,,11.536,43.088,,,,9.8,,5.12,,
10002686,,1802,12,26,0,0,0.0,,7.383,46.233,,,,15.0,,3.9,,
10002687,,1802,12,31,11,0,0.0,,5.95,44.2,,,,4.0,,4.08,,
10002690,,1803,3,1,16,0,0.0,,12.992,46.512,,,,7.0,,3.74,,
10002691,,1803,4,7,0,0,0.0,,13.551,42.505,,,,6.4,,3.97,,
10002737,,1804,1,1,0,0,0.0,,11.112,43.605,,,,9.1,,4.88,,
10002698,,1804,5,22,19,15,0.0,,13.646,42.529,,,,9.3,,5.35,,
10002701,,1804,7,28,23,0,0.0,,12.728,42.796,,,,3.0,,4.92,,
10002734,,1804,10,18,20,0,0.0,,11.105,43.453,,,,9.3,,5.11,,
10002739,,1805,5,9,1,0,0.0,,13.483,43.46,,,,4.6,,4.43,,
10002740,,1805,6,1,0,0,0.0,,9.858,46.512,,,,10.0,,3.79,,
10002743,,1805,7,26,21,0,0.0,,14.474,41.5,,,,10.0,,6.67,,
10002751,,1806,2,12,0,0,0.0,,10.671,44.862,,,,6.1,,5.21,,
10002752,,1806,3,31,0,0,0.0,,7.749,43.844,,,,10.0,,4.62,,
10002776,,1807,9,5,1,30,0.0,,7.942,43.933,,,,2.0,,4.82,,
10002778,,1807,11,11,0,0,0.0,,15.841,40.3,,,,10.0,,4.79,,
10002779,,1807,12,19,1,30,0.0,,7.97,45.552,,,,3.4,,4.11,,
10002783,,1808,4,2,16,43,0.0,,7.249,44.838,,,,15.8,,5.57,,
10002791,,1808,10,26,21,0,0.0,,10.309,43.551,,,,8.7,,4.65,,
10002795,,1809,5,4,0,0,0.0,,20.042,39.641,,,,7.0,,6.13,,
10002796,,1809,8,14,11,0,0.0,,13.399,42.351,,,,25.0,,4.65,,
10002797,,1809,8,14,15,0,0.0,,9.853,46.515,,,,8.0,,3.79,,
10002798,,1809,8,25,12,13,0.0,,13.453,43.3,,,,1.6,,4.65,,
10002802,,1810,1,14,0,0,0.0,,9.528,46.855,,,,3.0,,3.79,,
10002808,,1810,5,1,0,0,0.0,,10.809,45.764,,,,11.5,,4.65,,
10002816,,1810,9,30,0,0,0.0,,12.239,43.609,,,,19.9,,3.97,,
10002819,,1810,12,25,0,45,0.0,,10.719,44.9,,,,10.0,,5.11,,
10002824,,1811,6,7,13,45,0.0,,9.579,46.855,,,,20.0,,3.79,,
10002828,,1811,8,1,19,0,0.0,,15.647,38.108,,,,14.6,,4.43,,
10002834,,1812,2,19,3,0,0.0,,9.826,46.86,,,,0.1,,3.79,,
10002836,,1812,3,20,0,1,0.0,,5.704,43.746,,,,4.0,,5.01,,
10002847,,1812,9,11,12,0,0.0,,11.14,43.66,,,,0.1,,5.22,,
10002849,,1812,10,25,7,0,0.0,,12.589,46.027,,,,5.0,,5.64,,
10002850,,1812,12,13,0,0,0.0,,9.598,46.597,,,,6.0,,3.79,,
10002854,,1813,4,13,0,0,0.0,,9.651,46.583,,,,3.0,,3.79,,
10002859,,1813,9,21,7,45,0.0,,11.97,44.25,,,,5.0,,5.28,,
10002860,,1813,9,22,1,30,0.0,,9.61,46.704,,,,15.0,,4.53,,
10002868,,1814,4,3,0,0,0.0,,10.356,43.635,,,,5.0,,5.13,,
10002869,,1814,4,28,0,0,0.0,,11.39,47.27,,,,6.0,,4.45,,
10002879,,1814,12,1,0,0,0.0,,9.528,46.855,,,,6.0,,3.79,,
10002880,,1815,1,11,23,30,0.0,,11.683,42.865,,,,2.3,,4.88,,
10002881,,1815,2,26,0,0,0.0,,11.434,45.722,,,,19.0,,3.74,,
10002884,,1815,8,12,0,0,0.0,,10.915,43.933,,,,5.1,,4.65,,
10002886,,1815,9,3,23,0,0.0,,13.015,42.832,,,,0.4,,5.55,,
10002898,,1816,1,1,0,0,0.0,,19.8,41.3,,,,5.0,,5.89,,
10002893,,1816,4,1,14,25,0.0,,14.67,47.17,,,,8.0,,4.3,,
10002895,,1816,5,15,0,0,0.0,,7.391,46.629,,,,9.0,,3.79,,
10002906,,1817,3,11,21,25,0.0,,6.742,46.0,,,,19.0,,5.42,,
10002909,,1817,4,17,0,0,0.0,,15.763,40.576,,,,11.3,,4.01,,
10002915,,1817,8,11,0,0,0.0,,7.267,46.483,,,,6.0,,3.9,,
10002917,,1817,8,19,17,0,0.0,,11.416,47.283,,,,6.0,,3.95,,
10002920,,1817,10,19,2,30,0.0,,15.555,38.185,,,,25.5,,4.43,,
10002927,,1818,2,23,18,10,0.0,,7.644,43.809,,,,10.3,,5.36,,
10002930,,1818,3,1,2,45,0.0,,14.756,37.204,,,,2.0,,5.56,,
10002936,,1818,9,8,9,50,0.0,,14.082,37.813,,,,5.0,,5.32,,
10002939,,1818,12,9,18,55,0.0,,10.296,44.696,,,,2.9,,5.27,,
10002941,,1819,1,8,22,30,0.0,,7.932,43.865,,,,2.0,,4.82,,
10002944,,1819,4,10,23,0,0.0,,11.416,47.283,,,,19.0,,3.95,,
10002945,,1819,5,2,14,0,0.0,,14.02,46.0,,,,9.6,,4.93,,
10002946,,1819,5,26,16,30,0.0,,11.757,42.252,,,,5.2,,5.11,,
10002959,,1820,1,1,0,0,0.0,,14.691,37.266,,,,6.0,,4.43,,
10002957,,1820,7,17,6,30,0.0,,11.71,47.35,,,,6.0,,4.96,,
10002965,,1821,3,22,0,0,0.0,,12.86,42.402,,,,16.4,,5.11,,
10002968,,1821,8,2,0,0,0.0,,16.456,38.94,,,,17.0,,5.11,,
10002974,,1821,11,22,1,15,0.0,,15.214,41.975,,,,30.4,,5.63,,
10002979,,1822,4,6,0,0,0.0,,14.398,37.747,,,,5.0,,4.37,,
10002983,,1822,7,14,0,0,0.0,,16.903,39.282,,,,2.2,,4.65,,
10002985,,1822,8,12,2,30,0.0,,14.5,46.05,,,,10.0,,4.72,,
10002994,,1823,3,5,16,37,0.0,,14.094,37.993,,,,22.2,,5.79,,
10002996,,1823,5,14,0,0,0.0,,9.066,47.042,,,,8.0,,3.79,,
10002999,,1823,6,19,0,0,0.0,,20.4,39.485,,,,1.9,,6.13,,
10003000,,1823,8,7,5,10,0.0,,18.2,42.7,,,,13.6,,5.14,,
10003014,,1824,2,4,21,50,0.0,,9.126,44.92,,,,11.1,,4.53,,
10003017,,1824,5,23,13,0,0.0,,6.517,43.85,,,,4.0,,3.79,,
10003019,,1824,8,12,7,0,0.0,,12.01,43.868,,,,8.5,,4.65,,
10003023,,1824,12,11,0,0,0.0,,16.588,39.54,,,,14.2,,5.34,,
10003026,,1825,1,21,23,50,0.0,,5.51,43.577,,,,10.0,,3.88,,
10003027,,1825,2,21,2,30,0.0,,14.35,46.77,,,,8.0,,4.72,,
10003029,,1825,4,11,19,15,0.0,,15.882,39.977,,,,23.8,,3.97,,
10003030,,1825,6,22,15,0,0.0,,14.75,45.97,,,,8.0,,4.3,,
10003032,,1825,10,27,10,0,0.0,,14.228,41.592,,,,5.0,,4.43,,
10003035,,1826,2,1,16,0,0.0,,15.727,40.52,,,,23.8,,5.75,,
10003043,,1826,6,24,12,15,0.0,,11.034,45.577,,,,1.6,,4.7,,
10003048,,1826,10,1,0,0,0.0,,11.842,44.06,,,,21.0,,4.43,,
10003047,,1826,10,26,18,0,0.0,,17.679,40.452,,,,10.0,,5.25,,
10003049,,1826,11,11,4,28,0.0,,9.155,45.185,,,,29.3,,4.2,,
10003054,,1827,4,2,0,20,0.0,,10.11,46.703,,,,3.0,,4.81,,
10003056,,1827,4,17,13,30,0.0,,17.5,43.0,,,,10.0,,5.14,,
10003057,,1827,4,17,14,45,0.0,,15.5,45.5,,,,5.1,,4.3,,
10003063,,1827,11,21,2,0,0.0,,7.9,46.583,,,,10.0,,4.3,,
10003070,,1828,3,12,0,0,0.0,,15.997,38.527,,,,25.8,,5.11,,
10003072,,1828,4,8,0,0,0.0,,12.004,44.115,,,,7.9,,4.65,,
10003073,,1828,4,11,22,25,0.0,,12.41,43.326,,,,9.1,,4.99,,
10003074,,1828,5,12,23,30,0.0,,7.433,46.083,,,,8.0,,3.9,,
10003078,,1828,10,8,22,30,0.0,,12.09,44.174,,,,3.2,,4.52,,
10003079,,1828,10,9,2,20,0.0,,9.047,44.821,,,,5.0,,5.73,,
10003109,,1829,7,3,13,0,0.0,,15.367,41.775,,,,10.0,,3.97,,
10003114,,1829,9,6,19,30,0.0,,10.023,45.135,,,,9.5,,4.43,,
10003115,,1829,10,15,0,0,0.0,,6.9,46.45,,,,8.0,,3.9,,
10003116,,1829,11,2,9,30,0.0,,15.2,45.8,,,,8.0,,4.72,,
10003139,,1830,1,1,0,0,0.0,,7.983,46.333,,,,6.0,,3.5,,
10003122,,1830,1,26,4,30,0.0,,11.074,44.213,,,,8.1,,4.54,,
10003123,,1830,3,8,5,0,0.0,,14.5,46.08,,,,10.0,,3.66,,
10003130,,1830,7,13,15,0,0.0,,15.647,38.108,,,,25.5,,4.43,,
10003132,,1830,8,11,12,20,0.0,,14.27,46.49,,,,7.0,,4.72,,
10003138,,1830,12,29,11,0,0.0,,14.017,42.216,,,,17.5,,4.43,,
10003140,,1831,1,2,14,7,0.0,,15.786,40.082,,,,9.2,,5.52,,
10003141,,1831,1,28,18,30,0.0,,15.24,38.224,,,,7.7,,4.48,,
10003146,,1831,5,26,10,30,0.0,,7.849,43.855,,,,8.4,,5.43,,
10003153,,1831,9,1,0,0,0.0,,15.177,40.927,,,,25.4,,4.65,,
10003151,,1831,9,11,18,15,0.0,,10.544,44.753,,,,14.1,,5.48,,
10003156,,1831,11,23,4,17,0.0,,14.469,41.484,,,,8.4,,4.43,,
10003159,,1832,1,13,13,0,0.0,,12.605,42.98,,,,33.0,,6.41,,
10003162,,1832,3,8,18,30,0.0,,16.919,39.079,,,,9.9,,6.64,,
10003181,,1833,1,11,0,50,0.0,,14.57,45.98,,,,10.0,,4.3,,
10003192,,1833,11,20,0,25,0.0,,14.3,46.37,,,,11.1,,4.3,,
10003194,,1834,2,2,8,2,0.0,,14.23,45.77,,,,12.5,,4.3,,
10003195,,1834,2,14,13,15,0.0,,9.851,44.432,,,,8.7,,5.93,,
10003202,,1834,10,4,19,0,0.0,,11.32,44.479,,,,6.1,,4.75,,
10003209,,1835,2,6,18,50,0.0,,11.416,43.962,,,,20.5,,4.65,,
10003211,,1835,3,7,6,0,0.0,,5.683,43.733,,,,10.0,,3.94,,
10003212,,1835,4,18,17,25,0.0,,7.85,46.69,,,,10.0,,3.91,,
10003216,,1835,5,10,0,15,0.0,,14.5,46.05,,,,15.8,,3.87,,
10003217,,1835,5,23,8,30,0.0,,7.551,44.33,,,,10.3,,4.82,,
10003224,,1835,10,12,22,35,0.0,,16.293,39.33,,,,9.1,,5.88,,
10003227,,1835,10,31,7,30,0.0,,13.51,46.88,,,,8.0,,4.51,,
10003229,,1835,12,23,0,0,0.0,,13.814,41.491,,,,16.3,,4.09,,
10003231,,1836,5,4,0,0,0.0,,15.647,38.108,,,,10.3,,4.88,,
10003237,,1836,6,12,2,30,0.0,,11.825,45.803,,,,29.3,,5.53,,
10003239,,1836,6,29,1,28,0.0,,14.65,46.07,,,,8.8,,4.72,,
10003244,,1836,10,25,0,0,0.0,,8.248,46.899,,,,6.0,,3.79,,
10003250,,1836,11,20,7,30,0.0,,15.776,40.142,,,,5.0,,5.9,,
10003252,,1837,1,24,1,0,0.0,,7.923,46.523,,,,7.0,,5.4,,
10003258,,1837,4,11,17,0,0.0,,10.182,44.175,,,,8.6,,5.91,,
10003259,,1837,5,14,5,0,0.0,,13.808,41.505,,,,8.5,,4.7,,
10003261,,1837,6,21,10,0,0.0,,14.84,46.5,,,,8.1,,4.72,,
10003273,,1838,2,14,7,30,0.0,,12.909,42.84,,,,3.8,,5.44,,
10003275,,1838,3,5,0,0,0.0,,14.851,42.059,,,,11.3,,3.97,,
10003277,,1838,6,23,0,0,0.0,,13.009,43.807,,,,16.3,,4.65,,
10003282,,1838,8,10,19,30,0.0,,14.575,45.205,,,,1.6,,5.19,,
10003285,,1838,10,21,0,30,0.0,,15.25,45.63,,,,8.3,,4.3,,
10003295,,1839,4,3,0,0,0.0,,5.86,45.21,,,,7.0,,4.63,,
10003298,,1839,8,9,8,45,0.0,,10.22,45.539,,,,9.4,,4.2,,
10003299,,1839,8,11,20,0,0.0,,6.096,45.892,,,,9.0,,4.7,,
10003301,,1839,8,27,0,0,0.0,,15.601,38.147,,,,8.8,,4.2,,
10003310,,1840,4,24,2,30,0.0,,15.647,38.108,,,,2.0,,4.2,,
10003312,,1840,8,27,12,5,0.0,,14.708,46.207,,,,8.0,,5.31,,
10003323,,1841,1,3,22,0,0.0,,15.647,38.108,,,,8.7,,4.88,,
10003325,,1841,2,21,0,0,0.0,,15.637,41.627,,,,0.1,,5.19,,
10003331,,1841,4,14,4,0,0.0,,12.568,43.791,,,,9.7,,4.43,,
10003332,,1841,6,10,0,0,0.0,,14.08,42.083,,,,3.8,,4.96,,
10003340,,1841,8,15,2,0,0.0,,15.601,38.147,,,,23.7,,4.2,,
10003342,,1841,10,6,3,0,0.0,,13.0,46.417,,,,4.9,,4.63,,
10003343,,1841,10,15,22,0,0.0,,11.11,45.167,,,,1.1,,4.25,,
10003351,,1842,1,23,0,0,0.0,,13.951,42.423,,,,3.8,,4.47,,
10003372,,1843,9,5,0,0,0.0,,20.091,41.119,,,,15.0,,6.18,,
10003375,,1843,9,14,16,57,0.0,,17.7,42.8,,,,0.0,,5.14,,
10003382,,1843,10,25,3,30,0.0,,11.261,44.003,,,,7.4,,5.05,,
10003384,,1843,11,18,0,0,0.0,,12.521,42.517,,,,8.9,,4.88,,
10003385,,1843,12,7,0,0,0.0,,13.451,38.035,,,,10.3,,4.43,,
10003390,,1844,2,7,22,16,0.0,,17.0,42.0,,,,10.0,,5.57,,
10003393,,1844,3,10,17,15,0.0,,12.142,44.18,,,,4.7,,4.43,,
10003396,,1844,4,1,0,0,0.0,,7.767,46.0,,,,3.0,,3.9,,
10003403,,1845,1,20,5,15,0.0,,8.999,44.781,,,,4.0,,3.74,,
10003408,,1845,8,10,0,0,0.0,,16.611,40.667,,,,10.0,,4.5,,
10003409,,1845,9,14,22,20,0.0,,10.505,43.843,,,,3.6,,4.79,,
10003416,,1845,12,22,1,0,0.0,,14.52,46.08,,,,10.0,,4.72,,
10003431,,1846,8,8,0,0,0.0,,16.13,40.523,,,,9.9,,5.2,,
10003432,,1846,8,14,12,0,0.0,,10.548,43.45,,,,24.1,,6.02,,
10003437,,1846,9,11,0,0,0.0,,16.635,39.574,,,,15.9,,4.2,,
10003442,,1846,12,12,10,15,0.0,,5.633,43.3,,,,10.0,,3.94,,
10003481,,1848,1,1,0,0,0.0,,20.0,40.7,,,,14.0,,6.42,,
10003465,,1848,5,12,0,0,0.0,,11.331,43.322,,,,17.0,,5.03,,
10003467,,1848,6,2,17,30,0.0,,7.8,46.183,,,,9.0,,3.5,,
10003468,,1848,6,9,23,15,0.0,,13.399,42.351,,,,4.6,,4.2,,
10003469,,1848,7,5,23,0,0.0,,13.431,40.797,,,,26.8,,4.65,,
10003470,,1848,8,3,0,5,0.0,,17.0,42.0,,,,14.7,,5.14,,
10003474,,1848,10,7,3,0,0.0,,15.647,38.108,,,,5.8,,4.2,,
10003480,,1848,12,1,0,0,0.0,,13.399,42.351,,,,10.9,,4.65,,
10003482,,1849,1,6,2,40,0.0,,11.432,44.085,,,,11.1,,4.43,,
10003486,,1849,6,18,6,25,0.0,,7.561,44.229,,,,10.0,,4.11,,
10003488,,1849,8,3,22,25,0.0,,5.727,45.143,,,,7.0,,3.76,,
10003489,,1849,10,1,0,30,0.0,,6.233,45.528,,,,8.0,,4.54,,
10003492,,1849,11,28,18,0,0.0,,9.792,44.454,,,,7.4,,4.65,,
10003495,,1850,2,14,1,0,0.0,,16.0,43.0,,,,15.0,,5.14,,
10003497,,1850,4,14,0,50,0.0,,17.7,42.8,,,,20.0,,5.57,,
10003503,,1850,7,10,2,30,0.0,,13.958,46.367,,,,10.0,,4.8,,
10003506,,1850,7,24,8,0,0.0,,15.25,45.63,,,,7.9,,3.87,,
10003509,,1850,9,1,9,45,0.0,,11.951,46.803,,,,8.0,,4.65,,
10003510,,1850,9,18,6,20,0.0,,11.135,44.571,,,,29.5,,4.2,,
10003512,,1850,11,2,2,30,0.0,,15.776,41.826,,,,10.0,,4.2,,
10003513,,1850,11,11,9,0,0.0,,13.592,42.282,,,,21.9,,4.65,,
10003517,,1851,1,7,23,30,0.0,,5.709,45.158,,,,7.0,,3.6,,
10003518,,1851,2,5,9,50,0.0,,9.768,46.157,,,,3.3,,4.79,,
10003519,,1851,2,15,17,0,0.0,,16.594,38.905,,,,10.0,,4.2,,
10003522,,1851,4,11,6,0,0.0,,15.601,38.147,,,,8.4,,4.2,,
10003531,,1851,8,3,0,0,0.0,,10.559,45.941,,,,9.1,,4.97,,
10003532,,1851,8,14,13,20,0.0,,15.669,40.96,,,,24.0,,6.49,,
10003535,,1851,8,24,0,30,0.0,,7.44,46.6,,,,4.0,,4.82,,
10003537,,1851,10,12,6,0,0.0,,19.483,40.473,,,,0.0,,6.82,,
10003540,,1851,10,20,8,30,0.0,,20.1,41.1,,,,8.0,,6.42,,
10003546,,1852,1,17,0,5,0.0,,15.647,38.108,,,,5.7,,4.65,,
10003555,,1852,3,11,10,0,0.0,,9.528,46.855,,,,6.0,,3.79,,
10003560,,1852,6,22,1,13,0.0,,14.5,46.05,,,,13.4,,4.09,,
10003564,,1852,7,29,12,30,0.0,,9.84,46.501,,,,10.0,,4.33,,
10003575,,1852,11,17,14,3,0.0,,15.03,46.13,,,,5.9,,4.93,,
10003578,,1852,12,9,21,15,0.0,,15.482,41.703,,,,21.5,,4.36,,
10003581,,1852,12,26,2,0,0.0,,5.683,43.733,,,,4.0,,4.03,,
10003587,,1853,2,19,10,0,0.0,,13.096,46.374,,,,20.9,,5.11,,
10003595,,1853,4,18,20,45,0.0,,9.544,46.845,,,,12.0,,3.79,,
10003596,,1853,5,17,15,17,0.0,,11.332,43.318,,,,7.1,,3.97,,
10003598,,1853,6,11,3,0,0.0,,15.54,45.49,,,,8.0,,4.72,,
10003600,,1853,8,2,0,0,0.0,,10.809,43.469,,,,27.7,,4.72,,
10003604,,1853,9,11,1,45,0.0,,15.17,46.22,,,,13.2,,3.87,,
10003605,,1853,9,22,0,0,0.0,,12.737,42.736,,,,5.0,,4.65,,
10003609,,1853,12,11,16,5,0.0,,18.6,42.4,,,,33.0,,5.14,,
10003616,,1854,2,12,17,50,0.0,,16.295,39.256,,,,7.9,,6.31,,
10003619,,1854,6,16,13,25,0.0,,11.714,44.353,,,,10.2,,4.62,,
10003622,,1854,7,30,1,30,0.0,,20.365,39.65,,,,0.0,,6.04,,
10003627,,1854,12,4,1,0,0.0,,11.559,43.216,,,,0.5,,3.74,,
10003628,,1854,12,28,23,45,0.0,,8.461,44.428,,,,9.5,,3.96,,
10003629,,1854,12,29,1,45,0.0,,7.559,43.786,,,,10.9,,5.71,,
10003636,,1855,2,13,10,27,0.0,,6.517,45.458,,,,8.4,,3.68,,
10003640,,1855,3,18,6,15,0.0,,13.85,46.61,,,,7.0,,4.72,,
10003647,,1855,7,3,1,30,0.0,,19.557,42.014,,,,15.0,,5.65,,
10003651,,1855,7,25,11,50,0.0,,7.855,46.292,,,,7.0,,6.06,,
10003726,,1855,12,12,20,40,0.0,,6.459,43.842,,,,4.0,,5.22,,
10003745,,1856,4,2,11,0,0.0,,14.82,45.87,,,,7.9,,3.87,,
10003747,,1856,5,12,1,45,0.0,,16.511,41.168,,,,5.6,,4.43,,
10003749,,1856,6,5,0,0,0.0,,12.041,43.67,,,,23.5,,4.43,,
10003760,,1856,11,9,22,17,0.0,,14.5,45.87,,,,7.7,,5.14,,
10003774,,1857,2,1,0,0,0.0,,10.481,44.75,,,,4.1,,5.1,,
10003775,,1857,2,6,9,10,0.0,,7.083,46.583,,,,8.0,,3.79,,
10003779,,1857,3,7,0,0,0.0,,14.3,46.75,,,,7.0,,5.39,,
10003781,,1857,3,10,3,0,0.0,,12.188,45.726,,,,10.0,,4.11,,
10003784,,1857,5,6,9,0,0.0,,7.799,46.285,,,,6.0,,3.79,,
10003792,,1857,7,15,17,45,0.0,,7.358,46.232,,,,6.0,,3.79,,
10003796,,1857,8,27,0,0,0.0,,10.24,46.784,,,,7.0,,4.64,,
10003798,,1857,10,19,12,0,0.0,,14.25,45.57,,,,19.5,,4.3,,
10003799,,1857,11,4,7,15,0.0,,7.88,46.25,,,,3.0,,4.3,,
10003803,,1857,12,16,21,15,0.0,,15.842,40.352,,,,6.3,,7.1,,
10003822,,1858,4,6,2,30,0.0,,7.88,46.267,,,,17.0,,3.9,,
10003825,,1858,5,14,16,35,0.0,,14.23,45.78,,,,10.5,,3.87,,
10003833,,1858,8,30,14,30,0.0,,7.341,44.324,,,,10.3,,4.39,,
10003838,,1858,10,10,0,0,0.0,,19.989,40.124,,,,1.0,,6.36,,
10003844,,1858,10,25,1,42,0.0,,7.307,44.888,,,,9.4,,4.59,,
10003854,,1858,12,17,0,0,0.0,,5.65,43.7,,,,4.0,,4.31,,
10003856,,1859,1,20,7,55,0.0,,12.103,45.893,,,,11.0,,4.85,,
10003857,,1859,1,20,8,25,0.0,,14.42,45.73,,,,15.3,,4.09,,
10003858,,1859,1,30,0,0,0.0,,11.529,43.182,,,,21.0,,4.43,,
10003866,,1859,4,28,6,45,0.0,,11.77,47.39,,,,6.0,,4.45,,
10003868,,1859,6,21,13,0,0.0,,7.317,43.722,,,,14.3,,3.61,,
10003872,,1859,8,22,0,0,0.0,,13.097,42.825,,,,10.1,,5.67,,
10003877,,1859,9,29,8,30,0.0,,12.218,46.139,,,,3.4,,4.2,,
10003892,,1860,5,16,16,55,0.0,,19.7,41.3,,,,13.0,,6.24,,
10003894,,1860,7,17,13,43,0.0,,10.793,44.744,,,,5.0,,3.97,,
10003895,,1860,7,19,0,0,0.0,,12.146,45.889,,,,12.4,,4.93,,
10003902,,1861,1,28,5,30,0.0,,11.909,43.946,,,,8.0,,4.65,,
10003903,,1861,1,30,6,20,0.0,,10.05,46.567,,,,23.0,,3.5,,
10003904,,1861,3,4,23,0,0.0,,7.695,43.844,,,,2.0,,3.61,,
10003905,,1861,3,10,0,0,0.0,,12.566,43.304,,,,10.0,,4.77,,
10003906,,1861,3,16,0,0,0.0,,9.592,44.377,,,,23.6,,4.65,,
10003909,,1861,5,9,1,53,0.0,,11.999,43.003,,,,1.6,,5.0,,
10003910,,1861,5,19,0,0,0.0,,11.92,45.736,,,,14.0,,4.65,,
10003912,,1861,8,14,3,15,0.0,,15.18,46.23,,,,9.5,,3.87,,
10003914,,1861,10,16,0,0,0.0,,12.121,44.233,,,,9.9,,5.13,,
10003917,,1861,11,19,0,0,0.0,,15.802,40.638,,,,10.0,,4.43,,
10003923,,1861,12,20,8,30,0.0,,7.528,44.094,,,,10.3,,4.59,,
10003925,,1861,12,30,7,0,0.0,,10.167,46.783,,,,3.0,,3.5,,
10003928,,1862,1,25,0,20,0.0,,14.27,46.49,,,,7.0,,4.72,,
10003934,,1862,5,4,21,15,0.0,,7.81,46.144,,,,10.0,,3.68,,
10003935,,1862,5,27,1,20,0.0,,12.384,46.735,,,,8.0,,4.79,,
10003944,,1862,10,4,5,0,0.0,,19.49,40.474,,,,8.0,,6.21,,
10003946,,1862,10,13,20,0,0.0,,9.683,46.683,,,,0.1,,3.9,,
10003956,,1863,1,22,9,45,0.0,,15.0,45.5,,,,13.2,,4.72,,
10003961,,1863,4,30,0,0,0.0,,9.878,46.881,,,,6.0,,3.79,,
10003962,,1863,6,9,21,58,0.0,,6.209,44.0,,,,10.0,,4.14,,
10003968,,1863,6,23,1,30,0.0,,6.533,45.483,,,,7.0,,3.79,,
10003985,,1863,11,18,0,0,0.0,,10.1,46.7,,,,3.0,,3.9,,
10003986,,1863,11,24,3,35,0.0,,9.4,46.583,,,,8.0,,3.5,,
10003991,,1864,3,15,0,0,0.0,,11.059,44.337,,,,11.4,,4.86,,
10003992,,1864,4,5,19,30,0.0,,15.807,41.599,,,,4.8,,3.74,,
10003994,,1864,6,8,13,30,0.0,,14.5,46.03,,,,6.3,,3.87,,
10003999,,1864,8,21,4,15,0.0,,20.1,41.1,,,,0.0,,5.89,,
10004004,,1864,12,11,17,40,0.0,,11.282,44.042,,,,9.0,,5.09,,
10004005,,1864,12,28,12,0,0.0,,15.567,41.835,,,,14.2,,4.65,,
10004007,,1865,1,21,0,0,0.0,,12.07,47.49,,,,6.0,,4.45,,
10004010,,1865,3,27,1,0,0.0,,6.525,45.421,,,,8.4,,3.83,,
10004019,,1865,9,21,20,50,0.0,,12.314,43.285,,,,8.1,,5.11,,
10004023,,1865,12,24,4,35,0.0,,15.47,45.59,,,,2.8,,4.51,,
10004024,,1865,12,25,22,0,0.0,,6.633,46.267,,,,6.0,,3.79,,
10004025,,1866,1,2,10,0,0.0,,19.49,40.474,,,,0.0,,6.6,,
10004030,,1866,2,2,1,27,0.0,,14.5,46.05,,,,3.1,,4.51,,
10004034,,1866,2,15,0,0,0.0,,12.777,42.82,,,,9.7,,4.43,,
10004044,,1866,4,14,0,0,0.0,,10.02,47.15,,,,4.0,,4.45,,
10004045,,1866,4,18,0,0,0.0,,7.844,46.225,,,,6.0,,3.79,,
10004048,,1866,5,19,9,12,0.0,,6.067,44.273,,,,4.0,,5.21,,
10004051,,1866,8,11,23,0,0.0,,10.797,45.737,,,,10.5,,4.95,,
10004054,,1866,9,22,15,0,0.0,,7.7,44.854,,,,45.3,,4.41,,
10004069,,1867,2,12,12,3,0.0,,14.5,46.05,,,,13.9,,4.3,,
10004079,,1867,6,30,0,0,0.0,,14.83,46.07,,,,10.9,,3.66,,
10004086,,1867,10,3,2,0,0.0,,14.361,37.928,,,,36.1,,4.2,,
10004087,,1867,11,1,16,15,0.0,,11.332,43.318,,,,27.7,,4.2,,
10004090,,1868,1,27,21,15,0.0,,14.53,46.15,,,,13.4,,4.09,,
10004091,,1868,2,20,19,45,0.0,,10.802,45.741,,,,5.0,,4.74,,
10004092,,1868,3,24,0,0,0.0,,9.528,46.855,,,,7.0,,3.79,,
10004100,,1868,6,17,1,50,0.0,,11.538,42.87,,,,32.4,,4.43,,
10004105,,1868,7,10,21,15,0.0,,14.5,46.03,,,,13.2,,3.87,,
10004112,,1868,10,7,10,55,0.0,,14.5,46.05,,,,15.8,,3.87,,
10004113,,1868,10,10,2,40,0.0,,15.5,43.5,,,,2.0,,5.14,,
10004116,,1868,11,12,12,0,0.0,,9.169,46.273,,,,6.0,,3.79,,
10004121,,1869,1,10,10,37,0.0,,18.1,42.6,,,,17.0,,5.14,,
10004124,,1869,2,7,0,0,0.0,,11.35,43.342,,,,9.0,,4.82,,
10004126,,1869,3,1,2,0,0.0,,15.08,46.5,,,,9.6,,4.09,,
10004128,,1869,3,18,0,0,0.0,,19.5,40.5,,,,10.0,,5.89,,
10004129,,1869,3,31,13,0,0.0,,15.683,41.709,,,,22.0,,4.43,,
10004140,,1869,9,1,0,0,0.0,,19.446,41.314,,,,38.0,,6.23,,
10004142,,1869,9,26,20,45,0.0,,11.105,43.453,,,,17.4,,4.97,,
10004144,,1869,10,13,3,30,0.0,,14.17,46.35,,,,7.0,,5.14,,
10004158,,1869,11,28,0,0,0.0,,16.221,38.69,,,,23.8,,4.62,,
10004159,,1869,11,29,17,38,0.0,,7.317,45.736,,,,10.0,,3.87,,
10004161,,1869,12,13,2,53,0.0,,10.779,44.629,,,,7.9,,4.58,,
10004164,,1869,12,21,22,40,0.0,,13.63,45.97,,,,12.7,,3.87,,
10004170,,1870,1,18,2,50,0.0,,5.483,43.289,,,,10.0,,4.28,,
10004175,,1870,2,8,0,0,0.0,,13.473,43.555,,,,4.8,,5.14,,
10004178,,1870,3,1,19,57,0.0,,14.334,45.502,,,,4.5,,5.44,,
10004180,,1870,3,2,2,0,0.0,,14.9,46.1,,,,4.2,,5.14,,
10004197,,1870,10,4,16,55,0.0,,16.331,39.22,,,,15.2,,6.21,,
10004198,,1870,10,30,18,34,0.0,,12.062,44.133,,,,1.0,,5.61,,
10004211,,1871,3,15,6,0,0.0,,9.817,46.512,,,,15.0,,3.94,,
10004214,,1871,4,9,0,0,0.0,,19.92,39.624,,,,0.0,,5.78,,
10004218,,1871,7,25,1,14,0.0,,14.82,46.08,,,,15.3,,4.09,,
10004219,,1871,7,29,20,45,0.0,,10.619,43.301,,,,17.0,,5.15,,
10004220,,1871,8,1,22,0,0.0,,15.621,41.928,,,,10.0,,4.09,,
10004221,,1871,8,14,2,0,0.0,,14.206,42.046,,,,18.4,,3.78,,
10004223,,1871,9,14,10,0,0.0,,8.037,46.625,,,,29.0,,3.79,,
10004225,,1871,10,22,13,0,0.0,,11.349,43.421,,,,10.0,,4.65,,
10004228,,1871,12,2,0,0,0.0,,15.0,45.9,,,,4.9,,5.14,,
10004260,,1872,1,1,0,0,0.0,,14.23,45.77,,,,17.2,,4.09,,
10004233,,1872,2,3,20,0,0.0,,9.528,46.855,,,,10.0,,3.79,,
10004242,,1872,4,26,17,31,0.0,,7.5,44.475,,,,29.3,,4.31,,
10004243,,1872,5,14,17,45,0.0,,13.431,46.093,,,,2.3,,4.43,,
10004249,,1872,8,1,0,0,0.0,,9.677,46.777,,,,15.0,,3.79,,
10004248,,1872,8,8,5,10,0.0,,11.39,47.27,,,,6.0,,4.45,,
10004251,,1872,10,8,13,25,0.0,,16.309,39.412,,,,9.2,,4.77,,
10004254,,1872,11,9,2,0,0.0,,9.946,47.041,,,,6.0,,3.79,,
10004257,,1872,12,2,16,38,0.0,,6.233,44.1,,,,4.0,,3.79,,
10004258,,1872,12,12,18,0,0.0,,13.751,41.412,,,,11.2,,3.74,,
10004262,,1873,1,8,12,45,0.0,,14.25,45.87,,,,17.2,,4.09,,
10004268,,1873,3,12,20,4,0.0,,13.244,43.09,,,,3.8,,5.87,,
10004270,,1873,4,19,15,15,0.0,,14.9,45.0,,,,3.5,,5.14,,
10004272,,1873,5,1,0,0,0.0,,6.017,45.433,,,,8.0,,3.79,,
10004271,,1873,5,16,19,35,0.0,,10.701,44.612,,,,9.9,,5.02,,
10004275,,1873,6,28,21,15,0.0,,14.5,46.05,,,,10.5,,3.87,,
10004276,,1873,6,29,3,58,0.0,,12.383,46.16,,,,5.1,,6.3,,
10004277,,1873,7,12,6,6,0.0,,13.778,41.686,,,,34.2,,5.37,,
10004281,,1873,8,3,21,53,0.0,,7.952,45.534,,,,10.0,,3.64,,
10004285,,1873,9,11,9,3,0.0,,16.252,39.303,,,,25.6,,4.65,,
10004286,,1873,9,17,0,0,0.0,,9.862,44.234,,,,6.5,,5.3,,
10004298,,1874,1,23,18,45,0.0,,15.07,45.96,,,,7.1,,4.51,,
10004301,,1874,2,24,6,52,0.0,,13.777,42.333,,,,7.9,,5.15,,
10004304,,1874,4,4,0,0,0.0,,10.057,46.326,,,,8.0,,3.79,,
10004307,,1874,4,29,10,0,0.0,,10.201,46.774,,,,23.0,,3.79,,
10004313,,1874,10,7,0,0,0.0,,11.589,44.168,,,,8.2,,4.98,,
10004317,,1874,12,1,19,30,0.0,,7.832,46.132,,,,4.0,,4.37,,
10004320,,1874,12,6,15,50,0.0,,13.827,41.655,,,,6.7,,5.49,,
10004326,,1875,2,11,20,0,0.0,,7.931,45.657,,,,12.4,,3.98,,
10004328,,1875,2,14,6,45,0.0,,9.758,46.432,,,,12.0,,3.79,,
10004331,,1875,3,17,23,51,0.0,,12.547,44.063,,,,10.1,,5.75,,
10004345,,1875,10,14,9,30,0.0,,6.544,45.467,,,,10.9,,3.79,,
10004346,,1875,10,24,20,13,0.0,,12.438,46.049,,,,2.4,,3.74,,
10004349,,1875,12,6,0,0,0.0,,15.677,41.689,,,,22.8,,5.89,,
10004351,,1875,12,25,22,30,0.0,,9.817,46.8,,,,7.0,,3.5,,
10004356,,1876,3,28,1,0,0.0,,12.288,46.13,,,,5.2,,3.74,,
10004359,,1876,4,29,10,49,0.0,,10.785,45.749,,,,2.4,,5.03,,
10004368,,1876,5,22,0,30,0.0,,12.737,42.736,,,,9.8,,4.53,,
10004379,,1876,7,19,0,0,0.0,,15.3,45.4,,,,10.0,,5.14,,
10004381,,1876,9,12,23,8,0.0,,15.647,38.108,,,,11.6,,4.2,,
10004383,,1876,9,20,7,0,0.0,,6.233,44.1,,,,4.0,,4.08,,
10004384,,1876,10,8,19,0,0.0,,13.743,41.689,,,,6.5,,4.2,,
10004387,,1876,10,22,8,9,0.0,,13.306,46.506,,,,6.9,,3.74,,
10004403,,1877,5,23,18,5,0.0,,13.057,46.403,,,,16.1,,3.74,,
10004408,,1877,8,24,2,45,0.0,,13.396,41.696,,,,10.8,,5.21,,
10004410,,1877,9,12,15,30,0.0,,15.15,45.95,,,,6.4,,4.93,,
10004412,,1877,10,1,7,20,0.0,,10.809,45.761,,,,10.0,,4.47,,
10004414,,1877,10,8,5,12,0.0,,6.163,45.884,,,,2.0,,5.29,,
10004418,,1877,10,22,21,0,0.0,,7.708,46.185,,,,6.0,,3.99,,
10004423,,1877,12,23,5,3,0.0,,12.116,42.288,,,,5.8,,4.67,,
10004424,,1877,12,28,3,32,0.0,,14.43,47.07,,,,8.0,,4.72,,
10004427,,1878,1,22,7,44,0.0,,7.334,44.674,,,,11.5,,3.87,,
10004428,,1878,1,27,10,6,0.0,,14.9,46.1,,,,10.0,,5.14,,
10004430,,1878,2,13,19,30,0.0,,12.78,42.704,,,,8.5,,4.29,,
10004431,,1878,3,6,9,14,0.0,,12.013,46.06,,,,21.1,,4.2,,
10004432,,1878,3,12,21,36,0.0,,11.544,44.424,,,,4.6,,4.89,,
10004435,,1878,4,1,15,45,0.0,,9.183,46.617,,,,23.0,,3.5,,
10004438,,1878,4,14,18,45,0.0,,9.893,46.812,,,,0.1,,4.1,,
10004440,,1878,4,30,2,15,0.0,,7.133,46.483,,,,6.0,,3.5,,
10004443,,1878,6,7,22,25,0.0,,7.359,44.442,,,,10.3,,4.83,,
10004446,,1878,7,4,10,0,0.0,,20.6,40.6,,,,11.0,,5.89,,
10004450,,1878,9,10,13,31,0.0,,10.037,44.218,,,,0.1,,4.98,,
10004451,,1878,9,15,7,20,0.0,,12.676,42.845,,,,9.3,,5.45,,
10004452,,1878,9,23,20,20,0.0,,14.9,45.0,,,,10.2,,5.57,,
10004453,,1878,10,4,0,46,0.0,,14.691,37.266,,,,3.0,,4.32,,
10004455,,1878,11,9,17,48,0.0,,11.444,44.212,,,,6.5,,4.53,,
10004457,,1878,12,14,23,30,0.0,,11.133,47.3,,,,6.0,,3.95,,
10004460,,1879,1,11,9,8,0.0,,14.59,46.49,,,,7.0,,4.72,,
10004464,,1879,2,14,0,0,0.0,,9.929,45.785,,,,9.0,,4.7,,
10004468,,1879,4,27,4,6,0.0,,11.587,44.168,,,,6.4,,5.04,,
10004475,,1879,6,22,4,15,0.0,,13.052,46.048,,,,2.2,,4.77,,
10004476,,1879,7,19,1,0,0.0,,10.3,46.783,,,,15.0,,3.5,,
10004480,,1879,9,12,0,0,0.0,,14.32,46.17,,,,6.9,,4.93,,
10004503,,1879,12,30,12,27,0.0,,6.633,46.095,,,,8.0,,5.01,,
10004505,,1880,1,6,23,30,0.0,,9.6,46.667,,,,7.0,,3.9,,
10004514,,1880,2,12,16,15,0.0,,15.16,45.42,,,,10.1,,4.51,,
10004527,,1880,7,4,8,20,0.0,,7.897,46.229,,,,2.0,,5.13,,
10004531,,1880,7,23,1,50,0.0,,11.719,44.315,,,,7.8,,4.2,,
10004532,,1880,7,24,5,40,0.0,,13.431,40.797,,,,10.0,,4.65,,
10004533,,1880,7,27,19,30,0.0,,14.3,45.98,,,,13.2,,3.87,,
10004535,,1880,8,2,2,15,0.0,,7.981,45.627,,,,9.5,,3.98,,
10004547,,1880,11,12,8,0,0.0,,15.3,45.8,,,,6.5,,5.14,,
10004548,,1880,11,14,7,30,0.0,,11.26,47.39,,,,8.0,,4.45,,
10004550,,1880,12,1,10,0,0.0,,14.361,37.928,,,,5.0,,4.2,,
10004555,,1881,1,10,22,30,0.0,,10.5,47.144,,,,6.0,,3.6,,
10004557,,1881,1,24,16,14,0.0,,11.349,44.401,,,,4.7,,5.19,,
10004563,,1881,2,4,1,26,0.0,,14.08,45.75,,,,9.6,,4.93,,
10004568,,1881,3,2,0,10,0.0,,8.021,45.554,,,,5.0,,4.11,,
10004571,,1881,3,11,22,50,0.0,,12.715,42.814,,,,10.0,,4.51,,
10004580,,1881,4,23,4,12,0.0,,16.041,39.36,,,,9.3,,4.2,,
10004584,,1881,5,23,18,20,0.0,,17.4,42.9,,,,10.0,,5.14,,
10004585,,1881,6,9,0,35,0.0,,6.725,46.267,,,,8.0,,4.37,,
10004586,,1881,6,14,1,30,0.0,,7.833,46.683,,,,1.0,,3.9,,
10004587,,1881,6,18,2,50,0.0,,13.019,46.398,,,,13.4,,3.97,,
10004590,,1881,7,22,2,45,0.0,,6.1,45.444,,,,5.0,,5.51,,
10004592,,1881,8,3,14,42,0.0,,8.525,44.724,,,,0.1,,3.74,,
10004594,,1881,9,10,7,0,0.0,,14.335,42.238,,,,7.7,,5.4,,
10004596,,1881,9,28,0,0,0.0,,12.189,44.143,,,,11.1,,4.74,,
10004598,,1881,10,23,8,11,0.0,,15.3,45.8,,,,12.8,,5.14,,
10004600,,1881,11,5,8,42,0.0,,13.54,46.91,,,,8.0,,4.72,,
10004604,,1881,11,25,17,25,0.0,,6.996,46.302,,,,4.0,,4.47,,
10004611,,1882,1,8,4,30,0.0,,10.45,46.883,,,,3.0,,3.5,,
10004612,,1882,1,13,0,0,0.0,,11.828,42.627,,,,7.5,,4.65,,
10004618,,1882,2,15,5,0,0.0,,9.085,44.66,,,,7.7,,4.83,,
10004620,,1882,2,27,6,30,0.0,,9.926,45.878,,,,3.7,,4.83,,
10004621,,1882,3,10,0,0,0.0,,15.417,38.026,,,,5.2,,3.74,,
10004629,,1882,5,26,4,15,0.0,,12.875,42.727,,,,6.4,,4.48,,
10004630,,1882,6,6,5,40,0.0,,14.202,41.557,,,,10.0,,5.22,,
10004635,,1882,7,17,7,51,0.0,,14.25,46.0,,,,11.6,,5.14,,
10004638,,1882,8,16,0,0,0.0,,13.871,42.986,,,,3.2,,5.11,,
10004640,,1882,9,18,19,25,0.0,,10.77,45.71,,,,7.3,,5.06,,
10004648,,1882,12,10,17,40,0.0,,6.05,45.274,,,,6.0,,4.34,,
10004649,,1882,12,14,13,45,0.0,,7.8,46.167,,,,1.0,,3.9,,
10004655,,1883,1,24,6,58,0.0,,18.1,43.1,,,,15.1,,5.14,,
10004658,,1883,3,7,21,15,0.0,,7.401,44.604,,,,10.0,,4.17,,
10004672,,1883,4,28,0,0,0.0,,13.801,41.5,,,,8.1,,4.2,,
10004680,,1883,7,25,9,50,0.0,,16.452,39.052,,,,8.4,,4.52,,
10004690,,1883,10,22,3,30,0.0,,12.361,46.037,,,,5.2,,4.63,,
10004692,,1883,11,7,3,0,0.0,,13.255,42.671,,,,20.0,,5.11,,
10004698,,1883,12,31,3,20,0.0,,14.5,46.05,,,,9.6,,4.09,,
10004711,,1884,5,4,20,13,0.0,,16.038,38.524,,,,29.2,,4.32,,
10004713,,1884,6,4,20,22,0.0,,9.85,46.9,,,,10.0,,3.5,,
10004718,,1884,8,15,0,0,0.0,,13.088,42.931,,,,5.0,,4.2,,
10004719,,1884,9,12,7,23,0.0,,9.77,45.547,,,,10.5,,4.74,,
10004723,,1884,11,27,22,15,0.0,,6.656,44.967,,,,15.9,,5.27,,
10004724,,1884,11,29,0,20,0.0,,6.333,45.883,,,,5.0,,4.3,,
10004731,,1884,12,27,21,55,0.0,,13.577,46.472,,,,12.1,,3.74,,
10004741,,1885,1,24,21,0,0.0,,7.822,43.845,,,,2.0,,4.29,,
10004757,,1885,3,23,19,22,0.0,,13.823,41.49,,,,8.3,,4.09,,
10004765,,1885,4,13,10,25,0.0,,7.402,46.547,,,,17.0,,4.85,,
10004771,,1885,5,4,7,5,0.0,,6.117,43.508,,,,10.0,,4.08,,
10004775,,1885,6,17,22,34,0.0,,12.844,42.521,,,,1.5,,4.89,,
10004781,,1885,7,1,7,15,0.0,,7.465,44.26,,,,2.0,,3.87,,
10004788,,1885,9,17,9,35,0.0,,14.861,41.147,,,,10.7,,4.27,,
10004800,,1885,12,24,10,50,0.0,,16.427,40.534,,,,1.8,,5.08,,
10004801,,1885,12,25,22,45,0.0,,14.52,46.08,,,,8.8,,3.87,,
10004802,,1885,12,26,2,0,0.0,,14.586,41.545,,,,5.0,,4.65,,
10004803,,1885,12,29,0,0,0.0,,12.32,45.997,,,,10.0,,5.02,,
10004811,,1886,2,6,6,30,0.0,,16.179,38.594,,,,10.7,,4.44,,
10004813,,1886,3,6,0,0,0.0,,16.191,39.338,,,,10.0,,5.57,,
10004819,,1886,5,6,7,30,0.0,,13.58,45.93,,,,9.2,,4.09,,
10004826,,1886,6,27,1,5,0.0,,16.5,43.0,,,,3.0,,4.93,,
10004828,,1886,7,28,6,29,0.0,,13.373,41.589,,,,8.5,,3.97,,
10004837,,1886,9,5,0,0,0.0,,7.306,45.036,,,,11.0,,5.19,,
10004838,,1886,9,8,22,27,0.0,,9.8,46.833,,,,8.0,,3.5,,
10004842,,1886,10,15,2,20,0.0,,10.307,44.75,,,,32.1,,4.69,,
10004844,,1886,10,20,0,40,0.0,,13.58,45.93,,,,6.0,,3.87,,
10004847,,1886,11,12,0,0,0.0,,5.433,44.139,,,,4.0,,4.36,,
10004848,,1886,11,16,1,45,0.0,,8.65,46.917,,,,6.0,,3.9,,
10004851,,1886,11,28,22,30,0.0,,10.84,47.32,,,,8.0,,5.21,,
10004855,,1887,1,27,2,45,0.0,,13.434,42.343,,,,9.3,,4.17,,
10004858,,1887,2,23,5,21,0.0,,7.992,43.891,,,,7.0,,6.24,,
10004862,,1887,3,3,2,0,0.0,,7.093,44.458,,,,2.0,,4.11,,
10004868,,1887,4,14,2,15,0.0,,11.86,45.822,,,,9.9,,4.81,,
10004872,,1887,5,20,4,12,0.0,,9.359,45.827,,,,1.1,,4.01,,
10004874,,1887,5,26,0,0,0.0,,13.17,43.525,,,,25.6,,4.49,,
10004875,,1887,6,5,14,7,0.0,,15.1,46.1,,,,6.5,,4.3,,
10004888,,1887,9,30,15,55,0.0,,11.881,44.288,,,,4.6,,4.17,,
10004890,,1887,10,1,3,5,0.0,,7.276,44.576,,,,2.0,,3.87,,
10004895,,1887,10,23,4,5,0.0,,15.22,45.57,,,,5.5,,4.72,,
10004897,,1887,11,14,5,48,0.0,,11.22,43.75,,,,20.0,,4.49,,
10004898,,1887,11,14,21,26,0.0,,14.75,46.5,,,,7.5,,4.09,,
10004901,,1887,12,3,3,45,0.0,,16.221,39.564,,,,0.1,,5.54,,
10004903,,1887,12,9,0,30,0.0,,13.6,46.42,,,,3.0,,3.87,,
10004909,,1888,2,25,17,21,0.0,,15.235,38.806,,,,8.7,,5.06,,
10004913,,1888,4,2,8,25,0.0,,9.1,47.0,,,,6.0,,3.9,,
10004929,,1888,7,8,20,47,0.0,,13.78,42.631,,,,5.4,,4.38,,
10004930,,1888,7,10,7,0,0.0,,14.07,45.67,,,,10.0,,3.87,,
10004934,,1888,9,18,2,33,0.0,,14.53,46.08,,,,5.7,,4.3,,
10004935,,1888,9,26,3,30,0.0,,14.205,37.796,,,,14.0,,4.65,,
10004945,,1889,1,10,19,10,0.0,,16.509,38.947,,,,10.0,,4.2,,
10004947,,1889,1,27,21,47,0.0,,14.6,46.25,,,,6.5,,4.72,,
10004953,,1889,3,8,2,57,0.0,,11.311,44.325,,,,9.1,,4.58,,
10004958,,1889,4,5,4,40,0.0,,7.367,46.55,,,,6.0,,3.9,,
10004959,,1889,4,6,14,30,0.0,,12.669,42.291,,,,9.8,,4.21,,
10004961,,1889,4,26,21,35,0.0,,9.1,47.0,,,,8.0,,3.9,,
10004963,,1889,5,29,8,58,0.0,,15.917,38.023,,,,17.2,,4.29,,
10004967,,1889,6,25,1,29,0.0,,13.019,46.398,,,,14.2,,4.43,,
10004968,,1889,6,29,0,10,0.0,,13.793,41.517,,,,9.3,,4.3,,
10004970,,1889,7,21,12,30,0.0,,11.783,42.572,,,,12.7,,4.43,,
10004971,,1889,8,9,21,15,0.0,,14.05,46.0,,,,6.5,,4.51,,
10004976,,1889,10,5,13,52,0.0,,15.953,38.484,,,,4.1,,4.52,,
10004982,,1889,11,28,19,10,0.0,,13.467,42.725,,,,9.2,,4.26,,
10004984,,1889,12,8,0,0,0.0,,15.688,41.83,,,,7.4,,5.53,,
10004985,,1889,12,12,0,0,0.0,,11.643,43.899,,,,48.0,,4.2,,
10004992,,1890,2,15,2,35,0.0,,11.169,43.589,,,,7.9,,4.51,,
10004996,,1890,3,26,20,10,0.0,,12.385,46.214,,,,5.0,,4.85,,
10005012,,1890,9,16,1,48,0.0,,7.892,43.834,,,,2.0,,3.51,,
10005025,,1891,1,20,3,16,0.0,,7.25,46.3,,,,7.0,,3.9,,
10005027,,1891,1,26,3,10,0.0,,15.235,38.806,,,,4.0,,4.2,,
10005036,,1891,4,24,6,45,0.0,,10.668,43.915,,,,10.4,,3.97,,
10005037,,1891,5,9,0,16,0.0,,13.486,41.804,,,,9.7,,4.44,,
10005039,,1891,5,28,6,15,0.0,,8.669,44.714,,,,0.2,,4.13,,
10005040,,1891,6,7,1,6,0.0,,11.165,45.564,,,,10.0,,5.86,,
10005041,,1891,6,7,16,45,0.0,,6.85,46.467,,,,6.0,,3.5,,
10005045,,1891,7,14,5,58,0.0,,12.745,42.816,,,,0.1,,4.2,,
10005046,,1891,8,1,13,32,0.0,,11.991,44.32,,,,36.3,,4.38,,
10005051,,1891,10,1,17,57,0.0,,13.823,41.49,,,,8.9,,4.43,,
10005055,,1891,11,2,9,3,0.0,,14.3,46.07,,,,9.5,,3.87,,
10005059,,1891,12,8,0,0,0.0,,12.147,43.391,,,,2.9,,4.33,,
10005060,,1891,12,20,16,36,0.0,,8.295,46.202,,,,1.5,,3.93,,
10005061,,1891,12,22,0,0,0.0,,9.829,46.139,,,,6.2,,4.42,,
10005066,,1892,1,11,1,56,0.0,,12.35,46.123,,,,3.4,,4.09,,
10005067,,1892,1,21,20,15,0.0,,13.11,42.231,,,,7.5,,4.42,,
10005068,,1892,1,22,23,47,0.0,,14.778,37.189,,,,3.0,,4.43,,
10005071,,1892,3,5,0,0,0.0,,7.797,45.569,,,,7.0,,4.9,,
10005073,,1892,3,16,12,38,0.0,,14.605,38.552,,,,8.3,,5.25,,
10005074,,1892,4,20,0,0,0.0,,16.097,41.762,,,,30.0,,5.01,,
10005075,,1892,5,8,0,0,0.0,,7.742,43.878,,,,10.0,,3.98,,
10005077,,1892,5,17,3,8,0.0,,10.552,44.347,,,,3.6,,4.31,,
10005080,,1892,6,6,0,0,0.0,,15.503,42.12,,,,1.8,,4.92,,
10005082,,1892,6,23,23,20,0.0,,12.593,46.1,,,,1.6,,4.61,,
10005084,,1892,7,4,20,30,0.0,,15.733,38.596,,,,0.1,,4.43,,
10005106,,1892,11,16,2,10,0.0,,12.912,40.916,,,,17.0,,4.43,,
10005108,,1892,11,21,0,0,0.0,,12.273,43.48,,,,6.5,,4.31,,
10005109,,1892,11,27,0,40,0.0,,7.49,44.275,,,,10.0,,4.3,,
10005114,,1892,12,29,13,47,0.0,,11.502,44.127,,,,9.0,,4.38,,
10005117,,1893,1,25,0,0,0.0,,15.36,40.513,,,,6.3,,5.15,,
10005119,,1893,1,29,1,10,0.0,,15.235,38.806,,,,10.0,,4.2,,
10005126,,1893,3,22,18,50,0.0,,15.25,45.46,,,,6.5,,4.3,,
10005148,,1893,5,11,14,10,0.0,,13.444,38.104,,,,8.3,,4.55,,
10005150,,1893,5,21,17,25,0.0,,10.117,46.733,,,,3.0,,3.5,,
10005154,,1893,6,14,0,0,0.0,,19.853,40.127,,,,0.0,,6.62,,
10005161,,1893,8,2,0,59,0.0,,13.002,42.608,,,,8.8,,4.58,,
10005162,,1893,8,10,20,52,0.0,,16.075,41.713,,,,19.2,,5.39,,
10005169,,1893,10,20,20,15,0.0,,10.109,44.42,,,,0.5,,4.11,,
10005170,,1893,10,27,16,31,0.0,,12.265,46.18,,,,10.1,,4.46,,
10005173,,1893,12,7,23,35,0.0,,14.25,45.88,,,,7.8,,4.09,,
10005181,,1894,2,1,0,50,0.0,,7.0,46.3,,,,18.0,,3.5,,
10005183,,1894,2,9,12,48,0.0,,11.141,45.584,,,,10.0,,4.75,,
10005196,,1894,3,25,0,0,0.0,,15.323,41.867,,,,10.0,,4.87,,
10005198,,1894,4,6,0,0,0.0,,19.5,41.3,,,,10.0,,5.89,,
10005205,,1894,5,28,20,15,0.0,,16.036,39.995,,,,10.3,,5.02,,
10005211,,1894,7,19,5,25,0.0,,7.784,43.838,,,,15.2,,3.96,,
10005218,,1894,8,19,10,30,0.0,,15.48,44.95,,,,10.2,,4.51,,
10005227,,1894,11,4,23,59,59.99,,7.4,44.283,,,,7.0,,3.79,,
10005228,,1894,11,16,17,52,0.0,,15.87,38.288,,,,10.0,,6.11,,
10005232,,1894,11,27,5,7,0.0,,10.123,45.563,,,,15.8,,4.94,,
10005233,,1894,11,28,0,0,0.0,,11.821,46.006,,,,45.3,,4.5,,
10005236,,1894,12,12,11,15,0.0,,10.309,43.551,,,,0.5,,4.2,,
10005249,,1895,2,3,6,50,0.0,,8.249,44.179,,,,12.4,,4.13,,
10005250,,1895,2,4,21,0,0.0,,11.416,47.283,,,,1.0,,3.95,,
10005257,,1895,3,18,13,38,0.0,,7.415,44.327,,,,15.9,,3.97,,
10005258,,1895,3,23,0,0,0.0,,12.017,44.721,,,,9.1,,4.68,,
10005259,,1895,3,25,21,15,0.0,,13.823,41.49,,,,8.0,,4.25,,
10005260,,1895,4,8,23,22,0.0,,15.25,45.75,,,,6.0,,4.3,,
10005263,,1895,4,13,15,1,0.0,,14.694,37.075,,,,5.0,,4.84,,
10005264,,1895,4,14,20,17,0.0,,14.514,46.125,,,,10.0,,5.94,,
10005277,,1895,5,12,20,29,0.0,,10.606,44.745,,,,2.1,,4.05,,
10005283,,1895,5,18,19,55,0.0,,11.264,43.703,,,,10.9,,5.52,,
10005284,,1895,5,20,15,32,0.0,,12.637,42.655,,,,2.5,,4.52,,
10005288,,1895,6,10,1,47,0.0,,12.074,45.943,,,,1.1,,4.89,,
10005292,,1895,6,30,3,48,0.0,,13.47,42.336,,,,10.9,,3.97,,
10005294,,1895,7,19,9,45,0.0,,15.913,40.297,,,,10.0,,4.25,,
10005297,,1895,8,6,2,0,0.0,,19.5,41.1,,,,0.1,,6.24,,
10005299,,1895,8,8,5,41,0.0,,13.58,46.0,,,,6.0,,3.87,,
10005300,,1895,8,9,17,38,0.0,,14.57,42.119,,,,10.3,,5.15,,
10005302,,1895,8,21,8,15,0.0,,7.633,46.15,,,,3.0,,3.5,,
10005309,,1895,10,12,2,45,0.0,,10.809,45.764,,,,45.3,,4.2,,
10005311,,1895,10,25,12,10,0.0,,13.677,43.268,,,,0.1,,4.2,,
10005313,,1895,11,1,4,5,0.0,,7.35,46.233,,,,10.0,,3.5,,
10005317,,1895,11,13,1,55,0.0,,10.167,46.333,,,,20.0,,3.5,,
10005322,,1895,12,4,2,0,0.0,,8.283,46.367,,,,8.0,,3.9,,
10005326,,1895,12,25,4,47,0.0,,8.059,43.903,,,,2.0,,4.13,,
10005330,,1896,1,6,15,59,0.0,,12.593,42.556,,,,6.5,,4.11,,
10005336,,1896,1,31,22,45,0.0,,12.209,43.864,,,,4.5,,3.74,,
10005340,,1896,2,11,18,20,0.0,,20.7,40.9,,,,10.0,,6.24,,
10005345,,1896,3,15,11,0,0.0,,19.6,41.8,,,,7.4,,5.14,,
10005346,,1896,3,18,3,13,0.0,,20.1,40.1,,,,0.0,,5.89,,
10005354,,1896,4,17,11,53,0.0,,15.959,41.706,,,,10.0,,4.65,,
10005360,,1896,5,29,4,17,0.0,,7.117,46.233,,,,6.0,,3.9,,
10005366,,1896,7,2,0,30,0.0,,14.857,36.947,,,,10.0,,4.05,,
10005368,,1896,7,8,1,51,0.0,,10.921,44.059,,,,7.4,,4.39,,
10005381,,1896,9,9,10,55,0.0,,14.53,46.22,,,,11.1,,3.87,,
10005384,,1896,9,17,14,51,0.0,,16.039,38.211,,,,12.2,,4.42,,
10005385,,1896,9,26,0,21,0.0,,15.25,45.48,,,,8.4,,3.87,,
10005389,,1896,10,12,3,0,0.0,,13.98,46.13,,,,14.2,,3.87,,
10005390,,1896,10,16,0,0,0.0,,7.874,43.9,,,,15.2,,4.84,,
10005397,,1896,11,8,3,35,0.0,,14.52,46.07,,,,12.3,,4.09,,
10005403,,1896,12,1,2,25,0.0,,13.306,46.506,,,,8.2,,4.2,,
10005415,,1897,1,14,14,45,0.0,,13.57,45.92,,,,2.6,,3.87,,
10005421,,1897,1,19,19,20,0.0,,12.936,42.725,,,,5.0,,4.63,,
10005425,,1897,1,27,1,35,0.0,,11.201,45.748,,,,15.8,,4.17,,
10005428,,1897,2,2,0,32,0.0,,14.5,46.18,,,,5.6,,4.72,,
10005432,,1897,2,12,5,33,0.0,,14.75,45.7,,,,6.3,,3.87,,
10005434,,1897,2,20,6,0,0.0,,11.45,47.3,,,,6.0,,4.45,,
10005442,,1897,3,1,8,40,0.0,,12.602,43.158,,,,13.0,,4.88,,
10005450,,1897,3,21,6,30,0.0,,5.783,43.833,,,,10.0,,3.65,,
10005452,,1897,3,29,0,5,0.0,,14.053,41.499,,,,12.7,,4.2,,
10005461,,1897,4,27,2,17,0.0,,13.964,42.23,,,,5.7,,4.23,,
10005467,,1897,5,22,2,5,0.0,,11.115,43.474,,,,2.0,,4.28,,
10005469,,1897,5,28,22,40,0.0,,16.305,37.942,,,,46.0,,5.55,,
10005472,,1897,6,11,12,45,0.0,,12.002,45.859,,,,28.3,,4.47,,
10005475,,1897,6,17,11,15,0.0,,13.419,41.692,,,,9.8,,4.2,,
10005479,,1897,7,6,20,44,0.0,,8.652,44.417,,,,6.1,,4.27,,
10005482,,1897,7,15,5,53,0.0,,14.458,46.055,,,,8.1,,5.07,,
10005484,,1897,7,21,1,30,0.0,,9.167,46.917,,,,13.0,,3.5,,
10005492,,1897,8,16,12,12,0.0,,15.2,45.77,,,,5.6,,4.09,,
10005498,,1897,9,4,2,15,0.0,,10.433,46.533,,,,5.0,,3.5,,
10005505,,1897,9,18,9,15,0.0,,9.564,46.773,,,,9.0,,4.3,,
10005506,,1897,9,21,0,0,0.0,,12.966,43.706,,,,7.8,,5.42,,
10005508,,1897,10,12,0,0,0.0,,7.845,43.925,,,,15.2,,4.3,,
10005510,,1897,10,21,17,47,0.0,,13.62,45.92,,,,6.3,,3.87,,
10005512,,1897,10,28,10,40,0.0,,13.42,43.095,,,,4.3,,4.16,,
10005524,,1897,11,15,23,52,0.0,,11.573,43.104,,,,17.6,,4.13,,
10005533,,1897,12,6,3,15,0.0,,16.699,39.254,,,,23.1,,3.98,,
10005537,,1897,12,11,12,8,0.0,,14.65,47.15,,,,8.0,,4.51,,
10005551,,1898,1,16,13,10,0.0,,11.821,44.657,,,,1.9,,4.63,,
10005558,,1898,2,9,2,55,0.0,,7.181,46.052,,,,6.0,,3.5,,
10005559,,1898,2,11,18,0,0.0,,20.7,40.9,,,,0.0,,5.89,,
10005563,,1898,2,20,4,57,0.0,,13.478,46.105,,,,10.9,,5.12,,
10005569,,1898,3,4,21,5,0.0,,10.258,44.658,,,,4.9,,5.35,,
10005575,,1898,4,17,22,49,0.0,,14.5,46.05,,,,10.6,,4.93,,
10005577,,1898,4,21,5,35,0.0,,16.358,39.114,,,,12.9,,3.97,,
10005583,,1898,5,6,13,10,0.0,,7.659,46.541,,,,6.0,,4.8,,
10005585,,1898,5,12,16,10,0.0,,12.17,47.58,,,,8.0,,3.95,,
10005591,,1898,6,28,0,38,0.0,,12.903,42.414,,,,6.3,,5.5,,
10005596,,1898,8,12,0,0,0.0,,15.386,38.181,,,,0.1,,4.84,,
10005608,,1898,11,3,5,59,0.0,,14.546,37.259,,,,28.6,,4.58,,
10005610,,1898,11,8,10,39,0.0,,14.9,45.63,,,,2.1,,3.87,,
10005612,,1898,11,13,16,30,0.0,,8.967,47.006,,,,6.0,,3.9,,
10005614,,1898,11,16,0,0,0.0,,10.41,45.665,,,,9.9,,4.63,,
10005615,,1898,11,22,23,10,0.0,,12.296,43.659,,,,0.1,,3.97,,
10005616,,1898,11,24,23,37,0.0,,14.948,41.23,,,,18.0,,4.18,,
10005621,,1898,12,3,16,35,0.0,,14.5,46.2,,,,8.0,,4.09,,
10005626,,1899,1,5,2,45,0.0,,13.805,41.497,,,,1.3,,4.25,,
10005639,,1899,3,2,20,10,0.0,,14.13,47.46,,,,6.0,,4.3,,
10005641,,1899,3,20,18,40,0.0,,15.13,45.73,,,,2.4,,3.87,,
10005644,,1899,3,27,1,19,0.0,,13.321,40.969,,,,5.0,,3.74,,
10005645,,1899,3,30,5,14,0.0,,14.43,45.5,,,,12.7,,3.87,,
10005647,,1899,4,8,16,15,0.0,,13.9,45.88,,,,6.3,,3.87,,
10005655,,1899,5,30,7,0,0.0,,10.49,47.31,,,,8.0,,3.7,,
10005660,,1899,6,22,13,20,0.0,,13.495,43.206,,,,6.8,,4.15,,
10005662,,1899,6,26,21,45,0.0,,16.3,43.2,,,,10.0,,5.14,,
10005663,,1899,6,26,23,17,0.0,,11.117,43.958,,,,5.4,,5.03,,
10005665,,1899,6,27,21,15,0.0,,14.844,38.556,,,,24.2,,4.2,,
10005672,,1899,7,29,0,6,0.0,,6.461,43.4,,,,4.0,,3.7,,
10005673,,1899,8,5,6,20,0.0,,14.64,46.59,,,,7.0,,4.93,,
10005677,,1899,8,16,0,5,0.0,,15.337,41.143,,,,1.8,,4.59,,
10005684,,1899,9,26,2,0,0.0,,7.017,46.35,,,,4.0,,3.5,,
10005685,,1899,9,28,13,15,0.0,,15.23,45.75,,,,5.0,,3.87,,
10005686,,1899,9,30,5,15,0.0,,14.37,45.5,,,,6.7,,4.09,,
10005688,,1899,10,2,14,17,0.0,,15.654,40.555,,,,10.7,,4.62,,
10005697,,1899,11,15,23,40,0.0,,11.44,45.404,,,,14.0,,4.31,,
10005700,,1899,12,19,21,17,0.0,,15.25,45.5,,,,3.2,,3.87,,
10005702,,1899,12,26,10,10,0.0,,7.517,44.475,,,,19.0,,4.22,,
10005715,,1900,1,29,4,22,0.0,,13.972,42.279,,,,4.8,,4.08,,
10005723,,1900,3,4,16,55,0.0,,12.067,45.849,,,,6.1,,5.05,,
10005733,,1900,4,22,0,0,0.0,,7.872,43.849,,,,10.0,,3.7,,
10005738,,1900,5,18,0,24,0.0,,6.8,46.383,,,,15.0,,3.5,,
10005739,,1900,5,19,16,55,0.0,,12.768,42.583,,,,6.8,,4.22,,
10005758,,1900,8,6,23,0,0.0,,9.1,47.0,,,,3.0,,4.3,,
10005760,,1900,8,10,4,28,13.0,,13.733,42.781,,,,8.2,,4.28,,
10005764,,1900,8,16,21,0,0.0,,7.502,45.416,,,,5.0,,4.16,,
10005767,,1900,8,28,16,38,0.0,,11.287,43.469,,,,9.0,,3.7,,
10005783,,1900,12,9,4,30,0.0,,13.65,46.2,,,,9.7,,4.04,,
10005784,,1900,12,10,18,0,0.0,,9.53,46.87,,,,6.0,,3.9,,
10005785,,1900,12,15,17,10,0.0,,15.4,44.1,,,,11.6,,4.54,,
10005787,,1900,12,23,22,30,0.0,,15.727,41.815,,,,5.0,,4.37,,
10005788,,1900,12,25,23,15,0.0,,5.917,45.567,,,,6.0,,3.7,,
10005789,,1900,12,29,0,7,57.0,,13.575,41.744,,,,6.1,,4.06,,
10005791,,1900,12,30,23,36,20.0,,8.447,44.651,,,,9.5,,4.35,,
10005796,,1901,1,15,17,59,0.0,,18.6,42.4,,,,5.0,,3.81,,
10005797,,1901,1,19,5,15,0.0,,12.113,42.719,,,,24.1,,4.16,,
10005799,,1901,1,20,6,34,20.0,,11.087,44.892,,,,6.4,,4.11,,
10005800,,1901,1,23,0,17,10.0,,8.998,45.034,,,,9.5,,4.23,,
10005807,,1901,2,16,20,6,15.0,,15.01,46.18,,,,10.0,,4.9,,
10005818,,1901,3,29,7,5,0.0,,7.101,45.178,,,,2.0,,4.28,,
10005828,,1901,4,20,9,35,5.0,,7.516,44.322,,,,15.2,,4.31,,
10005836,,1901,4,26,7,29,0.0,,18.8,42.5,,,,10.0,,4.02,,
10005837,,1901,4,26,12,0,0.0,,9.233,46.55,,,,7.0,,3.5,,
10005848,,1901,6,19,12,0,0.0,,12.232,42.546,,,,12.7,,4.4,,
10005849,,1901,6,20,17,30,0.0,,16.541,38.878,,,,5.5,,4.31,,
10005856,,1901,7,22,8,28,16.0,,17.6,43.15,,,,16.0,,4.81,,
10005859,,1901,7,31,10,38,30.0,,13.75,41.719,,,,4.4,,5.16,,
10005861,,1901,8,10,20,49,2.0,,15.6,43.9,,,,15.0,,4.77,,
10005871,,1901,9,22,21,42,12.0,,10.952,43.564,,,,2.3,,4.68,,
10005873,,1901,9,25,23,40,0.0,,12.879,43.877,,,,0.1,,4.23,,
10005875,,1901,10,7,21,4,0.0,,18.7,42.4,,,,1.0,,4.18,,
10005877,,1901,10,15,13,55,53.0,,13.964,42.257,,,,1.6,,4.22,,
10005880,,1901,10,26,20,30,0.0,,15.167,45.967,,,,1.8,,4.05,,
10005883,,1901,10,30,14,49,58.0,,10.49,45.584,,,,18.0,,5.44,,
10005896,,1901,12,13,0,10,22.0,,16.191,38.651,,,,12.2,,4.81,,
10005903,,1902,1,10,19,40,0.0,,14.22,45.67,,,,5.6,,4.1,,
10005912,,1902,2,11,15,15,0.0,,13.767,46.15,,,,2.9,,3.73,,
10005919,,1902,3,5,7,6,0.0,,10.463,44.093,,,,6.1,,4.98,,
10005931,,1902,4,11,1,28,44.0,,8.86,44.856,,,,1.6,,3.7,,
10005954,,1902,6,19,9,23,56.0,,11.43333,47.28333,,,,8.0,,4.2,,
10005958,,1902,6,27,16,48,0.0,,11.832,43.643,,,,6.2,,4.46,,
10005960,,1902,7,4,1,58,0.0,,17.9,43.0,,,,20.0,,4.57,,
10005962,,1902,7,7,3,57,0.0,,13.75,46.167,,,,9.0,,3.67,,
10005970,,1902,7,20,22,37,0.0,,13.995,41.371,,,,7.7,,3.83,,
10005984,,1902,9,21,20,12,6.0,,13.353,41.703,,,,12.9,,4.02,,
10005986,,1902,10,2,2,50,0.0,,18.8,42.2,,,,20.0,,4.77,,
10005990,,1902,10,11,18,30,36.0,,13.63,45.82,,,,10.0,,4.16,,
10005993,,1902,10,23,8,51,0.0,,12.839,42.357,,,,40.4,,4.74,,
10006001,,1902,11,21,9,10,0.0,,7.073,45.036,,,,2.0,,4.16,,
10006007,,1902,12,1,17,36,8.0,,15.2,44.1,,,,20.0,,3.86,,
10006009,,1902,12,4,16,35,1.0,,10.128,44.121,,,,8.7,,4.35,,
10006013,,1902,12,17,5,21,0.0,,11.602,42.839,,,,17.4,,4.83,,
10006014,,1902,12,17,15,20,0.0,,15.13,45.97,,,,10.0,,4.5,,
10006017,,1903,1,3,3,57,0.0,,9.48,46.98,,,,23.0,,3.9,,
10006027,,1903,2,10,8,4,0.0,,15.014,36.903,,,,4.0,,4.32,,
10006028,,1903,2,16,19,59,0.0,,14.23,46.03,,,,9.1,,4.9,,
10006049,,1903,3,21,21,35,0.0,,7.073,44.289,,,,10.0,,4.16,,
10006054,,1903,3,27,3,6,3.0,,17.3,43.2,,,,20.0,,5.32,,
10006060,,1903,4,4,1,41,0.0,,8.337,43.819,,,,2.7,,4.45,,
10006062,,1903,4,18,17,33,46.0,,15.4,44.3,,,,10.0,,4.18,,
10006078,,1903,5,26,21,7,0.0,,12.86,42.402,,,,2.8,,3.93,,
10006086,,1903,7,3,10,40,0.0,,18.5,42.5,,,,10.0,,3.74,,
10006091,,1903,7,11,3,45,0.0,,9.567,46.767,,,,10.0,,3.9,,
10006092,,1903,7,13,8,19,0.0,,14.575,37.154,,,,11.0,,4.14,,
10006097,,1903,7,27,3,46,0.0,,9.953,44.329,,,,9.5,,5.19,,
10006129,,1903,10,31,23,16,50.0,,14.2,45.783,,,,8.5,,3.65,,
10006130,,1903,11,2,21,52,0.0,,13.074,42.794,,,,9.9,,4.81,,
10006132,,1903,11,3,10,29,0.0,,6.883,46.45,,,,3.0,,3.9,,
10006145,,1903,12,7,19,45,0.0,,14.854,41.124,,,,5.5,,3.93,,
10006150,,1904,1,11,10,23,0.0,,9.8,46.833,,,,9.0,,3.9,,
10006151,,1904,1,16,16,28,30.0,,8.493,44.456,,,,29.3,,4.01,,
10006162,,1904,2,24,15,53,26.0,,13.316,42.097,,,,5.8,,5.68,,
10006168,,1904,3,10,4,26,6.0,,13.8,46.5,,,,7.0,,5.2,,
10006175,,1904,3,31,8,41,48.0,,14.92,46.15,,,,9.7,,4.5,,
10006196,,1904,4,8,8,22,0.0,,15.728,41.706,,,,1.8,,4.75,,
10006223,,1904,5,22,12,17,0.0,,14.183,45.7,,,,13.4,,3.88,,
10006230,,1904,6,20,1,24,0.0,,12.66,43.013,,,,6.7,,4.1,,
10006237,,1904,7,12,5,31,0.0,,6.667,44.917,,,,15.2,,4.5,,
10006240,,1904,7,16,23,35,0.0,,14.809,38.577,,,,25.1,,4.16,,
10006241,,1904,7,18,20,2,0.0,,14.847,41.204,,,,21.0,,4.5,,
10006261,,1904,8,31,1,10,0.0,,7.05,46.45,,,,6.0,,3.5,,
10006262,,1904,9,2,11,21,0.0,,13.301,43.035,,,,6.8,,4.63,,
10006265,,1904,9,7,11,30,0.0,,11.383,42.979,,,,5.0,,4.31,,
10006266,,1904,9,12,1,30,0.0,,15.1,45.767,,,,6.1,,3.81,,
10006269,,1904,9,16,5,37,11.0,,14.6,45.3,,,,5.0,,4.91,,
10006272,,1904,10,9,6,41,0.0,,12.515,46.267,,,,9.5,,4.16,,
10006284,,1904,11,10,17,9,0.0,,14.25,46.02,,,,13.2,,4.1,,
10006285,,1904,11,15,19,16,0.0,,7.718,43.881,,,,10.0,,4.16,,
10006286,,1904,11,17,5,2,0.0,,10.821,43.965,,,,0.1,,5.1,,
10006290,,1904,11,30,11,6,0.0,,14.4,47.23,,,,8.0,,3.7,,
10006292,,1904,12,4,5,20,0.0,,9.417,46.933,,,,6.0,,3.9,,
10006296,,1904,12,8,0,57,0.0,,13.22,47.41,,,,8.0,,3.7,,
10006301,,1905,1,5,15,10,0.0,,17.6,43.0,,,,3.0,,3.54,,
10006313,,1905,2,2,22,55,0.0,,14.41,47.15,,,,3.0,,3.59,,
10006315,,1905,2,3,19,28,0.0,,13.75,46.25,,,,6.0,,4.1,,
10006317,,1905,2,8,6,50,0.0,,17.4,43.1,,,,10.0,,4.18,,
10006322,,1905,2,12,8,28,0.0,,11.558,42.862,,,,10.0,,4.55,,
10006328,,1905,2,24,5,25,0.0,,11.67,47.3,,,,5.0,,3.84,,
10006342,,1905,4,22,3,0,0.0,,15.283,45.667,,,,7.0,,3.87,,
10006345,,1905,4,29,1,59,0.0,,6.9,46.09,,,,8.0,,5.6,,
10006359,,1905,5,30,4,55,0.0,,7.646,44.435,,,,19.0,,4.65,,
10006361,,1905,6,1,4,42,15.0,,19.5,42.0,,,,11.0,,6.66,,
10006379,,1905,6,29,19,49,0.0,,15.599,40.525,,,,9.1,,4.14,,
10006382,,1905,7,3,8,47,0.0,,9.1,47.0,,,,19.0,,3.9,,
10006399,,1905,8,18,4,7,0.0,,15.379,41.649,,,,10.0,,4.61,,
10006400,,1905,8,25,20,41,0.0,,14.026,42.019,,,,8.5,,5.15,,
10006401,,1905,8,28,15,49,35.0,,18.0,43.1,,,,2.0,,3.57,,
10006406,,1905,9,8,1,43,0.0,,16.0,38.811,,,,10.0,,6.95,,
10006414,,1905,10,15,8,30,0.0,,15.4,44.6,,,,3.0,,3.88,,
10006434,,1905,11,15,14,36,0.0,,13.75,46.3,,,,7.9,,3.81,,
10006437,,1905,11,20,10,42,0.0,,18.5,42.5,,,,10.0,,3.74,,
10006439,,1905,11,26,0,0,0.0,,15.028,41.134,,,,18.0,,5.18,,
10006440,,1905,11,30,22,0,0.0,,13.22,43.158,,,,0.1,,3.7,,
10006449,,1905,12,9,21,41,0.0,,12.701,42.843,,,,23.2,,4.24,,
10006451,,1905,12,17,2,44,0.0,,15.167,45.767,,,,12.3,,3.83,,
10006455,,1905,12,25,17,5,0.0,,9.48,46.81,,,,15.0,,4.7,,
10006468,,1906,2,5,3,44,16.0,,14.55,46.08,,,,11.0,,4.7,,
10006469,,1906,2,5,16,34,0.0,,12.86,42.722,,,,26.5,,4.41,,
10006480,,1906,3,1,9,26,0.0,,17.8,43.1,,,,4.0,,4.54,,
10006484,,1906,3,3,21,56,0.0,,20.0,41.0,,,,6.0,,5.76,,
10006486,,1906,3,4,11,38,3.0,,15.4,44.6,,,,7.0,,3.99,,
10006490,,1906,3,19,20,15,0.0,,13.193,38.709,,,,11.6,,4.63,,
10006498,,1906,4,21,6,35,0.0,,11.137,43.446,,,,5.2,,4.3,,
10006509,,1906,5,16,5,6,18.0,,19.3,38.0,,,,0.0,,5.3,,
10006515,,1906,6,3,19,39,0.0,,13.02,46.464,,,,10.0,,4.38,,
10006516,,1906,6,4,23,20,0.0,,14.4,37.75,,,,0.6,,5.15,,
10006527,,1906,7,1,0,50,0.0,,13.141,42.384,,,,5.0,,4.29,,
10006528,,1906,7,2,19,50,0.0,,15.991,40.297,,,,19.1,,3.78,,
10006529,,1906,7,4,2,31,10.0,,18.4,42.9,,,,19.0,,4.54,,
10006530,,1906,7,4,4,40,14.0,,18.75,42.5,,,,12.0,,4.28,,
10006534,,1906,7,14,18,35,0.0,,8.88,44.734,,,,0.1,,4.16,,
10006540,,1906,8,2,3,48,0.0,,10.361,45.552,,,,3.4,,3.76,,
10006542,,1906,8,11,9,58,0.0,,7.9,43.787,,,,2.0,,4.41,,
10006544,,1906,8,25,3,11,0.0,,10.079,44.812,,,,11.0,,4.25,,
10006561,,1906,10,3,8,55,0.0,,17.1,43.0,,,,10.0,,4.18,,
10006572,,1906,11,10,17,55,0.0,,9.567,44.388,,,,3.8,,4.22,,
10006577,,1906,11,24,13,26,52.0,,9.833,46.8,,,,10.0,,3.9,,
10006584,,1906,12,15,19,21,0.0,,20.0,38.4,,,,0.0,,5.4,,
10006586,,1906,12,20,2,38,0.0,,11.219,43.457,,,,9.3,,3.96,,
10006596,,1907,1,19,20,30,0.0,,14.3,46.0,,,,2.9,,3.73,,
10006598,,1907,1,21,3,41,0.0,,13.552,38.021,,,,23.0,,4.14,,
10006601,,1907,1,23,0,25,0.0,,14.097,43.048,,,,0.1,,4.75,,
10006615,,1907,2,11,9,34,58.0,,18.3,42.7,,,,7.0,,4.34,,
10006622,,1907,3,3,10,48,0.0,,12.965,40.892,,,,9.3,,4.4,,
10006627,,1907,3,15,2,0,0.0,,14.133,46.367,,,,4.5,,3.65,,
10006629,,1907,3,20,13,28,0.0,,14.528,41.579,,,,8.4,,4.38,,
10006643,,1907,4,20,13,25,0.0,,10.476,46.508,,,,12.0,,4.76,,
10006646,,1907,4,25,4,52,0.0,,11.073,45.318,,,,0.1,,4.79,,
10006650,,1907,5,10,4,25,0.0,,14.6,46.133,,,,2.3,,4.71,,
10006666,,1907,7,2,2,32,0.0,,13.103,46.423,,,,9.7,,4.53,,
10006668,,1907,7,10,3,0,0.0,,14.065,41.889,,,,0.7,,3.93,,
10006677,,1907,8,1,10,7,40.0,,17.9,43.1,,,,12.0,,5.4,,
10006693,,1907,8,16,13,0,0.0,,20.1,41.1,,,,19.0,,6.26,,
10006701,,1907,10,7,14,22,0.0,,13.655,41.685,,,,7.8,,4.2,,
10006724,,1907,12,16,18,15,0.0,,13.75,46.133,,,,7.7,,3.6,,
10006727,,1907,12,20,10,29,15.0,,11.374,43.486,,,,9.1,,4.44,,
10006733,,1908,1,8,21,41,0.0,,15.503,42.12,,,,11.8,,4.16,,
10006735,,1908,1,16,10,27,0.0,,13.368,42.338,,,,20.3,,4.12,,
10006736,,1908,1,25,1,28,30.0,,18.4,42.2,,,,30.0,,4.5,,
10006737,,1908,1,25,4,23,48.0,,19.5,42.0,,,,19.0,,4.57,,
10006741,,1908,2,3,13,36,26.0,,11.176,45.56,,,,5.0,,4.32,,
10006751,,1908,3,1,14,1,0.0,,14.2,45.68,,,,5.6,,4.1,,
10006761,,1908,3,17,3,59,0.0,,13.339,43.129,,,,6.8,,4.61,,
10006763,,1908,3,26,13,49,0.0,,16.419,40.498,,,,10.0,,4.31,,
10006765,,1908,4,8,0,4,0.0,,14.7,45.95,,,,11.1,,4.11,,
10006772,,1908,5,9,4,1,0.0,,9.312,44.344,,,,7.9,,3.83,,
10006774,,1908,5,12,5,9,0.0,,14.38,46.99,,,,8.0,,3.7,,
10006780,,1908,5,24,8,37,0.0,,8.074,45.464,,,,0.1,,4.1,,
10006781,,1908,5,24,20,0,0.0,,13.95,46.267,,,,6.5,,3.51,,
10006788,,1908,6,2,22,30,0.0,,10.823,44.264,,,,9.1,,4.5,,
10006789,,1908,6,5,2,58,0.0,,14.065,41.889,,,,0.1,,3.93,,
10006807,,1908,6,26,13,15,0.0,,11.45,43.322,,,,9.8,,4.36,,
10006808,,1908,6,28,3,19,0.0,,11.294,44.833,,,,20.8,,3.93,,
10006811,,1908,6,30,5,44,0.0,,14.581,38.56,,,,5.0,,4.4,,
10006815,,1908,7,10,2,13,35.0,,13.191,46.465,,,,5.0,,5.31,,
10006817,,1908,7,10,23,37,0.0,,16.9,43.2,,,,15.0,,3.91,,
10006822,,1908,8,15,9,40,0.0,,14.337,37.907,,,,27.0,,5.08,,
10006826,,1908,8,21,7,24,0.0,,13.8,44.4,,,,10.0,,4.18,,
10006825,,1908,8,21,7,24,0.0,,13.8,41.5,,,,4.4,,4.4,,
10006828,,1908,9,16,20,15,0.0,,15.715,41.752,,,,10.4,,3.72,,
10006830,,1908,9,25,9,25,0.0,,17.8,43.1,,,,5.0,,3.81,,
10006833,,1908,10,3,18,3,40.0,,14.817,46.083,,,,5.0,,3.7,,
10006853,,1908,11,7,15,23,0.0,,11.682,43.273,,,,9.3,,4.25,,
10006855,,1908,11,11,16,28,0.0,,15.3,44.0,,,,30.0,,4.01,,
10006857,,1908,11,16,16,28,0.0,,13.597,43.156,,,,11.1,,3.7,,
10006868,,1908,12,18,5,6,0.0,,12.54,47.0,,,,8.0,,3.7,,
10006877,,1908,12,28,4,20,27.0,,15.687,38.146,,,,10.9,,7.1,,
10006886,,1909,1,2,1,5,0.0,,14.52,37.231,,,,22.3,,5.33,,
10006890,,1909,1,11,1,15,0.0,,13.772,41.584,,,,12.1,,4.16,,
10006891,,1909,1,13,0,45,0.0,,11.688,44.579,,,,11.0,,5.36,,
10006896,,1909,1,20,19,58,0.0,,18.031,40.178,,,,10.0,,4.51,,
10006905,,1909,2,6,8,5,0.0,,12.647,42.562,,,,3.8,,4.16,,
10006909,,1909,2,10,2,40,0.0,,6.717,46.283,,,,11.0,,3.6,,
10006940,,1909,3,11,2,30,0.0,,15.25,45.6,,,,2.5,,3.73,,
10006943,,1909,3,16,15,53,0.0,,13.393,42.442,,,,10.0,,4.03,,
10006944,,1909,3,18,2,51,0.0,,10.431,44.185,,,,6.9,,4.13,,
10006976,,1909,5,17,10,28,0.0,,16.777,39.312,,,,9.9,,4.16,,
10006984,,1909,5,27,6,10,0.0,,8.076,43.908,,,,15.9,,4.34,,
10007020,,1909,7,29,3,0,0.0,,13.772,41.584,,,,0.1,,4.16,,
10007037,,1909,8,25,0,22,0.0,,11.403,43.15,,,,7.4,,5.34,,
10007049,,1909,9,20,5,4,0.0,,11.756,42.543,,,,7.5,,4.63,,
10007054,,1909,9,22,16,25,0.0,,13.22,47.41,,,,8.0,,3.7,,
10007059,,1909,10,1,1,8,0.0,,12.737,42.736,,,,14.5,,4.4,,
10007060,,1909,10,5,1,10,0.0,,7.174,44.881,,,,2.0,,4.25,,
10007076,,1909,11,1,10,27,0.0,,17.9,43.1,,,,15.0,,3.53,,
10007077,,1909,11,2,18,50,0.0,,14.2,45.7,,,,9.0,,4.5,,
10007081,,1909,11,11,20,40,0.0,,5.4,43.633,,,,4.0,,3.8,,
10007091,,1909,12,3,6,20,0.0,,15.37,40.843,,,,5.0,,3.96,,
10007096,,1909,12,24,18,40,0.0,,10.348,45.571,,,,6.9,,4.17,,
10007097,,1909,12,30,4,5,0.0,,15.1,45.767,,,,2.9,,3.73,,
10007106,,1910,1,22,20,30,0.0,,11.176,45.022,,,,5.1,,4.02,,
10007107,,1910,1,23,1,50,0.0,,9.659,44.857,,,,2.7,,4.39,,
10007109,,1910,1,25,8,27,0.0,,13.259,38.453,,,,5.0,,4.48,,
10007115,,1910,2,3,1,24,0.0,,9.917,46.383,,,,7.0,,3.5,,
10007123,,1910,2,22,15,35,0.0,,13.363,42.092,,,,10.0,,4.16,,
10007125,,1910,3,6,22,22,0.0,,13.105,42.63,,,,17.4,,3.93,,
10007133,,1910,3,24,14,37,0.0,,14.28,47.2,,,,5.0,,4.23,,
10007137,,1910,3,31,18,38,0.0,,16.509,38.947,,,,6.0,,3.93,,
10007138,,1910,4,5,19,20,0.0,,12.964,45.836,,,,10.0,,4.12,,
10007150,,1910,5,16,9,48,5.0,,18.0,43.1,,,,15.0,,3.53,,
10007157,,1910,5,28,1,45,0.0,,16.132,40.132,,,,16.1,,3.84,,
10007162,,1910,6,7,2,4,0.0,,15.421,40.898,,,,16.9,,5.76,,
10007163,,1910,6,8,11,49,0.0,,14.162,37.87,,,,9.6,,3.9,,
10007180,,1910,6,29,13,52,0.0,,12.929,42.742,,,,3.6,,4.93,,
10007191,,1910,7,13,8,32,0.0,,10.84,47.32,,,,8.0,,4.87,,
10007194,,1910,7,22,1,28,0.0,,15.217,45.583,,,,5.0,,3.7,,
10007200,,1910,8,2,7,15,25.0,,18.0,43.1,,,,2.0,,3.66,,
10007215,,1910,8,31,18,57,23.0,,17.0,42.0,,,,10.0,,4.63,,
10007216,,1910,9,6,3,20,0.0,,9.392,44.548,,,,2.6,,4.13,,
10007224,,1910,10,3,11,4,0.0,,16.248,40.177,,,,30.9,,4.62,,
10007248,,1910,12,29,5,47,0.0,,13.822,41.489,,,,11.2,,3.7,,
10007255,,1911,1,14,11,29,0.0,,14.6,46.133,,,,10.9,,3.64,,
10007265,,1911,2,8,2,54,0.0,,13.117,46.407,,,,2.9,,4.26,,
10007268,,1911,2,18,21,35,15.0,,20.7,40.85,,,,21.0,,6.76,,
10007271,,1911,2,19,7,18,30.0,,12.074,44.117,,,,0.1,,5.26,,
10007279,,1911,3,1,3,50,0.0,,13.65,46.1,,,,13.7,,4.16,,
10007282,,1911,3,2,4,58,42.0,,17.5,43.0,,,,7.8,,3.83,,
10007321,,1911,4,17,11,53,0.0,,18.2,42.8,,,,5.0,,3.62,,
10007330,,1911,4,24,17,19,0.0,,10.34,47.15,,,,5.0,,3.84,,
10007359,,1911,5,28,13,52,0.0,,13.405,42.376,,,,6.4,,4.16,,
10007406,,1911,9,9,11,32,0.0,,13.57,42.31,,,,12.1,,4.36,,
10007408,,1911,9,13,22,29,2.0,,11.344,43.436,,,,5.2,,5.08,,
10007413,,1911,9,24,6,5,23.0,,17.6,43.2,,,,9.4,,3.62,,
10007418,,1911,10,29,6,49,0.0,,14.691,37.266,,,,6.0,,4.16,,
10007422,,1911,11,11,18,9,0.0,,12.32,46.81,,,,6.0,,4.4,,
10007440,,1912,1,14,3,11,0.0,,8.066,43.898,,,,2.0,,3.89,,
10007455,,1912,1,30,21,40,0.0,,14.102,37.751,,,,17.3,,4.4,,
10007460,,1912,2,9,20,17,0.0,,6.533,44.583,,,,4.0,,4.0,,
10007472,,1912,2,27,23,20,0.0,,14.417,46.417,,,,8.3,,3.96,,
10007474,,1912,3,2,21,0,0.0,,17.6,42.9,,,,12.0,,3.91,,
10007506,,1912,4,20,1,5,0.0,,15.12,45.93,,,,14.5,,4.5,,
10007518,,1912,5,9,23,3,0.0,,11.39,47.27,,,,6.0,,3.56,,
10007519,,1912,5,11,5,14,0.0,,12.609,43.58,,,,9.6,,3.96,,
10007533,,1912,5,31,21,40,0.0,,7.785,45.549,,,,15.8,,4.71,,
10007537,,1912,6,8,7,33,1.0,,20.0,39.5,,,,0.0,,4.9,,
10007538,,1912,6,8,15,18,0.0,,15.4,44.6,,,,9.0,,3.53,,
10007542,,1912,7,2,7,34,0.0,,15.88,41.476,,,,10.0,,4.55,,
10007546,,1912,7,7,4,45,0.0,,13.636,41.688,,,,9.3,,4.18,,
10007555,,1912,8,5,10,33,0.0,,12.361,46.185,,,,5.4,,4.34,,
10007565,,1912,8,15,23,50,0.0,,11.258,44.058,,,,8.2,,4.22,,
10007569,,1912,9,12,21,15,0.0,,10.885,44.784,,,,3.6,,3.76,,
10007577,,1912,10,1,18,10,0.0,,9.693,45.052,,,,8.0,,3.7,,
10007585,,1912,11,7,14,12,0.0,,16.32,38.78,,,,0.1,,4.37,,
10007602,,1912,12,22,8,5,0.0,,15.617,38.206,,,,9.9,,4.68,,
10007604,,1913,1,3,13,39,25.0,,13.657,41.868,,,,8.7,,4.53,,
10007619,,1913,2,13,16,39,0.0,,10.805,44.13,,,,7.9,,4.18,,
10007620,,1913,2,24,11,53,0.0,,19.6,41.8,,,,10.0,,5.07,,
10007624,,1913,2,28,15,16,0.0,,14.333,46.15,,,,17.2,,4.0,,
10007630,,1913,3,27,2,25,44.0,,9.327,44.895,,,,0.1,,4.24,,
10007642,,1913,5,14,7,17,0.0,,5.85,43.883,,,,4.0,,5.0,,
10007643,,1913,5,20,16,15,9.0,,14.367,45.517,,,,7.0,,3.91,,
10007659,,1913,6,28,8,53,2.0,,16.239,39.531,,,,10.4,,5.64,,
10007667,,1913,7,21,22,35,0.0,,11.762,44.041,,,,4.2,,4.79,,
10007669,,1913,7,24,5,15,0.0,,7.227,44.354,,,,10.0,,4.22,,
10007671,,1913,7,26,10,58,0.0,,15.171,40.853,,,,5.5,,3.93,,
10007678,,1913,8,9,1,45,0.0,,12.436,43.442,,,,6.7,,3.93,,
10007685,,1913,10,4,18,26,0.0,,14.716,41.513,,,,14.2,,5.35,,
10007686,,1913,10,6,22,50,0.0,,9.033,46.95,,,,4.0,,3.5,,
10007703,,1913,11,25,20,55,0.0,,10.196,44.551,,,,17.7,,4.65,,
10007706,,1913,12,5,16,35,29.0,,17.5,43.0,,,,11.8,,4.01,,
10007707,,1913,12,7,1,28,0.0,,8.862,44.744,,,,6.1,,4.57,,
10007714,,1913,12,22,11,38,0.0,,9.433,46.767,,,,10.0,,3.9,,
10007719,,1914,1,15,3,27,20.0,,10.433,43.47,,,,0.1,,4.33,,
10007737,,1914,2,11,0,22,43.0,,14.167,45.633,,,,17.2,,4.66,,
10007756,,1914,3,24,9,18,53.0,,15.333,45.667,,,,3.0,,3.72,,
10007760,,1914,4,7,20,15,0.0,,9.533,46.87,,,,5.0,,3.5,,
10007764,,1914,4,14,2,49,0.0,,13.578,42.022,,,,32.4,,4.26,,
10007774,,1914,5,15,13,6,0.0,,11.361,43.453,,,,4.0,,4.16,,
10007800,,1914,7,31,21,5,0.0,,12.738,43.177,,,,6.1,,4.47,,
10007809,,1914,8,31,13,26,0.0,,11.5,47.3,,,,3.0,,4.59,,
10007834,,1914,10,16,15,52,0.0,,15.2,44.0,,,,10.0,,3.62,,
10007851,,1914,10,26,3,43,22.0,,7.36,45.05,,,,10.5,,5.24,,
10007855,,1914,10,27,9,22,0.0,,10.598,43.912,,,,4.3,,5.63,,
10007871,,1914,11,29,3,21,0.0,,7.067,46.117,,,,8.0,,3.5,,
10007890,,1915,1,13,6,52,43.0,,13.53,42.014,,,,2.9,,7.08,,
10007893,,1915,1,13,19,30,0.0,,12.261,44.161,,,,0.2,,4.38,,
10007903,,1915,1,18,23,30,0.0,,16.245,39.41,,,,10.0,,4.97,,
10007909,,1915,1,29,22,0,0.0,,13.65,46.217,,,,2.2,,4.05,,
10007913,,1915,2,5,2,15,0.0,,9.2,46.333,,,,15.0,,3.5,,
10007918,,1915,2,14,12,43,15.0,,8.55,46.85,,,,8.0,,3.9,,
10007919,,1915,2,16,3,15,0.0,,6.233,44.1,,,,4.0,,3.7,,
10007921,,1915,2,22,0,37,7.0,,15.217,45.767,,,,10.6,,4.74,,
10007931,,1915,3,15,11,23,0.0,,12.893,43.012,,,,8.6,,4.97,,
10007932,,1915,3,15,21,55,38.0,,14.2,45.8,,,,5.0,,4.4,,
10007954,,1915,6,12,21,11,0.0,,14.958,38.468,,,,3.0,,4.16,,
10007958,,1915,6,16,3,27,17.0,,7.433,46.267,,,,4.0,,3.5,,
10007970,,1915,6,26,13,40,12.0,,8.617,46.95,,,,6.0,,3.9,,
10008043,,1915,8,19,6,42,16.0,,20.2,39.2,,,,0.0,,6.1,,
10008044,,1915,8,25,2,13,0.0,,7.06,46.1,,,,19.0,,4.6,,
10008045,,1915,8,25,7,30,0.0,,15.2,45.75,,,,2.4,,4.5,,
10008052,,1915,9,11,8,25,0.0,,15.627,38.126,,,,8.3,,4.16,,
10008070,,1915,10,10,23,10,0.0,,10.47,44.733,,,,10.0,,4.87,,
10008085,,1915,11,7,2,20,0.0,,14.333,46.117,,,,4.4,,3.64,,
10008104,,1916,1,5,1,20,0.0,,17.6,43.2,,,,6.0,,3.91,,
10008121,,1916,2,8,2,33,0.0,,14.5,46.05,,,,11.1,,4.5,,
10008125,,1916,2,20,3,15,40.0,,20.8,40.3,,,,0.0,,4.8,,
10008136,,1916,3,10,0,55,0.0,,7.033,46.117,,,,10.0,,3.5,,
10008137,,1916,3,12,3,23,56.0,,14.92,45.14,,,,10.0,,5.55,,
10008147,,1916,5,1,10,24,0.0,,14.66,47.17,,,,7.0,,4.8,,
10008157,,1916,5,17,12,50,0.0,,12.748,44.119,,,,8.6,,5.82,,
10008167,,1916,7,3,23,21,0.0,,15.291,38.9,,,,27.7,,4.66,,
10008168,,1916,7,4,5,6,0.0,,13.227,42.824,,,,6.8,,4.82,,
10008171,,1916,7,15,2,17,0.0,,14.75,46.133,,,,18.5,,3.71,,
10008179,,1916,7,27,18,38,0.0,,10.469,44.074,,,,8.7,,4.56,,
10008180,,1916,8,2,7,30,0.0,,11.043,43.467,,,,2.0,,3.93,,
10008201,,1916,8,19,5,30,0.0,,7.173,44.308,,,,15.2,,4.49,,
10008205,,1916,9,5,23,40,31.0,,18.7,42.5,,,,35.0,,3.91,,
10008206,,1916,9,7,15,13,0.0,,12.525,42.775,,,,3.7,,4.4,,
10008219,,1916,10,11,12,0,0.0,,13.733,46.5,,,,3.3,,3.5,,
10008226,,1916,10,30,0,17,0.0,,14.8,46.3,,,,8.0,,4.9,,
10008246,,1917,1,7,3,39,0.0,,8.375,44.367,,,,9.5,,4.35,,
10008278,,1917,2,10,18,55,0.0,,8.233,46.883,,,,8.0,,3.5,,
10008282,,1917,2,18,20,10,0.0,,13.193,38.709,,,,32.8,,4.4,,
10008288,,1917,2,22,4,58,31.0,,18.0,42.8,,,,7.0,,4.3,,
10008290,,1917,2,23,17,57,33.0,,17.8,42.3,,,,15.0,,4.2,,
10008294,,1917,2,26,19,55,40.0,,9.1,47.0,,,,8.0,,3.9,,
10008304,,1917,4,3,20,45,0.0,,10.383,46.617,,,,12.0,,3.5,,
10008315,,1917,4,26,9,35,59.0,,12.129,43.467,,,,3.9,,5.99,,
10008316,,1917,4,26,13,14,18.0,,20.4,39.8,,,,0.0,,5.6,,
10008322,,1917,5,14,21,27,0.0,,8.25,46.883,,,,19.0,,3.5,,
10008323,,1917,5,18,14,56,0.0,,9.337,44.337,,,,5.2,,3.7,,
10008352,,1917,7,19,0,55,0.0,,12.704,42.955,,,,5.0,,3.7,,
10008360,,1917,8,9,7,37,0.0,,8.233,46.883,,,,10.0,,3.5,,
10008364,,1917,8,19,4,32,13.0,,19.5,40.5,,,,5.0,,5.07,,
10008369,,1917,9,6,21,27,40.0,,8.95,46.983,,,,7.0,,3.5,,
10008383,,1917,10,13,16,4,0.0,,16.009,40.231,,,,10.3,,5.46,,
10008384,,1917,10,14,17,5,0.0,,12.03,42.537,,,,33.0,,4.2,,
10008390,,1917,11,5,22,47,0.0,,13.628,43.578,,,,4.0,,5.22,,
10008394,,1917,12,2,12,13,0.0,,13.822,41.489,,,,3.6,,3.93,,
10008395,,1917,12,2,17,39,0.0,,11.829,44.059,,,,0.5,,5.09,,
10008397,,1917,12,7,12,15,0.0,,10.35,46.81,,,,10.0,,3.5,,
10008399,,1917,12,9,21,40,0.0,,9.78,46.46,,,,15.0,,4.6,,
10008416,,1918,1,13,12,0,0.0,,8.842,45.455,,,,9.5,,4.62,,
10008422,,1918,1,22,19,39,0.0,,10.868,43.621,,,,33.0,,4.16,,
10008430,,1918,2,2,22,43,51.0,,7.633,46.183,,,,8.0,,3.5,,
10008443,,1918,3,5,0,55,0.0,,7.215,45.136,,,,10.0,,3.7,,
10008455,,1918,4,8,4,30,0.0,,15.217,45.567,,,,3.5,,3.52,,
10008457,,1918,4,14,1,56,0.0,,12.548,42.855,,,,3.8,,4.48,,
10008463,,1918,4,24,14,21,0.0,,9.457,45.813,,,,12.0,,4.95,,
10008468,,1918,5,6,8,5,0.0,,10.63,44.691,,,,5.5,,4.41,,
10008480,,1918,6,29,11,2,2.0,,18.3,42.7,,,,10.0,,4.1,,
10008481,,1918,6,29,12,51,10.0,,17.8,42.5,,,,10.0,,3.62,,
10008483,,1918,7,4,11,25,54.0,,20.5,39.7,,,,0.0,,5.4,,
10008488,,1918,7,16,11,49,56.0,,14.85,46.13,,,,7.1,,4.6,,
10008491,,1918,7,19,19,3,0.0,,10.438,45.326,,,,9.7,,4.06,,
10008492,,1918,8,7,19,14,5.0,,9.76,46.43,,,,10.0,,3.5,,
10008495,,1918,8,13,20,1,0.0,,14.02,46.0,,,,3.5,,4.5,,
10008509,,1918,9,17,2,11,0.0,,14.12,47.51,,,,6.0,,3.56,,
10008512,,1918,9,26,0,16,25.0,,10.3,47.3,,,,6.0,,4.2,,
10008513,,1918,9,28,17,34,0.0,,7.1,45.138,,,,8.4,,3.93,,
10008521,,1918,10,21,20,21,0.0,,7.2,45.95,,,,8.0,,3.5,,
10008522,,1918,11,6,19,26,7.0,,13.28,45.25,,,,11.0,,4.7,,
10008525,,1918,11,10,15,12,28.0,,11.933,43.917,,,,8.2,,5.96,,
10008527,,1918,11,13,20,19,0.0,,7.7,46.033,,,,6.0,,3.5,,
10008530,,1918,11,24,13,38,0.0,,16.321,39.283,,,,11.6,,4.16,,
10008534,,1918,12,3,10,42,0.0,,16.05,38.6,,,,0.1,,4.4,,
10008546,,1919,1,3,5,55,0.0,,7.05,46.25,,,,6.0,,3.5,,
10008554,,1919,1,22,19,23,49.0,,9.667,46.667,,,,7.0,,3.5,,
10008560,,1919,2,13,2,20,0.0,,12.287,43.112,,,,4.4,,4.64,,
10008561,,1919,2,17,16,50,0.0,,7.917,46.65,,,,8.0,,3.5,,
10008569,,1919,3,18,14,17,0.0,,15.485,38.178,,,,4.1,,4.16,,
10008576,,1919,4,20,6,32,0.0,,13.668,42.065,,,,0.6,,4.11,,
10008589,,1919,6,29,15,6,13.0,,11.482,43.957,,,,20.8,,6.38,,
10008590,,1919,7,12,12,6,0.0,,11.914,45.801,,,,14.0,,5.03,,
10008595,,1919,8,13,4,27,0.0,,8.35,46.75,,,,10.0,,3.5,,
10008596,,1919,8,16,21,25,49.0,,8.117,46.283,,,,6.0,,3.5,,
10008612,,1919,9,10,16,57,0.0,,11.788,42.793,,,,17.4,,5.36,,
10008619,,1919,9,16,2,18,37.0,,9.933,46.45,,,,23.0,,3.5,,
10008637,,1919,10,21,0,24,0.0,,15.551,41.674,,,,0.8,,5.03,,
10008666,,1919,11,16,4,25,47.0,,7.317,46.283,,,,7.0,,3.9,,
10008670,,1919,11,22,9,45,10.0,,9.067,47.017,,,,6.0,,3.5,,
10008671,,1919,11,23,1,50,0.0,,10.246,45.655,,,,15.8,,4.79,,
10008673,,1919,11,28,21,38,0.0,,7.76,44.173,,,,5.0,,4.92,,
10008677,,1919,12,22,17,12,0.0,,14.283,46.417,,,,6.6,,3.84,,
10008679,,1919,12,22,23,41,6.0,,20.7,40.3,,,,0.0,,6.3,,
10008693,,1920,1,13,10,35,45.0,,13.301,42.29,,,,48.0,,3.93,,
10008694,,1920,1,27,4,38,0.0,,16.305,39.341,,,,6.6,,3.93,,
10008697,,1920,2,10,23,57,0.0,,13.439,42.837,,,,6.8,,4.3,,
10008707,,1920,3,7,19,21,48.0,,15.692,40.76,,,,11.8,,3.93,,
10008718,,1920,4,1,18,26,35.0,,7.5,46.3,,,,13.0,,3.9,,
10008731,,1920,5,5,14,41,0.0,,13.144,46.384,,,,3.5,,5.27,,
10008742,,1920,5,22,7,15,0.0,,15.22,45.53,,,,11.8,,4.1,,
10008754,,1920,6,21,7,22,0.0,,13.748,41.621,,,,0.6,,4.62,,
10008764,,1920,7,30,20,6,22.0,,14.98,45.19,,,,17.0,,4.4,,
10008774,,1920,9,7,5,55,40.0,,10.278,44.185,,,,9.3,,6.53,,
10008788,,1920,10,6,22,47,0.0,,10.824,45.126,,,,14.0,,4.14,,
10008791,,1920,10,13,23,12,26.0,,19.7,38.0,,,,0.0,,4.9,,
10008796,,1920,10,21,18,57,48.0,,20.3,39.6,,,,0.0,,5.8,,
10008820,,1920,12,5,15,28,0.0,,10.02,46.417,,,,7.0,,3.5,,
10008828,,1920,12,18,2,1,20.0,,20.1,41.1,,,,15.0,,5.66,,
10008835,,1921,1,5,0,20,0.0,,15.08,45.75,,,,5.0,,4.9,,
10008845,,1921,1,27,22,58,48.0,,9.8,46.75,,,,23.0,,3.5,,
10008864,,1921,4,1,6,17,12.0,,17.6,42.9,,,,22.0,,4.3,,
10008867,,1921,4,5,17,40,0.0,,12.774,43.203,,,,3.8,,4.23,,
10008880,,1921,5,1,1,16,15.0,,10.15,46.783,,,,10.0,,3.5,,
10008882,,1921,5,3,8,23,17.0,,6.867,44.783,,,,2.0,,3.7,,
10008902,,1921,6,19,12,52,40.0,,15.955,38.321,,,,8.8,,4.43,,
10008904,,1921,6,26,22,12,0.0,,15.3,43.7,,,,25.0,,4.2,,
10008914,,1921,7,28,2,35,0.0,,12.57,47.53,,,,8.0,,3.7,,
10008923,,1921,8,22,6,8,0.0,,15.18,45.78,,,,5.5,,4.5,,
10008927,,1921,8,23,22,36,5.0,,13.983,41.405,,,,14.7,,3.7,,
10008928,,1921,8,28,10,45,0.0,,13.253,43.12,,,,10.0,,4.66,,
10008930,,1921,9,5,23,54,0.0,,18.0,43.0,,,,28.0,,4.3,,
10008933,,1921,9,12,0,25,0.0,,11.768,45.771,,,,45.3,,4.81,,
10008960,,1921,10,24,2,6,0.0,,12.57,47.53,,,,2.0,,4.59,,
10008968,,1921,11,18,20,47,18.0,,17.3,43.2,,,,15.0,,3.81,,
10008969,,1921,11,21,11,37,30.0,,17.5,42.5,,,,15.0,,4.1,,
10008976,,1921,12,26,22,26,18.0,,18.0,42.7,,,,20.0,,3.62,,
10008995,,1922,3,27,0,10,0.0,,11.865,42.684,,,,5.8,,4.39,,
10009000,,1922,4,5,16,28,0.0,,6.683,43.65,,,,4.0,,3.9,,
10009015,,1922,5,24,21,17,25.0,,11.408,44.821,,,,9.3,,3.7,,
10009022,,1922,6,8,7,47,0.0,,13.286,43.148,,,,11.1,,4.73,,
10009025,,1922,6,9,23,10,0.0,,7.5,46.117,,,,4.0,,3.5,,
10009084,,1922,10,11,6,43,42.0,,13.407,43.628,,,,11.1,,4.34,,
10009089,,1922,11,8,22,24,0.0,,9.083,47.0,,,,3.0,,3.5,,
10009107,,1922,12,16,8,59,51.0,,8.483,46.55,,,,6.0,,3.9,,
10009113,,1922,12,29,12,22,6.0,,13.632,41.793,,,,4.5,,5.24,,
10009117,,1923,1,7,12,27,15.0,,20.1,41.1,,,,17.0,,5.16,,
10009123,,1923,1,30,3,37,0.0,,15.6,43.9,,,,3.0,,4.18,,
10009133,,1923,2,27,5,45,0.0,,15.317,45.683,,,,7.9,,3.53,,
10009165,,1923,5,16,10,6,0.0,,8.15,46.417,,,,4.0,,3.5,,
10009177,,1923,6,15,19,33,0.0,,19.3,39.8,,,,0.0,,4.7,,
10009179,,1923,6,28,15,12,0.0,,10.799,44.595,,,,5.0,,5.04,,
10009188,,1923,7,12,20,49,0.0,,13.463,43.103,,,,3.2,,4.28,,
10009206,,1923,8,16,12,50,0.0,,15.485,38.178,,,,10.0,,3.93,,
10009211,,1923,8,23,2,30,0.0,,13.75,46.467,,,,6.2,,3.81,,
10009223,,1923,9,26,1,18,46.0,,15.71,43.7,,,,15.0,,5.01,,
10009224,,1923,9,27,22,57,30.0,,19.5,41.0,,,,0.0,,5.3,,
10009233,,1923,10,18,0,55,0.0,,14.25,45.5,,,,7.5,,4.71,,
10009238,,1923,10,30,15,35,0.0,,9.983,46.617,,,,8.0,,3.5,,
10009239,,1923,10,30,19,34,12.0,,20.0,40.0,,,,22.0,,4.87,,
10009246,,1923,11,8,12,28,0.0,,15.449,40.677,,,,11.0,,4.73,,
10009247,,1923,11,9,13,22,0.0,,9.0,46.22,,,,10.0,,4.3,,
10009255,,1923,11,28,6,7,0.0,,13.81,47.13,,,,16.0,,4.43,,
10009267,,1923,12,19,16,0,48.0,,18.1,42.9,,,,20.0,,4.1,,
10009269,,1923,12,23,12,34,0.0,,10.183,46.783,,,,10.0,,3.5,,
10009274,,1924,1,2,8,55,13.0,,13.138,43.737,,,,3.1,,5.48,,
10009314,,1924,3,26,20,50,0.0,,14.786,41.341,,,,10.0,,4.06,,
10009317,,1924,4,9,14,49,0.0,,11.816,42.729,,,,27.7,,4.47,,
10009321,,1924,4,15,12,49,0.0,,7.96,46.3,,,,1.0,,5.2,,
10009327,,1924,5,12,8,46,0.0,,12.912,46.409,,,,10.0,,5.04,,
10009328,,1924,5,12,14,30,50.0,,19.5,40.0,,,,0.0,,5.5,,
10009332,,1924,5,21,15,32,0.0,,10.546,46.617,,,,15.0,,4.58,,
10009337,,1924,6,8,6,37,0.0,,7.117,46.467,,,,4.0,,3.5,,
10009339,,1924,6,12,21,3,48.0,,10.776,44.147,,,,5.0,,4.46,,
10009352,,1924,8,14,2,18,0.0,,6.25,45.667,,,,3.0,,4.0,,
10009353,,1924,8,17,21,40,0.0,,14.879,37.132,,,,6.0,,4.74,,
10009365,,1924,9,15,2,30,0.0,,12.841,42.517,,,,8.3,,3.66,,
10009369,,1924,9,21,20,18,0.0,,8.994,44.366,,,,10.0,,4.32,,
10009375,,1924,9,28,11,48,6.0,,18.1,43.0,,,,28.0,,4.49,,
10009394,,1924,11,12,6,46,0.0,,13.193,38.709,,,,0.6,,4.63,,
10009400,,1924,11,28,9,11,0.0,,13.56,41.808,,,,11.0,,4.4,,
10009412,,1924,12,20,17,54,0.0,,9.533,46.87,,,,9.0,,3.5,,
10009420,,1925,1,15,2,50,55.0,,16.86,43.16,,,,21.0,,3.72,,
10009435,,1925,2,27,5,41,0.0,,14.4,45.95,,,,6.6,,3.84,,
10009437,,1925,3,8,15,46,0.0,,14.37,37.813,,,,26.1,,4.57,,
10009441,,1925,3,15,17,15,0.0,,10.286,44.282,,,,8.5,,4.1,,
10009445,,1925,3,21,7,33,40.0,,10.871,43.227,,,,4.0,,4.29,,
10009473,,1925,5,20,7,53,48.0,,20.0,40.3,,,,17.0,,5.26,,
10009497,,1925,7,4,17,48,0.0,,12.251,46.142,,,,2.4,,3.87,,
10009508,,1925,7,20,15,3,30.0,,10.378,44.051,,,,5.7,,3.95,,
10009511,,1925,7,28,3,33,0.0,,15.898,41.264,,,,10.4,,4.2,,
10009513,,1925,8,3,0,31,44.0,,14.5,46.233,,,,5.0,,3.7,,
10009525,,1925,8,25,5,10,0.0,,16.18,41.882,,,,0.1,,4.92,,
10009528,,1925,9,3,18,55,0.0,,11.602,42.867,,,,10.2,,4.16,,
10009532,,1925,9,11,4,40,50.0,,14.77,45.13,,,,9.0,,5.01,,
10009537,,1925,9,24,13,33,46.0,,14.188,41.719,,,,8.7,,5.26,,
10009552,,1925,11,8,0,33,0.0,,7.4,46.4,,,,29.0,,3.5,,
10009563,,1925,12,29,6,35,0.0,,9.783,46.483,,,,7.0,,3.5,,
10009564,,1926,1,1,18,4,3.0,,14.37,45.77,,,,3.6,,5.6,,
10009572,,1926,1,8,9,14,0.0,,11.631,42.852,,,,2.0,,4.9,,
10009587,,1926,2,15,14,36,48.0,,20.0,41.5,,,,20.0,,4.97,,
10009624,,1926,4,23,2,2,0.0,,10.317,46.733,,,,9.0,,3.5,,
10009625,,1926,4,26,5,18,1.0,,18.89,42.34,,,,8.0,,4.3,,
10009633,,1926,6,10,19,16,10.0,,20.0,39.7,,,,6.0,,5.16,,
10009637,,1926,6,16,2,59,0.0,,8.233,46.867,,,,6.0,,3.5,,
10009708,,1926,10,21,9,29,42.0,,14.88,45.11,,,,17.0,,4.6,,
10009722,,1926,11,18,22,57,0.0,,9.786,44.313,,,,9.5,,4.25,,
10009724,,1926,11,30,10,56,11.0,,8.233,46.867,,,,13.0,,3.5,,
10009741,,1926,12,17,11,39,55.0,,19.5,41.3,,,,11.0,,6.26,,
10009743,,1926,12,18,21,7,20.0,,13.541,42.021,,,,5.4,,4.24,,
10009761,,1927,1,15,22,32,0.0,,17.8,42.3,,,,15.0,,3.72,,
10009767,,1927,1,31,11,32,0.0,,14.75,46.133,,,,5.1,,3.71,,
10009770,,1927,2,14,3,43,22.0,,18.12,42.94,,,,13.0,,5.98,,
10009841,,1927,6,21,15,13,30.0,,7.215,45.137,,,,10.0,,4.14,,
10009872,,1927,8,13,1,0,51.0,,9.9,46.5,,,,10.0,,4.4,,
10009876,,1927,8,16,0,53,0.0,,13.074,42.899,,,,19.4,,4.57,,
10009892,,1927,9,22,19,38,45.0,,13.826,37.747,,,,17.3,,3.93,,
10009901,,1927,10,11,14,45,8.0,,13.466,41.841,,,,8.3,,5.2,,
10009909,,1927,10,28,21,49,0.0,,9.59,44.52,,,,17.1,,4.66,,
10009917,,1927,11,20,10,24,12.0,,10.378,44.358,,,,9.8,,4.29,,
10009920,,1927,12,1,9,55,37.0,,12.417,43.417,,,,10.0,,4.56,,
10009922,,1927,12,11,15,49,0.0,,7.275,45.151,,,,15.8,,4.36,,
10009928,,1927,12,27,8,49,0.0,,15.386,41.222,,,,22.8,,4.4,,
10009938,,1928,1,25,16,8,35.0,,15.333,45.783,,,,6.2,,3.81,,
10009939,,1928,1,27,13,22,0.0,,7.7,46.033,,,,6.0,,3.5,,
10009941,,1928,2,2,14,43,0.0,,14.441,38.023,,,,22.2,,3.93,,
10009943,,1928,2,7,23,0,0.0,,9.033,41.967,,,,5.0,,3.8,,
10009955,,1928,3,7,10,55,0.0,,15.936,38.686,,,,11.8,,5.87,,
10009964,,1928,3,27,8,32,0.0,,12.975,46.372,,,,3.0,,6.02,,
10010002,,1928,4,21,13,56,0.0,,11.503,43.026,,,,24.1,,4.4,,
10010028,,1928,5,26,5,54,27.0,,19.7,40.2,,,,18.0,,4.97,,
10010030,,1928,5,30,20,1,0.0,,13.228,43.865,,,,6.6,,5.02,,
10010033,,1928,6,13,8,0,0.0,,10.872,44.797,,,,8.2,,4.67,,
10010041,,1928,7,13,0,0,0.0,,20.7,40.6,,,,19.0,,4.67,,
10010046,,1928,7,20,19,53,0.0,,9.587,44.508,,,,9.8,,4.39,,
10010055,,1928,8,3,23,9,0.0,,10.201,44.126,,,,17.1,,4.26,,
10010071,,1928,9,3,1,40,0.0,,17.128,39.369,,,,8.7,,4.4,,
10010128,,1929,1,14,4,1,0.0,,13.501,41.848,,,,4.7,,4.42,,
10010129,,1929,1,17,0,6,40.0,,19.6,40.6,,,,18.0,,5.16,,
10010130,,1929,1,22,10,6,50.0,,13.094,43.366,,,,10.2,,4.4,,
10010163,,1929,4,11,11,47,0.0,,9.8,46.817,,,,20.0,,3.5,,
10010172,,1929,4,20,1,10,0.0,,11.15,44.481,,,,25.6,,5.36,,
10010182,,1929,5,7,17,6,0.0,,12.741,42.888,,,,4.3,,4.16,,
10010208,,1929,7,15,23,37,0.0,,14.6,45.25,,,,7.3,,3.53,,
10010211,,1929,7,18,21,2,0.0,,11.507,43.988,,,,7.6,,4.96,,
10010213,,1929,7,21,6,13,0.0,,15.1,45.95,,,,4.4,,3.64,,
10010230,,1929,9,2,5,52,0.0,,14.28,46.4,,,,5.1,,4.6,,
10010238,,1929,10,3,17,5,14.0,,13.594,46.136,,,,14.0,,4.06,,
10010240,,1929,10,12,6,10,0.0,,10.217,46.667,,,,20.0,,3.9,,
10010250,,1929,11,14,15,34,48.0,,20.1,41.5,,,,0.0,,5.0,,
10010257,,1929,12,12,13,1,0.0,,11.845,42.683,,,,12.7,,4.16,,
10010264,,1929,12,21,2,25,0.0,,7.417,46.25,,,,8.0,,3.5,,
10010271,,1930,1,4,23,56,23.0,,19.7,40.3,,,,17.0,,4.97,,
10010274,,1930,1,10,21,53,36.0,,12.998,46.376,,,,7.9,,4.48,,
10010279,,1930,2,8,1,0,0.0,,9.383,42.483,,,,7.1,,4.1,,
10010286,,1930,2,25,13,35,54.0,,14.25,45.833,,,,11.6,,4.78,,
10010300,,1930,3,26,10,52,0.0,,14.471,38.547,,,,10.8,,4.92,,
10010307,,1930,4,7,17,17,18.0,,13.196,42.812,,,,3.4,,4.5,,
10010319,,1930,4,25,1,56,10.0,,15.3,45.8,,,,7.0,,4.53,,
10010326,,1930,5,6,20,48,0.0,,16.327,38.409,,,,19.1,,4.35,,
10010336,,1930,5,14,0,1,0.0,,12.347,46.609,,,,0.1,,4.89,,
10010337,,1930,5,18,4,14,0.0,,13.38,47.46,,,,8.0,,4.08,,
10010344,,1930,5,24,22,2,0.0,,10.724,44.136,,,,8.4,,4.91,,
10010357,,1930,7,4,21,6,43.0,,6.583,45.317,,,,10.0,,3.9,,
10010360,,1930,7,10,13,1,41.0,,14.61,45.29,,,,13.0,,3.72,,
10010366,,1930,7,23,0,8,0.0,,15.318,41.068,,,,1.8,,6.67,,
10010388,,1930,8,30,20,35,0.0,,7.357,45.098,,,,9.4,,3.93,,
10010405,,1930,10,7,9,18,29.0,,13.026,42.798,,,,2.5,,3.93,,
10010406,,1930,10,7,23,27,0.0,,10.66,47.36,,,,9.0,,5.35,,
10010407,,1930,10,9,4,33,40.0,,18.037,39.143,,,,10.0,,4.78,,
10010415,,1930,10,30,7,13,0.0,,13.385,43.689,,,,0.9,,5.83,,
10010427,,1930,11,21,2,0,27.0,,19.6,40.2,,,,8.0,,6.16,,
10010459,,1931,1,22,2,54,0.0,,14.85,46.5,,,,12.6,,4.5,,
10010460,,1931,1,25,10,48,26.0,,10.043,44.239,,,,7.0,,4.29,,
10010464,,1931,1,28,5,55,15.0,,20.7,40.6,,,,17.0,,5.86,,
10010503,,1931,3,27,2,46,57.0,,11.764,44.821,,,,5.7,,4.74,,
10010508,,1931,4,11,1,26,0.0,,11.718,44.28,,,,9.8,,4.81,,
10010512,,1931,4,14,22,13,0.0,,10.666,45.974,,,,0.1,,4.77,,
10010514,,1931,4,17,2,14,0.0,,15.17,45.8,,,,7.9,,4.1,,
10010534,,1931,5,13,0,26,0.0,,12.153,42.565,,,,17.6,,4.25,,
10010541,,1931,5,26,15,24,0.0,,13.805,41.497,,,,8.6,,4.36,,
10010544,,1931,6,10,17,2,0.0,,11.022,44.541,,,,17.1,,4.59,,
10010547,,1931,6,21,14,19,0.0,,17.5,43.0,,,,20.0,,4.4,,
10010577,,1931,8,29,15,56,49.0,,13.3,45.3,,,,5.0,,4.3,,
10010590,,1931,9,25,20,28,14.0,,13.013,42.718,,,,6.1,,4.63,,
10010591,,1931,9,29,12,12,19.0,,15.2,43.54,,,,17.0,,3.81,,
10010601,,1931,10,21,7,35,0.0,,13.427,41.722,,,,26.0,,4.23,,
10010618,,1931,11,28,1,6,0.0,,9.8,46.5,,,,10.0,,3.5,,
10010630,,1931,12,23,5,26,30.0,,14.83,46.12,,,,10.0,,4.5,,
10010632,,1931,12,25,11,41,0.0,,13.104,46.259,,,,4.7,,5.25,,
10010633,,1932,1,2,23,36,0.0,,17.555,39.065,,,,20.0,,5.52,,
10010638,,1932,1,19,21,29,0.0,,6.783,44.667,,,,10.0,,3.9,,
10010657,,1932,2,19,12,57,11.0,,10.729,45.632,,,,45.3,,5.16,,
10010669,,1932,3,30,9,56,26.0,,16.858,40.587,,,,28.9,,4.54,,
10010677,,1932,4,19,0,17,0.0,,10.854,44.594,,,,6.7,,3.63,,
10010679,,1932,4,19,4,30,0.0,,20.4,41.4,,,,19.0,,4.67,,
10010687,,1932,5,20,2,30,0.0,,20.7,40.9,,,,19.0,,4.67,,
10010710,,1932,7,13,3,42,0.0,,10.809,44.774,,,,10.3,,3.86,,
10010712,,1932,8,3,11,42,39.0,,20.3,39.7,,,,0.0,,4.9,,
10010718,,1932,8,18,13,41,0.0,,14.033,46.083,,,,5.3,,3.73,,
10010757,,1932,10,21,18,43,0.0,,12.76,47.44,,,,8.0,,3.7,,
10010766,,1932,11,15,16,28,0.0,,14.45,47.2,,,,8.0,,3.7,,
10010776,,1932,12,3,2,26,0.0,,15.907,40.31,,,,24.1,,4.24,,
10010793,,1933,1,24,1,43,0.0,,7.9,46.3,,,,11.0,,4.5,,
10010795,,1933,2,4,1,4,0.0,,17.128,39.081,,,,0.1,,3.7,,
10010796,,1933,2,4,9,35,0.0,,19.4,41.6,,,,19.0,,4.67,,
10010799,,1933,2,18,5,29,42.0,,15.72,43.63,,,,10.0,,3.72,,
10010800,,1933,2,19,23,15,0.0,,14.833,45.867,,,,10.1,,3.73,,
10010801,,1933,2,19,23,16,0.0,,14.25,45.583,,,,10.0,,4.05,,
10010816,,1933,3,7,14,39,0.0,,15.351,41.023,,,,22.2,,4.96,,
10010847,,1933,5,31,12,17,0.0,,14.117,45.666,,,,6.8,,3.73,,
10010858,,1933,6,19,2,0,0.0,,9.7,46.8,,,,20.0,,3.5,,
10010871,,1933,7,24,9,41,0.0,,14.59,46.49,,,,7.0,,3.63,,
10010872,,1933,7,27,1,3,5.0,,20.2,40.0,,,,8.0,,5.07,,
10010882,,1933,8,25,1,55,0.0,,7.117,45.967,,,,6.0,,3.5,,
10010887,,1933,9,19,3,46,0.0,,6.467,44.417,,,,10.0,,3.6,,
10010888,,1933,9,22,13,59,0.0,,9.85,46.433,,,,7.0,,3.5,,
10010890,,1933,9,24,23,55,5.0,,7.9,46.3,,,,6.0,,4.6,,
10010892,,1933,9,26,3,33,29.0,,14.093,42.079,,,,15.4,,5.9,,
10010900,,1933,10,19,13,29,45.0,,10.864,43.166,,,,33.0,,3.93,,
10010902,,1933,10,25,2,26,0.0,,7.283,44.167,,,,15.2,,3.7,,
10010907,,1933,11,8,0,51,0.0,,10.66,47.36,,,,9.0,,4.53,,
10010909,,1933,11,23,4,25,0.0,,15.0,46.0,,,,14.1,,3.9,,
10010917,,1933,12,27,4,44,0.0,,12.8,46.7,,,,8.0,,4.08,,
10010923,,1934,2,4,9,35,22.0,,19.6,41.25,,,,12.0,,5.66,,
10010932,,1934,3,23,1,46,50.0,,10.044,45.803,,,,6.2,,4.31,,
10010936,,1934,4,19,18,50,0.0,,15.08,46.12,,,,10.0,,4.1,,
10010950,,1934,5,28,21,9,0.0,,11.765,44.186,,,,12.1,,3.94,,
10010959,,1934,6,8,3,16,0.0,,12.539,46.287,,,,8.9,,4.93,,
10010960,,1934,6,13,9,6,0.0,,9.725,44.438,,,,8.8,,5.14,,
10010963,,1934,7,3,16,11,0.0,,16.012,40.233,,,,25.1,,4.55,,
10010975,,1934,9,4,1,26,0.0,,11.8,47.39,,,,10.0,,4.59,,
10010979,,1934,9,18,9,37,0.0,,11.012,44.495,,,,19.9,,3.95,,
10010982,,1934,10,23,9,20,0.0,,19.7,40.1,,,,19.0,,4.67,,
10010993,,1934,11,15,5,3,0.0,,14.967,46.5,,,,7.3,,3.57,,
10010998,,1934,11,30,2,58,14.0,,14.14,43.93,,,,20.0,,5.44,,
10011009,,1934,12,19,6,14,5.0,,15.217,45.767,,,,2.5,,5.03,,
10011034,,1935,2,19,0,1,6.0,,7.414,44.298,,,,10.0,,4.34,,
10011044,,1935,3,19,7,27,17.0,,6.633,44.583,,,,2.0,,5.0,,
10011048,,1935,3,31,3,44,55.0,,20.4,41.1,,,,18.0,,4.97,,
10011050,,1935,4,5,23,15,0.0,,7.823,45.829,,,,3.7,,3.7,,
10011071,,1935,6,5,11,48,0.0,,11.876,44.26,,,,6.0,,5.23,,
10011072,,1935,6,6,11,5,0.0,,12.704,42.955,,,,10.0,,4.16,,
10011097,,1935,9,3,17,35,24.0,,20.2,39.5,,,,0.0,,5.2,,
10011124,,1935,11,7,4,37,28.0,,20.3,41.3,,,,21.0,,5.46,,
10011130,,1935,12,3,8,0,0.0,,15.849,40.475,,,,10.0,,4.15,,
10011133,,1935,12,17,6,51,0.0,,13.983,41.288,,,,16.1,,4.63,,
10011141,,1936,1,8,16,23,2.0,,14.92,46.42,,,,7.0,,4.5,,
10011181,,1936,4,5,18,10,0.0,,12.66,43.013,,,,2.7,,4.16,,
10011183,,1936,4,7,5,41,0.0,,16.126,38.674,,,,23.8,,4.72,,
10011226,,1936,6,15,14,45,0.0,,11.842,42.703,,,,0.5,,3.84,,
10011229,,1936,6,22,3,44,55.0,,10.72,45.518,,,,4.4,,4.46,,
10011232,,1936,7,9,1,10,0.0,,7.085,44.466,,,,10.0,,4.32,,
10011235,,1936,7,31,5,46,0.0,,14.108,41.783,,,,8.9,,4.21,,
10011272,,1936,10,3,15,48,0.0,,14.7,47.07,,,,8.0,,5.29,,
10011277,,1936,10,17,2,42,0.0,,8.044,45.554,,,,5.0,,4.53,,
10011278,,1936,10,18,3,10,0.0,,12.38,46.089,,,,10.0,,6.06,,
10011292,,1936,12,9,7,34,0.0,,13.223,43.145,,,,9.6,,4.76,,
10011294,,1936,12,11,17,25,0.0,,7.668,43.93,,,,8.4,,4.46,,
10011299,,1937,1,5,20,58,15.0,,13.307,46.457,,,,5.0,,4.76,,
10011305,,1937,1,22,4,17,0.0,,18.0,43.1,,,,2.0,,3.66,,
10011309,,1937,1,29,17,27,22.5,,14.89,44.85,,,,14.0,,3.81,,
10011317,,1937,3,6,0,54,30.0,,19.8,39.6,,,,0.0,,5.1,,
10011318,,1937,3,6,1,56,0.0,,14.7,36.963,,,,28.0,,4.49,,
10011335,,1937,6,7,22,2,0.0,,10.548,46.346,,,,6.2,,4.57,,
10011342,,1937,7,17,17,11,0.0,,15.298,41.785,,,,8.4,,4.96,,
10011345,,1937,7,20,7,1,23.0,,16.6,43.19,,,,14.0,,4.91,,
10011346,,1937,8,17,9,55,0.0,,15.167,46.6,,,,4.4,,3.64,,
10011351,,1937,9,17,12,19,5.0,,10.338,44.764,,,,0.7,,4.77,,
10011353,,1937,9,30,12,0,0.0,,5.883,43.967,,,,4.0,,3.9,,
10011363,,1937,11,26,21,58,30.0,,13.147,43.789,,,,0.1,,4.16,,
10011366,,1937,12,10,18,4,0.0,,10.834,44.334,,,,3.8,,5.3,,
10011369,,1937,12,17,3,11,20.0,,6.717,44.667,,,,10.0,,3.9,,
10011381,,1938,1,15,19,52,54.0,,18.7,42.5,,,,6.0,,3.62,,
10011384,,1938,1,30,17,34,11.0,,20.0,39.0,,,,0.0,,5.0,,
10011386,,1938,2,7,1,35,0.0,,14.75,46.0,,,,6.6,,3.84,,
10011417,,1938,4,22,11,3,41.0,,18.09,42.96,,,,12.0,,4.2,,
10011427,,1938,5,27,21,23,53.0,,16.83,42.15,,,,10.0,,4.63,,
10011439,,1938,7,2,1,45,10.0,,17.44,42.46,,,,8.0,,4.81,,
10011442,,1938,7,7,7,48,0.0,,12.717,46.049,,,,2.4,,4.97,,
10011452,,1938,7,18,0,57,0.0,,6.6,44.667,,,,10.3,,4.9,,
10011458,,1938,8,12,2,28,33.0,,13.063,42.371,,,,25.5,,4.56,,
10011459,,1938,8,15,11,2,4.0,,20.7,40.3,,,,13.0,,5.07,,
10011464,,1938,9,9,19,21,0.0,,15.25,45.8,,,,5.7,,3.77,,
10011469,,1938,9,23,0,52,0.0,,7.4,46.0,,,,13.0,,4.0,,
10011483,,1938,12,23,17,37,47.0,,7.326,45.349,,,,5.0,,4.22,,
10011493,,1939,1,26,18,19,0.0,,14.783,45.883,,,,13.3,,3.55,,
10011494,,1939,1,27,20,10,13.0,,14.748,38.565,,,,5.0,,5.1,,
10011495,,1939,2,2,12,49,39.0,,18.13,42.72,,,,11.0,,4.1,,
10011499,,1939,2,6,7,23,17.0,,14.66,45.16,,,,17.0,,4.6,,
10011502,,1939,2,11,11,17,0.0,,11.431,44.002,,,,9.5,,5.01,,
10011514,,1939,4,25,18,25,0.0,,13.146,46.351,,,,13.9,,4.57,,
10011519,,1939,5,6,4,10,11.0,,14.82,46.07,,,,2.4,,4.6,,
10011530,,1939,5,20,9,35,23.0,,19.7,40.8,,,,17.0,,5.36,,
10011531,,1939,5,22,12,50,0.0,,18.07,42.88,,,,2.0,,3.66,,
10011545,,1939,7,10,16,27,53.0,,12.576,45.961,,,,32.5,,4.75,,
10011566,,1939,8,22,12,48,59.0,,18.2,42.99,,,,5.0,,4.3,,
10011567,,1939,8,23,10,47,0.0,,7.083,46.083,,,,3.0,,3.5,,
10011571,,1939,9,18,13,17,0.0,,15.217,45.583,,,,4.1,,3.6,,
10011575,,1939,9,26,2,42,0.0,,10.1,46.77,,,,0.1,,3.5,,
10011578,,1939,10,15,14,5,0.0,,10.255,44.125,,,,8.2,,4.96,,
10011583,,1939,11,19,23,18,0.0,,7.3,46.217,,,,6.0,,3.5,,
10011586,,1939,12,7,20,30,0.0,,9.433,46.517,,,,10.0,,3.5,,
10011600,,1940,1,3,19,15,0.0,,11.8,46.017,,,,2.4,,4.4,,
10011602,,1940,1,6,2,11,0.0,,7.867,46.183,,,,6.0,,3.5,,
10011607,,1940,1,15,13,19,24.0,,13.429,38.076,,,,2.3,,5.29,,
10011610,,1940,1,31,11,0,0.0,,11.389,43.36,,,,9.3,,4.23,,
10011636,,1940,4,26,7,49,0.0,,16.072,38.507,,,,13.9,,4.9,,
10011638,,1940,5,1,9,36,5.0,,10.183,44.8,,,,3.0,,5.06,,
10011652,,1940,6,9,11,20,0.0,,18.0,42.85,,,,2.0,,3.66,,
10011654,,1940,6,19,14,10,0.0,,11.716,42.85,,,,7.1,,4.64,,
10011657,,1940,6,27,8,12,0.0,,20.1,40.0,,,,19.0,,4.67,,
10011660,,1940,7,2,1,30,0.0,,12.616,43.07,,,,0.1,,4.16,,
10011667,,1940,7,19,10,12,15.0,,16.66,43.14,,,,3.0,,4.01,,
10011684,,1940,8,31,1,31,0.0,,17.91,42.27,,,,10.0,,4.2,,
10011695,,1940,10,10,16,44,0.0,,12.297,43.708,,,,6.0,,4.4,,
10011706,,1940,11,7,16,23,20.0,,8.75,46.967,,,,6.0,,3.5,,
10011760,,1941,1,17,20,30,0.0,,14.333,45.983,,,,2.9,,4.05,,
10011778,,1941,3,10,8,0,0.0,,12.927,42.888,,,,19.0,,4.4,,
10011791,,1941,4,6,6,32,0.0,,7.567,46.15,,,,6.0,,3.5,,
10011814,,1941,5,22,6,16,0.0,,15.235,38.806,,,,32.4,,5.33,,
10011819,,1941,5,26,13,12,11.0,,18.67,42.76,,,,26.0,,4.6,,
10011831,,1941,6,24,15,15,47.0,,19.7,41.1,,,,15.0,,5.07,,
10011834,,1941,7,7,22,43,39.0,,15.64,43.7,,,,14.0,,5.12,,
10011867,,1941,9,15,2,33,38.0,,20.0,40.3,,,,8.0,,4.77,,
10011881,,1941,11,3,20,44,0.0,,12.389,43.112,,,,9.5,,3.93,,
10011892,,1941,12,9,14,4,0.0,,15.4,45.7,,,,7.0,,3.81,,
10011895,,1941,12,19,0,0,0.0,,13.283,42.758,,,,5.0,,5.02,,
10011912,,1942,3,15,23,30,0.0,,6.667,44.517,,,,8.4,,3.6,,
10011915,,1942,4,12,0,1,52.0,,13.83,46.25,,,,4.9,,4.4,,
10011926,,1942,5,18,0,35,47.0,,18.02,43.03,,,,12.0,,4.5,,
10011945,,1942,6,20,14,42,0.0,,10.882,45.917,,,,2.4,,4.16,,
10011949,,1942,7,1,23,42,55.0,,7.133,46.45,,,,6.0,,3.5,,
10011971,,1942,8,28,11,28,58.0,,8.267,46.817,,,,3.0,,3.5,,
10011994,,1942,10,30,0,18,55.0,,7.133,46.45,,,,6.0,,3.5,,
10012031,,1943,1,16,0,0,0.0,,13.267,42.795,,,,19.8,,5.04,,
10012034,,1943,1,20,12,38,13.0,,17.43,43.115,,,,13.0,,5.22,,
10012057,,1943,4,19,0,12,0.0,,12.47,43.088,,,,9.7,,4.16,,
10012067,,1943,5,22,19,3,0.0,,7.148,45.139,,,,2.0,,3.7,,
10012103,,1943,7,24,1,44,0.0,,11.883,45.986,,,,10.1,,5.07,,
10012105,,1943,7,31,4,37,0.0,,13.223,43.714,,,,8.3,,4.16,,
10012122,,1943,10,3,8,28,29.0,,13.626,42.94,,,,3.8,,5.67,,
10012123,,1943,10,6,20,42,0.0,,8.557,46.913,,,,10.0,,3.8,,
10012131,,1943,10,16,19,18,0.0,,8.099,44.56,,,,10.5,,3.93,,
10012170,,1944,2,11,6,32,35.0,,13.75,46.5,,,,3.3,,4.71,,
10012262,,1945,1,3,7,6,54.0,,16.5,42.76,,,,6.0,,4.3,,
10012284,,1945,4,19,0,30,7.0,,19.8,39.6,,,,0.0,,4.9,,
10012300,,1945,6,29,15,37,13.0,,9.131,44.83,,,,9.1,,5.1,,
10012327,,1945,10,13,0,8,0.0,,9.9,46.567,,,,10.0,,3.5,,
10012335,,1945,11,12,7,18,16.0,,17.75,42.5,,,,12.0,,3.72,,
10012339,,1945,11,13,21,28,16.0,,17.85,42.93,,,,10.0,,3.81,,
10012350,,1945,12,22,21,37,0.0,,14.77,45.17,,,,5.1,,3.53,,
10012351,,1946,1,6,11,25,0.0,,13.62,46.0,,,,10.0,,4.16,,
10012356,,1946,1,25,17,32,0.0,,7.4,46.35,,,,9.0,,5.8,,
10012361,,1946,2,9,13,19,4.0,,17.86,42.89,,,,6.0,,4.91,,
10012363,,1946,2,10,0,59,0.0,,9.683,47.017,,,,23.0,,3.5,,
10012368,,1946,3,15,7,2,0.0,,15.601,38.147,,,,15.2,,4.16,,
10012373,,1946,4,16,11,43,53.0,,19.8,40.8,,,,27.0,,5.46,,
10012375,,1946,4,29,0,6,0.0,,10.879,43.267,,,,0.1,,4.63,,
10012409,,1946,9,27,11,30,0.0,,16.7,43.15,,,,5.0,,3.53,,
10012427,,1946,12,21,19,39,0.0,,9.633,46.55,,,,5.0,,3.5,,
10012428,,1946,12,25,7,22,37.05,,12.47,45.83,,,,9.0,,4.13,,
10012430,,1946,12,26,20,15,0.0,,15.133,45.933,,,,2.5,,4.05,,
10012445,,1947,2,15,13,37,0.0,,8.483,46.45,,,,0.1,,3.5,,
10012467,,1947,5,11,6,32,15.0,,16.518,38.652,,,,7.8,,5.7,,
10012487,,1947,7,4,20,10,0.0,,15.189,41.049,,,,28.6,,4.55,,
10012502,,1947,8,30,6,47,0.0,,6.933,46.033,,,,4.34,,3.6,,
10012515,,1947,10,7,12,21,0.0,,9.65,46.667,,,,9.0,,3.5,,
10012522,,1947,10,17,0,0,0.0,,15.555,38.185,,,,11.7,,3.7,,
10012535,,1947,12,9,23,19,4.0,,19.3,41.1,,,,21.0,,5.16,,
10012540,,1947,12,13,21,0,0.0,,15.017,45.917,,,,5.9,,3.79,,
10012544,,1947,12,24,0,0,0.0,,11.625,43.095,,,,24.1,,4.46,,
10012545,,1947,12,25,20,42,34.0,,10.22,45.539,,,,8.9,,3.7,,
10012551,,1948,1,10,0,0,0.0,,13.358,43.1,,,,9.9,,3.93,,
10012577,,1948,3,4,4,10,0.0,,14.217,46.033,,,,5.0,,3.7,,
10012613,,1948,5,30,4,41,0.0,,7.528,46.365,,,,10.0,,4.5,,
10012617,,1948,6,13,6,33,36.0,,12.127,43.598,,,,5.0,,5.04,,
10012633,,1948,7,19,18,11,26.0,,10.787,45.794,,,,12.0,,4.87,,
10012640,,1948,7,28,16,0,0.0,,15.2,46.1,,,,17.0,,4.38,,
10012642,,1948,8,2,19,25,0.0,,16.594,38.905,,,,28.7,,3.7,,
10012650,,1948,8,18,21,12,20.0,,15.748,41.575,,,,10.0,,5.55,,
10012655,,1948,8,27,10,44,5.0,,19.5,42.0,,,,18.0,,5.56,,
10012669,,1948,9,25,7,37,29.0,,15.083,45.783,,,,5.0,,4.71,,
10012672,,1948,10,9,15,50,0.0,,17.97,42.78,,,,13.0,,3.83,,
10012677,,1948,10,12,11,51,35.0,,13.137,46.353,,,,12.1,,4.16,,
10012679,,1948,10,16,12,10,0.0,,15.235,38.806,,,,27.7,,4.16,,
10012682,,1948,11,3,11,40,0.0,,11.563,42.861,,,,10.9,,4.82,,
10012688,,1948,11,18,4,18,0.0,,9.617,46.733,,,,9.0,,3.5,,
10012689,,1948,11,18,5,10,0.0,,7.133,46.15,,,,4.0,,3.5,,
10012697,,1948,12,31,3,32,0.0,,12.853,42.507,,,,4.8,,5.42,,
10012700,,1949,1,4,8,58,0.0,,14.2,44.0,,,,15.0,,4.2,,
10012710,,1949,1,19,19,24,0.0,,8.933,46.2,,,,12.0,,3.5,,
10012711,,1949,1,20,6,48,57.0,,14.865,44.816,,,,13.0,,4.7,,
10012722,,1949,2,17,4,38,21.0,,6.683,44.317,,,,4.0,,4.0,,
10012725,,1949,2,17,22,5,0.0,,7.5,46.3,,,,1.0,,3.5,,
10012733,,1949,3,9,4,16,30.0,,11.489,43.987,,,,18.0,,4.42,,
10012736,,1949,3,15,5,38,12.0,,15.25,45.65,,,,2.5,,4.05,,
10012749,,1949,4,19,0,36,47.0,,18.92,42.44,,,,7.0,,3.53,,
10012761,,1949,6,9,6,27,0.0,,14.166,45.867,,,,2.2,,4.05,,
10012781,,1949,7,22,12,21,18.0,,7.867,46.067,,,,29.0,,3.9,,
10012793,,1949,8,23,9,11,35.0,,9.533,46.87,,,,23.0,,3.5,,
10012804,,1949,10,5,16,6,0.0,,7.45,46.417,,,,8.0,,3.5,,
10012806,,1949,10,8,3,8,0.0,,14.686,36.915,,,,10.0,,5.1,,
10012822,,1949,11,13,17,21,0.0,,8.15,46.84,,,,3.0,,3.5,,
10012828,,1949,12,6,3,46,7.0,,13.4,43.7,,,,8.4,,4.38,,
10012829,,1949,12,7,1,43,59.0,,13.93,45.88,,,,10.0,,4.4,,
10012831,,1949,12,8,18,15,0.0,,14.8,46.2,,,,5.3,,3.73,,
10012838,,1950,1,1,10,3,0.0,,14.948,41.159,,,,4.5,,4.16,,
10012854,,1950,2,20,1,55,12.0,,13.019,46.398,,,,5.3,,4.2,,
10012859,,1950,3,7,4,5,49.0,,13.3,42.633,,,,9.0,,4.74,,
10012862,,1950,3,7,22,48,41.0,,14.62,45.35,,,,5.0,,3.72,,
10012873,,1950,4,1,0,0,0.0,,10.463,43.392,,,,9.8,,4.99,,
10012883,,1950,4,10,3,55,0.0,,15.601,38.147,,,,11.8,,3.93,,
10012899,,1950,5,6,3,43,0.0,,10.671,44.731,,,,10.4,,4.41,,
10012906,,1950,5,28,10,19,0.0,,7.433,46.65,,,,6.0,,3.5,,
10012927,,1950,7,18,23,52,41.0,,15.434,38.146,,,,25.6,,4.71,,
10012942,,1950,9,5,4,8,0.0,,13.457,42.547,,,,0.6,,5.69,,
10012947,,1950,9,15,4,12,0.0,,7.417,46.283,,,,3.0,,3.5,,
10012964,,1950,10,24,11,48,0.0,,14.74,47.01,,,,8.0,,4.08,,
10012974,,1950,11,19,7,8,0.0,,7.4,46.483,,,,6.0,,3.5,,
10012996,,1951,1,12,14,55,55.0,,14.79,44.89,,,,21.0,,4.1,,
10012999,,1951,1,16,1,11,0.0,,15.9,41.808,,,,0.1,,5.22,,
10013008,,1951,1,28,23,48,0.0,,9.533,46.87,,,,20.0,,3.5,,
10013016,,1951,3,3,9,26,0.0,,7.567,46.133,,,,6.0,,3.5,,
10013044,,1951,5,15,22,54,0.0,,9.62,45.226,,,,9.2,,5.17,,
10013045,,1951,5,16,2,27,0.0,,8.6,46.32,,,,10.0,,4.3,,
10013051,,1951,5,25,20,42,0.0,,14.811,43.337,,,,10.0,,4.55,,
10013055,,1951,6,1,4,18,0.0,,7.45,46.317,,,,1.0,,3.5,,
10013058,,1951,6,7,4,7,0.0,,10.97,47.31,,,,4.0,,3.73,,
10013059,,1951,6,10,15,38,4.0,,14.3,46.4,,,,8.1,,4.05,,
10013066,,1951,7,24,9,28,0.0,,7.3,46.367,,,,5.0,,3.9,,
10013077,,1951,8,12,21,19,0.0,,10.384,44.028,,,,1.0,,4.59,,
10013087,,1951,8,22,14,14,48.0,,20.2,39.8,,,,0.0,,4.5,,
10013091,,1951,8,27,19,27,14.0,,19.3,41.1,,,,0.0,,4.6,,
10013113,,1951,10,29,22,48,0.0,,10.989,44.458,,,,8.7,,4.4,,
10013118,,1951,11,30,6,8,0.0,,6.417,43.817,,,,4.0,,3.9,,
10013137,,1952,1,13,4,7,0.0,,20.1,40.1,,,,0.0,,4.5,,
10013139,,1952,1,15,2,23,0.0,,7.917,46.667,,,,6.0,,3.5,,
10013143,,1952,1,18,1,36,0.0,,12.542,45.995,,,,11.5,,4.44,,
10013156,,1952,2,23,21,56,23.0,,14.27,45.8,,,,5.3,,4.3,,
10013167,,1952,3,22,11,40,0.0,,7.583,46.417,,,,5.0,,3.5,,
10013191,,1952,5,9,8,2,0.0,,7.533,46.417,,,,6.0,,3.9,,
10013218,,1952,7,4,20,35,12.0,,11.883,43.98,,,,8.9,,4.94,,
10013225,,1952,7,16,1,59,42.0,,20.0,39.5,,,,0.0,,4.6,,
10013238,,1952,8,22,2,25,31.0,,8.846,45.105,,,,21.1,,4.11,,
10013260,,1952,10,2,14,51,0.0,,8.65,46.85,,,,6.0,,3.5,,
10013312,,1953,1,19,4,18,0.0,,7.467,46.35,,,,1.0,,3.5,,
10013333,,1953,2,25,0,7,46.0,,16.065,38.676,,,,8.4,,4.88,,
10013365,,1953,3,31,0,55,47.0,,19.86,40.51,,,,17.0,,5.07,,
10013375,,1953,4,8,11,50,7.0,,20.6,39.9,,,,0.0,,4.7,,
10013390,,1953,5,2,19,7,23.0,,14.66,45.47,,,,17.0,,3.81,,
10013391,,1953,5,5,1,25,0.0,,7.367,46.217,,,,6.0,,3.5,,
10013420,,1953,6,24,12,7,0.0,,7.417,46.35,,,,10.0,,3.5,,
10013429,,1953,7,19,18,46,0.0,,15.904,41.52,,,,0.1,,4.55,,
10013432,,1953,7,25,1,34,0.0,,13.072,46.501,,,,2.9,,4.4,,
10013502,,1953,8,21,6,46,20.0,,9.117,47.05,,,,7.0,,3.5,,
10013506,,1953,8,22,5,26,0.0,,10.795,44.787,,,,7.9,,4.73,,
10013569,,1953,10,13,14,14,35.0,,17.67,42.67,,,,20.0,,4.5,,
10013616,,1953,12,14,7,11,6.0,,12.061,44.064,,,,15.7,,4.7,,
10013640,,1954,1,30,4,56,0.0,,9.717,46.55,,,,10.0,,3.5,,
10013653,,1954,3,19,2,14,44.0,,20.3,40.5,,,,17.0,,4.57,,
10013657,,1954,3,23,17,55,0.0,,12.727,42.569,,,,7.9,,4.16,,
10013672,,1954,4,25,22,17,19.0,,12.619,46.401,,,,10.5,,4.54,,
10013709,,1954,5,19,9,35,0.0,,7.31,46.28,,,,8.0,,5.3,,
10013729,,1954,6,19,7,39,36.0,,17.99,43.08,,,,12.0,,3.53,,
10013766,,1954,8,6,19,21,12.0,,15.8,40.764,,,,0.1,,5.18,,
10013803,,1954,10,11,16,45,25.0,,13.119,46.211,,,,7.7,,4.76,,
10013813,,1954,10,26,2,25,0.0,,15.866,41.62,,,,10.0,,4.72,,
10013858,,1954,12,12,18,53,6.6,,17.7,43.04,,,,6.0,,3.72,,
10013895,,1955,1,31,13,28,0.0,,8.75,46.983,,,,6.0,,3.5,,
10013912,,1955,2,23,3,2,0.0,,18.02,42.62,,,,28.0,,3.62,,
10013919,,1955,3,12,6,57,4.0,,10.173,44.798,,,,9.3,,4.15,,
10013937,,1955,4,11,15,24,0.0,,9.89,44.136,,,,8.4,,4.07,,
10013947,,1955,4,26,5,28,0.0,,7.433,46.317,,,,6.0,,3.9,,
10013952,,1955,5,7,2,29,46.0,,7.315,45.106,,,,1.1,,4.16,,
10013956,,1955,5,12,14,15,0.0,,7.154,44.53,,,,10.0,,4.66,,
10013964,,1955,5,21,20,55,0.0,,20.7,40.0,,,,0.0,,4.7,,
10013965,,1955,5,22,4,57,0.0,,11.4,47.3,,,,3.0,,4.6,,
10013992,,1955,7,3,23,55,34.0,,15.595,40.093,,,,9.7,,4.19,,
10014009,,1955,7,23,3,54,32.0,,12.711,46.187,,,,1.6,,4.49,,
10014011,,1955,7,23,21,5,0.0,,16.417,39.58,,,,26.1,,4.64,,
10014020,,1955,8,30,9,21,0.0,,7.283,46.35,,,,4.0,,3.5,,
10014034,,1955,10,2,17,57,54.0,,19.8,39.8,,,,0.0,,4.6,,
10014057,,1955,11,23,6,27,50.0,,6.95,46.133,,,,6.0,,3.5,,
10014065,,1955,12,13,17,4,0.0,,10.088,44.186,,,,3.2,,4.53,,
10014074,,1955,12,24,23,40,29.0,,9.533,46.87,,,,20.0,,3.8,,
10014087,,1956,1,9,0,44,0.0,,16.366,40.57,,,,14.2,,4.72,,
10014098,,1956,1,31,2,25,29.0,,14.28,45.55,,,,5.0,,5.3,,
10014109,,1956,2,20,1,29,26.0,,11.886,45.273,,,,28.3,,4.49,,
10014110,,1956,2,20,1,29,41.0,,11.982,44.621,,,,9.5,,4.96,,
10014112,,1956,2,22,22,55,6.0,,11.28,43.298,,,,24.1,,4.03,,
10014125,,1956,3,20,0,35,0.0,,7.966,43.877,,,,10.9,,3.93,,
10014164,,1956,5,10,12,30,0.0,,12.928,46.404,,,,19.0,,3.93,,
10014172,,1956,5,26,18,40,0.0,,11.897,43.939,,,,28.7,,4.99,,
10014176,,1956,6,1,8,32,45.0,,7.291,44.72,,,,29.0,,4.3,,
10014182,,1956,6,10,13,49,0.0,,14.7,47.07,,,,8.0,,3.7,,
10014234,,1956,8,15,12,2,56.1,,15.95,43.21,,,,14.0,,5.65,,
10014240,,1956,8,17,10,39,0.0,,15.683,41.709,,,,23.7,,4.4,,
10014252,,1956,9,6,20,22,10.0,,19.8,40.5,,,,30.0,,4.57,,
10014261,,1956,10,7,19,12,41.0,,13.292,42.444,,,,6.8,,4.46,,
10014276,,1956,11,5,19,45,0.0,,13.039,46.506,,,,2.6,,5.04,,
10014281,,1956,11,25,2,6,40.0,,14.399,41.572,,,,23.8,,4.07,,
10014329,,1957,2,23,22,13,28.0,,20.0,40.0,,,,0.0,,4.6,,
10014331,,1957,3,8,4,13,2.0,,7.785,43.793,,,,2.0,,3.81,,
10014364,,1957,4,7,9,59,46.0,,19.0,42.1,,,,30.0,,4.49,,
10014366,,1957,4,11,16,19,0.0,,13.079,42.256,,,,16.8,,4.94,,
10014369,,1957,4,17,8,40,37.0,,11.833,43.9,,,,8.3,,4.72,,
10014379,,1957,5,3,3,29,34.0,,15.7,40.797,,,,27.5,,4.09,,
10014387,,1957,5,21,11,44,4.0,,14.17,38.726,,,,15.0,,5.3,,
10014389,,1957,5,26,1,51,22.0,,17.01,42.61,,,,21.0,,3.53,,
10014442,,1957,7,19,9,4,7.0,,12.727,42.733,,,,4.2,,4.58,,
10014448,,1957,8,2,22,24,0.0,,13.75,46.5,,,,8.1,,3.95,,
10014460,,1957,8,27,11,54,0.0,,10.995,44.395,,,,9.7,,4.73,,
10014465,,1957,9,1,17,53,24.0,,14.283,45.5,,,,2.2,,4.05,,
10014467,,1957,9,6,20,22,10.0,,19.8,40.5,,,,0.0,,4.5,,
10014487,,1957,10,19,6,14,0.0,,15.646,40.577,,,,3.9,,3.7,,
10014492,,1957,10,25,23,2,5.0,,10.218,44.386,,,,6.8,,4.27,,
10014507,,1957,11,11,21,40,0.0,,13.581,43.483,,,,18.4,,4.5,,
10014513,,1957,11,18,15,3,18.0,,20.25,39.75,,,,0.0,,4.7,,
10014526,,1957,12,6,4,54,0.0,,12.029,42.707,,,,9.0,,4.97,,
10014555,,1958,1,9,11,58,30.0,,10.802,45.684,,,,10.0,,4.16,,
10014560,,1958,1,15,15,11,0.0,,13.69,46.63,,,,7.0,,3.63,,
10014610,,1958,3,19,16,3,54.0,,14.75,46.5,,,,15.3,,5.25,,
10014618,,1958,4,3,2,23,45.0,,19.6,41.3,,,,25.0,,5.46,,
10014631,,1958,5,4,10,52,45.0,,7.428,44.322,,,,10.0,,4.62,,
10014633,,1958,5,8,0,13,23.0,,12.981,42.729,,,,9.5,,4.25,,
10014666,,1958,6,10,12,40,48.0,,14.167,45.633,,,,9.8,,3.73,,
10014672,,1958,6,24,6,7,0.0,,13.498,42.317,,,,8.3,,5.04,,
10014680,,1958,7,13,20,48,0.0,,16.61,39.005,,,,10.0,,4.56,,
10014687,,1958,7,25,2,25,53.0,,7.3,46.383,,,,11.0,,3.5,,
10014689,,1958,7,30,12,51,10.0,,8.717,46.183,,,,3.3,,3.5,,
10014706,,1958,8,29,5,39,31.0,,9.75,46.75,,,,3.0,,3.5,,
10014720,,1958,9,15,19,14,23.0,,7.75,46.0,,,,6.0,,3.5,,
10014721,,1958,9,16,10,58,21.0,,17.46,42.68,,,,17.0,,3.62,,
10014724,,1958,9,30,8,45,0.0,,10.59,47.23,,,,8.0,,4.47,,
10014734,,1958,10,13,13,50,0.0,,7.866,43.909,,,,15.9,,3.7,,
10014795,,1959,1,26,5,35,40.0,,9.624,44.422,,,,9.7,,4.27,,
10014811,,1959,2,20,7,13,1.0,,19.8,39.6,,,,0.0,,4.5,,
10014816,,1959,2,28,16,24,51.0,,19.75,40.5,,,,0.0,,4.8,,
10014822,,1959,3,11,0,15,0.0,,12.064,43.959,,,,8.5,,4.31,,
10014831,,1959,3,24,10,24,0.0,,11.297,43.698,,,,3.2,,4.85,,
10014837,,1959,4,5,10,48,0.0,,6.817,44.533,,,,10.3,,5.1,,
10014854,,1959,5,2,6,36,24.0,,14.5,46.383,,,,6.9,,4.19,,
10014857,,1959,5,7,22,44,18.0,,14.3,45.633,,,,8.0,,3.62,,
10014859,,1959,5,12,21,40,15.0,,20.25,39.25,,,,0.0,,4.6,,
10014874,,1959,6,6,1,22,34.0,,8.85,46.85,,,,3.0,,3.5,,
10014884,,1959,6,13,21,56,42.6,,12.8,46.44,,,,12.0,,5.26,,
10014901,,1959,7,3,4,58,34.0,,9.783,46.6,,,,3.0,,3.5,,
10014931,,1959,9,1,11,37,40.0,,19.96,40.85,,,,25.0,,6.26,,
10014948,,1959,10,10,16,11,1.0,,19.5,40.0,,,,0.0,,4.8,,
10014973,,1959,12,2,18,20,7.6,,15.2,44.587,,,,20.0,,4.6,,
10014990,,1960,1,7,16,51,29.5,,17.21,43.08,,,,4.0,,3.72,,
10014992,,1960,1,11,11,27,0.0,,13.986,41.283,,,,27.6,,5.16,,
10015025,,1960,2,17,15,32,50.0,,14.32,45.58,,,,10.7,,4.4,,
10015027,,1960,2,19,2,30,0.0,,10.625,45.806,,,,6.9,,4.81,,
10015039,,1960,2,24,1,51,0.0,,12.995,43.211,,,,0.3,,4.32,,
10015054,,1960,3,14,4,44,0.0,,13.267,42.037,,,,9.0,,4.72,,
10015055,,1960,3,16,1,52,48.0,,13.322,42.613,,,,15.0,,4.44,,
10015060,,1960,3,23,23,10,0.0,,8.02,46.37,,,,4.0,,5.0,,
10015072,,1960,4,15,2,45,11.0,,12.297,43.708,,,,25.2,,4.45,,
10015073,,1960,4,16,1,15,0.0,,15.214,38.797,,,,17.6,,4.63,,
10015075,,1960,4,23,11,44,0.0,,12.531,42.715,,,,3.7,,4.66,,
10015104,,1960,5,26,5,10,11.0,,20.7,40.6,,,,8.0,,6.46,,
10015139,,1960,7,14,4,18,0.0,,13.011,46.41,,,,13.2,,4.4,,
10015173,,1960,9,10,12,43,29.0,,18.03,42.73,,,,13.0,,3.72,,
10015179,,1960,9,27,12,34,48.0,,17.55,43.11,,,,18.0,,3.53,,
10015180,,1960,9,28,22,23,30.0,,20.25,39.75,,,,0.0,,4.5,,
10015193,,1960,10,29,0,8,39.0,,11.385,43.999,,,,3.8,,4.91,,
10015210,,1960,12,8,5,38,9.0,,12.566,43.753,,,,9.0,,4.16,,
10015211,,1960,12,18,1,58,33.0,,15.01,44.99,,,,11.0,,3.62,,
10015220,,1961,1,17,1,51,57.0,,7.467,46.033,,,,3.0,,4.3,,
10015234,,1961,2,14,20,34,58.0,,9.717,47.0,,,,10.0,,3.9,,
10015247,,1961,3,3,0,52,27.0,,5.833,45.133,,,,8.0,,3.5,,
10015251,,1961,3,23,1,1,0.0,,12.544,43.362,,,,9.3,,4.96,,
10015252,,1961,3,24,10,36,0.0,,15.654,38.174,,,,8.7,,4.62,,
10015259,,1961,4,6,11,34,42.0,,13.378,41.986,,,,6.4,,4.55,,
10015279,,1961,6,2,1,54,0.0,,7.433,46.233,,,,3.0,,3.5,,
10015285,,1961,6,22,0,56,4.0,,19.26,42.32,,,,24.0,,4.5,,
10015298,,1961,7,26,12,1,0.0,,13.31,47.42,,,,8.0,,3.7,,
10015303,,1961,8,3,10,26,29.0,,10.199,44.18,,,,15.1,,4.18,,
10015308,,1961,8,9,13,0,0.0,,10.35,46.81,,,,9.0,,4.9,,
10015310,,1961,8,14,1,3,2.0,,10.153,44.812,,,,10.0,,4.47,,
10015312,,1961,8,25,12,22,0.0,,10.56,47.38,,,,8.0,,3.7,,
10015321,,1961,9,10,17,26,0.0,,7.4,46.4,,,,4.0,,3.9,,
10015339,,1961,10,31,13,37,0.0,,13.064,42.407,,,,25.6,,5.09,,
10015344,,1961,11,23,1,12,5.0,,9.589,45.76,,,,2.2,,4.86,,
10015349,,1961,11,29,4,15,23.0,,15.74,44.9,,,,16.0,,4.1,,
10015354,,1961,12,12,4,36,43.0,,19.3,42.2,,,,8.0,,3.81,,
10015373,,1962,1,11,5,5,1.0,,16.913,43.225,,,,14.1,,5.87,,
10015398,,1962,1,19,5,1,25.0,,15.717,41.679,,,,5.1,,4.42,,
10015406,,1962,1,23,17,31,0.0,,12.806,43.921,,,,2.3,,4.35,,
10015424,,1962,3,2,2,1,0.0,,7.533,46.267,,,,7.0,,3.5,,
10015427,,1962,3,8,15,30,32.0,,19.6,40.7,,,,27.0,,6.06,,
10015490,,1962,5,10,18,30,56.0,,19.2,42.1,,,,24.0,,4.2,,
10015491,,1962,5,11,1,5,31.0,,11.176,44.168,,,,0.1,,4.69,,
10015502,,1962,6,4,5,31,29.0,,16.04,42.9,,,,14.0,,3.53,,
10015520,,1962,7,7,12,47,6.0,,19.3,37.8,,,,0.0,,4.9,,
10015538,,1962,8,6,4,24,19.0,,7.3,46.2,,,,9.0,,3.9,,
10015548,,1962,8,21,18,19,0.0,,14.953,41.23,,,,0.4,,6.15,,
10015555,,1962,8,30,6,27,7.0,,12.144,43.877,,,,10.0,,4.76,,
10015573,,1962,9,16,14,49,45.0,,11.35,43.545,,,,8.6,,4.54,,
10015593,,1962,10,20,9,27,0.0,,12.706,42.751,,,,4.8,,5.34,,
10015606,,1962,12,14,13,35,0.0,,13.743,41.689,,,,6.8,,4.4,,
10015614,,1963,1,8,13,51,0.0,,10.299,44.358,,,,5.7,,4.16,,
10015616,,1963,1,14,20,22,9.0,,13.571,46.44,,,,13.9,,4.63,,
10015631,,1963,2,3,10,5,0.0,,12.436,43.442,,,,6.7,,3.7,,
10015636,,1963,2,13,12,45,0.0,,15.782,40.658,,,,33.2,,5.19,,
10015638,,1963,2,14,13,18,53.5,,15.17,44.26,,,,15.0,,4.2,,
10015653,,1963,3,4,22,30,0.0,,11.121,45.419,,,,5.0,,4.41,,
10015662,,1963,3,22,15,1,54.0,,15.083,45.883,,,,7.3,,3.9,,
10015679,,1963,4,5,13,49,42.0,,11.265,44.826,,,,28.7,,3.93,,
10015699,,1963,5,15,11,15,40.0,,20.1,41.7,,,,0.0,,4.5,,
10015701,,1963,5,19,10,0,5.0,,14.8,46.1,,,,10.0,,4.9,,
10015712,,1963,6,13,8,37,40.0,,14.825,38.566,,,,1.3,,4.67,,
10015714,,1963,6,21,6,2,44.2,,17.07,43.16,,,,13.0,,3.62,,
10015715,,1963,6,23,9,33,48.0,,15.26,45.46,,,,5.0,,3.81,,
10015730,,1963,7,19,5,46,1.5,,8.12,43.34,,,,2.7,,5.95,,
10015748,,1963,8,9,6,5,0.0,,11.977,44.416,,,,21.0,,5.23,,
10015757,,1963,9,2,0,24,5.0,,12.259,42.383,,,,27.7,,4.47,,
10015773,,1963,9,30,22,25,0.0,,15.8,37.5,,,,39.1,,5.05,,
10015778,,1963,10,5,11,57,39.0,,10.296,44.32,,,,4.6,,3.7,,
10015779,,1963,10,8,5,40,28.0,,20.2,38.9,,,,0.0,,4.8,,
10015787,,1963,10,29,22,41,10.0,,17.18,43.19,,,,15.0,,3.53,,
10015793,,1963,11,4,15,46,0.0,,10.873,44.681,,,,5.2,,4.16,,
10015798,,1963,11,12,8,22,33.0,,16.268,39.565,,,,19.1,,4.31,,
10015811,,1963,12,20,23,21,45.0,,9.167,46.75,,,,0.1,,3.9,,
10015812,,1963,12,23,8,48,43.0,,7.517,46.367,,,,6.0,,3.9,,
10015877,,1964,3,10,11,53,18.0,,17.08,43.15,,,,22.0,,4.01,,
10015880,,1964,3,14,2,39,0.0,,8.32,46.87,,,,10.0,,5.3,,
10015891,,1964,3,18,16,43,20.6,,14.35,45.54,,,,21.1,,4.4,,
10015902,,1964,4,6,2,37,56.0,,10.317,46.65,,,,3.0,,3.9,,
10015916,,1964,4,19,11,33,41.3,,19.8,41.8,,,,33.0,,4.6,,
10015934,,1964,5,2,11,32,0.0,,14.957,36.976,,,,7.0,,4.2,,
10015947,,1964,5,21,7,29,42.0,,12.905,43.335,,,,8.2,,3.7,,
10015955,,1964,6,4,0,31,59.0,,15.678,40.348,,,,17.0,,4.59,,
10016003,,1964,8,2,10,40,0.0,,13.036,42.835,,,,6.3,,4.53,,
10016026,,1964,8,24,21,42,46.0,,19.2,40.5,,,,41.0,,5.07,,
10016050,,1964,9,5,21,9,0.0,,11.233,44.138,,,,19.0,,4.35,,
10016086,,1964,10,5,1,23,50.6,,19.7,40.15,,,,25.0,,4.5,,
10016128,,1964,12,9,19,6,15.0,,20.5,40.9,,,,17.0,,4.77,,
10016149,,1965,1,4,12,0,0.0,,12.883,46.384,,,,28.3,,3.7,,
10016156,,1965,1,10,20,10,6.2,,16.98,43.32,,,,16.0,,4.01,,
10016175,,1965,2,8,16,18,49.0,,14.8,46.1,,,,7.0,,4.05,,
10016210,,1965,3,14,6,4,49.3,,20.2,39.9,,,,0.0,,4.6,,
10016241,,1965,4,14,4,11,54.0,,7.483,46.283,,,,29.0,,3.5,,
10016261,,1965,5,10,5,1,54.0,,10.201,44.297,,,,18.0,,4.29,,
10016280,,1965,5,31,11,15,35.0,,13.0,42.7,,,,1.5,,4.57,,
10016303,,1965,6,29,0,43,43.3,,10.0,47.14,,,,4.0,,4.59,,
10016317,,1965,7,9,0,20,0.0,,11.39,47.27,,,,4.0,,3.73,,
10016324,,1965,7,17,8,41,45.0,,14.9,46.1,,,,10.0,,3.73,,
10016330,,1965,8,1,8,58,0.0,,8.95,46.733,,,,7.0,,3.9,,
10016332,,1965,8,4,11,49,53.0,,12.112,43.695,,,,25.2,,4.48,,
10016342,,1965,8,19,19,14,25.0,,12.999,46.278,,,,9.2,,4.83,,
10016348,,1965,8,25,11,33,0.0,,8.217,46.367,,,,10.0,,3.5,,
10016374,,1965,10,1,18,38,30.0,,16.217,39.393,,,,27.6,,3.93,,
10016390,,1965,10,19,22,3,46.3,,19.1,39.7,,,,0.0,,4.6,,
10016392,,1965,10,24,12,16,57.0,,7.4,46.3,,,,6.0,,4.4,,
10016396,,1965,10,28,14,39,28.5,,19.3,41.67,,,,28.0,,4.6,,
10016405,,1965,11,9,15,35,0.0,,10.355,44.373,,,,0.1,,4.17,,
10016407,,1965,11,12,7,16,56.0,,13.5,42.1,,,,3.8,,4.39,,
10016437,,1965,12,13,17,44,9.0,,19.7,40.1,,,,8.0,,4.67,,
10016440,,1965,12,18,9,22,25.0,,12.021,44.27,,,,20.5,,4.54,,
10016469,,1966,1,17,8,39,42.6,,20.57,40.09,,,,46.0,,4.5,,
10016476,,1966,1,23,1,31,29.0,,12.323,45.947,,,,10.0,,4.02,,
10016495,,1966,2,12,23,42,46.0,,8.817,46.95,,,,8.0,,3.5,,
10016616,,1966,5,25,9,6,57.0,,19.9,40.1,,,,18.0,,5.07,,
10016628,,1966,6,9,14,17,12.0,,7.067,46.433,,,,4.0,,3.6,,
10016640,,1966,6,19,4,12,11.0,,14.2,46.1,,,,10.1,,3.73,,
10016649,,1966,6,29,0,49,35.0,,20.4,41.4,,,,16.0,,4.67,,
10016658,,1966,7,6,4,24,0.0,,16.194,40.956,,,,7.4,,4.26,,
10016689,,1966,7,30,5,19,24.4,,17.77,43.19,,,,5.0,,3.72,,
10016733,,1966,8,20,12,5,19.3,,18.65,42.18,,,,33.0,,5.12,,
10016767,,1966,9,2,10,15,4.0,,9.0,46.75,,,,10.0,,3.5,,
10016800,,1966,10,4,4,51,51.0,,15.731,40.65,,,,8.0,,4.16,,
10016803,,1966,10,11,2,55,40.0,,19.7,41.4,,,,49.0,,4.5,,
10016807,,1966,10,16,9,48,29.0,,13.572,41.66,,,,32.1,,4.18,,
10016808,,1966,10,20,4,58,28.0,,17.83,43.15,,,,15.0,,3.81,,
10016809,,1966,10,20,9,38,35.4,,12.27,44.13,,,,48.0,,4.36,,
10016841,,1966,12,12,7,36,36.0,,7.32,46.32,,,,8.0,,3.9,,
10016850,,1966,12,24,21,6,0.0,,14.8,46.1,,,,6.9,,3.87,,
10016877,,1967,2,9,14,8,18.2,,20.26,39.92,,,,1.0,,5.8,,
10016889,,1967,2,24,15,20,59.5,,17.65,43.12,,,,5.0,,3.53,,
10016904,,1967,3,9,16,54,51.0,,15.1,45.6,,,,22.0,,3.73,,
10016944,,1967,3,24,17,38,38.0,,7.25,46.417,,,,6.0,,4.1,,
10016952,,1967,4,3,16,36,18.0,,10.602,44.73,,,,4.3,,4.44,,
10016990,,1967,5,4,8,55,58.0,,19.5,40.6,,,,33.0,,4.7,,
10017051,,1967,6,17,15,42,58.0,,15.79,41.594,,,,9.2,,4.46,,
10017080,,1967,7,15,2,23,26.0,,8.817,46.667,,,,7.0,,3.9,,
10017081,,1967,7,18,0,58,3.0,,6.95,46.4,,,,13.0,,3.6,,
10017084,,1967,7,20,16,20,2.0,,14.27,45.55,,,,29.0,,4.0,,
10017156,,1967,8,4,14,54,31.6,,17.74,42.82,,,,20.0,,4.1,,
10017164,,1967,8,14,10,16,18.0,,10.35,46.95,,,,20.0,,3.9,,
10017168,,1967,8,15,7,6,30.3,,15.28,38.71,,,,2.0,,4.57,,
10017193,,1967,9,8,2,4,45.0,,20.1,40.6,,,,21.0,,5.36,,
10017222,,1967,10,1,22,45,45.0,,11.017,43.922,,,,9.1,,4.04,,
10017233,,1967,10,5,22,49,0.0,,14.043,41.249,,,,4.4,,4.86,,
10017247,,1967,10,21,16,54,54.0,,17.03,43.1,,,,17.0,,3.53,,
10017255,,1967,10,31,21,8,7.0,,14.413,37.862,,,,5.0,,5.33,,
10017257,,1967,11,3,13,20,33.0,,14.433,45.633,,,,7.3,,3.9,,
10017283,,1967,11,30,7,23,50.0,,20.44,41.41,,,,9.0,,6.2,,
10017308,,1967,12,3,21,29,59.0,,13.512,42.312,,,,8.0,,4.37,,
10017331,,1967,12,30,4,19,0.0,,11.997,44.604,,,,7.4,,5.05,,
10017341,,1968,1,4,10,23,0.0,,12.627,42.341,,,,1.6,,4.53,,
10017396,,1968,1,29,3,14,47.0,,13.513,43.619,,,,19.8,,4.16,,
10017406,,1968,2,12,10,18,50.0,,17.87,37.96,,,,10.0,,5.4,,
10017469,,1968,3,7,0,21,45.0,,7.5,46.4,,,,1.0,,3.5,,
10017498,,1968,3,22,19,29,58.0,,15.871,40.086,,,,5.8,,4.21,,
10017544,,1968,4,18,19,38,15.0,,8.037,44.051,,,,10.3,,4.93,,
10017554,,1968,4,25,4,27,29.0,,20.2,39.15,,,,4.0,,4.5,,
10017575,,1968,5,19,9,37,32.0,,14.82,38.52,,,,39.0,,4.9,,
10017597,,1968,6,15,14,31,32.5,,18.39,42.98,,,,10.0,,3.53,,
10017604,,1968,6,18,5,27,0.0,,7.768,45.684,,,,6.2,,4.86,,
10017612,,1968,6,22,12,21,37.0,,10.996,45.879,,,,12.3,,4.74,,
10017619,,1968,6,26,3,15,0.0,,11.28,43.298,,,,7.4,,4.19,,
10017620,,1968,6,27,15,43,0.0,,6.73,46.29,,,,5.0,,4.6,,
10017629,,1968,7,5,8,39,55.0,,14.4,45.9,,,,6.2,,3.81,,
10017639,,1968,7,17,19,11,10.0,,16.129,38.625,,,,30.4,,4.3,,
10017659,,1968,8,4,14,54,32.0,,17.62,42.81,,,,22.0,,4.3,,
10017673,,1968,8,16,21,33,47.0,,14.1,46.3,,,,9.7,,4.2,,
10017710,,1968,9,17,12,16,37.8,,12.77,45.36,,,,18.0,,4.16,,
10017727,,1968,10,3,18,18,38.0,,19.9,40.25,,,,18.0,,4.77,,
10017758,,1968,11,3,4,49,33.0,,19.3,42.0,,,,20.0,,5.22,,
10017833,,1969,1,6,22,3,28.0,,10.727,44.049,,,,10.2,,4.67,,
10017842,,1969,1,10,4,32,3.4,,19.97,39.23,,,,37.0,,4.6,,
10017843,,1969,1,10,16,17,32.0,,11.983,44.39,,,,8.4,,4.38,,
10017852,,1969,1,20,10,20,49.0,,19.1,40.2,,,,0.0,,4.5,,
10017981,,1969,4,3,22,12,22.0,,19.92,40.48,,,,10.0,,5.66,,
10018020,,1969,4,17,9,12,0.0,,13.789,41.55,,,,25.5,,4.59,,
10018082,,1969,5,21,9,3,58.0,,15.004,40.294,,,,10.0,,4.19,,
10018096,,1969,6,1,23,20,0.0,,14.22,46.98,,,,11.0,,3.86,,
10018136,,1969,6,24,13,25,18.0,,10.139,44.731,,,,8.1,,4.21,,
10018140,,1969,7,2,7,55,0.0,,12.002,42.168,,,,8.7,,4.77,,
10018142,,1969,7,2,10,31,21.0,,16.64,39.51,,,,17.0,,4.57,,
10018178,,1969,8,9,9,20,57.0,,11.962,43.76,,,,4.8,,4.2,,
10018181,,1969,8,9,16,25,36.0,,19.2,42.3,,,,8.0,,4.2,,
10018183,,1969,8,11,13,55,0.0,,12.227,43.036,,,,10.2,,4.7,,
10018227,,1969,9,26,23,40,39.0,,13.567,42.707,,,,6.4,,4.39,,
10018239,,1969,10,9,3,31,36.0,,7.381,45.089,,,,0.1,,4.25,,
10018240,,1969,10,9,7,38,38.0,,14.167,45.833,,,,9.1,,3.68,,
10018243,,1969,10,13,1,2,30.8,,20.59,39.78,,,,27.0,,5.8,,
10018274,,1969,11,5,5,25,52.0,,8.233,46.767,,,,9.0,,3.5,,
10018279,,1969,11,14,6,48,7.0,,15.559,40.571,,,,13.0,,4.62,,
10018280,,1969,11,14,13,49,39.3,,19.8,41.2,,,,0.0,,4.7,,
10018340,,1970,1,17,6,30,28.4,,19.48,41.86,,,,33.0,,4.5,,
10018343,,1970,1,21,18,36,25.0,,15.861,41.835,,,,10.0,,4.34,,
10018362,,1970,2,9,7,39,0.0,,11.901,44.002,,,,0.1,,4.5,,
10018407,,1970,3,10,15,56,5.0,,14.467,45.967,,,,7.1,,3.56,,
10018574,,1970,4,19,18,16,32.0,,10.527,45.605,,,,6.1,,4.55,,
10018635,,1970,5,3,4,17,41.0,,10.299,44.707,,,,8.8,,4.08,,
10018744,,1970,5,26,12,5,0.0,,12.684,42.554,,,,7.4,,4.37,,
10018768,,1970,6,8,6,51,3.0,,20.4,41.44,,,,29.0,,4.6,,
10018800,,1970,6,27,18,57,13.0,,19.4,41.6,,,,13.0,,4.67,,
10018803,,1970,6,29,14,22,52.0,,16.582,38.968,,,,5.0,,3.8,,
10018825,,1970,7,10,10,1,35.0,,15.25,45.667,,,,7.1,,3.56,,
10018833,,1970,7,16,10,55,20.0,,8.233,46.767,,,,4.0,,3.5,,
10018838,,1970,7,21,11,24,35.0,,7.636,46.637,,,,15.0,,3.8,,
10018847,,1970,8,6,13,54,50.0,,9.85,46.617,,,,6.0,,3.5,,
10018852,,1970,8,8,4,27,29.0,,12.5,44.6,,,,48.0,,4.57,,
10018867,,1970,8,19,12,19,0.0,,10.788,43.252,,,,8.7,,4.68,,
10018881,,1970,8,31,4,22,56.9,,19.86,40.57,,,,47.0,,4.6,,
10018888,,1970,9,7,14,2,21.0,,13.023,43.034,,,,6.7,,4.35,,
10018917,,1970,9,26,16,42,28.0,,12.291,44.128,,,,18.6,,3.93,,
10018921,,1970,9,27,19,18,0.0,,13.986,41.363,,,,8.8,,4.6,,
10018965,,1970,10,31,16,7,39.4,,19.35,42.1,,,,39.0,,4.8,,
10018969,,1970,11,2,8,42,12.0,,11.167,44.853,,,,15.0,,3.93,,
10019011,,1970,12,9,15,58,28.0,,18.9,40.2,,,,48.0,,4.36,,
10019046,,1970,12,31,22,4,46.0,,8.137,44.138,,,,5.0,,4.62,,
10019057,,1971,1,6,11,10,55.0,,9.238,45.05,,,,5.0,,3.85,,
10019077,,1971,2,1,12,26,55.0,,7.456,44.403,,,,10.0,,4.39,,
10019078,,1971,2,3,4,53,33.18,,14.224,38.678,,,,20.9,,4.57,,
10019081,,1971,2,6,18,9,0.0,,11.846,42.442,,,,32.4,,4.83,,
10019088,,1971,2,12,4,54,56.0,,12.605,43.15,,,,9.8,,4.89,,
10019131,,1971,4,2,1,43,54.0,,13.054,42.746,,,,3.8,,4.5,,
10019154,,1971,4,28,15,36,22.76,,19.9791,39.5217,,,,43.0,,4.5,,
10019165,,1971,5,6,3,45,5.0,,15.275,41.169,,,,10.3,,4.83,,
10019305,,1971,7,15,1,33,23.0,,10.345,44.814,,,,20.5,,5.51,,
10019367,,1971,9,25,10,34,2.4,,8.652,44.111,,,,2.7,,4.33,,
10019372,,1971,9,29,7,18,0.0,,9.01,46.9,,,,6.0,,4.9,,
10019381,,1971,10,4,16,43,32.6,,13.058,42.816,,,,33.0,,4.51,,
10019401,,1971,11,10,23,59,15.0,,7.317,46.15,,,,4.34,,3.9,,
10019423,,1971,11,29,18,49,35.37,,15.773,40.336,,,,4.1,,4.5,,
10019435,,1971,12,18,6,2,11.5,,12.747,43.322,,,,46.0,,4.26,,
10019472,,1972,2,4,2,42,18.56,,13.436,43.716,,,,25.0,,4.57,,
10019498,,1972,2,29,20,54,17.74,,15.376,41.967,,,,10.0,,4.71,,
10019511,,1972,3,7,5,20,53.16,,19.8224,39.8094,,,,0.0,,4.5,,
10019556,,1972,4,17,1,39,55.5,,17.33,42.91,,,,13.7,,3.91,,
10019605,,1972,5,28,6,9,25.0,,14.9,46.5,,,,14.0,,3.9,,
10019684,,1972,8,18,6,20,0.0,,14.2,45.1,,,,10.0,,3.83,,
10019710,,1972,9,16,3,53,26.0,,19.85,40.13,,,,10.0,,5.36,,
10019730,,1972,9,26,14,22,58.0,,20.7,41.1,,,,10.0,,4.02,,
10019775,,1972,11,17,9,5,19.01,,20.1283,38.7662,,,,0.0,,4.5,,
10019782,,1972,11,24,3,48,34.2,,20.4272,39.3937,,,,9.0,,5.3,,
10019789,,1972,11,26,16,3,0.0,,13.454,42.967,,,,1.5,,5.48,,
10019792,,1972,11,30,11,25,27.45,,13.106,44.015,,,,1.6,,4.52,,
10019863,,1973,2,7,4,0,2.6,,17.8886,43.0864,,,,23.0,,4.11,,
10019917,,1973,4,7,19,30,7.0,,19.9,41.47,,,,20.0,,4.57,,
10019924,,1973,4,13,8,12,57.0,,16.772,39.046,,,,9.9,,4.62,,
10019925,,1973,4,14,2,15,26.97,,20.755,40.8562,,,,11.0,,4.6,,
10019930,,1973,4,19,17,41,35.0,,12.449,43.436,,,,10.0,,4.61,,
10019933,,1973,4,20,16,45,34.0,,11.226,43.844,,,,6.2,,4.38,,
10019954,,1973,5,15,22,51,0.0,,12.95,47.1,,,,18.0,,3.72,,
10019969,,1973,6,6,21,11,22.0,,18.38,42.37,,,,10.0,,4.2,,
10019998,,1973,7,9,0,27,4.0,,9.583,46.767,,,,10.0,,3.9,,
10020022,,1973,8,8,14,36,26.0,,15.436,40.668,,,,21.8,,4.75,,
10020078,,1973,10,5,10,26,52.1,,14.3,45.5,,,,6.2,,3.55,,
10020094,,1973,10,25,0,4,52.0,,19.0,42.25,,,,11.0,,4.77,,
10020119,,1973,11,5,8,41,0.0,,13.86,41.552,,,,10.3,,4.29,,
10020122,,1973,11,7,17,6,17.0,,10.832,44.018,,,,7.7,,4.06,,
10020163,,1973,12,12,0,3,0.0,,14.09,47.05,,,,13.0,,4.33,,
10020168,,1973,12,21,8,17,51.0,,14.17,46.12,,,,10.6,,4.2,,
10020174,,1973,12,30,2,45,0.0,,11.741,42.739,,,,1.6,,4.13,,
10020178,,1974,1,5,7,33,28.0,,12.583,43.183,,,,5.1,,5.28,,
10020198,,1974,1,19,2,50,49.0,,7.37,46.57,,,,8.0,,3.9,,
10020214,,1974,2,4,23,15,0.0,,13.193,38.709,,,,3.2,,3.7,,
10020224,,1974,2,8,20,12,18.0,,6.54,44.14,,,,4.0,,4.2,,
10020265,,1974,3,14,20,57,35.57,,19.389,41.8253,,,,46.0,,4.5,,
10020269,,1974,3,22,17,2,20.17,,20.5549,40.6523,,,,28.0,,4.7,,
10020296,,1974,4,15,21,49,12.0,,9.748,44.559,,,,7.8,,4.14,,
10020303,,1974,4,21,4,0,4.14,,17.532,38.864,,,,0.0,,3.55,,
10020317,,1974,5,6,7,50,19.79,,13.45,46.33,,,,7.0,,3.82,,
10020367,,1974,6,17,19,25,55.77,,17.816,38.962,,,,33.0,,3.88,,
10020381,,1974,6,29,22,32,2.9,,18.833,39.648,,,,39.1,,4.07,,
10020382,,1974,6,30,19,5,22.0,,10.738,44.1,,,,6.1,,4.01,,
10020391,,1974,7,14,11,39,13.04,,19.8562,39.2628,,,,10.0,,4.5,,
10020415,,1974,8,9,22,28,59.67,,19.7404,40.0129,,,,0.0,,4.5,,
10020455,,1974,9,17,5,10,32.0,,20.61,40.41,,,,7.0,,5.07,,
10020484,,1974,10,20,11,25,50.33,,18.826,39.572,,,,29.0,,5.02,,
10020521,,1974,12,2,1,55,15.0,,12.927,42.813,,,,10.0,,4.58,,
10020536,,1974,12,12,1,35,23.0,,15.1,45.8,,,,9.8,,4.04,,
10020541,,1974,12,20,15,9,32.65,,20.5333,39.6712,,,,47.0,,5.0,,
10020586,,1975,1,11,15,54,0.0,,10.732,45.622,,,,2.2,,4.42,,
10020594,,1975,1,16,0,9,45.0,,15.643,38.114,,,,25.5,,5.18,,
10020607,,1975,1,26,6,24,42.69,,20.1349,38.7459,,,,0.0,,4.5,,
10020621,,1975,2,14,11,25,39.93,,20.0403,41.5419,,,,22.0,,4.6,,
10020656,,1975,3,24,2,33,32.0,,13.135,46.283,,,,12.7,,4.51,,
10020679,,1975,4,4,9,10,53.0,,11.004,43.971,,,,6.4,,4.07,,
10020697,,1975,4,16,21,23,0.0,,11.688,42.85,,,,10.0,,4.16,,
10020741,,1975,5,16,19,41,22.0,,14.371,45.626,,,,22.8,,3.62,,
10020746,,1975,5,19,23,25,40.9,,19.7434,39.6119,,,,47.0,,4.5,,
10020787,,1975,6,12,19,27,7.15,,14.468,37.507,,,,30.0,,4.17,,
10020792,,1975,6,19,10,11,0.0,,15.677,41.689,,,,5.0,,5.02,,
10020815,,1975,7,15,7,39,41.4,,14.433,46.133,,,,5.0,,4.09,,
10020850,,1975,8,21,15,29,18.46,,19.796,40.1362,,,,46.0,,4.5,,
10020877,,1975,9,16,5,6,19.0,,19.3,41.5,,,,35.0,,5.36,,
10020917,,1975,10,21,23,1,20.0,,17.49,43.07,,,,7.4,,3.81,,
10020942,,1975,11,16,13,4,25.14,,9.519,44.749,,,,20.1,,4.93,,
10020949,,1975,11,22,10,6,8.0,,20.2,39.81,,,,6.0,,5.36,,
10021112,,1976,3,2,19,41,34.0,,19.8,40.65,,,,11.0,,5.07,,
10021167,,1976,5,6,20,0,0.0,,13.119,46.241,,,,2.9,,6.45,,
10021202,,1976,5,15,5,26,27.2,,14.75,45.95,,,,6.5,,4.0,,
10021278,,1976,7,15,19,41,28.21,,20.7239,40.7658,,,,1.0,,4.5,,
10021282,,1976,7,17,9,13,34.5,,9.69,46.682,,,,9.0,,3.9,,
10021331,,1976,8,22,2,49,13.0,,9.762,44.499,,,,4.7,,4.54,,
10021341,,1976,8,27,23,8,59.9,,11.24,47.05,,,,10.0,,3.7,,
10021369,,1976,9,17,1,23,55.0,,14.276,37.854,,,,10.6,,4.55,,
10021370,,1976,9,19,14,52,21.1,,14.31,45.53,,,,10.2,,4.4,,
10021388,,1976,10,7,0,3,31.3,,15.317,45.5,,,,6.5,,3.64,,
10021392,,1976,10,11,19,27,0.0,,14.32,41.685,,,,10.0,,4.29,,
10021402,,1976,10,22,11,23,27.26,,18.928,39.724,,,,44.7,,4.68,,
10021412,,1976,10,28,21,43,19.5,,18.6094,42.5963,,,,2.0,,3.55,,
10021416,,1976,11,8,18,8,40.52,,18.606,39.22,,,,4.7,,4.07,,
10021434,,1976,11,22,21,28,18.0,,19.29,42.08,,,,14.0,,3.74,,
10021457,,1976,11,25,4,11,24.0,,17.31,42.78,,,,7.2,,4.2,,
10021504,,1976,12,12,13,9,49.8,,19.6354,40.235,,,,50.0,,4.8,,
10021505,,1976,12,13,5,24,0.0,,10.799,45.894,,,,29.0,,4.9,,
10021518,,1976,12,29,20,23,49.48,,19.2292,41.379,,,,10.0,,5.7,,
10021588,,1977,3,5,13,31,22.5,,7.39,46.418,,,,10.0,,3.8,,
10021670,,1977,5,14,3,39,20.7,,16.1,43.13,,,,19.5,,3.91,,
10021699,,1977,6,5,13,59,0.0,,14.344,37.893,,,,28.6,,4.61,,
10021700,,1977,6,5,23,19,47.64,,18.831,39.63,,,,10.0,,4.07,,
10021728,,1977,7,1,12,40,39.04,,20.74,40.7041,,,,38.0,,4.7,,
10021732,,1977,7,3,12,13,28.1,,6.78,44.64,,,,7.0,,3.7,,
10021748,,1977,7,16,13,13,30.6,,14.24,46.31,,,,10.0,,4.6,,
10021755,,1977,7,24,9,55,29.0,,15.02,41.097,,,,5.0,,4.37,,
10021771,,1977,8,16,9,1,36.69,,19.8934,40.1517,,,,10.0,,4.5,,
10021783,,1977,8,25,19,33,29.76,,12.695,42.624,,,,25.0,,4.36,,
10021820,,1977,9,23,2,58,3.0,,20.08,41.49,,,,37.0,,5.07,,
10021919,,1978,1,2,15,10,56.1,,15.02,45.97,,,,10.0,,3.55,,
10021920,,1978,1,2,18,5,21.02,,16.192,42.707,,,,27.7,,5.0,,
10021921,,1978,1,2,21,46,41.1,,15.114,43.989,,,,6.5,,3.53,,
10021984,,1978,2,8,4,10,29.0,,14.991,41.106,,,,11.8,,4.44,,
10022025,,1978,3,11,19,20,48.41,,16.073,38.055,,,,26.1,,5.22,,
10022029,,1978,3,16,6,33,24.2,,17.7933,42.9975,,,,11.0,,3.65,,
10022044,,1978,4,3,6,26,43.0,,9.59,42.26,,,,10.0,,3.7,,
10022057,,1978,4,15,23,33,48.15,,15.086,38.385,,,,17.9,,6.03,,
10022113,,1978,5,31,4,4,7.1,,20.1246,38.7363,,,,0.0,,4.5,,
10022189,,1978,7,30,0,0,22.0,,18.74,42.63,,,,3.0,,3.55,,
10022190,,1978,7,30,5,19,23.0,,12.573,42.588,,,,0.1,,4.32,,
10022193,,1978,8,8,12,10,47.02,,19.7115,40.0968,,,,48.0,,4.5,,
10022213,,1978,8,26,18,43,39.0,,14.218,37.975,,,,12.0,,4.35,,
10022246,,1978,9,24,8,7,44.0,,16.487,40.646,,,,21.0,,4.75,,
10022290,,1978,11,9,0,30,0.0,,14.2,45.71,,,,12.7,,3.82,,
10022311,,1978,12,3,8,10,52.11,,19.645,40.9186,,,,38.0,,4.9,,
10022313,,1978,12,5,4,45,0.0,,12.853,43.068,,,,3.9,,4.22,,
10022314,,1978,12,5,15,39,4.0,,11.891,44.124,,,,3.4,,4.61,,
10022325,,1978,12,12,15,14,49.22,,12.723,46.327,,,,12.3,,4.35,,
10022331,,1978,12,17,3,48,11.1,,14.13,46.16,,,,14.6,,4.2,,
10022332,,1978,12,21,11,41,54.1,,15.08,46.02,,,,10.0,,3.82,,
10022336,,1978,12,25,22,53,41.0,,10.99,44.845,,,,11.5,,4.39,,
10022346,,1978,12,30,14,54,7.2,,15.304,43.981,,,,20.6,,3.53,,
10022379,,1979,2,9,14,44,0.0,,9.555,45.637,,,,6.1,,4.78,,
10022397,,1979,2,26,22,9,46.15,,20.063,41.5242,,,,28.0,,4.8,,
10022448,,1979,4,6,6,21,50.47,,20.3579,40.5367,,,,10.0,,4.7,,
10022463,,1979,4,15,6,19,41.0,,18.99,41.93,,,,12.0,,6.9,,
10022483,,1979,4,15,15,24,27.3,,18.253,43.044,,,,0.7,,3.53,,
10022514,,1979,4,18,15,19,19.28,,13.29,46.343,,,,9.3,,4.66,,
10022731,,1979,7,7,13,40,21.44,,17.026,42.143,,,,10.0,,4.61,,
10022800,,1979,9,3,6,15,58.8,,14.2,45.97,,,,10.0,,3.55,,
10022832,,1979,9,19,21,35,37.0,,12.956,42.73,,,,9.5,,5.83,,
10022873,,1979,10,21,11,31,9.0,,19.9,41.14,,,,26.0,,5.07,,
10022888,,1979,11,6,5,26,15.98,,20.3208,39.5632,,,,26.0,,5.5,,
10022910,,1979,11,17,20,53,0.0,,9.994,45.745,,,,1.0,,4.37,,
10022916,,1979,11,21,2,20,52.88,,20.1588,40.2841,,,,10.0,,4.6,,
10022920,,1979,11,22,7,24,6.9,,5.71,44.95,,,,2.0,,3.5,,
10022958,,1980,1,5,14,32,26.0,,7.319,45.013,,,,1.1,,4.82,,
10022974,,1980,1,23,21,0,0.0,,14.807,36.904,,,,3.0,,4.39,,
10022977,,1980,1,25,0,27,0.0,,10.968,46.65,,,,3.3,,4.0,,
10023000,,1980,2,20,2,34,1.0,,16.221,39.327,,,,16.1,,4.42,,
10023031,,1980,3,9,12,3,39.0,,16.053,40.019,,,,25.1,,4.71,,
10023125,,1980,5,28,19,51,20.04,,14.27,38.483,,,,18.9,,5.66,,
10023138,,1980,6,7,18,35,1.0,,10.564,44.07,,,,6.4,,4.64,,
10023148,,1980,6,14,20,56,50.0,,13.696,41.905,,,,8.1,,4.96,,
10023161,,1980,6,22,19,14,33.0,,17.42,43.1,,,,10.0,,4.58,,
10023179,,1980,7,7,10,32,4.71,,19.2702,40.6299,,,,13.0,,4.6,,
10023204,,1980,7,12,22,56,17.6,,15.3,45.52,,,,10.0,,3.55,,
10023217,,1980,7,19,0,37,56.0,,20.38,41.46,,,,11.0,,4.57,,
10023223,,1980,7,22,19,35,13.0,,15.14,45.16,,,,10.0,,3.62,,
10023266,,1980,9,8,19,41,13.36,,10.934,42.645,,,,2.0,,4.44,,
10023353,,1980,10,21,18,17,16.8,,18.87,42.77,,,,10.0,,3.53,,
10023409,,1980,11,23,18,34,52.0,,15.283,40.842,,,,10.0,,6.81,,
10023452,,1980,12,1,10,26,59.4,,19.894,40.7537,,,,10.0,,5.0,,
10023454,,1980,12,2,5,58,14.4,,6.3,45.78,,,,10.0,,3.9,,
10023472,,1980,12,9,5,50,11.0,,16.185,38.779,,,,9.9,,4.67,,
10023494,,1980,12,23,12,1,6.0,,9.787,44.808,,,,16.3,,4.57,,
10023532,,1981,1,9,14,17,8.03,,20.1193,39.6231,,,,10.0,,4.5,,
10023575,,1981,1,31,12,49,37.0,,14.66,47.12,,,,8.0,,4.08,,
10023725,,1981,3,22,5,44,5.84,,20.8238,40.6894,,,,1.0,,4.7,,
10023746,,1981,4,5,10,12,46.99,,15.01,38.322,,,,10.0,,4.32,,
10023767,,1981,4,22,4,26,20.43,,8.251,43.373,,,,17.0,,4.43,,
10023823,,1981,5,26,9,27,56.0,,10.434,44.655,,,,8.4,,3.75,,
10023834,,1981,5,30,2,16,4.0,,13.98,47.49,,,,13.0,,3.56,,
10023854,,1981,6,15,10,17,53.0,,14.73,47.04,,,,12.0,,4.28,,
10023859,,1981,6,19,16,51,27.91,,16.74,38.076,,,,10.0,,4.31,,
10023882,,1981,6,28,6,16,27.6,,14.17,45.72,,,,5.3,,4.0,,
10023909,,1981,7,1,4,51,0.0,,13.5,46.283,,,,4.5,,3.64,,
10024080,,1981,10,9,20,24,44.83,,20.1119,41.103,,,,6.0,,4.5,,
10024138,,1981,12,5,5,47,40.3,,12.69,46.322,,,,1.6,,4.19,,
10024143,,1981,12,9,22,44,41.52,,19.9278,40.0228,,,,10.0,,4.5,,
10024165,,1981,12,21,14,29,40.0,,18.24,43.07,,,,10.0,,3.53,,
10024245,,1982,2,8,9,1,46.2,,19.16,42.12,,,,12.0,,4.01,,
10024269,,1982,2,28,13,1,21.25,,20.4441,41.2842,,,,10.0,,4.8,,
10024282,,1982,3,11,6,13,50.49,,20.0472,40.0784,,,,0.0,,4.8,,
10024301,,1982,3,21,9,44,1.59,,15.747,39.841,,,,10.3,,5.23,,
10024379,,1982,5,1,6,33,10.0,,11.51,47.28,,,,6.0,,3.56,,
10024393,,1982,5,7,11,6,17.7,,18.885,42.633,,,,13.0,,3.74,,
10024440,,1982,6,5,17,54,15.0,,14.69,45.73,,,,20.0,,4.5,,
10024513,,1982,7,30,2,30,48.03,,19.7352,40.811,,,,7.0,,4.7,,
10024518,,1982,8,4,22,38,52.96,,20.5204,39.7187,,,,22.0,,5.1,,
10024525,,1982,8,6,13,29,34.13,,8.168,44.923,,,,25.1,,4.15,,
10024549,,1982,9,1,15,33,18.0,,10.53,43.932,,,,3.4,,4.21,,
10024583,,1982,10,5,6,57,20.6,,18.66,42.804,,,,6.0,,3.74,,
10024584,,1982,10,5,22,14,41.3,,17.989,42.989,,,,3.2,,3.53,,
10024604,,1982,10,17,6,45,36.0,,12.648,43.164,,,,6.4,,4.65,,
10024620,,1982,10,29,8,17,37.9,,19.3,42.0,,,,3.0,,3.62,,
10024692,,1982,12,28,14,4,16.4,,15.472,45.615,,,,4.5,,3.53,,
10024698,,1982,12,31,18,11,3.1,,16.78,43.32,,,,10.0,,3.65,,
10024709,,1983,1,5,4,3,30.5,,19.19,41.96,,,,10.0,,3.53,,
10024761,,1983,1,18,8,33,29.39,,19.5303,38.518,,,,10.0,,4.9,,
10024875,,1983,2,4,16,43,55.67,,19.7851,41.7495,,,,13.0,,4.5,,
10024897,,1983,2,10,22,30,34.2,,13.395,46.271,,,,15.1,,4.32,,
10024969,,1983,3,3,9,31,18.56,,19.7234,40.137,,,,43.0,,4.6,,
10025105,,1983,5,13,1,35,1.0,,14.333,37.989,,,,1.0,,4.16,,
10025174,,1983,7,2,16,38,51.0,,20.73,40.85,,,,22.0,,5.07,,
10025203,,1983,7,21,13,31,22.2,,11.324,45.846,,,,12.4,,4.44,,
10025211,,1983,7,27,19,4,32.4,,15.245,40.741,,,,0.1,,4.49,,
10025215,,1983,7,31,20,52,56.0,,10.52,46.687,,,,15.0,,4.1,,
10025220,,1983,8,5,15,50,51.2,,14.06,45.87,,,,10.0,,4.5,,
10025237,,1983,8,12,19,36,30.0,,14.045,41.655,,,,8.6,,4.76,,
10025257,,1983,8,25,11,52,48.2,,19.22,41.97,,,,10.0,,3.72,,
10025261,,1983,8,26,14,39,10.6,,18.202,42.684,,,,1.6,,3.53,,
10025289,,1983,9,19,20,20,48.86,,20.3616,39.5679,,,,10.0,,4.5,,
10025308,,1983,9,30,11,30,39.91,,16.057,41.695,,,,0.1,,4.02,,
10025419,,1983,11,9,16,29,52.0,,10.265,44.755,,,,7.3,,5.04,,
10025429,,1983,11,15,5,0,27.3,,18.87,42.21,,,,6.0,,3.62,,
10025505,,1984,1,5,12,39,39.0,,15.719,40.087,,,,0.1,,4.09,,
10025507,,1984,1,7,2,57,50.11,,19.7965,40.1155,,,,9.0,,4.5,,
10025512,,1984,1,10,12,12,58.7,,18.123,42.742,,,,0.3,,3.53,,
10025517,,1984,1,13,19,41,42.3,,19.08,41.97,,,,10.0,,4.1,,
10025570,,1984,2,19,21,14,37.6,,5.57,43.44,,,,4.0,,3.6,,
10025638,,1984,3,30,10,15,21.75,,20.0009,41.0945,,,,3.0,,4.5,,
10025675,,1984,4,22,17,39,21.0,,10.229,43.558,,,,10.0,,4.61,,
10025687,,1984,4,29,5,2,59.0,,12.525,43.262,,,,8.0,,5.62,,
10025695,,1984,5,2,10,28,17.0,,11.071,46.939,,,,15.0,,3.62,,
10025699,,1984,5,3,8,56,51.4,,6.53,46.07,,,,8.0,,3.8,,
10025703,,1984,5,7,17,50,0.0,,14.057,41.667,,,,6.9,,5.86,,
10025710,,1984,5,8,19,27,6.53,,19.6111,41.9395,,,,1.0,,4.8,,
10025725,,1984,5,13,12,45,0.0,,17.73,42.93,,,,16.0,,5.4,,
10025750,,1984,5,24,11,34,3.49,,20.1193,40.0413,,,,13.0,,4.6,,
10025754,,1984,5,26,12,26,45.83,,13.467,38.531,,,,17.2,,4.14,,
10025761,,1984,6,8,2,43,34.9,,10.323,46.688,,,,10.0,,3.7,,
10025778,,1984,6,19,11,40,37.7,,6.18,43.98,,,,10.0,,4.0,,
10025785,,1984,6,23,0,37,3.06,,16.668,39.495,,,,23.1,,4.22,,
10025799,,1984,6,29,23,18,34.29,,19.7156,41.2044,,,,28.0,,4.6,,
10025954,,1984,10,23,20,49,30.48,,16.721,39.804,,,,25.5,,4.07,,
10025972,,1984,11,5,7,56,0.9,,6.45,45.29,,,,10.0,,3.5,,
10025987,,1984,11,18,14,47,41.82,,20.5393,39.7294,,,,22.0,,4.7,,
10026041,,1985,1,16,23,35,59.0,,19.22,40.67,,,,17.0,,5.2,,
10026043,,1985,1,20,1,51,42.5,,15.265,45.565,,,,10.0,,4.4,,
10026046,,1985,1,23,10,10,16.55,,10.449,44.085,,,,8.9,,4.6,,
10026160,,1985,4,25,12,5,35.5,,20.3699,40.7998,,,,6.0,,4.6,,
10026173,,1985,5,1,16,57,35.0,,13.7,42.945,,,,0.1,,4.09,,
10026176,,1985,5,8,3,46,38.0,,18.839,41.888,,,,9.0,,3.65,,
10026186,,1985,5,14,5,44,36.14,,15.683,38.206,,,,9.9,,3.84,,
10026191,,1985,5,20,10,0,28.35,,13.353,42.297,,,,0.1,,4.51,,
10026194,,1985,5,21,23,27,1.56,,20.0853,39.9467,,,,5.0,,4.5,,
10026258,,1985,7,10,13,53,29.3,,9.672,44.558,,,,12.9,,3.76,,
10026307,,1985,8,17,2,13,4.1,,18.702,42.506,,,,10.0,,5.42,,
10026339,,1985,9,9,4,45,24.37,,12.242,42.887,,,,2.2,,3.81,,
10026347,,1985,9,19,4,54,26.15,,18.832,39.673,,,,14.6,,3.99,,
10026352,,1985,9,22,14,29,51.4,,17.664,42.943,,,,2.2,,4.2,,
10026387,,1985,10,27,11,45,27.91,,15.854,41.705,,,,15.7,,4.1,,
10026417,,1985,11,21,21,57,14.0,,19.32,41.72,,,,22.0,,5.51,,
10026424,,1985,11,24,6,54,4.08,,12.017,43.844,,,,21.2,,4.29,,
10026491,,1986,1,11,15,1,7.5,,15.417,42.652,,,,30.9,,4.71,,
10026498,,1986,1,16,2,10,37.34,,19.4753,39.9936,,,,16.0,,4.5,,
10026502,,1986,1,18,8,32,44.29,,14.218,41.535,,,,0.1,,4.06,,
10026540,,1986,2,15,1,43,6.6,,7.638,46.061,,,,5.0,,3.52,,
10026590,,1986,3,15,8,46,56.59,,20.1671,41.1516,,,,7.0,,5.1,,
10026602,,1986,3,27,7,43,8.9,,14.837,45.102,,,,4.9,,3.72,,
10026672,,1986,5,12,13,3,49.08,,9.624,44.596,,,,6.4,,3.8,,
10026748,,1986,6,16,10,26,44.31,,19.6848,40.0701,,,,2.0,,4.6,,
10026756,,1986,6,19,19,56,5.71,,13.741,38.399,,,,10.6,,3.65,,
10026758,,1986,6,22,14,7,51.16,,13.692,43.558,,,,7.1,,3.98,,
10026799,,1986,7,23,8,19,50.87,,15.746,40.628,,,,10.8,,4.61,,
10026808,,1986,7,31,12,26,11.5,,17.975,42.848,,,,0.2,,3.53,,
10026842,,1986,8,29,14,57,1.3,,12.537,46.352,,,,1.1,,4.73,,
10026908,,1986,9,27,18,8,17.03,,15.277,38.736,,,,10.0,,5.25,,
10026914,,1986,10,1,19,53,39.71,,10.125,44.277,,,,5.0,,4.46,,
10026928,,1986,10,13,5,10,0.31,,13.186,42.924,,,,5.4,,4.46,,
10026933,,1986,10,18,15,13,46.47,,20.3429,39.6897,,,,9.0,,4.6,,
10026938,,1986,10,20,12,15,34.26,,13.912,43.212,,,,26.0,,4.07,,
10026998,,1986,11,28,20,16,38.7,,15.362,44.103,,,,10.3,,3.62,,
10027004,,1986,12,6,17,7,19.77,,11.444,44.947,,,,23.5,,4.43,,
10027021,,1986,12,16,6,22,51.0,,14.8,45.06,,,,10.0,,4.47,,
10027037,,1986,12,29,3,59,33.14,,20.0183,41.0492,,,,27.0,,4.5,,
10027049,,1987,1,7,0,39,28.0,,20.61,40.44,,,,10.0,,5.07,,
10027064,,1987,1,22,5,10,50.09,,10.188,43.541,,,,5.8,,4.15,,
10027068,,1987,1,22,20,47,55.0,,18.984,42.362,,,,7.0,,3.65,,
10027072,,1987,1,28,5,33,21.76,,15.554,40.835,,,,5.6,,4.54,,
10027098,,1987,2,10,21,20,13.74,,10.187,44.246,,,,6.6,,4.09,,
10027099,,1987,2,13,13,58,6.0,,19.87,40.22,,,,10.0,,5.07,,
10027188,,1987,5,2,20,43,53.32,,10.694,44.81,,,,0.1,,4.71,,
10027207,,1987,5,24,10,23,24.76,,10.668,45.726,,,,0.1,,4.63,,
10027217,,1987,6,6,22,54,52.76,,14.195,37.706,,,,15.7,,4.03,,
10027243,,1987,6,29,13,7,24.58,,15.311,42.698,,,,10.0,,4.16,,
10027247,,1987,7,3,10,21,57.64,,13.902,43.198,,,,2.7,,5.06,,
10027248,,1987,7,3,10,46,56.62,,7.567,45.409,,,,17.8,,4.08,,
10027251,,1987,7,5,13,12,37.46,,12.208,43.758,,,,15.4,,4.44,,
10027274,,1987,7,21,15,16,47.69,,8.731,45.098,,,,10.0,,4.82,,
10027310,,1987,9,1,0,4,40.51,,15.556,40.687,,,,7.4,,4.05,,
10027458,,1987,12,18,4,51,19.6,,19.259,42.124,,,,13.0,,4.58,,
10027463,,1987,12,21,20,55,43.96,,19.9652,39.4839,,,,10.0,,4.7,,
10027487,,1988,1,8,13,5,46.75,,15.94,40.011,,,,5.2,,4.7,,
10027489,,1988,1,9,1,2,47.0,,19.6,41.24,,,,28.0,,5.91,,
10027506,,1988,1,25,20,2,6.6,,17.732,42.935,,,,3.5,,3.72,,
10027540,,1988,2,1,14,21,38.3,,13.076,46.348,,,,5.1,,4.62,,
10027548,,1988,2,8,11,24,46.14,,10.426,44.098,,,,8.4,,4.34,,
10027573,,1988,3,15,12,3,16.17,,10.724,44.838,,,,0.1,,4.57,,
10027583,,1988,3,26,20,35,42.0,,19.89,40.03,,,,5.0,,4.87,,
10027589,,1988,3,30,11,19,27.06,,14.764,38.406,,,,26.3,,4.35,,
10027605,,1988,4,13,21,28,27.56,,16.879,39.682,,,,2.7,,4.86,,
10027617,,1988,4,26,0,53,43.83,,16.608,42.366,,,,7.9,,5.36,,
10027618,,1988,4,26,1,10,11.89,,18.163,41.391,,,,10.0,,4.17,,
10027757,,1988,8,16,7,35,2.59,,9.854,44.475,,,,10.0,,4.08,,
10027768,,1988,8,24,23,5,57.0,,15.505,42.024,,,,0.1,,4.11,,
10027813,,1988,10,14,16,12,21.0,,19.89,40.18,,,,23.0,,4.57,,
10027939,,1988,12,14,9,45,5.35,,20.3691,39.6909,,,,24.0,,4.8,,
10027943,,1988,12,16,11,35,50.3,,15.033,44.708,,,,6.0,,4.2,,
10028095,,1989,3,11,21,5,0.0,,15.642,41.762,,,,9.5,,4.34,,
10028133,,1989,4,8,4,25,4.2,,18.774,42.828,,,,22.0,,4.21,,
10028184,,1989,5,7,15,39,14.5,,17.666,42.93,,,,12.7,,3.81,,
10028250,,1989,5,26,12,8,17.35,,20.7279,40.911,,,,10.0,,4.5,,
10028253,,1989,5,29,11,19,10.75,,15.733,40.542,,,,7.7,,4.34,,
10028306,,1989,6,18,5,54,56.9,,15.133,44.306,,,,6.7,,3.53,,
10028315,,1989,7,3,14,54,5.58,,12.794,40.53,,,,10.0,,4.22,,
10028322,,1989,7,9,3,54,37.25,,12.209,43.67,,,,4.1,,4.09,,
10028350,,1989,8,2,23,19,27.13,,20.1068,40.8109,,,,19.0,,4.5,,
10028380,,1989,8,22,14,28,57.44,,15.485,42.011,,,,7.9,,4.08,,
10028406,,1989,9,11,2,46,23.93,,13.311,43.118,,,,9.9,,4.04,,
10028409,,1989,9,13,21,54,1.5,,11.264,45.882,,,,9.0,,4.85,,
10028410,,1989,9,13,21,54,35.3,,8.673,44.856,,,,10.0,,4.55,,
10028436,,1989,9,24,21,27,54.0,,19.49,41.29,,,,9.0,,4.42,,
10028452,,1989,9,30,4,41,2.1,,7.388,46.328,,,,8.0,,3.62,,
10028456,,1989,10,3,9,41,32.85,,10.058,44.461,,,,16.8,,4.04,,
10028461,,1989,10,6,17,38,25.75,,15.681,42.118,,,,0.1,,4.61,,
10028541,,1989,11,17,0,54,16.0,,11.85,47.39,,,,12.0,,3.53,,
10028549,,1989,11,21,18,36,6.41,,15.792,38.107,,,,13.9,,4.19,,
10028550,,1989,11,21,21,52,51.5,,14.65,47.15,,,,12.0,,3.53,,
10028605,,1989,12,26,19,59,58.42,,7.541,43.509,,,,24.4,,4.46,,
10028646,,1990,1,24,4,45,4.02,,16.96,39.129,,,,14.6,,4.43,,
10028685,,1990,2,11,7,0,38.0,,7.558,44.918,,,,10.0,,4.69,,
10028690,,1990,2,14,15,55,54.0,,6.749,46.283,,,,17.0,,3.9,,
10028697,,1990,2,18,20,10,48.71,,16.457,42.171,,,,10.0,,4.24,,
10028733,,1990,3,14,1,27,55.0,,14.71,45.84,,,,10.1,,4.0,,
10028762,,1990,4,16,19,9,32.98,,14.224,41.614,,,,9.1,,3.78,,
10028770,,1990,4,22,9,45,4.66,,14.752,41.214,,,,8.7,,3.98,,
10028775,,1990,4,24,19,30,39.8,,19.257,42.117,,,,19.0,,4.67,,
10028778,,1990,4,26,11,27,40.47,,19.7623,40.9926,,,,10.0,,5.2,,
10028792,,1990,5,5,7,21,29.61,,15.741,40.738,,,,10.0,,5.77,,
10028804,,1990,5,8,22,33,15.91,,12.18,43.576,,,,3.7,,3.77,,
10028818,,1990,5,16,12,32,27.0,,10.237,46.858,,,,15.0,,3.67,,
10028892,,1990,6,24,5,52,30.89,,10.815,43.186,,,,0.5,,3.56,,
10028930,,1990,7,31,15,50,52.0,,17.81,43.02,,,,10.0,,4.6,,
10028966,,1990,8,18,14,47,50.56,,19.7695,40.141,,,,11.0,,4.7,,
10029004,,1990,9,12,2,59,44.87,,12.688,42.735,,,,14.1,,4.12,,
10029042,,1990,10,17,7,47,34.4,,20.58,41.22,,,,5.0,,3.74,,
10029095,,1990,11,11,22,16,23.7,,14.058,46.18,,,,12.4,,4.01,,
10029138,,1990,12,13,0,24,25.68,,15.429,37.306,,,,10.0,,5.61,,
10029175,,1991,1,7,11,42,55.44,,14.092,37.993,,,,2.9,,3.79,,
10029182,,1991,1,14,7,38,36.65,,11.853,43.781,,,,0.1,,4.26,,
10029211,,1991,2,11,15,43,43.1,,6.77,44.88,,,,2.0,,4.3,,
10029226,,1991,2,23,6,21,49.96,,20.2767,40.5604,,,,19.0,,4.6,,
10029229,,1991,2,25,7,25,57.77,,20.2497,41.3317,,,,18.0,,4.7,,
10029246,,1991,3,5,6,59,8.68,,19.6285,40.6556,,,,5.0,,4.5,,
10029270,,1991,3,30,3,4,58.52,,16.356,39.399,,,,8.4,,4.01,,
10029288,,1991,4,18,19,24,3.06,,16.804,40.415,,,,0.1,,4.13,,
10029303,,1991,4,26,22,35,11.0,,16.296,43.42,,,,14.1,,3.62,,
10029306,,1991,4,27,18,44,53.7,,15.1,46.57,,,,7.9,,4.0,,
10029460,,1991,5,5,6,33,35.68,,13.66,42.241,,,,8.4,,3.86,,
10029536,,1991,6,11,8,5,53.7,,12.894,46.264,,,,14.0,,4.14,,
10029551,,1991,6,15,20,58,32.56,,17.098,38.799,,,,18.7,,4.2,,
10029559,,1991,6,17,21,35,10.3,,19.29,42.113,,,,13.0,,3.93,,
10029642,,1991,8,4,21,0,51.6,,18.561,42.893,,,,24.0,,3.93,,
10029678,,1991,9,7,5,39,18.55,,15.51,37.96,,,,9.2,,4.02,,
10029682,,1991,9,8,19,45,22.0,,18.75,42.16,,,,10.0,,4.4,,
10029686,,1991,9,11,2,58,25.6,,19.322,42.02,,,,17.0,,3.55,,
10029704,,1991,9,25,14,53,44.71,,16.026,37.973,,,,11.8,,3.92,,
10029709,,1991,9,29,20,42,40.3,,17.778,42.971,,,,7.0,,3.65,,
10029714,,1991,10,3,2,40,27.13,,15.111,38.885,,,,12.7,,4.04,,
10029717,,1991,10,5,5,14,58.1,,13.309,46.243,,,,19.5,,4.51,,
10029750,,1991,10,31,9,31,18.63,,9.997,44.939,,,,9.9,,4.33,,
10029758,,1991,11,12,21,45,55.05,,13.421,42.932,,,,4.7,,3.54,,
10029767,,1991,11,20,1,54,0.0,,9.53,46.73,,,,23.0,,4.7,,
10029801,,1991,12,15,5,52,19.85,,16.073,39.163,,,,0.1,,4.26,,
10029812,,1991,12,26,23,44,57.76,,20.2156,41.269,,,,7.0,,4.6,,
10029828,,1992,1,13,14,32,3.6,,16.871,42.932,,,,6.1,,3.53,,
10029859,,1992,2,7,23,17,55.66,,11.952,42.624,,,,32.4,,3.76,,
10029876,,1992,2,18,3,30,9.82,,14.208,42.39,,,,0.1,,4.11,,
10029886,,1992,2,21,20,50,32.4,,14.349,45.472,,,,13.0,,3.81,,
10029921,,1992,3,15,23,44,31.09,,13.989,41.371,,,,0.1,,3.78,,
10029965,,1992,4,6,13,8,32.83,,14.517,37.851,,,,11.7,,4.73,,
10029984,,1992,4,17,11,59,7.29,,11.011,44.432,,,,0.1,,4.11,,
10029998,,1992,4,22,6,18,58.4,,19.084,42.527,,,,19.0,,3.65,,
10030022,,1992,5,8,5,15,50.51,,19.7607,40.1167,,,,22.0,,5.0,,
10030061,,1992,6,13,9,32,13.44,,15.831,38.357,,,,11.6,,3.64,,
10030074,,1992,6,21,18,59,5.59,,19.7364,39.1858,,,,40.0,,5.4,,
10030107,,1992,7,16,5,38,53.83,,14.208,42.311,,,,1.5,,4.22,,
10030147,,1992,8,25,2,25,48.38,,13.355,42.411,,,,13.3,,4.11,,
10030152,,1992,8,28,13,5,40.24,,15.432,39.641,,,,26.8,,4.53,,
10030225,,1992,10,30,5,38,27.1,,19.046,42.378,,,,13.8,,4.2,,
10030233,,1992,11,5,13,34,27.86,,15.778,41.702,,,,14.2,,4.34,,
10030285,,1992,11,24,3,47,59.81,,18.007,38.146,,,,10.0,,4.33,,
10030294,,1992,12,4,19,11,29.6,,17.609,43.016,,,,13.6,,3.72,,
10030309,,1992,12,20,21,48,18.01,,16.059,38.376,,,,6.6,,3.82,,
10030339,,1993,1,17,10,51,23.39,,12.21,43.614,,,,7.9,,4.26,,
10030340,,1993,1,18,19,19,9.87,,19.6064,41.6169,,,,28.0,,4.6,,
10030371,,1993,2,14,15,32,13.1,,18.309,42.878,,,,13.0,,3.55,,
10030392,,1993,3,1,12,43,13.04,,14.567,38.545,,,,17.3,,4.09,,
10030413,,1993,3,15,23,43,28.95,,7.364,44.431,,,,10.9,,4.06,,
10030459,,1993,4,6,23,24,48.4,,17.83,43.011,,,,12.6,,3.81,,
10030517,,1993,5,29,8,43,11.1,,15.285,45.552,,,,13.3,,3.72,,
10030533,,1993,6,5,19,16,17.02,,12.724,43.121,,,,7.7,,4.72,,
10030547,,1993,6,14,12,28,36.1,,8.283,45.964,,,,7.3,,4.34,,
10030564,,1993,6,26,17,47,52.88,,14.164,38.036,,,,5.1,,4.92,,
10030584,,1993,7,10,8,59,7.5,,10.22,47.13,,,,19.0,,3.62,,
10030605,,1993,7,17,10,34,59.7,,8.245,44.199,,,,12.4,,4.34,,
10030617,,1993,7,27,11,0,32.59,,20.4543,39.4633,,,,17.0,,4.5,,
10030688,,1993,8,6,7,51,47.61,,10.944,43.291,,,,2.3,,4.03,,
10030702,,1993,8,10,1,14,11.45,,17.101,39.523,,,,0.1,,4.45,,
10030714,,1993,8,13,5,3,50.4,,18.68,42.818,,,,16.0,,3.53,,
10030727,,1993,8,16,6,40,40.69,,15.566,40.601,,,,2.2,,3.67,,
10030879,,1993,11,5,2,1,3.79,,12.205,44.194,,,,0.1,,3.99,,
10030901,,1993,11,17,0,29,5.22,,10.86,42.64,,,,10.0,,4.0,,
10030909,,1993,11,28,10,29,12.8,,14.318,45.591,,,,16.1,,4.1,,
10030916,,1993,12,5,1,30,57.2,,19.224,41.92,,,,11.0,,4.3,,
10030923,,1993,12,9,18,16,50.88,,10.167,45.773,,,,1.0,,4.11,,
10030949,,1993,12,24,21,53,19.0,,19.78,40.18,,,,10.0,,4.84,,
10030978,,1994,1,7,18,30,12.46,,17.32,40.204,,,,30.0,,4.03,,
10030994,,1994,1,16,17,14,1.3,,19.043,42.555,,,,13.0,,3.55,,
10030998,,1994,1,20,6,59,13.49,,7.34,44.554,,,,8.4,,4.34,,
10031028,,1994,2,3,18,52,53.17,,20.5534,39.8453,,,,26.0,,4.9,,
10031040,,1994,2,9,21,49,12.5,,11.927,42.804,,,,0.1,,3.55,,
10031118,,1994,3,26,0,41,18.48,,16.775,38.913,,,,25.8,,4.25,,
10031130,,1994,3,31,9,41,40.5,,10.16,47.14,,,,8.0,,3.72,,
10031164,,1994,4,20,21,25,25.7,,12.538,46.338,,,,8.9,,4.12,,
10031165,,1994,4,22,20,3,55.8,,14.85,45.066,,,,9.5,,3.72,,
10031187,,1994,5,6,19,9,49.28,,14.189,37.651,,,,3.4,,4.36,,
10031214,,1994,5,22,22,56,47.7,,17.124,43.075,,,,6.7,,4.5,,
10031253,,1994,5,27,2,24,1.3,,19.136,41.957,,,,9.0,,3.83,,
10031274,,1994,6,2,17,38,13.82,,13.226,42.476,,,,0.1,,4.21,,
10031307,,1994,6,28,10,22,51.31,,20.0232,41.116,,,,27.0,,4.5,,
10031351,,1994,8,7,6,31,12.68,,13.347,41.993,,,,9.9,,4.25,,
10031430,,1994,8,28,6,4,45.3,,8.772,46.871,,,,4.0,,3.71,,
10031511,,1994,10,12,4,59,13.98,,15.394,39.748,,,,17.0,,4.57,,
10031517,,1994,10,14,9,12,26.9,,19.291,42.12,,,,15.0,,3.83,,
10031530,,1994,10,24,23,22,47.7,,11.213,45.936,,,,3.7,,4.15,,
10031542,,1994,11,1,10,6,30.39,,20.3194,39.4564,,,,29.0,,4.5,,
10031551,,1994,11,5,3,56,8.4,,17.758,42.983,,,,14.7,,3.53,,
10031586,,1994,11,27,7,26,27.62,,14.845,38.382,,,,19.3,,4.08,,
10031608,,1994,12,14,8,55,59.3,,6.41,45.96,,,,7.0,,4.4,,
10031636,,1995,1,1,15,6,41.2,,17.851,42.998,,,,8.0,,3.55,,
10031639,,1995,1,4,0,47,2.28,,7.318,44.869,,,,10.3,,3.73,,
10031648,,1995,1,6,19,45,42.49,,19.57,42.0377,,,,22.0,,4.6,,
10031712,,1995,2,1,20,24,6.96,,11.182,43.663,,,,10.0,,4.93,,
10031728,,1995,2,10,14,53,39.76,,19.78,41.13,,,,20.0,,3.91,,
10031749,,1995,2,20,7,48,7.4,,17.355,42.88,,,,4.5,,3.81,,
10031798,,1995,3,3,16,16,40.02,,10.006,44.366,,,,13.0,,4.2,,
10031809,,1995,3,8,8,55,8.58,,15.552,37.815,,,,8.7,,4.06,,
10031813,,1995,3,10,4,48,58.36,,19.97,38.51,,,,38.0,,3.73,,
10031888,,1995,4,11,12,6,51.62,,13.858,37.625,,,,24.0,,4.03,,
10031896,,1995,4,17,3,26,17.34,,17.08,39.601,,,,5.0,,4.06,,
10031900,,1995,4,21,8,2,56.15,,7.581,43.781,,,,15.9,,4.39,,
10031919,,1995,5,2,15,52,16.56,,20.23,39.25,,,,15.0,,4.0,,
10031945,,1995,5,9,1,41,5.41,,20.7868,40.7936,,,,8.0,,4.6,,
10031965,,1995,5,13,10,16,2.44,,15.202,43.194,,,,12.9,,4.09,,
10032103,,1995,5,22,12,50,31.0,,14.23,45.62,,,,27.0,,4.48,,
10032140,,1995,5,29,20,44,23.74,,16.047,40.272,,,,3.4,,4.18,,
10032305,,1995,7,15,6,45,22.0,,17.41,42.75,,,,10.0,,4.88,,
10032338,,1995,7,23,18,44,22.95,,14.647,38.575,,,,10.8,,4.63,,
10032383,,1995,8,8,7,53,44.72,,16.517,39.699,,,,14.2,,4.31,,
10032401,,1995,8,16,9,16,0.31,,19.64,39.5,,,,7.0,,3.55,,
10032426,,1995,8,27,19,42,13.49,,15.179,38.312,,,,9.0,,4.11,,
10032479,,1995,9,21,8,46,54.41,,20.5031,39.6886,,,,23.0,,4.6,,
10032523,,1995,9,28,23,44,41.0,,18.09,42.65,,,,10.0,,5.17,,
10032529,,1995,9,30,10,14,33.86,,15.971,41.79,,,,27.5,,5.15,,
10032602,,1995,10,10,6,54,21.72,,9.997,44.109,,,,4.8,,4.82,,
10032634,,1995,10,24,13,12,25.91,,19.96,40.68,,,,0.0,,4.0,,
10032649,,1995,10,29,13,0,27.69,,9.849,45.723,,,,32.5,,4.35,,
10032674,,1995,11,10,0,32,51.2,,14.68,47.21,,,,10.0,,3.91,,
10032712,,1995,11,21,4,4,34.57,,7.427,45.066,,,,29.3,,4.07,,
10032885,,1995,12,5,1,1,5.97,,14.979,43.352,,,,46.9,,4.34,,
10032921,,1995,12,9,23,14,36.68,,7.954,44.706,,,,10.0,,4.28,,
10033010,,1995,12,27,23,44,27.69,,12.113,44.156,,,,12.1,,3.97,,
10033024,,1995,12,31,21,29,47.6,,10.566,44.422,,,,10.2,,4.51,,
10033026,,1996,1,1,12,21,41.54,,13.445,43.061,,,,0.1,,4.2,,
10033075,,1996,1,16,9,44,13.7,,15.522,43.845,,,,14.4,,4.01,,
10033103,,1996,1,27,8,26,1.3,,12.575,46.314,,,,6.1,,3.9,,
10033254,,1996,3,14,1,56,37.25,,11.452,44.219,,,,6.6,,3.56,,
10033453,,1996,3,26,22,58,29.5,,15.45,44.311,,,,17.5,,4.1,,
10033474,,1996,3,31,6,8,0.0,,7.4,45.94,,,,4.0,,4.2,,
10033492,,1996,4,3,13,4,34.98,,15.454,40.661,,,,13.9,,4.9,,
10033565,,1996,4,20,4,48,5.68,,20.324,40.731,,,,3.0,,4.0,,
10033594,,1996,4,27,0,38,26.81,,16.454,39.493,,,,13.7,,4.77,,
10033619,,1996,5,2,18,8,54.32,,20.4154,39.4735,,,,10.0,,4.8,,
10033683,,1996,5,27,11,40,12.91,,19.8,40.413,,,,2.0,,3.91,,
10033707,,1996,6,1,12,28,23.23,,16.879,40.523,,,,5.1,,4.06,,
10033711,,1996,6,3,4,32,48.79,,18.784,37.652,,,,28.5,,4.47,,
10033757,,1996,6,15,21,40,8.0,,10.14,47.21,,,,19.0,,3.72,,
10033821,,1996,7,9,10,23,7.21,,14.12,42.875,,,,6.6,,4.2,,
10033826,,1996,7,10,10,25,16.64,,12.338,43.382,,,,10.0,,4.82,,
10033828,,1996,7,11,19,9,26.37,,9.941,44.153,,,,0.6,,4.06,,
10033833,,1996,7,15,0,13,30.3,,6.1,45.93,,,,15.0,,4.9,,
10033837,,1996,7,17,0,54,12.6,,11.54,47.11,,,,6.0,,3.62,,
10033962,,1996,8,5,22,46,42.49,,20.6256,40.0851,,,,9.0,,5.4,,
10034004,,1996,8,17,15,54,5.2,,15.473,43.913,,,,7.4,,4.01,,
10034048,,1996,9,1,9,51,2.5,,19.975,40.686,,,,1.0,,3.91,,
10034063,,1996,9,5,20,44,14.0,,17.95,42.48,,,,12.0,,5.7,,
10034190,,1996,10,3,22,41,0.4,,15.117,46.252,,,,8.3,,3.53,,
10034378,,1996,10,15,9,55,59.95,,10.678,44.798,,,,1.3,,5.38,,
10034415,,1996,10,20,19,6,55.57,,13.263,42.559,,,,9.0,,4.36,,
10034493,,1996,11,10,23,23,10.77,,15.198,41.675,,,,7.7,,4.35,,
10034536,,1996,11,22,6,11,41.7,,19.715,39.019,,,,0.0,,3.64,,
10034544,,1996,11,25,19,47,22.75,,8.506,44.166,,,,15.8,,4.01,,
10034584,,1996,12,10,20,14,56.41,,20.08,41.346,,,,1.0,,4.0,,
10034593,,1996,12,14,0,18,42.79,,13.899,37.821,,,,4.0,,4.27,,
10034683,,1997,1,9,2,9,35.0,,15.097,45.786,,,,20.1,,3.86,,
10034695,,1997,1,12,12,10,51.0,,19.67,40.96,,,,10.0,,4.85,,
10034846,,1997,2,26,13,43,59.87,,19.229,41.606,,,,1.0,,4.0,,
10034908,,1997,3,15,21,29,57.7,,15.711,44.844,,,,13.9,,3.72,,
10034926,,1997,3,19,23,10,50.02,,14.63,41.392,,,,7.1,,4.52,,
10034936,,1997,3,21,16,46,20.29,,11.696,42.86,,,,21.0,,4.04,,
10034940,,1997,3,25,0,46,17.22,,15.701,37.198,,,,24.2,,4.49,,
10034971,,1997,4,7,10,54,3.2,,16.357,43.37,,,,5.7,,3.53,,
10035070,,1997,5,12,13,50,14.63,,12.526,42.763,,,,1.4,,4.72,,
10035080,,1997,5,16,7,0,48.3,,20.17,41.05,,,,10.0,,5.38,,
10035192,,1997,6,3,1,13,45.38,,19.7467,40.1848,,,,23.0,,4.6,,
10035203,,1997,6,5,20,22,0.0,,10.69,47.34,,,,15.0,,4.0,,
10035215,,1997,6,9,14,10,56.89,,16.177,38.604,,,,11.6,,4.27,,
10035302,,1997,7,8,8,13,42.92,,16.4,39.244,,,,26.0,,4.04,,
10035368,,1997,7,30,16,6,37.4,,14.771,37.202,,,,30.3,,4.45,,
10035491,,1997,9,13,3,53,23.7,,19.248,42.123,,,,17.0,,3.55,,
10035558,,1997,9,29,21,1,34.4,,12.2,46.779,,,,8.2,,3.95,,
10035570,,1997,10,2,19,38,2.29,,12.172,43.627,,,,0.9,,4.42,,
10035683,,1997,10,31,4,23,42.8,,6.55,44.27,,,,10.0,,4.3,,
10035726,,1997,11,12,16,26,56.86,,20.2486,39.2215,,,,21.0,,5.1,,
10035857,,1997,11,24,19,4,55.64,,14.631,41.385,,,,6.3,,3.88,,
10035871,,1997,11,26,9,10,48.2,,19.34,39.0,,,,10.0,,4.8,,
10035989,,1997,12,24,17,53,10.12,,10.487,44.168,,,,16.0,,4.33,,
10036074,,1998,1,26,23,17,13.34,,16.147,42.42,,,,10.0,,4.41,,
10036090,,1998,2,1,6,27,3.47,,19.6788,39.8828,,,,28.0,,4.6,,
10036095,,1998,2,4,14,7,7.7,,14.468,45.513,,,,9.6,,3.72,,
10036101,,1998,2,8,1,12,35.63,,15.828,38.133,,,,24.8,,3.91,,
10036142,,1998,2,21,2,21,13.3,,10.723,44.777,,,,19.8,,3.93,,
10036193,,1998,3,7,3,27,4.31,,14.365,41.59,,,,11.0,,3.75,,
10036273,,1998,4,7,21,36,55.3,,15.805,41.104,,,,0.8,,4.31,,
10036290,,1998,4,12,10,55,31.6,,13.66,46.31,,,,16.0,,5.35,,
10036329,,1998,4,26,5,38,5.59,,15.829,40.637,,,,3.6,,3.76,,
10036368,,1998,5,12,21,46,30.46,,13.305,41.967,,,,11.4,,3.77,,
10036388,,1998,5,20,11,7,41.83,,10.81,43.081,,,,7.5,,4.19,,
10036469,,1998,6,13,23,13,29.6,,17.9426,43.1572,,,,4.0,,3.55,,
10036522,,1998,7,7,1,59,51.92,,17.591,39.307,,,,20.0,,4.05,,
10036524,,1998,7,7,8,22,42.19,,17.932,39.831,,,,25.7,,4.08,,
10036567,,1998,7,24,16,50,14.7,,18.671,42.228,,,,2.0,,3.53,,
10036604,,1998,8,15,5,18,8.89,,13.056,42.362,,,,2.9,,4.42,,
10036605,,1998,8,15,9,39,17.86,,14.335,41.537,,,,2.0,,3.54,,
10036614,,1998,8,19,7,58,37.9,,19.03,42.524,,,,10.9,,3.72,,
10036633,,1998,8,28,10,41,54.75,,16.448,37.566,,,,10.0,,4.46,,
10036635,,1998,8,31,2,31,4.0,,14.78,45.95,,,,10.0,,4.31,,
10036655,,1998,9,9,11,28,0.34,,15.949,40.06,,,,29.2,,5.53,,
10036659,,1998,9,14,5,24,47.08,,13.457,38.549,,,,5.0,,5.0,,
10036666,,1998,9,17,11,30,42.7,,16.452,43.3,,,,13.3,,3.62,,
10036671,,1998,9,20,23,20,19.16,,20.101,40.612,,,,7.0,,3.64,,
10036677,,1998,9,22,23,23,38.87,,15.808,41.792,,,,32.1,,4.32,,
10036698,,1998,9,30,5,28,10.25,,20.009,39.97,,,,7.0,,3.64,,
10036808,,1998,11,10,13,22,29.07,,19.413,39.168,,,,10.0,,3.64,,
10036883,,1998,11,28,21,5,4.0,,17.6492,42.9127,,,,3.0,,3.74,,
10036976,,1999,1,11,3,36,36.5,,5.77,45.04,,,,8.0,,3.7,,
10036977,,1999,1,12,7,26,12.69,,20.635,39.933,,,,0.0,,3.91,,
10036992,,1999,1,17,19,32,17.43,,17.535,39.172,,,,37.5,,4.62,,
10037009,,1999,1,25,22,45,58.08,,11.962,43.98,,,,27.9,,4.36,,
10037033,,1999,2,3,9,40,45.66,,17.82,38.506,,,,10.0,,3.82,,
10037170,,1999,3,31,9,43,10.08,,15.037,36.895,,,,32.9,,4.18,,
10037176,,1999,4,5,7,51,58.33,,15.324,40.757,,,,14.4,,3.99,,
10037190,,1999,4,12,5,33,40.98,,14.244,37.418,,,,24.9,,4.16,,
10037221,,1999,4,24,7,23,21.35,,19.599,41.448,,,,10.0,,3.64,,
10037259,,1999,5,8,7,21,28.52,,20.651,40.229,,,,10.0,,4.5,,
10037275,,1999,5,14,18,25,28.8,,8.0,46.737,,,,6.0,,3.61,,
10037313,,1999,6,2,10,36,59.97,,14.121,38.564,,,,20.8,,4.16,,
10037331,,1999,6,8,21,38,56.09,,19.598,40.46,,,,20.0,,4.6,,
10037367,,1999,6,26,9,50,9.47,,19.759,40.931,,,,40.0,,3.73,,
10037372,,1999,6,27,8,43,2.76,,20.127,41.27,,,,30.0,,4.0,,
10037400,,1999,7,7,17,16,12.59,,10.852,44.292,,,,11.5,,4.67,,
10037931,,1999,10,10,15,35,51.91,,13.22,42.647,,,,4.6,,4.21,,
10037941,,1999,10,14,13,23,51.48,,15.832,37.317,,,,3.1,,4.36,,
10038159,,1999,11,24,3,38,51.24,,20.558,39.668,,,,10.0,,5.0,,
10038161,,1999,11,24,21,10,51.0,,19.711,40.169,,,,29.0,,4.8,,
10038230,,1999,12,23,7,32,23.6,,20.6939,41.091,,,,5.0,,3.55,,
10038246,,1999,12,28,4,26,49.14,,17.056,39.308,,,,6.8,,3.99,,
10038253,,1999,12,29,20,42,34.8,,10.304,46.55,,,,3.0,,4.78,,
10038370,,2000,2,16,23,42,36.4,,15.5,44.248,,,,10.1,,3.62,,
10038419,,2000,3,12,0,28,46.6,,14.887,45.143,,,,11.1,,3.62,,
10038434,,2000,3,17,3,52,44.05,,15.951,37.953,,,,7.9,,4.05,,
10038435,,2000,3,17,11,47,20.6,,19.9736,41.0251,,,,2.0,,3.93,,
10038472,,2000,4,1,18,8,3.68,,11.691,42.831,,,,1.6,,4.52,,
10038547,,2000,4,26,13,37,46.78,,10.097,40.955,,,,1.0,,4.77,,
10038585,,2000,5,10,16,52,11.6,,11.932,44.243,,,,23.1,,4.82,,
10038672,,2000,6,3,13,27,51.57,,20.061,39.11,,,,44.0,,4.8,,
10038678,,2000,6,3,15,14,11.0,,10.146,47.2,,,,8.0,,3.64,,
10038725,,2000,6,16,3,33,22.9,,16.941,42.668,,,,14.7,,4.1,,
10038760,,2000,6,18,8,14,23.95,,10.633,44.693,,,,12.1,,4.88,,
10038786,,2000,6,22,13,57,52.44,,12.886,43.11,,,,8.9,,4.68,,
10038797,,2000,6,27,6,39,20.91,,12.746,42.459,,,,13.4,,4.08,,
10038901,,2000,8,1,7,5,8.11,,15.887,38.654,,,,6.0,,4.48,,
10038906,,2000,8,3,9,47,21.28,,16.291,39.492,,,,11.7,,4.02,,
10038907,,2000,8,3,9,56,40.85,,8.189,44.257,,,,9.4,,4.28,,
10038956,,2000,8,18,11,22,11.68,,16.275,36.961,,,,14.3,,4.06,,
10038971,,2000,8,21,17,14,0.0,,8.38,44.911,,,,9.5,,4.94,,
10039006,,2000,8,30,13,45,16.53,,15.535,42.139,,,,10.0,,4.23,,
10039013,,2000,9,1,15,21,10.1,,19.8171,41.803,,,,2.0,,3.65,,
10039044,,2000,9,10,15,8,59.7,,19.692,40.0872,,,,8.0,,3.74,,
10039150,,2000,10,25,8,42,2.23,,13.772,41.847,,,,7.6,,3.9,,
10039156,,2000,10,29,5,4,2.8,,19.263,41.853,,,,10.0,,3.93,,
10039173,,2000,11,7,9,23,19.8,,14.079,38.719,,,,2.7,,4.06,,
10039270,,2000,11,30,19,26,40.6,,19.848,41.795,,,,10.0,,3.74,,
10039288,,2000,12,6,13,32,37.3,,20.06,40.07,,,,10.0,,3.65,,
10039332,,2000,12,16,7,31,7.66,,12.586,42.516,,,,9.1,,4.29,,
10039374,,2000,12,28,13,4,57.4,,20.2969,41.0973,,,,20.0,,3.65,,
10039379,,2001,1,3,8,4,28.2,,17.894,42.999,,,,13.0,,3.65,,
10039489,,2001,2,6,22,28,44.36,,8.646,44.071,,,,13.1,,4.17,,
10039510,,2001,2,14,6,36,25.74,,20.275,39.323,,,,13.0,,4.8,,
10039531,,2001,2,23,22,19,41.7,,7.031,46.136,,,,6.0,,3.55,,
10039536,,2001,2,25,18,34,40.69,,7.472,43.467,,,,10.0,,4.44,,
10039555,,2001,3,3,1,54,54.54,,9.99,40.884,,,,25.3,,4.0,,
10039689,,2001,4,9,17,38,40.86,,20.597,40.073,,,,10.0,,4.91,,
10039717,,2001,4,16,8,51,53.56,,12.793,43.246,,,,2.6,,3.57,,
10039719,,2001,4,17,0,42,36.0,,19.47,40.64,,,,10.0,,4.23,,
10039755,,2001,5,12,22,55,44.5,,20.5024,41.2781,,,,10.0,,3.83,,
10039770,,2001,5,19,13,53,48.44,,17.55,37.931,,,,16.8,,5.36,,
10039796,,2001,5,26,6,2,18.56,,16.313,37.402,,,,21.7,,4.46,,
10039936,,2001,7,2,10,4,43.18,,15.372,41.783,,,,22.8,,4.26,,
10039995,,2001,7,17,15,6,15.27,,11.074,46.697,,,,0.1,,4.78,,
10040000,,2001,7,18,22,47,10.71,,8.427,44.801,,,,21.1,,4.23,,
10040008,,2001,7,20,20,57,10.7,,20.1504,41.5132,,,,5.0,,3.83,,
10040162,,2001,8,14,8,0,29.8,,19.8494,40.4318,,,,40.0,,3.55,,
10040193,,2001,8,30,13,51,39.81,,15.31,36.375,,,,12.1,,4.08,,
10040212,,2001,9,6,17,52,0.72,,10.735,44.847,,,,5.0,,3.51,,
10040271,,2001,9,23,21,16,56.97,,18.001,39.767,,,,23.5,,4.96,,
10040287,,2001,9,26,20,14,39.69,,10.83,45.782,,,,10.0,,3.96,,
10040289,,2001,9,28,4,26,55.2,,19.7,40.16,,,,5.0,,3.83,,
10040296,,2001,10,1,6,36,23.68,,10.429,46.425,,,,5.0,,4.1,,
10040301,,2001,10,6,7,25,58.7,,20.7695,40.8744,,,,40.0,,4.39,,
10040337,,2001,10,18,11,2,46.25,,16.361,39.263,,,,5.8,,4.28,,
10040387,,2001,11,7,9,40,46.01,,10.126,41.409,,,,31.2,,4.35,,
10040391,,2001,11,9,4,20,18.55,,11.037,43.234,,,,5.0,,3.96,,
10040426,,2001,11,25,19,34,19.95,,13.97,37.841,,,,9.4,,4.69,,
10040429,,2001,11,26,0,56,55.46,,12.108,43.6,,,,5.5,,4.63,,
10040445,,2001,11,30,3,17,21.83,,15.862,41.75,,,,12.1,,3.51,,
10040446,,2001,11,30,10,46,23.9,,20.22,40.04,,,,10.0,,3.74,,
10040449,,2001,12,1,1,54,43.37,,20.493,41.33,,,,22.0,,4.6,,
10040451,,2001,12,1,16,39,26.32,,11.258,44.952,,,,4.9,,4.1,,
10040452,,2001,12,2,4,8,54.23,,16.559,37.385,,,,14.1,,3.51,,
10040462,,2001,12,6,17,44,52.09,,11.083,44.081,,,,5.0,,3.66,,
10040468,,2001,12,8,20,11,9.7,,19.6718,41.5085,,,,15.0,,3.65,,
10040474,,2001,12,9,12,15,8.62,,15.322,40.791,,,,5.5,,3.51,,
10040506,,2001,12,18,17,43,56.14,,11.078,45.966,,,,5.0,,3.66,,
10040527,,2001,12,28,23,9,59.8,,19.68,40.08,,,,5.0,,3.55,,
10040537,,2001,12,31,15,30,8.5,,15.036,44.941,,,,12.2,,4.1,,
10040665,,2002,2,10,16,21,36.65,,10.279,40.957,,,,10.0,,3.66,,
10040676,,2002,2,14,3,18,2.48,,13.117,46.392,,,,11.3,,4.67,,
10040724,,2002,3,5,15,30,56.1,,20.8191,40.7762,,,,12.0,,3.55,,
10040743,,2002,3,15,5,9,38.06,,16.592,39.19,,,,5.0,,3.51,,
10040783,,2002,4,2,15,40,13.54,,17.871,41.51,,,,10.0,,3.66,,
10040786,,2002,4,2,22,12,44.95,,15.569,38.902,,,,7.4,,3.51,,
10040794,,2002,4,5,4,52,20.52,,15.064,38.446,,,,10.0,,4.49,,
10040815,,2002,4,9,13,2,50.14,,16.63,41.434,,,,10.0,,3.81,,
10040831,,2002,4,16,7,42,58.3,,17.838,43.02,,,,8.8,,4.1,,
10040834,,2002,4,17,6,42,54.66,,16.879,39.683,,,,3.9,,4.84,,
10040839,,2002,4,18,20,56,48.67,,15.546,40.584,,,,7.8,,4.34,,
10040861,,2002,4,26,10,10,58.68,,19.748,39.559,,,,5.0,,3.73,,
10040875,,2002,4,29,15,14,9.67,,8.428,46.045,,,,9.1,,3.66,,
10040880,,2002,4,30,21,24,50.39,,11.536,44.132,,,,5.1,,4.1,,
10040892,,2002,5,5,6,15,24.5,,20.2366,41.3271,,,,2.0,,3.55,,
10040944,,2002,5,27,15,0,54.5,,20.43,40.13,,,,5.0,,3.74,,
10040951,,2002,5,30,20,29,55.7,,20.0968,41.0672,,,,2.0,,3.74,,
10040957,,2002,6,2,13,37,19.0,,14.229,45.628,,,,5.8,,3.9,,
10040985,,2002,6,12,5,24,9.38,,15.714,39.326,,,,5.0,,3.51,,
10041000,,2002,6,18,22,23,38.1,,10.683,44.395,,,,32.1,,4.3,,
10041062,,2002,7,7,13,24,43.89,,12.96,42.735,,,,5.0,,3.81,,
10041077,,2002,7,16,11,40,53.0,,20.374,39.545,,,,5.0,,3.55,,
10041129,,2002,8,8,13,27,40.02,,15.963,42.006,,,,21.5,,3.51,,
10041142,,2002,8,16,6,11,51.04,,13.002,42.35,,,,5.0,,3.51,,
10041144,,2002,8,16,10,36,16.79,,20.174,38.97,,,,20.0,,3.64,,
10041147,,2002,8,17,13,42,7.39,,8.059,43.284,,,,10.0,,3.66,,
10041162,,2002,8,22,5,25,21.65,,13.523,43.425,,,,9.4,,3.51,,
10041192,,2002,9,2,18,56,1.2,,20.3664,41.3584,,,,10.0,,4.3,,
10041195,,2002,9,3,23,10,13.0,,19.7597,40.0892,,,,2.0,,3.65,,
10041202,,2002,9,6,1,21,27.25,,13.687,38.364,,,,9.6,,5.92,,
10041291,,2002,9,29,11,9,2.08,,12.898,46.496,,,,3.4,,3.51,,
10041292,,2002,9,30,2,48,0.0,,13.73,46.42,,,,15.0,,3.9,,
10041331,,2002,10,8,4,40,47.6,,20.4166,40.0078,,,,22.0,,4.7,,
10041354,,2002,10,18,17,25,12.15,,13.747,39.31,,,,6.9,,4.25,,
10041368,,2002,10,23,11,1,28.0,,17.16,42.61,,,,16.0,,4.27,,
10041409,,2002,10,31,10,32,59.05,,14.893,41.716,,,,25.1,,5.74,,
10041435,,2002,11,2,10,57,44.89,,12.143,44.593,,,,24.5,,4.21,,
10041482,,2002,11,13,10,48,3.19,,10.141,45.65,,,,10.0,,4.21,,
10041493,,2002,11,17,18,24,58.61,,19.5611,40.0611,,,,14.0,,4.8,,
10041521,,2002,11,28,0,0,27.65,,15.657,37.216,,,,6.3,,3.51,,
10041523,,2002,11,28,2,25,42.8,,19.8539,40.6779,,,,2.0,,3.55,,
10041568,,2002,12,18,0,37,28.39,,14.025,41.723,,,,6.5,,3.81,,
10041581,,2002,12,23,14,57,28.39,,12.607,42.716,,,,5.0,,3.51,,
10041637,,2003,1,17,3,18,19.0,,14.704,44.974,,,,8.8,,4.02,,
10041654,,2003,1,25,1,23,40.6,,17.9422,43.0846,,,,10.0,,3.83,,
10041656,,2003,1,26,19,57,3.21,,11.96,43.883,,,,6.5,,4.66,,
10041708,,2003,2,3,12,18,45.85,,15.669,40.751,,,,8.0,,3.66,,
10041723,,2003,2,9,22,13,57.8,,20.3359,40.8756,,,,2.0,,3.93,,
10041753,,2003,2,24,20,22,26.0,,20.37,39.42,,,,17.9,,4.52,,
10041783,,2003,3,11,5,57,9.03,,13.218,46.442,,,,5.0,,3.51,,
10041800,,2003,3,21,15,55,35.1,,20.1626,41.3144,,,,2.0,,4.02,,
10041825,,2003,3,29,17,42,13.74,,15.339,43.135,,,,7.9,,5.43,,
10041867,,2003,4,6,19,7,56.18,,18.954,39.868,,,,10.0,,3.51,,
10041887,,2003,4,11,9,26,57.78,,8.868,44.758,,,,8.2,,4.81,,
10041921,,2003,4,24,6,52,20.9,,17.206,38.541,,,,10.5,,3.51,,
10041949,,2003,4,29,4,55,9.1,,7.57,46.341,,,,10.0,,3.52,,
10041955,,2003,4,29,18,45,45.56,,16.217,41.625,,,,5.0,,3.51,,
10041978,,2003,5,2,23,31,55.3,,19.7638,40.9041,,,,38.0,,3.65,,
10041999,,2003,5,6,21,59,43.4,,8.908,46.905,,,,3.0,,3.67,,
10042162,,2003,5,25,17,15,13.95,,13.676,42.998,,,,5.0,,3.81,,
10042164,,2003,5,25,23,3,31.8,,6.51,45.14,,,,10.9,,3.5,,
10042198,,2003,5,29,11,38,8.26,,20.3457,39.4986,,,,3.0,,4.7,,
10042207,,2003,5,31,5,59,14.0,,15.158,45.877,,,,7.9,,3.72,,
10042223,,2003,6,2,5,18,53.64,,16.685,39.559,,,,5.0,,3.51,,
10042264,,2003,6,10,22,59,47.03,,7.664,44.86,,,,5.0,,3.51,,
10042344,,2003,6,27,20,16,16.6,,20.6579,40.4362,,,,2.0,,3.55,,
10042353,,2003,6,30,7,3,41.21,,10.189,43.651,,,,6.5,,4.17,,
10042355,,2003,6,30,10,11,10.12,,13.224,42.261,,,,5.0,,3.96,,
10042367,,2003,7,4,9,7,42.7,,19.7552,40.0084,,,,2.0,,4.49,,
10042448,,2003,7,17,2,27,16.1,,9.838,46.729,,,,7.0,,3.57,,
10042477,,2003,7,21,13,15,57.0,,14.33,47.16,,,,10.0,,4.12,,
10042536,,2003,8,2,10,18,38.0,,17.7,43.01,,,,10.0,,4.73,,
10042541,,2003,8,3,21,44,45.07,,10.076,45.245,,,,5.1,,3.51,,
10042619,,2003,8,22,9,21,32.2,,7.316,46.323,,,,6.0,,3.65,,
10042628,,2003,8,26,20,33,58.73,,19.824,38.314,,,,15.0,,3.82,,
10042646,,2003,8,30,9,10,51.48,,12.847,46.336,,,,5.0,,3.96,,
10042678,,2003,9,14,21,42,53.18,,11.38,44.255,,,,8.3,,5.24,,
10042728,,2003,9,27,17,36,47.64,,13.259,42.217,,,,5.0,,3.66,,
10042809,,2003,10,29,7,15,29.0,,12.01,47.49,,,,8.0,,3.67,,
10042856,,2003,11,18,6,8,43.06,,16.41,39.173,,,,5.0,,3.51,,
10042875,,2003,11,22,13,55,12.9,,20.755,40.972,,,,4.0,,3.55,,
10042898,,2003,12,5,3,31,49.23,,19.8249,41.3682,,,,24.0,,4.7,,
10042900,,2003,12,5,6,0,53.8,,19.9951,40.9054,,,,2.0,,3.55,,
10042902,,2003,12,6,0,18,55.1,,19.156,41.88,,,,14.0,,4.75,,
10042905,,2003,12,6,21,15,8.7,,20.623,39.877,,,,3.0,,3.64,,
10042908,,2003,12,7,10,20,33.04,,12.18,44.162,,,,9.2,,4.18,,
10042948,,2003,12,20,3,29,40.95,,7.141,44.462,,,,10.0,,3.51,,
10042966,,2003,12,25,6,50,13.4,,19.856,40.0986,,,,5.0,,4.39,,
10043045,,2004,1,21,17,44,41.88,,19.814,38.626,,,,16.0,,3.82,,
10043084,,2004,2,4,5,36,12.58,,19.6528,40.1437,,,,7.0,,4.6,,
10043111,,2004,2,12,9,13,28.79,,12.579,44.484,,,,5.0,,3.66,,
10043113,,2004,2,12,21,50,10.44,,20.618,39.813,,,,3.0,,4.18,,
10043134,,2004,2,20,1,34,24.11,,13.361,43.085,,,,3.6,,3.51,,
10043164,,2004,2,24,5,21,26.53,,15.436,40.719,,,,10.3,,4.21,,
10043212,,2004,3,3,2,13,25.39,,15.235,39.85,,,,10.0,,4.55,,
10043326,,2004,4,4,1,9,43.84,,20.264,39.398,,,,10.0,,3.73,,
10043371,,2004,4,17,5,14,14.53,,16.93,38.952,,,,10.0,,4.21,,
10043384,,2004,4,20,0,39,32.7,,20.3495,40.9938,,,,2.0,,3.55,,
10043410,,2004,4,25,5,43,46.4,,17.8192,43.0828,,,,10.0,,3.55,,
10043488,,2004,5,20,17,15,28.1,,19.6703,40.7745,,,,8.0,,4.02,,
10043524,,2004,5,29,12,36,0.55,,14.634,38.537,,,,9.9,,3.66,,
10043576,,2004,6,10,10,31,22.27,,13.902,37.699,,,,26.1,,3.51,,
10043579,,2004,6,11,3,46,46.45,,16.163,41.912,,,,25.0,,3.81,,
10043620,,2004,6,19,21,44,54.4,,20.1996,41.2522,,,,15.0,,3.65,,
10043667,,2004,6,28,10,51,31.89,,14.89,41.696,,,,9.2,,3.51,,
10043722,,2004,7,6,12,19,13.34,,13.673,38.376,,,,5.0,,3.81,,
10043743,,2004,7,12,11,26,28.36,,20.202,39.273,,,,1.0,,4.27,,
10043744,,2004,7,12,13,4,5.0,,13.63,46.34,,,,10.0,,5.16,,
10043810,,2004,7,26,8,26,11.8,,20.6078,40.6461,,,,20.0,,3.93,,
10043833,,2004,7,31,22,51,17.23,,16.227,40.476,,,,5.0,,3.51,,
10043900,,2004,8,6,14,31,47.6,,19.8335,40.1138,,,,8.0,,3.65,,
10043985,,2004,8,27,21,47,36.15,,10.208,44.149,,,,5.0,,3.96,,
10043989,,2004,8,28,22,16,50.0,,19.572,41.246,,,,11.0,,4.01,,
10044010,,2004,9,3,0,4,12.75,,15.684,40.701,,,,5.0,,4.41,,
10044062,,2004,9,14,18,9,26.0,,14.58,45.33,,,,10.0,,4.2,,
10044073,,2004,9,16,1,24,16.89,,20.5835,39.7512,,,,22.0,,4.6,,
10044103,,2004,9,20,10,46,59.3,,20.02,41.552,,,,10.0,,3.83,,
10044169,,2004,10,7,4,41,46.67,,14.565,38.528,,,,11.1,,3.51,,
10044183,,2004,10,10,12,37,22.57,,13.315,42.506,,,,8.5,,3.51,,
10044248,,2004,10,31,9,8,2.1,,17.734,43.018,,,,21.9,,3.91,,
10044262,,2004,11,5,8,21,56.6,,19.266,42.098,,,,13.0,,3.83,,
10044267,,2004,11,6,3,8,8.33,,16.589,39.26,,,,5.0,,3.51,,
10044310,,2004,11,23,2,26,16.4,,20.63,40.32,,,,15.4,,5.48,,
10044312,,2004,11,23,4,12,44.63,,19.506,40.8675,,,,21.0,,4.5,,
10044321,,2004,11,24,22,59,38.55,,10.521,45.685,,,,5.4,,4.99,,
10044323,,2004,11,25,6,21,15.44,,15.359,43.189,,,,0.2,,5.25,,
10044330,,2004,11,27,1,54,5.8,,15.0279,44.8745,,,,2.0,,3.65,,
10044365,,2004,12,4,22,20,50.2,,11.996,45.942,,,,5.2,,3.86,,
10044375,,2004,12,7,14,32,45.3,,19.6459,39.9592,,,,8.0,,4.8,,
10044379,,2004,12,9,2,44,25.29,,13.791,42.79,,,,5.0,,4.09,,
10044415,,2004,12,15,6,59,20.74,,15.59,36.338,,,,5.0,,3.51,,
10044425,,2004,12,18,9,12,46.57,,10.05,40.958,,,,15.0,,4.58,,
10044442,,2004,12,22,7,45,19.2,,19.04,39.74,,,,2.0,,3.65,,
10044478,,2004,12,30,4,4,50.26,,14.68,36.877,,,,15.1,,3.82,,
10044486,,2005,1,2,1,24,57.7,,20.274,41.09,,,,2.0,,3.74,,
10044659,,2005,1,31,10,44,49.8,,16.883,39.656,,,,5.0,,3.66,,
10044685,,2005,2,5,22,4,29.22,,20.26,39.029,,,,9.0,,4.27,,
10044759,,2005,3,1,5,41,37.38,,14.867,41.666,,,,9.9,,3.68,,
10044790,,2005,3,9,14,46,58.4,,14.7066,45.3245,,,,15.0,,4.11,,
10044812,,2005,3,13,17,48,15.46,,13.281,42.517,,,,10.1,,3.66,,
10044870,,2005,3,23,0,33,52.58,,12.73,46.167,,,,8.7,,3.51,,
10044891,,2005,3,25,23,19,28.37,,7.327,44.545,,,,10.3,,3.66,,
10044893,,2005,3,26,4,15,2.03,,12.334,42.408,,,,5.2,,3.51,,
10044946,,2005,4,12,0,31,51.61,,13.379,43.094,,,,4.3,,3.74,,
10044954,,2005,4,15,7,41,32.22,,15.658,39.706,,,,5.0,,3.51,,
10044965,,2005,4,18,10,59,18.56,,9.348,44.724,,,,7.8,,3.97,,
10044986,,2005,4,23,19,11,41.69,,16.826,39.458,,,,19.1,,4.15,,
10044995,,2005,4,27,13,8,8.64,,12.732,43.24,,,,10.0,,3.67,,
10045029,,2005,5,5,13,21,21.87,,13.711,41.894,,,,19.0,,3.57,,
10045045,,2005,5,8,21,20,3.0,,20.0506,40.7932,,,,20.0,,3.93,,
10045208,,2005,5,17,0,32,13.57,,10.185,43.617,,,,9.5,,3.89,,
10045225,,2005,5,19,23,19,56.0,,18.95,42.72,,,,22.0,,4.43,,
10045354,,2005,6,12,21,16,14.2,,7.275,45.129,,,,29.6,,3.79,,
10045368,,2005,6,17,5,33,3.1,,19.677,41.918,,,,11.0,,4.02,,
10045446,,2005,7,3,23,44,42.0,,17.37,42.68,,,,5.0,,4.13,,
10045477,,2005,7,7,13,30,59.2,,19.8885,41.3718,,,,2.0,,3.74,,
10045510,,2005,7,15,15,17,18.0,,12.117,44.207,,,,22.8,,4.29,,
10045530,,2005,7,21,15,41,42.57,,14.853,39.399,,,,24.9,,3.89,,
10045558,,2005,7,28,14,38,19.67,,20.3332,40.9778,,,,10.0,,4.5,,
10045620,,2005,8,12,18,53,21.8,,19.7846,40.149,,,,10.0,,4.39,,
10045684,,2005,8,30,11,28,19.4,,14.3598,46.1446,,,,20.0,,3.83,,
10045695,,2005,8,31,21,55,33.3,,13.4771,46.301,,,,12.0,,3.55,,
10045720,,2005,9,7,12,40,33.4,,16.317,38.713,,,,23.7,,3.78,,
10045726,,2005,9,8,11,27,18.09,,6.889,46.038,,,,4.34,,4.5,,
10045736,,2005,9,12,21,30,53.14,,20.1167,38.9891,,,,29.0,,4.6,,
10045778,,2005,9,27,22,33,9.27,,17.104,38.618,,,,31.4,,3.78,,
10045789,,2005,10,1,8,35,21.43,,14.299,36.792,,,,21.3,,3.67,,
10045812,,2005,10,8,14,46,11.2,,19.3439,40.8379,,,,20.0,,3.55,,
10046108,,2005,10,31,3,39,58.4,,6.34,45.7,,,,6.0,,3.5,,
10046111,,2005,10,31,13,0,6.8,,17.5726,42.9928,,,,12.0,,4.3,,
10046117,,2005,11,1,19,53,5.49,,20.3284,41.0908,,,,5.0,,4.6,,
10046172,,2005,11,8,21,10,26.55,,12.247,44.154,,,,19.9,,3.67,,
10046215,,2005,11,18,18,35,22.57,,17.215,39.126,,,,18.9,,3.57,,
10046217,,2005,11,18,20,56,37.7,,13.6158,46.316,,,,12.0,,3.74,,
10046299,,2005,12,12,14,14,15.1,,14.0754,46.0867,,,,12.0,,3.83,,
10046304,,2005,12,15,13,28,39.59,,12.76,42.738,,,,18.4,,4.14,,
10046309,,2005,12,17,1,31,46.45,,19.838,39.592,,,,25.0,,3.55,,
10046475,,2006,1,30,14,44,51.6,,19.8893,40.7308,,,,10.0,,3.55,,
10046523,,2006,2,8,11,42,43.6,,16.8765,42.8582,,,,2.0,,3.65,,
10046581,,2006,2,17,11,43,34.42,,19.7942,40.0781,,,,12.0,,4.6,,
10046612,,2006,2,25,0,20,24.72,,13.33,38.608,,,,16.8,,3.89,,
10046713,,2006,3,20,23,12,3.9,,15.173,45.8301,,,,12.0,,3.74,,
10046749,,2006,3,25,15,38,45.5,,16.5818,43.3282,,,,30.0,,3.55,,
10046772,,2006,3,29,20,19,59.74,,13.84,37.696,,,,5.0,,4.1,,
10046808,,2006,4,5,14,14,14.4,,20.0393,41.0935,,,,5.0,,3.55,,
10046830,,2006,4,10,19,3,36.67,,13.488,43.396,,,,33.9,,4.06,,
10046874,,2006,4,16,21,15,2.78,,11.798,43.957,,,,27.0,,4.46,,
10046875,,2006,4,17,2,44,6.43,,17.119,39.613,,,,10.0,,4.76,,
10046890,,2006,4,17,21,42,58.25,,10.213,43.621,,,,9.1,,4.16,,
10046901,,2006,4,18,19,19,0.0,,17.7782,42.7154,,,,8.0,,4.11,,
10046943,,2006,4,23,14,42,38.19,,15.053,37.038,,,,23.9,,4.05,,
10046970,,2006,4,28,10,47,57.6,,14.9246,46.1829,,,,12.0,,3.93,,
10047010,,2006,5,8,18,22,17.68,,19.7584,40.1632,,,,10.0,,4.9,,
10047013,,2006,5,9,7,31,9.47,,14.616,38.613,,,,19.9,,3.5,,
10047043,,2006,5,16,21,2,51.81,,12.56,42.624,,,,6.3,,3.5,,
10047070,,2006,5,23,8,35,6.78,,20.058,39.495,,,,10.0,,3.64,,
10047081,,2006,5,25,10,45,38.4,,19.193,42.372,,,,17.0,,3.83,,
10047098,,2006,5,29,2,20,6.26,,15.903,41.801,,,,31.2,,4.64,,
10047102,,2006,5,30,11,30,42.24,,16.524,37.78,,,,46.0,,4.45,,
10047166,,2006,6,15,23,36,42.22,,20.083,41.0742,,,,5.0,,4.8,,
10047191,,2006,6,21,6,18,36.3,,14.5595,45.4396,,,,12.0,,3.93,,
10047334,,2006,7,27,2,7,9.1,,20.1047,39.7339,,,,2.0,,3.55,,
10047497,,2006,8,26,15,32,49.1,,19.304,42.081,,,,19.0,,4.3,,
10047512,,2006,8,30,10,1,51.42,,12.152,43.762,,,,4.5,,3.78,,
10047521,,2006,9,2,1,21,29.28,,7.592,43.832,,,,10.0,,3.57,,
10047541,,2006,9,7,15,31,43.84,,16.162,40.591,,,,27.0,,4.05,,
10047579,,2006,9,20,0,20,48.8,,13.12,38.653,,,,20.0,,3.57,,
10047636,,2006,10,8,2,16,22.9,,17.652,43.0634,,,,2.0,,3.74,,
10047683,,2006,10,20,0,11,58.13,,10.339,45.716,,,,1.5,,3.78,,
10047690,,2006,10,21,7,4,10.01,,12.98,43.628,,,,36.3,,4.21,,
10047699,,2006,10,23,10,18,42.3,,20.8039,40.6119,,,,5.0,,3.55,,
10047741,,2006,10,31,14,45,42.2,,15.3596,44.5351,,,,15.0,,4.21,,
10047803,,2006,11,16,21,16,41.12,,19.468,39.613,,,,7.0,,3.64,,
10047831,,2006,11,23,13,21,41.0,,20.58,40.08,,,,33.0,,4.43,,
10047834,,2006,11,24,0,55,55.2,,14.0384,46.3584,,,,10.0,,3.55,,
10047884,,2006,12,10,11,3,41.57,,16.281,42.008,,,,33.2,,4.48,,
10047906,,2006,12,18,11,8,46.5,,19.8135,40.3338,,,,2.0,,4.02,,
10047913,,2006,12,20,11,45,22.71,,14.228,38.52,,,,25.6,,3.57,,
10047956,,2007,1,1,4,37,26.3,,18.0952,43.0828,,,,3.0,,3.65,,
10048056,,2007,1,23,22,54,39.2,,20.3961,40.6003,,,,5.0,,3.65,,
10048108,,2007,2,5,8,30,5.0,,14.93,45.11,,,,10.0,,4.4,,
10048126,,2007,2,8,1,32,56.59,,13.176,42.793,,,,10.0,,3.6,,
10048208,,2007,2,26,5,50,45.75,,12.585,46.251,,,,9.4,,3.78,,
10048294,,2007,3,9,3,45,23.73,,19.873,38.632,,,,3.0,,4.36,,
10048393,,2007,3,26,13,55,25.0,,17.04,39.26,,,,10.0,,3.94,,
10048765,,2007,4,16,7,38,53.0,,19.9,41.17,,,,13.0,,4.86,,
10048826,,2007,4,23,17,1,1.3,,16.122,43.0979,,,,16.0,,3.83,,
10048886,,2007,5,2,12,49,12.6,,14.46,46.51,,,,13.0,,3.62,,
10048892,,2007,5,3,10,30,39.1,,19.6711,40.7041,,,,5.0,,3.83,,
10048936,,2007,5,8,11,10,42.27,,20.697,39.991,,,,3.0,,3.73,,
10048945,,2007,5,9,6,3,49.66,,10.478,44.801,,,,9.7,,4.21,,
10048968,,2007,5,13,15,16,20.4,,19.9828,40.1481,,,,10.0,,3.83,,
10048991,,2007,5,17,5,48,13.09,,14.687,38.571,,,,18.9,,3.67,,
10049001,,2007,5,19,16,19,38.6,,10.62,47.18,,,,13.0,,3.91,,
10049038,,2007,5,25,9,17,37.0,,20.62,40.77,,,,8.0,,3.9,,
10049039,,2007,5,25,9,39,46.28,,16.834,39.658,,,,10.0,,4.42,,
10049199,,2007,6,20,23,39,17.3,,20.5526,40.2601,,,,5.0,,3.74,,
10049245,,2007,6,29,18,9,11.2,,20.26,39.27,,,,10.0,,5.46,,
10049358,,2007,7,10,11,58,27.79,,15.849,41.42,,,,1.8,,3.67,,
10049419,,2007,7,18,10,54,12.1,,15.294,43.7508,,,,2.0,,4.67,,
10049450,,2007,7,22,17,26,3.61,,13.671,41.905,,,,15.7,,4.1,,
10049478,,2007,7,26,9,3,59.0,,20.6,39.77,,,,15.0,,4.0,,
10049518,,2007,8,1,0,7,54.92,,17.176,39.003,,,,10.0,,4.41,,
10049524,,2007,8,2,2,12,42.5,,19.1174,42.5365,,,,25.0,,3.65,,
10049615,,2007,8,13,13,58,31.0,,13.387,45.2723,,,,10.0,,3.83,,
10049644,,2007,8,16,0,29,42.77,,13.117,42.811,,,,8.2,,3.57,,
10049669,,2007,8,18,14,4,7.98,,15.173,38.275,,,,10.9,,4.48,,
10049745,,2007,8,30,4,20,8.3,,19.7861,41.8116,,,,11.0,,3.93,,
10049768,,2007,9,4,21,11,45.9,,19.484,40.166,,,,20.0,,3.65,,
10049899,,2007,9,28,6,59,24.3,,15.3727,43.2448,,,,15.0,,3.83,,
10049995,,2007,10,12,23,30,44.9,,19.8994,40.1305,,,,8.0,,3.83,,
10050022,,2007,10,18,23,25,45.7,,14.817,41.695,,,,17.1,,4.04,,
10050028,,2007,10,21,3,55,36.43,,12.963,42.401,,,,8.0,,4.19,,
10050036,,2007,10,21,17,55,7.53,,19.5753,40.6934,,,,13.0,,4.5,,
10050199,,2007,11,16,18,50,55.3,,20.2397,40.7873,,,,10.0,,3.65,,
10050228,,2007,11,23,1,6,16.2,,20.3345,41.3588,,,,5.0,,3.55,,
10050245,,2007,11,26,18,34,26.1,,18.54,42.86,,,,21.0,,3.53,,
10050265,,2007,12,1,12,48,36.7,,16.43,42.46,,,,10.0,,4.1,,
10050285,,2007,12,2,20,28,45.1,,19.58,40.18,,,,17.0,,4.02,,
10050387,,2007,12,15,22,12,28.4,,14.8147,44.9956,,,,12.0,,3.74,,
10050393,,2007,12,18,3,26,36.1,,15.4556,45.6156,,,,1.0,,3.65,,
10050404,,2007,12,20,3,25,32.24,,16.191,39.363,,,,10.7,,3.67,,
10050420,,2007,12,23,19,44,33.7,,20.3655,40.1401,,,,5.0,,3.74,,
10050440,,2007,12,28,4,5,43.55,,10.133,44.51,,,,19.5,,4.18,,
10050583,,2008,1,20,21,18,39.6,,19.1836,41.9141,,,,8.0,,3.65,,
10050586,,2008,1,21,16,40,35.0,,9.447,46.759,,,,8.0,,3.7,,
10050699,,2008,2,9,8,47,53.3,,17.8498,43.1491,,,,8.0,,3.55,,
10050717,,2008,2,14,11,35,35.8,,20.2676,41.0209,,,,3.0,,3.65,,
10050761,,2008,2,20,8,6,19.11,,13.78,41.582,,,,8.5,,4.29,,
10050766,,2008,2,20,21,14,24.83,,14.189,37.691,,,,33.9,,3.67,,
10050774,,2008,2,21,5,0,8.26,,17.962,37.74,,,,40.8,,4.71,,
10050907,,2008,3,1,7,43,13.08,,11.253,44.063,,,,3.8,,4.72,,
10050947,,2008,3,5,4,8,21.0,,19.67,40.22,,,,0.0,,4.06,,
10051020,,2008,3,15,4,28,44.7,,15.2277,43.8051,,,,3.0,,3.65,,
10051056,,2008,3,19,14,38,57.72,,15.858,41.898,,,,31.6,,4.18,,
10051073,,2008,3,22,17,32,56.9,,20.275,40.689,,,,13.0,,3.93,,
10051119,,2008,3,31,0,14,35.7,,17.9923,42.7296,,,,11.0,,4.02,,
10051167,,2008,4,8,17,20,1.06,,16.525,39.158,,,,9.8,,4.37,,
10051227,,2008,4,19,1,49,53.7,,14.96,46.11,,,,10.0,,4.11,,
10051316,,2008,5,5,18,13,51.8,,16.3007,42.8033,,,,2.0,,3.74,,
10051446,,2008,5,19,21,28,51.9,,19.716,41.392,,,,14.4,,4.55,,
10051579,,2008,6,6,3,27,30.2,,19.84,40.31,,,,10.0,,3.83,,
10052112,,2008,7,14,3,51,40.87,,10.533,45.676,,,,4.4,,3.57,,
10052151,,2008,7,18,22,54,3.3,,13.74,47.48,,,,9.0,,3.53,,
10052389,,2008,8,28,3,37,8.7,,20.7178,40.7194,,,,7.0,,3.83,,
10052460,,2008,9,18,10,46,57.4,,19.524,39.43,,,,32.0,,3.64,,
10052485,,2008,9,27,8,28,27.17,,17.214,39.179,,,,10.0,,3.67,,
10052529,,2008,10,6,9,19,47.3,,14.46,45.28,,,,10.0,,3.55,,
10052627,,2008,10,21,8,12,40.1,,14.11,45.68,,,,10.0,,3.65,,
10052650,,2008,10,24,3,6,39.16,,7.275,44.361,,,,15.2,,4.11,,
10052654,,2008,10,24,19,31,19.4,,20.2045,41.1645,,,,8.0,,4.5,,
10052754,,2008,11,12,10,39,11.54,,16.484,36.995,,,,38.5,,3.99,,
10052764,,2008,11,14,13,26,4.1,,18.5598,42.5707,,,,19.0,,4.3,,
10052797,,2008,11,27,3,52,27.9,,17.4982,43.1783,,,,4.0,,3.74,,
10052800,,2008,11,28,23,39,22.22,,13.823,37.617,,,,35.3,,4.43,,
10052831,,2008,12,10,18,44,35.0,,19.13,39.601,,,,1.8,,3.64,,
10052842,,2008,12,14,23,58,56.06,,14.231,38.724,,,,25.5,,3.57,,
10052866,,2008,12,23,15,24,21.77,,10.345,44.544,,,,22.9,,5.36,,
10052868,,2008,12,23,19,7,4.6,,13.7288,44.5622,,,,30.0,,4.02,,
10053013,,2009,1,31,12,19,42.3,,19.56,40.4193,,,,15.0,,3.55,,
10053018,,2009,2,1,14,52,0.64,,8.675,43.985,,,,10.6,,3.99,,
10053033,,2009,2,5,16,2,34.99,,10.203,40.856,,,,43.0,,3.67,,
10053082,,2009,2,20,21,10,10.33,,20.2323,39.3813,,,,7.0,,4.5,,
10053119,,2009,3,7,18,51,20.6,,19.5243,41.2006,,,,20.0,,4.11,,
10053126,,2009,3,10,8,32,56.3,,20.496,41.1653,,,,4.0,,4.02,,
10053180,,2009,3,25,12,23,25.0,,19.63,40.34,,,,10.0,,4.31,,
10053184,,2009,3,28,9,4,3.66,,16.679,42.191,,,,10.0,,3.99,,
10053215,,2009,4,5,20,20,53.35,,11.913,44.23,,,,24.5,,4.71,,
10053219,,2009,4,6,1,32,40.4,,13.51,42.309,,,,10.0,,6.29,,
10053302,,2009,4,19,12,39,50.08,,7.868,44.735,,,,45.3,,4.21,,
10053318,,2009,4,26,16,5,5.3,,20.03,41.44,,,,1.0,,3.65,,
10053332,,2009,4,29,4,24,14.4,,19.52,41.84,,,,1.0,,3.65,,
10053344,,2009,5,1,21,39,35.3,,17.4103,42.8649,,,,3.0,,4.02,,
10053453,,2009,5,27,20,34,47.7,,20.2386,41.1758,,,,6.0,,4.11,,
10053540,,2009,6,18,14,1,36.6,,20.12,39.83,,,,0.0,,3.55,,
10053559,,2009,6,21,10,54,37.1,,15.3924,44.1912,,,,11.0,,4.11,,
10053739,,2009,7,28,23,34,55.13,,18.814,41.397,,,,10.0,,4.31,,
10053750,,2009,8,4,16,17,16.39,,15.707,37.116,,,,22.5,,3.78,,
10053759,,2009,8,6,15,36,44.44,,13.669,41.648,,,,15.7,,4.23,,
10053782,,2009,8,13,15,49,38.1,,19.5032,41.0985,,,,19.0,,4.11,,
10053790,,2009,8,17,23,52,11.0,,19.755,40.418,,,,3.0,,3.74,,
10053804,,2009,8,21,13,39,57.0,,19.16,41.86,,,,10.0,,5.03,,
10053870,,2009,9,7,21,26,31.4,,14.027,38.677,,,,18.0,,4.76,,
10053897,,2009,9,12,18,6,25.6,,20.452,41.41,,,,11.0,,4.3,,
10053906,,2009,9,14,20,4,31.03,,11.275,44.025,,,,7.0,,4.4,,
10053913,,2009,9,15,8,37,40.8,,19.4991,41.1667,,,,16.0,,4.3,,
10053927,,2009,9,17,22,53,8.8,,19.8816,39.9554,,,,23.0,,4.58,,
10053933,,2009,9,20,3,50,17.32,,13.418,43.399,,,,37.8,,4.65,,
10053941,,2009,9,24,2,28,22.01,,16.416,42.554,,,,6.1,,3.57,,
10054042,,2009,10,9,15,47,19.4,,20.577,40.023,,,,0.0,,3.91,,
10054043,,2009,10,10,0,28,39.0,,20.6955,40.8234,,,,15.0,,4.3,,
10054099,,2009,10,29,3,46,41.3,,18.6847,42.8566,,,,16.0,,3.55,,
10054104,,2009,11,1,8,33,16.59,,17.926,37.609,,,,36.8,,4.36,,
10054122,,2009,11,7,7,10,5.56,,13.851,37.634,,,,34.0,,4.21,,
10054167,,2009,11,18,3,16,44.6,,19.9745,41.3271,,,,12.0,,4.3,,
10054274,,2009,12,15,11,49,6.86,,15.572,38.957,,,,27.7,,3.57,,
10054275,,2009,12,15,13,11,58.98,,12.271,43.007,,,,8.8,,4.23,,
10054360,,2010,1,9,14,24,37.42,,14.736,39.381,,,,14.5,,3.89,,
10054373,,2010,1,15,14,20,54.0,,14.198,45.779,,,,15.0,,3.93,,
10054377,,2010,1,16,5,52,27.7,,18.97,42.62,,,,7.0,,4.13,,
10054473,,2010,1,29,12,47,43.9,,19.78,38.138,,,,15.8,,3.73,,
10054499,,2010,2,8,7,23,57.84,,16.771,39.498,,,,24.1,,3.57,,
10054551,,2010,2,22,8,45,14.8,,19.816,40.059,,,,23.0,,4.02,,
10054738,,2010,4,15,1,47,36.45,,12.425,43.468,,,,8.1,,4.02,,
10054778,,2010,4,26,22,17,36.9,,20.404,39.356,,,,0.0,,3.73,,
10054802,,2010,5,6,13,6,7.2,,20.304,41.195,,,,19.0,,4.21,,
10054803,,2010,5,7,2,19,19.3,,18.09,43.04,,,,9.0,,3.7,,
10054809,,2010,5,8,22,23,29.39,,15.296,36.517,,,,10.0,,3.67,,
10054818,,2010,5,11,2,13,42.38,,9.718,45.797,,,,3.3,,3.57,,
10054831,,2010,5,13,12,46,55.6,,19.599,41.362,,,,7.0,,3.65,,
10054851,,2010,5,17,1,29,26.6,,19.894,39.385,,,,16.9,,3.73,,
10054919,,2010,6,4,18,44,53.56,,16.611,42.305,,,,10.9,,4.28,,
10054930,,2010,6,6,16,49,53.16,,15.109,38.243,,,,25.1,,3.7,,
10054960,,2010,6,13,7,3,39.99,,13.623,38.392,,,,5.0,,3.67,,
10054973,,2010,6,16,22,39,41.17,,16.13,38.856,,,,12.9,,4.13,,
10055011,,2010,6,30,11,53,44.97,,6.47,45.41,,,,2.0,,3.81,,
10055036,,2010,7,9,22,15,10.0,,19.84,41.17,,,,12.0,,4.79,,
10055044,,2010,7,13,3,36,18.78,,15.487,40.579,,,,9.1,,3.57,,
10055048,,2010,7,14,4,29,25.7,,17.67,43.1,,,,0.0,,3.7,,
10055091,,2010,7,25,13,30,52.2,,20.077,40.467,,,,7.0,,3.83,,
10055148,,2010,8,11,5,0,3.75,,13.296,38.705,,,,11.0,,3.57,,
10055168,,2010,8,16,12,54,47.89,,14.974,38.376,,,,14.4,,4.68,,
10055199,,2010,8,28,7,8,3.25,,12.654,42.834,,,,6.7,,4.16,,
10055222,,2010,9,5,7,7,23.42,,12.156,44.126,,,,23.5,,4.0,,
10055261,,2010,9,14,9,54,33.6,,20.167,39.28,,,,0.0,,3.82,,
10055264,,2010,9,15,2,23,13.5,,14.274,45.605,,,,16.0,,3.74,,
10055271,,2010,9,17,12,20,17.75,,15.623,41.472,,,,6.0,,4.29,,
10055323,,2010,10,6,6,58,10.0,,20.446,39.692,,,,0.0,,3.91,,
10055328,,2010,10,8,17,26,58.47,,16.331,36.908,,,,38.1,,3.67,,
10055347,,2010,10,15,5,21,19.82,,16.633,38.873,,,,37.2,,4.4,,
10055357,,2010,10,19,0,38,0.0,,11.65,47.33,,,,14.0,,3.72,,
10055360,,2010,10,20,3,58,52.54,,13.78,43.328,,,,4.7,,3.57,,
10055434,,2010,11,8,22,41,56.8,,20.036,40.292,,,,7.0,,3.65,,
10055436,,2010,11,9,8,43,19.89,,15.934,40.048,,,,10.4,,3.6,,
10055440,,2010,11,9,18,23,35.31,,6.85,42.06,,,,18.0,,3.76,,
10055454,,2010,11,12,20,5,11.8,,19.161,40.359,,,,12.0,,3.93,,
10055476,,2010,11,21,10,37,15.4,,13.484,38.629,,,,20.8,,3.57,,
10055489,,2010,11,29,5,53,52.4,,20.485,39.485,,,,0.0,,4.5,,
10055509,,2010,12,5,21,22,49.0,,20.335,40.161,,,,34.0,,3.74,,
10055622,,2011,1,17,11,2,3.2,,20.227,38.937,,,,0.0,,3.64,,
10055624,,2011,1,17,16,58,17.6,,20.226,41.251,,,,7.0,,3.55,,
10055678,,2011,2,5,13,38,18.6,,19.541,41.886,,,,6.0,,3.83,,
10055708,,2011,2,14,9,17,40.4,,19.478,40.474,,,,0.0,,4.21,,
10055810,,2011,3,25,18,31,31.5,,16.973,38.869,,,,1.0,,4.1,,
10055863,,2011,4,12,3,32,55.78,,16.007,41.587,,,,7.0,,3.6,,
10055909,,2011,4,23,3,19,41.5,,19.275,41.554,,,,12.0,,3.55,,
10055919,,2011,4,25,7,44,12.19,,13.671,38.39,,,,24.1,,3.89,,
10056055,,2011,5,24,11,1,34.6,,20.272,41.491,,,,7.0,,3.74,,
10056058,,2011,5,24,22,3,51.98,,12.033,43.867,,,,4.4,,4.15,,
10056072,,2011,5,28,4,53,22.9,,19.975,40.063,,,,2.0,,3.55,,
10056133,,2011,6,9,16,16,36.0,,19.75,40.69,,,,10.0,,4.39,,
10056162,,2011,6,17,5,43,38.8,,15.07,46.39,,,,0.0,,3.74,,
10056167,,2011,6,19,14,35,34.18,,10.815,44.152,,,,6.5,,3.67,,
10056199,,2011,6,26,21,27,28.8,,20.435,39.722,,,,0.0,,3.64,,
10056235,,2011,7,7,19,21,48.0,,7.54,42.04,,,,10.0,,5.0,,
10056242,,2011,7,10,3,7,3.78,,15.646,36.67,,,,15.8,,3.99,,
10056260,,2011,7,13,9,55,12.0,,12.72,42.44,,,,15.0,,3.96,,
10056273,,2011,7,17,18,30,27.31,,11.367,45.01,,,,2.4,,4.79,,
10056313,,2011,7,25,12,31,20.46,,7.365,45.016,,,,11.0,,4.67,,
10056358,,2011,8,8,0,17,28.8,,20.404,39.715,,,,0.1,,3.64,,
10056376,,2011,8,15,13,8,35.0,,17.75,43.06,,,,5.0,,4.0,,
10056382,,2011,8,16,9,57,13.5,,19.82,40.127,,,,9.0,,3.83,,
10056457,,2011,9,4,11,9,38.5,,19.815,38.409,,,,10.4,,3.55,,
10056478,,2011,9,8,13,17,28.03,,10.202,44.635,,,,20.1,,3.6,,
10056503,,2011,9,13,18,35,22.95,,12.106,45.841,,,,2.2,,3.67,,
10056522,,2011,9,17,13,41,44.26,,14.771,41.688,,,,20.8,,3.67,,
10056526,,2011,9,19,23,44,25.21,,17.158,39.007,,,,25.4,,3.67,,
10056544,,2011,9,25,13,17,10.0,,18.57,42.53,,,,2.0,,4.23,,
10056607,,2011,10,10,13,22,32.0,,20.222,38.884,,,,9.3,,3.64,,
10056627,,2011,10,14,17,30,24.94,,16.335,38.865,,,,10.9,,3.78,,
10056648,,2011,10,20,6,11,18.86,,9.393,44.521,,,,5.1,,4.22,,
10056649,,2011,10,20,17,24,8.7,,20.452,39.775,,,,1.5,,3.64,,
10056936,,2011,10,29,4,13,34.35,,10.911,45.712,,,,9.5,,4.07,,
10056951,,2011,10,30,14,40,32.66,,13.331,42.279,,,,9.7,,3.67,,
10057057,,2011,11,10,2,43,42.2,,20.426,40.19,,,,0.0,,3.65,,
10057115,,2011,11,15,4,59,0.69,,14.672,38.285,,,,17.6,,4.2,,
10057166,,2011,11,23,14,12,33.59,,16.019,39.912,,,,7.5,,3.6,,
10057170,,2011,11,24,4,9,24.6,,19.828,39.418,,,,27.0,,3.82,,
10057265,,2011,12,14,12,37,0.0,,13.45,47.42,,,,11.0,,3.53,,
10057286,,2011,12,22,23,26,18.1,,19.353,41.862,,,,28.0,,4.11,,
10057294,,2011,12,27,1,7,45.36,,16.922,39.58,,,,14.7,,3.67,,
10057310,,2011,12,30,8,47,40.5,,19.896,40.629,,,,2.0,,3.55,,
10057315,,2012,1,3,6,30,15.0,,20.096,39.892,,,,6.0,,3.74,,
10057347,,2012,1,14,20,41,59.8,,19.234,40.634,,,,44.0,,3.65,,
10057369,,2012,1,22,10,4,2.56,,15.563,39.302,,,,26.7,,3.57,,
10057378,,2012,1,23,20,54,45.5,,20.323,41.32,,,,13.0,,4.11,,
10057464,,2012,2,8,4,28,20.0,,20.548,40.818,,,,8.0,,4.3,,
10057522,,2012,2,25,20,34,36.23,,13.435,38.522,,,,20.3,,4.43,,
10057525,,2012,2,26,16,17,23.15,,16.059,37.301,,,,22.1,,3.78,,
10057526,,2012,2,26,22,37,55.0,,6.66,44.54,,,,2.0,,4.48,,
10057538,,2012,3,3,1,4,25.94,,15.187,40.821,,,,15.9,,3.6,,
10057544,,2012,3,4,3,47,39.0,,7.63,42.03,,,,2.0,,4.45,,
10057551,,2012,3,5,15,15,6.99,,9.354,44.494,,,,10.8,,4.27,,
10057585,,2012,3,13,6,50,2.45,,14.035,37.69,,,,36.1,,3.78,,
10057590,,2012,3,13,14,55,53.3,,19.778,40.148,,,,21.0,,3.74,,
10057597,,2012,3,15,3,29,5.0,,13.2,42.81,,,,6.0,,3.97,,
10057626,,2012,3,26,0,2,18.23,,15.359,41.877,,,,27.0,,3.67,,
10057627,,2012,3,26,3,0,15.4,,19.28,41.81,,,,21.0,,4.49,,
10057668,,2012,4,11,6,18,52.6,,20.347,39.666,,,,0.0,,3.91,,
10057707,,2012,4,19,1,6,18.53,,16.832,37.682,,,,47.9,,3.57,,
10057717,,2012,4,21,21,48,45.49,,17.836,42.954,,,,7.0,,3.79,,
10057778,,2012,5,5,15,55,5.92,,19.784,40.142,,,,1.0,,4.84,,
10057832,,2012,5,18,20,38,54.2,,15.0637,44.9521,,,,10.0,,3.79,,
10057836,,2012,5,20,2,3,50.17,,11.263,44.895,,,,9.5,,6.09,,
10057917,,2012,5,28,1,6,26.83,,16.102,39.869,,,,8.3,,4.48,,
10057998,,2012,6,6,4,8,31.41,,12.322,44.399,,,,31.1,,4.21,,
10058002,,2012,6,7,10,17,12.9,,19.94,41.57,,,,25.0,,5.28,,
10058009,,2012,6,9,2,4,56.6,,12.488,46.18,,,,6.9,,4.16,,
10058051,,2012,6,16,1,47,40.98,,19.69,40.69,,,,28.0,,3.51,,
10058063,,2012,6,18,8,16,26.64,,20.73,40.75,,,,8.0,,3.51,,
10058099,,2012,6,27,1,14,20.24,,15.058,36.996,,,,5.0,,3.9,,
10058122,,2012,7,4,11,12,11.85,,16.866,37.639,,,,41.2,,4.63,,
10058164,,2012,7,20,20,51,33.2,,15.214,44.324,,,,0.0,,3.62,,
10058168,,2012,7,22,14,27,30.43,,20.16,40.92,,,,10.0,,3.96,,
10058235,,2012,8,12,1,21,36.8,,16.254,41.726,,,,29.1,,4.07,,
10058238,,2012,8,13,7,30,52.96,,13.738,38.493,,,,12.0,,4.15,,
10058279,,2012,8,28,23,12,15.47,,15.728,38.205,,,,48.9,,4.63,,
10058283,,2012,8,30,11,9,57.38,,14.8663,38.3087,,,,23.6,,3.57,,
10058377,,2012,9,27,1,8,22.65,,14.92,41.176,,,,10.3,,4.42,,
10058390,,2012,10,3,9,20,43.62,,7.234,44.583,,,,9.8,,4.01,,
10058392,,2012,10,3,14,41,29.36,,9.67,44.782,,,,23.8,,4.52,,
10058461,,2012,10,25,23,5,24.73,,16.015,39.874,,,,9.7,,5.31,,
10058476,,2012,10,30,1,52,31.08,,13.2725,42.3957,,,,10.6,,3.67,,
10058494,,2012,11,4,23,49,45.4,,19.993,39.128,,,,6.4,,3.55,,
10058516,,2012,11,12,23,18,42.0,,19.07,42.54,,,,18.0,,4.57,,
10058575,,2012,11,27,19,6,21.83,,19.772,40.773,,,,16.0,,4.02,,
10058597,,2012,12,3,4,36,0.0,,14.775,46.193,,,,8.0,,4.02,,
10058604,,2012,12,5,1,18,20.29,,13.661,42.915,,,,17.5,,4.29,,
10058694,,2013,1,7,4,20,24.1,,6.64,44.77,,,,7.0,,3.53,,
10058762,,2013,1,23,20,30,52.25,,20.75,40.86,,,,3.0,,3.66,,
10058765,,2013,1,25,14,48,18.27,,10.445,44.164,,,,19.8,,5.01,,
10058784,,2013,1,31,8,4,10.9,,19.84,39.829,,,,0.0,,4.0,,
10058831,,2013,2,16,21,16,9.29,,13.569,41.714,,,,17.1,,4.94,,
10058832,,2013,2,17,1,0,6.9,,13.4833,42.4653,,,,15.7,,3.6,,
10058884,,2013,3,7,22,36,59.03,,14.5207,37.9748,,,,6.9,,3.6,,
10058886,,2013,3,9,6,58,8.1,,17.34,42.854,,,,0.0,,3.62,,
10058894,,2013,3,11,20,55,23.55,,18.8043,39.2387,,,,10.0,,3.57,,
10058907,,2013,3,18,2,40,51.04,,11.4543,43.1562,,,,9.3,,3.6,,
10058928,,2013,3,24,15,47,21.95,,16.471,37.707,,,,38.2,,4.57,,
10058982,,2013,4,7,4,38,34.6,,20.449,39.407,,,,0.1,,3.73,,
10058998,,2013,4,12,1,26,54.13,,20.66,40.18,,,,10.0,,4.55,,
10059016,,2013,4,19,7,54,32.6,,19.69,40.75,,,,6.0,,3.81,,
10059080,,2013,5,8,0,52,16.92,,12.3025,43.4505,,,,7.7,,3.6,,
10059092,,2013,5,15,15,2,40.28,,19.47,41.43,,,,11.0,,4.1,,
10059166,,2013,6,8,19,3,28.3,,20.28,41.25,,,,4.0,,3.81,,
10059228,,2013,6,16,20,5,0.0,,14.83,45.78,,,,10.0,,3.88,,
10059275,,2013,6,21,10,33,56.07,,10.061,44.09,,,,5.7,,5.36,,
10059284,,2013,6,22,8,41,8.0,,19.58,40.21,,,,10.0,,4.44,,
10059300,,2013,6,27,3,56,24.35,,19.75,40.89,,,,18.0,,3.66,,
10059332,,2013,7,11,4,32,20.94,,12.055,43.816,,,,8.5,,4.21,,
10059333,,2013,7,11,4,32,41.1,,14.118,44.026,,,,1.0,,3.87,,
10059340,,2013,7,13,18,47,17.9,,15.014,44.942,,,,5.0,,3.7,,
10059365,,2013,7,21,1,32,24.24,,13.722,43.508,,,,7.9,,5.14,,
10059447,,2013,8,9,12,48,10.7,,20.445,39.692,,,,0.0,,3.73,,
10059465,,2013,8,10,23,4,0.77,,14.2563,38.6633,,,,24.2,,3.89,,
10059472,,2013,8,13,4,58,2.08,,19.66,40.71,,,,12.0,,4.1,,
10059511,,2013,8,24,17,18,18.77,,15.077,36.713,,,,8.7,,4.1,,
10059515,,2013,8,26,22,9,48.16,,12.5388,43.3657,,,,8.3,,3.8,,
10059570,,2013,9,12,9,59,23.92,,18.0262,38.6343,,,,19.5,,3.57,,
10059705,,2013,10,25,23,8,7.9,,15.369,43.805,,,,0.0,,3.53,,
10059763,,2013,11,21,10,36,49.0,,9.0,44.91,,,,10.0,,3.99,,
10059764,,2013,11,21,19,45,30.49,,19.72,40.69,,,,9.0,,4.55,,
10059792,,2013,11,30,20,13,38.28,,13.2062,42.631,,,,10.0,,3.7,,
10059815,,2013,12,12,10,21,44.6,,20.552,39.642,,,,0.0,,3.73,,
10059816,,2013,12,13,3,34,20.71,,20.5,41.02,,,,12.0,,4.25,,
10059817,,2013,12,15,3,57,34.01,,15.034,36.671,,,,10.5,,4.12,,
10059833,,2013,12,22,10,6,35.69,,12.519,43.381,,,,8.6,,4.22,,
10059836,,2013,12,23,4,20,38.46,,15.5687,38.2152,,,,10.3,,3.89,,
10059854,,2013,12,29,6,54,58.0,,17.3,43.12,,,,10.0,,4.3,,
10059857,,2013,12,29,17,8,43.23,,14.434,41.395,,,,20.4,,5.16,,
10059882,,2014,1,10,12,32,47.7,,16.144,43.254,,,,0.0,,3.7,,
10059892,,2014,1,14,4,35,0.0,,14.936,38.362,,,,11.0,,4.15,,
10059904,,2014,1,20,6,0,15.0,,19.48,41.39,,,,10.0,,4.64,,
10059915,,2014,1,22,22,44,10.92,,15.1518,40.4413,,,,8.0,,3.7,,
10060271,,2014,2,9,0,18,2.17,,20.08,40.12,,,,19.0,,3.51,,
10060297,,2014,2,13,4,38,16.1,,13.1225,42.698,,,,8.2,,3.57,,
10060406,,2014,3,9,13,19,45.98,,20.59,40.57,,,,2.0,,3.51,,
10060417,,2014,3,13,17,32,0.0,,14.83,45.76,,,,10.0,,5.0,,
10060452,,2014,3,23,18,31,53.02,,16.4262,37.5087,,,,37.9,,3.78,,
10060458,,2014,3,25,7,56,51.98,,16.5278,39.2902,,,,30.4,,3.67,,
10060502,,2014,4,7,19,27,1.0,,6.62,44.59,,,,10.0,,4.9,,
10060538,,2014,4,19,21,27,53.21,,12.5337,43.3487,,,,7.9,,3.7,,
10060545,,2014,4,21,21,25,28.03,,19.2,41.92,,,,20.0,,5.13,,
10060558,,2014,4,27,8,41,0.6,,18.971,42.439,,,,12.0,,3.79,,
10060568,,2014,4,29,22,26,2.0,,13.0613,44.0483,,,,6.3,,3.5,,
10060600,,2014,5,12,0,54,35.0,,20.15,39.8,,,,20.0,,4.9,,
10060624,,2014,5,19,4,43,25.58,,20.03,40.95,,,,14.0,,5.13,,
10060707,,2014,5,29,7,24,18.1,,13.868,46.104,,,,15.0,,3.65,,
10060742,,2014,6,6,13,41,38.39,,16.088,39.901,,,,7.7,,4.28,,
10060768,,2014,6,14,8,52,9.07,,12.5485,42.669,,,,7.2,,3.5,,
10060931,,2014,8,12,20,15,34.27,,16.4077,40.4552,,,,14.1,,3.7,,
10060932,,2014,8,13,0,4,33.58,,14.0407,42.988,,,,27.5,,3.57,,
10060967,,2014,8,26,1,19,45.32,,14.3265,37.9353,,,,26.7,,3.7,,
10060978,,2014,8,28,17,49,20.0,,10.7,45.67,,,,10.0,,3.97,,
10061018,,2014,9,5,10,10,18.22,,18.861,39.188,,,,5.0,,4.06,,
10061023,,2014,9,7,10,45,1.23,,10.677,44.127,,,,15.4,,4.4,,
10061097,,2014,9,26,23,38,10.59,,16.435,36.742,,,,39.1,,4.19,,
10061112,,2014,9,30,15,12,41.0,,18.35,43.06,,,,10.0,,4.27,,
10061143,,2014,10,9,22,58,0.0,,14.727,38.472,,,,24.9,,4.09,,
10061169,,2014,10,17,2,38,59.98,,11.9247,43.7598,,,,13.2,,3.5,,
10061248,,2014,11,10,20,48,16.9,,19.406,39.306,,,,0.1,,4.18,,
10061335,,2014,11,30,9,34,25.22,,9.4448,44.536,,,,6.8,,3.6,,
10061353,,2014,12,6,17,40,41.01,,9.0242,44.8797,,,,11.1,,3.67,,
10061386,,2014,12,19,7,26,47.0,,20.392,39.652,,,,12.4,,3.73,,
10061388,,2014,12,19,10,36,30.62,,11.24,43.606,,,,8.6,,4.33,,
10061401,,2014,12,21,15,51,28.87,,12.1383,43.5435,,,,8.3,,3.6,,
10061414,,2014,12,24,11,40,10.93,,14.956,41.707,,,,18.0,,4.26,,
10061428,,2014,12,28,21,43,38.1,,16.358,39.289,,,,14.0,,4.55,,
10061431,,2014,12,29,20,34,14.0,,19.27,41.65,,,,18.0,,4.7,,
10061432,,2014,12,30,23,10,56.07,,20.2278,41.4997,,,,4.0,,3.65,,
usc000tijd,,2015,1,23,6,51,20.0,,11.1357,44.1293,,,,9.7,,4.7665,,
usc000ttx5,,2015,2,28,3,16,17.0,,13.535,41.979,,,,17.3,,4.4888,,
us200028uy,,2015,4,24,15,2,54.0,,11.9,44.228,,,,20.9,,4.7315,,
us20002arf,,2015,5,1,21,25,33.0,,17.93,42.767,,,,2.0,,4.327,,
us20002ebs,,2015,5,11,8,26,30.0,,16.8,37.19,,,,40.0,,4.8124,,
us20002kby,,2015,5,29,13,7,57.0,,14.3,42.92,,,,10.0,,4.694,,
us20002kwm,,2015,6,1,0,31,58.0,,18.6833,42.8782,,,,10.0,,4.327,,
us10002xfg,,2015,8,3,7,27,51.0,,16.6001,39.142,,,,19.16,,4.5697,,
us100030ha,,2015,8,8,22,46,24.0,,14.26,38.55,,,,14.0,,4.4079,,
us1000360c,,2015,8,29,18,47,4.0,,13.641,46.2498,,,,2.24,,4.404,,
us20003j3q,,2015,9,13,1,4,35.0,,11.2764,43.5572,,,,4.11,,4.4888,,
cmt144800,,2015,11,1,6,26,19.8,,20.19,41.33,,,,18.0,,4.966,,
us10003x2b,,2015,11,7,22,36,4.0,,15.88,37.25,,,,22.0,,4.327,,
us100044g7,,2015,12,6,16,24,38.0,,15.2049,42.3564,,,,3.99,,4.839,,
us100048ge,,2015,12,20,9,46,3.0,,13.58,38.35,,,,5.0,,4.8124,,
us10004cci,,2016,1,8,13,7,42.0,,18.5153,42.9131,,,,26.73,,4.8124,,
us10004f2x,,2016,1,16,18,55,11.0,,14.6515,41.5846,,,,5.4,,4.694,,
us20004yqw,,2016,2,8,15,35,43.0,,14.8791,37.023,,,,10.0,,4.7315,,
us20005051,,2016,2,14,14,51,29.0,,17.4307,43.0612,,,,10.0,,4.6506,,
us20005cq2,,2016,3,27,13,9,28.0,,19.3327,41.295,,,,10.0,,4.6506,,
us10005j0h,,2016,5,20,19,49,44.0,,19.7003,40.2356,,,,13.9,,4.5697,,
us20005xya,,2016,5,25,22,10,28.0,,15.79,36.81,,,,19.0,,4.4079,,
us20005z8x,,2016,5,30,20,24,20.0,,11.96,42.71,,,,15.0,,4.694,,
us2000668w,,2016,6,23,14,37,56.0,,9.9234,44.0943,,,,10.14,,4.4888,,
us10005zzx,,2016,7,5,5,54,38.0,,17.0005,37.5845,,,,36.01,,4.7315,,
us100068v0,,2016,7,30,20,21,38.0,,7.21,44.94,,,,11.0,,4.4888,,
us10006j5y,,2016,8,31,22,20,53.0,,20.3598,41.3159,,,,3.47,,4.6506,,
us10006ujn,,2016,10,2,19,41,19.0,,19.1307,42.4892,,,,16.01,,4.4888,,
us20007eg6,,2016,10,16,1,32,6.0,,20.6004,39.7794,,,,20.34,,4.9742,,
us20007gdv,,2016,10,24,14,44,11.0,,7.5763,46.421,,,,5.76,,4.6506,,
us20007gn0,,2016,10,25,16,53,0.0,,11.0631,43.5947,,,,10.0,,4.4888,,
us100072zr,,2016,10,29,20,15,28.0,,19.7289,39.9843,,,,11.86,,4.7315,,
609624987,,2016,10,30,6,40,19.0,,13.106,42.832,,,,10.0,,6.61384,,
us100076hy,,2016,11,9,15,58,44.0,,18.4742,42.8375,,,,19.93,,4.6506,,
us10007eip,,2016,12,3,4,8,35.0,,14.2741,38.582,,,,3.0,,4.7315,,
us20007zet,,2016,12,9,7,21,50.0,,10.5902,44.3361,,,,10.0,,4.4888,,
us10007vrf,,2017,1,27,17,7,56.0,,19.8572,40.8327,,,,5.0,,4.7665,,
us20008mmi,,2017,2,27,6,20,17.0,,14.9782,38.511,,,,10.0,,4.5697,,
us100087cw,,2017,3,6,20,12,8.0,,8.816,46.9108,,,,10.0,,4.4765,,
us10008jxf,,2017,4,23,4,25,35.0,,15.8349,41.9674,,,,16.45,,4.4079,,
us10008ut6,,2017,5,24,10,30,58.0,,20.1873,41.5653,,,,10.0,,4.7315,,
us100095q7,,2017,7,1,8,10,33.0,,7.0043,46.5239,,,,1.59,,4.4765,,
us2000a5vt,,2017,8,8,9,35,7.0,,14.6055,45.203,,,,10.0,,4.327,,
us2000aaae,,2017,8,21,18,57,51.0,,13.9394,40.7832,,,,2.65,,4.4888,,
us2000aq1c,,2017,9,18,16,47,12.0,,19.9598,40.0912,,,,15.74,,4.5697,,
us2000brf1,,2017,11,19,12,37,45.0,,10.0786,44.7543,,,,18.45,,4.694,,
us2000ckf6,,2018,1,17,19,7,19.0,,9.938,47.1697,,,,10.0,,4.327,,
us2000cqrw,,2018,1,28,23,17,38.0,,20.6075,39.7813,,,,10.0,,4.327,,
us2000d3r4,,2018,2,17,5,33,1.0,,20.6193,40.4115,,,,10.0,,4.5697,,
us2000d865,,2018,2,26,15,4,18.0,,19.6839,41.7352,,,,10.0,,4.5697,,
us2000dcjz,,2018,3,5,21,50,36.0,,12.0041,43.9889,,,,10.0,,4.6506,,
us1000d8ej,,2018,3,23,23,31,55.0,,17.6339,40.8246,,,,11.85,,4.4079,,
us2000dwg0,,2018,4,8,14,37,33.0,,19.9557,39.2221,,,,37.18,,4.5697,,
us1000drwf,,2018,4,25,9,48,42.0,,14.8129,41.9053,,,,10.0,,4.6215,,
us1000dv6w,,2018,5,1,5,16,59.0,,11.0366,43.2334,,,,10.0,,4.4079,,
cmt150434,,2018,5,19,18,14,40.3,,19.78,40.32,,,,7.5,,4.659,,
612246201,,2018,7,4,9,1,8.0,,19.584,41.437,,,,15.0,,5.23936,,
us1000g6rp,,2018,8,11,3,30,39.0,,13.1132,46.2792,,,,8.25,,4.4888,,
us1000gea2,,2018,8,21,0,33,46.0,,10.6829,44.8565,,,,19.85,,4.4079,,
us2000hbd8,,2018,9,9,5,25,14.0,,20.4235,39.7259,,,,14.46,,4.404,,
us1000h3li,,2018,9,28,5,24,30.0,,15.7312,38.4457,,,,10.0,,4.6506,,
cmt151388,,2018,10,6,0,34,20.6,,15.06,37.54,,,,10.0,,4.622,,
us1000hr9x,,2018,11,13,13,47,50.0,,19.2987,41.9723,,,,10.0,,4.9742,,
us1000htjj,,2018,11,18,12,48,44.0,,12.7106,44.1941,,,,16.95,,4.404,,
us1000hwn9,,2018,11,26,14,17,37.0,,18.6128,42.5234,,,,7.34,,4.4888,,
us2000izp2,,2019,1,1,18,37,47.0,,13.5206,41.9218,,,,16.11,,4.5697,,
us2000j0ch,,2019,1,4,19,27,38.0,,19.7274,40.19,,,,12.61,,4.9742,,
us60003sk5,,2019,5,26,23,31,57.0,,16.1676,38.54,,,,6.51,,4.4079,,
615805036,,2019,6,1,4,26,20.0,,20.785,40.456,,,,16.8,,5.28916,,
us60004vqh,,2019,7,26,4,7,55.0,,17.9155,38.7695,,,,10.0,,4.5697,,
us600054gs,,2019,8,13,11,17,18.0,,9.8945,44.5526,,,,10.0,,4.8124,,
us70005aqt,,2019,9,1,0,2,39.0,,13.0983,42.808,,,,6.33,,4.4765,,
us70005cfk,,2019,9,5,17,47,39.0,,19.8521,40.1292,,,,32.53,,4.6506,,
us70005rig,,2019,10,7,6,11,34.0,,16.4541,38.9469,,,,35.0,,4.7315,,
us70005ub2,,2019,10,15,11,54,53.0,,17.0871,39.2739,,,,10.0,,4.7315,,
us600062t3,,2019,10,25,4,31,39.0,,15.4713,39.7061,,,,10.0,,4.7665,,
cmt154053,,2019,11,7,17,35,21.8,,13.6,41.86,,,,10.0,,4.796,,
us600068y7,,2019,11,8,1,26,5.0,,17.651,42.6656,,,,10.0,,4.6506,,
616919407,,2019,11,26,2,54,12.0,,19.591,41.43,,,,18.4,,6.45448,,
cmt154262,,2019,12,9,3,37,5.4,,11.32,43.99,,,,10.0,,4.851,,
us70008xgd,,2020,4,16,9,42,53.0,,9.4064,44.7,,,,10.0,,4.7315,,
us70008z3f,,2020,4,18,2,57,26.0,,15.4046,41.8347,,,,10.0,,4.6506,,
us60009bbx,,2020,4,24,11,37,43.0,,17.7981,42.9914,,,,10.0,,4.4888,,
us6000ah8p,,2020,6,23,14,33,0.0,,19.7512,39.8497,,,,10.0,,4.6506,,
us7000amqk,,2020,7,13,12,6,54.0,,12.6148,46.3195,,,,10.0,,4.5697,,
us7000aq3d,,2020,7,17,2,50,57.0,,13.5798,46.2964,,,,11.1,,4.327,,
us7000ben2,,2020,8,29,0,18,28.0,,20.3328,39.6763,,,,10.0,,4.8933,,
us6000ccr1,,2020,10,24,20,48,17.0,,14.1364,38.7417,,,,34.94,,4.5697,,
us6000cd1u,,2020,10,25,19,35,44.0,,9.1408,47.0146,,,,5.0,,4.404,,
us7000c8yb,,2020,11,1,13,15,41.0,,15.4606,44.3087,,,,10.0,,4.8124,,
us7000cru1,,2020,12,17,15,59,19.0,,9.2044,45.3687,,,,10.0,,4.4079,,
us7000csar,,2020,12,19,0,53,12.0,,19.8769,40.0874,,,,11.55,,4.4079,,
us7000csey,,2020,12,19,10,57,42.0,,16.0114,38.12,,,,15.4,,4.4079,,
us6000d1yt,,2020,12,22,20,27,23.0,,14.4067,36.9548,,,,23.02,,4.7315,,
us6000d40l,,2020,12,29,14,36,56.0,,11.0546,45.1886,,,,10.0,,4.8124,,
