longitude,latitude,year,month,day,hour,minute,second,magnitude,depth,source_cat,eventID,depth_orig,winGT_fs01,winGK_fs01,rb_rfact10,rb_rfact20,rb_rfact30,Date
20.4458,39.4447,1975,12,16,8,8,29.36,4.5,50,EMECv20191114,10020969,50,FALSE,TRUE,TRUE,TRUE,FALSE,12/16/75
19.6354,40.235,1976,12,12,13,9,49.8,4.8,50,EMECv20191114,10021504,50,TRUE,TRUE,TRUE,TRUE,FALSE,12/12/76
13.368,43.667,1733,10,19,3,30,0,3.97,49.6,SERA_histv1.1,10001797,nan,TRUE,TRUE,TRUE,TRUE,TRUE,1733-10-19
10.303,44.638,1972,6,25,17,10,47.87,4.01,49.6,EMECv20191114,10019641,49.6,FALSE,TRUE,TRUE,TRUE,TRUE,6/25/72
13.703,42.659,1384,10,22,0,0,0,5.11,49.6,SERA_histv1.1,10000288,nan,TRUE,TRUE,TRUE,TRUE,TRUE,1384-10-22
11.898,44.021,1661,3,22,12,50,0,6.06,49.6,SERA_histv1.1,10001272,nan,TRUE,TRUE,TRUE,TRUE,TRUE,1661-03-22
18.352,37.526,2009,10,13,13,27,41.99,3.99,49.1,EMECv20191114,10054053,49.1,FALSE,TRUE,TRUE,TRUE,FALSE,10/13/09
19.7,41.4,1966,10,11,2,55,40,4.5,49,EMECv20191114,10016803,49,TRUE,TRUE,TRUE,TRUE,FALSE,10/11/66
20.6122,40.2187,1974,9,17,4,18,11.12,4.5,49,EMECv20191114,10020454,49,FALSE,FALSE,TRUE,TRUE,FALSE,9/17/74
20.3625,39.7235,1976,5,13,0,44,15.13,4.5,49,EMECv20191114,10021193,49,FALSE,FALSE,TRUE,TRUE,FALSE,5/13/76
20.3185,39.4805,1979,11,6,15,19,42.84,4.6,49,EMECv20191114,10022890,49,FALSE,FALSE,TRUE,TRUE,FALSE,11/6/79
15.728,38.205,2012,8,28,23,12,15.47,4.63,48.9,EMECv20191114,10058279,48.9,TRUE,TRUE,TRUE,TRUE,FALSE,8/28/12
18.94,39.743,1974,11,23,18,46,35.98,4.79,48.8,EMECv20191114,10020514,48.8,FALSE,FALSE,TRUE,TRUE,FALSE,11/23/74
15.199,40.88,1980,12,14,6,3,35.28,4.08,48.1,EMECv20191114,10023483,48.1,FALSE,FALSE,FALSE,FALSE,FALSE,12/14/80
16.249,38.694,1659,11,5,22,15,0,6.57,48.1,SERA_histv1.1,10001258,nan,TRUE,TRUE,TRUE,TRUE,TRUE,1659-11-05
13.301,42.29,1920,1,13,10,35,45,3.93,48,EMECv20191114,10008693,nan,TRUE,TRUE,TRUE,TRUE,FALSE,1/13/20
11.643,43.899,1889,12,12,0,0,0,4.2,48,SERA_histv1.1,10004985,nan,TRUE,TRUE,TRUE,TRUE,TRUE,1889-12-12
12.27,44.13,1966,10,20,9,38,35.4,4.36,48,EMECv20191114,10016809,48,TRUE,TRUE,TRUE,TRUE,TRUE,10/20/66
18.9,40.2,1970,12,9,15,58,28,4.36,48,EMECv20191114,10019011,nan,TRUE,TRUE,TRUE,TRUE,FALSE,12/9/70
19.7115,40.0968,1978,8,8,12,10,47.02,4.5,48,EMECv20191114,10022193,48,TRUE,TRUE,TRUE,TRUE,FALSE,8/8/78
12.5,44.6,1970,8,8,4,27,29,4.57,48,EMECv20191114,10018852,48,TRUE,TRUE,TRUE,TRUE,TRUE,8/8/70
10.915,43.933,1196,1,1,0,0,0,4.65,48,SERA_histv1.1,10000093,nan,TRUE,TRUE,TRUE,TRUE,TRUE,1196-01-01
16.832,37.682,2012,4,19,1,6,18.53,3.57,47.9,EMECv20191114,10057707,47.9,TRUE,TRUE,TRUE,TRUE,FALSE,4/19/12
19.7434,39.6119,1975,5,19,23,25,40.9,4.5,47,EMECv20191114,10020746,47,TRUE,TRUE,TRUE,TRUE,FALSE,5/19/75
19.86,40.57,1970,8,31,4,22,56.9,4.6,47,EMECv20191114,10018881,47,TRUE,TRUE,TRUE,TRUE,FALSE,8/31/70
20.5333,39.6712,1974,12,20,15,9,32.65,5,47,EMECv20191114,10020541,47,TRUE,TRUE,TRUE,TRUE,FALSE,12/20/74
14.979,43.352,1995,12,5,1,1,5.97,4.34,46.9,EMECv20191114,10032885,46.9,TRUE,TRUE,TRUE,TRUE,TRUE,12/5/95
12.922,43.174,2000,9,2,5,17,2.41,4.4,46.1,EMECv20191114,10039015,46.1,FALSE,FALSE,TRUE,TRUE,FALSE,9/2/00
12.747,43.322,1971,12,18,6,2,11.5,4.26,46,EMECv20191114,10019435,46,TRUE,TRUE,TRUE,TRUE,TRUE,12/18/71
16.524,37.78,2006,5,30,11,30,42.24,4.45,46,EMECv20191114,10047102,46,TRUE,TRUE,TRUE,TRUE,FALSE,5/30/06
20.57,40.09,1966,1,17,8,39,42.6,4.5,46,EMECv20191114,10016469,46,FALSE,TRUE,TRUE,TRUE,FALSE,1/17/66
19.389,41.8253,1974,3,14,20,57,35.57,4.5,46,EMECv20191114,10020265,46,TRUE,TRUE,TRUE,TRUE,FALSE,3/14/74
19.796,40.1362,1975,8,21,15,29,18.46,4.5,46,EMECv20191114,10020850,46,TRUE,TRUE,TRUE,TRUE,FALSE,8/21/75
19.77,41.14,1975,1,24,16,33,3,4.57,46,EMECv20191114,10020602,46,FALSE,TRUE,TRUE,TRUE,FALSE,1/24/75
19.28,41.52,1975,9,16,18,45,48,4.57,46,EMECv20191114,10020880,46,FALSE,FALSE,TRUE,TRUE,FALSE,9/16/75
20.55,39.76,1969,10,12,13,34,19.9,5.3,46,EMECv20191114,10018242,46,FALSE,FALSE,TRUE,TRUE,FALSE,10/12/69
16.305,37.942,1897,5,28,22,40,0,5.55,46,SERA_histv1.1,10005469,nan,TRUE,TRUE,TRUE,TRUE,TRUE,1897-05-28
8.621,44.567,1751,11,21,0,0,0,3.74,45.3,SERA_histv1.1,10001959,nan,TRUE,TRUE,TRUE,TRUE,TRUE,1751-11-21
12.218,46.139,1411,7,1,6,0,0,3.97,45.3,SERA_histv1.1,10000340,nan,TRUE,TRUE,TRUE,TRUE,TRUE,1411-07-01
10.809,45.764,1895,10,12,2,45,0,4.2,45.3,SERA_histv1.1,10005309,nan,TRUE,TRUE,TRUE,TRUE,TRUE,1895-10-12
7.868,44.735,2009,4,19,12,39,50.08,4.21,45.3,EMECv20191114,10053302,45.3,TRUE,TRUE,TRUE,TRUE,TRUE,4/19/09
7.7,44.854,1866,9,22,15,0,0,4.41,45.3,SERA_histv1.1,10004054,nan,TRUE,TRUE,TRUE,TRUE,TRUE,1866-09-22
11.821,46.006,1894,11,28,0,0,0,4.5,45.3,SERA_histv1.1,10005233,nan,TRUE,TRUE,TRUE,TRUE,TRUE,1894-11-28
11.768,45.771,1921,9,12,0,25,0,4.81,45.3,EMECv20191114,10008933,nan,TRUE,TRUE,TRUE,TRUE,TRUE,9/12/21
10.729,45.632,1932,2,19,12,57,11,5.16,45.3,EMECv20191114,10010657,nan,TRUE,TRUE,TRUE,TRUE,FALSE,2/19/32
12.809,43.145,1998,3,26,16,26,17.03,5.26,44.8,EMECv20191114,10036237,44.8,FALSE,FALSE,TRUE,FALSE,FALSE,3/26/98
18.928,39.724,1976,10,22,11,23,27.26,4.68,44.7,EMECv20191114,10021402,44.7,TRUE,TRUE,TRUE,TRUE,FALSE,10/22/76
19.234,40.634,2012,1,14,20,41,59.8,3.65,44,EMECv20191114,10057347,44,TRUE,TRUE,TRUE,FALSE,FALSE,1/14/12
19.92,40.56,1969,4,3,23,45,11.2,4.5,44,EMECv20191114,10017982,44,FALSE,FALSE,TRUE,TRUE,FALSE,4/3/69
19.394,41.6298,1975,7,29,22,21,9.06,4.6,44,EMECv20191114,10020831,44,FALSE,TRUE,TRUE,TRUE,FALSE,7/29/75
20.5,40.3,1960,10,26,22,55,21.4,4.7,44,EMECv20191114,10015191,44,FALSE,FALSE,TRUE,TRUE,FALSE,10/26/60
20.061,39.11,2000,6,3,13,27,51.57,4.8,44,EMECv20191114,10038672,44,FALSE,TRUE,TRUE,FALSE,FALSE,6/3/00
10.203,40.856,2009,2,5,16,2,34.99,3.67,43,EMECv20191114,10053033,43,TRUE,TRUE,TRUE,TRUE,TRUE,2/5/09
19.9791,39.5217,1971,4,28,15,36,22.76,4.5,43,EMECv20191114,10019154,43,FALSE,TRUE,TRUE,TRUE,FALSE,4/28/71
19.7234,40.137,1983,3,3,9,31,18.56,4.6,43,EMECv20191114,10024969,43,TRUE,TRUE,TRUE,TRUE,FALSE,3/3/83
19.78,40.49,1969,7,7,18,12,27,4.6,42,EMECv20191114,10018149,42,FALSE,FALSE,TRUE,TRUE,FALSE,7/7/69
20.2047,39.5134,1979,11,2,5,30,34.65,4.9,42,EMECv20191114,10022884,42,FALSE,FALSE,TRUE,TRUE,FALSE,11/2/79
16.866,37.639,2012,7,4,11,12,11.85,4.63,41.2,EMECv20191114,10058122,41.2,TRUE,TRUE,TRUE,TRUE,FALSE,7/4/12
15.433,42.673,1986,1,8,0,59,23.56,4.1,41.1,EMECv20191114,10026481,41.1,FALSE,FALSE,TRUE,TRUE,TRUE,1/8/86
19.61,39.91,1970,4,24,11,17,12.2,4.6,41,EMECv20191114,10018613,41,TRUE,FALSE,TRUE,TRUE,FALSE,4/24/70
19.2,40.5,1964,8,24,21,42,46,5.07,41,EMECv20191114,10016026,41,TRUE,TRUE,TRUE,TRUE,TRUE,8/24/64
19.5,40.5,1859,3,13,11,30,0,6.24,41,SERA_histv1.1,10003863,nan,TRUE,TRUE,TRUE,TRUE,TRUE,1859-03-13
17.962,37.74,2008,2,21,5,0,8.26,4.71,40.8,EMECv20191114,10050774,40.8,TRUE,TRUE,TRUE,TRUE,TRUE,2/21/08
12.842,43.247,1984,4,29,15,3,41.94,4.13,40.4,EMECv20191114,10025689,40.4,FALSE,FALSE,TRUE,TRUE,TRUE,4/29/84
13.933,42.244,1841,10,18,13,0,0,4.2,40.4,SERA_histv1.1,10003344,nan,TRUE,TRUE,TRUE,TRUE,TRUE,1841-10-18
12.8,43.8,1916,8,16,8,33,0,4.69,40.4,EMECv20191114,10008196,nan,FALSE,FALSE,TRUE,TRUE,FALSE,8/16/16
12.839,42.357,1902,10,23,8,51,0,4.74,40.4,EMECv20191114,10005993,nan,TRUE,TRUE,TRUE,TRUE,TRUE,10/23/02
19.8494,40.4318,2001,8,14,8,0,29.8,3.55,40,EMECv20191114,10040162,40,FALSE,TRUE,TRUE,TRUE,FALSE,8/14/01
20.2329,40.7228,2001,11,12,11,11,22.9,3.65,40,EMECv20191114,10040402,40,FALSE,TRUE,TRUE,FALSE,FALSE,11/12/01
19.4991,40.3459,2002,9,2,7,22,13.1,3.65,40,EMECv20191114,10041190,40,TRUE,TRUE,TRUE,TRUE,FALSE,9/2/02
19.759,40.931,1999,6,26,9,50,9.47,3.73,40,EMECv20191114,10037367,40,TRUE,TRUE,TRUE,TRUE,FALSE,6/26/99
20.2329,40.1063,2004,3,24,0,49,57.5,3.74,40,EMECv20191114,10043287,40,FALSE,TRUE,TRUE,FALSE,FALSE,3/24/04
19.811,39.576,2006,7,24,2,59,21.36,3.82,40,EMECv20191114,10047325,40,TRUE,FALSE,TRUE,FALSE,FALSE,7/24/06
19.5629,40.2769,2001,5,18,9,49,59.3,3.83,40,EMECv20191114,10039763,40,FALSE,TRUE,TRUE,TRUE,FALSE,5/18/01
19.562,40.2904,2007,12,24,6,10,54.7,3.93,40,EMECv20191114,10050424,40,FALSE,FALSE,TRUE,FALSE,FALSE,12/24/07
19.8633,40.0371,2002,11,20,19,59,39.8,4.02,40,EMECv20191114,10041502,40,FALSE,FALSE,TRUE,FALSE,FALSE,11/20/02
7.58,41.96,2011,7,2,14,43,8,4.25,40,EMECv20191114,10056224,40,FALSE,FALSE,TRUE,TRUE,TRUE,7/2/11
20.7695,40.8744,2001,10,6,7,25,58.7,4.39,40,EMECv20191114,10040301,40,TRUE,TRUE,TRUE,FALSE,FALSE,10/6/01
20.25,39.29,1970,9,27,16,33,53.8,4.6,40,EMECv20191114,10018920,40,FALSE,FALSE,TRUE,TRUE,FALSE,9/27/70
20.489,40.1645,1975,10,2,15,59,45.09,4.6,40,EMECv20191114,10020903,40,FALSE,TRUE,TRUE,TRUE,FALSE,10/2/75
19.8,41.12,1967,12,1,9,15,26,4.7,40,EMECv20191114,10017293,40,FALSE,TRUE,FALSE,FALSE,FALSE,12/1/67
19.7364,39.1858,1992,6,21,18,59,5.59,5.4,40,EMECv20191114,10030074,40,TRUE,TRUE,TRUE,TRUE,FALSE,6/21/92
12.433,43.345,2000,6,22,12,16,35.58,4.47,39.6,EMECv20191114,10038785,39.6,FALSE,TRUE,TRUE,TRUE,FALSE,6/22/00
10.283,44.25,1920,9,7,13,32,20,5.05,39.6,EMECv20191114,10008776,nan,FALSE,FALSE,FALSE,FALSE,FALSE,9/7/20
18.833,39.648,1974,6,29,22,32,2.9,4.07,39.1,EMECv20191114,10020381,39.1,TRUE,TRUE,TRUE,TRUE,FALSE,6/29/74
16.435,36.742,2014,9,26,23,38,10.59,4.19,39.1,EMECv20191114,10061097,39.1,TRUE,TRUE,TRUE,TRUE,FALSE,9/26/14
15.8,37.5,1963,9,30,22,25,0,5.05,39.1,EMECv20191114,10015773,nan,TRUE,TRUE,TRUE,TRUE,TRUE,9/30/63
19.69,40.201,2012,1,17,8,14,43.8,3.55,39,EMECv20191114,10057352,39,FALSE,TRUE,TRUE,FALSE,FALSE,1/17/12
19.3096,41.5449,1975,9,16,0,27,38.12,4.6,39,EMECv20191114,10020876,39,FALSE,FALSE,TRUE,TRUE,FALSE,9/16/75
19.35,42.1,1970,10,31,16,7,39.4,4.8,39,EMECv20191114,10018965,39,TRUE,TRUE,TRUE,TRUE,FALSE,10/31/70
19.43,41.69,1973,8,8,8,23,46,4.87,39,EMECv20191114,10020021,39,TRUE,TRUE,TRUE,TRUE,FALSE,8/8/73
14.82,38.52,1968,5,19,9,37,32,4.9,39,EMECv20191114,10017575,39,TRUE,TRUE,TRUE,TRUE,TRUE,5/19/68
19.6,40.2,1931,5,4,11,12,0,5.56,39,EMECv20191114,10010529,nan,FALSE,FALSE,TRUE,TRUE,FALSE,5/4/31
16.484,36.995,2008,11,12,10,39,11.54,3.99,38.5,EMECv20191114,10052754,38.5,TRUE,TRUE,TRUE,TRUE,TRUE,11/12/08
18.81,39.774,1974,11,23,7,52,28.22,4.46,38.3,EMECv20191114,10020513,38.3,FALSE,FALSE,TRUE,TRUE,FALSE,11/23/74
16.471,37.623,2006,5,30,11,38,34.5,3.57,38.2,EMECv20191114,10047103,38.2,FALSE,FALSE,TRUE,TRUE,FALSE,5/30/06
16.471,37.707,2013,3,24,15,47,21.95,4.57,38.2,EMECv20191114,10058928,38.2,TRUE,TRUE,TRUE,TRUE,FALSE,3/24/13
16.331,36.908,2010,10,8,17,26,58.47,3.67,38.1,EMECv20191114,10055328,38.1,TRUE,TRUE,TRUE,TRUE,FALSE,10/8/10
19.7638,40.9041,2003,5,2,23,31,55.3,3.65,38,EMECv20191114,10041978,38,TRUE,TRUE,TRUE,FALSE,FALSE,5/2/03
19.458,41.785,2012,3,13,16,11,3.6,3.65,38,EMECv20191114,10057591,38,FALSE,TRUE,TRUE,TRUE,FALSE,3/13/12
19.631,40.197,2012,3,15,23,41,55.4,3.65,38,EMECv20191114,10057602,38,FALSE,FALSE,TRUE,FALSE,FALSE,3/15/12
19.97,38.51,1995,3,10,4,48,58.36,3.73,38,EMECv20191114,10031813,38,FALSE,TRUE,TRUE,TRUE,FALSE,3/10/95
20.7,41.1,1911,3,5,1,7,0,4.1,38,EMECv20191114,10007285,nan,FALSE,FALSE,TRUE,TRUE,TRUE,3/5/11
20.74,40.7041,1977,7,1,12,40,39.04,4.7,38,EMECv20191114,10021728,38,TRUE,TRUE,TRUE,TRUE,FALSE,7/1/77
19.645,40.9186,1978,12,3,8,10,52.11,4.9,38,EMECv20191114,10022311,38,TRUE,TRUE,TRUE,TRUE,FALSE,12/3/78
19.446,41.314,1869,9,1,0,0,0,6.23,38,SERA_histv1.1,10004140,nan,TRUE,TRUE,TRUE,TRUE,TRUE,1869-09-01
16.4262,37.5087,2014,3,23,18,31,53.02,3.78,37.9,EMECv20191114,10060452,37.9,TRUE,TRUE,TRUE,TRUE,FALSE,3/23/14
13.418,43.399,2009,9,20,3,50,17.32,4.65,37.8,EMECv20191114,10053933,37.8,TRUE,TRUE,TRUE,TRUE,FALSE,9/20/09
17.535,39.172,1999,1,17,19,32,17.43,4.62,37.5,EMECv20191114,10036992,37.5,TRUE,TRUE,TRUE,TRUE,TRUE,1/17/99
16.633,38.873,2010,10,15,5,21,19.82,4.4,37.2,EMECv20191114,10055347,37.2,TRUE,TRUE,TRUE,TRUE,FALSE,10/15/10
16.635,39.574,1836,5,22,7,55,0,4.43,37.2,SERA_histv1.1,10003235,nan,TRUE,TRUE,TRUE,TRUE,TRUE,1836-05-22
19.82,40.06,2012,1,22,9,43,27.6,3.55,37,EMECv20191114,10057368,37,FALSE,FALSE,TRUE,FALSE,FALSE,1/22/12
20.2,41.4,1967,11,30,11,57,33,4.5,37,EMECv20191114,10017291,37,FALSE,FALSE,FALSE,FALSE,FALSE,11/30/67
19.97,39.23,1969,1,10,4,32,3.4,4.6,37,EMECv20191114,10017842,37,TRUE,TRUE,TRUE,TRUE,FALSE,1/10/69
20.21,39.98,1967,2,27,6,27,11.9,4.8,37,EMECv20191114,10016892,37,FALSE,FALSE,TRUE,TRUE,FALSE,2/27/67
20.08,41.49,1977,9,23,2,58,3,5.07,37,EMECv20191114,10021820,37,FALSE,FALSE,TRUE,TRUE,FALSE,9/23/77
15.746,42.074,2006,10,4,17,34,20.5,4.3,36.8,EMECv20191114,10047626,36.8,FALSE,TRUE,TRUE,TRUE,FALSE,10/4/06
17.926,37.609,2009,11,1,8,33,16.59,4.36,36.8,EMECv20191114,10054104,36.8,TRUE,TRUE,TRUE,TRUE,FALSE,11/1/09
12.98,43.628,2006,10,21,7,4,10.01,4.21,36.3,EMECv20191114,10047690,36.3,TRUE,TRUE,TRUE,TRUE,FALSE,10/21/06
11.991,44.32,1891,8,1,13,32,0,4.38,36.3,SERA_histv1.1,10005046,nan,TRUE,TRUE,TRUE,TRUE,TRUE,1891-08-01
18.915,39.786,1974,10,7,11,43,39.78,4.46,36.3,EMECv20191114,10020471,36.3,FALSE,FALSE,TRUE,TRUE,FALSE,10/7/74
13.814,41.491,1723,9,19,0,0,0,4.53,36.3,SERA_histv1.1,10001708,nan,TRUE,TRUE,TRUE,TRUE,TRUE,1723-09-19
14.035,37.69,2012,3,13,6,50,2.45,3.78,36.1,EMECv20191114,10057585,36.1,TRUE,TRUE,TRUE,TRUE,FALSE,3/13/12
14.361,37.928,1867,10,3,2,0,0,4.2,36.1,SERA_histv1.1,10004086,nan,TRUE,TRUE,TRUE,TRUE,TRUE,1867-10-03
19.41,40.37,2001,9,24,22,57,33.5,3.74,36,EMECv20191114,10040273,36,FALSE,TRUE,TRUE,TRUE,FALSE,9/24/01
18.8,42.1,1966,8,20,19,8,26,4.4,36,EMECv20191114,10016737,36,FALSE,FALSE,TRUE,TRUE,TRUE,8/20/66
20.22,41.25,1968,4,18,3,8,3.4,4.5,36,EMECv20191114,10017542,36,FALSE,FALSE,TRUE,FALSE,FALSE,4/18/68
20.56,39.7849,1976,2,2,12,13,1.01,4.5,36,EMECv20191114,10021074,36,FALSE,FALSE,TRUE,TRUE,FALSE,2/2/76
13.823,37.617,2008,11,28,23,39,22.22,4.43,35.3,EMECv20191114,10052800,35.3,TRUE,TRUE,TRUE,TRUE,FALSE,11/28/08
19.574,41.259,2010,6,13,17,31,2.8,3.65,35,EMECv20191114,10054962,35,FALSE,TRUE,TRUE,FALSE,FALSE,6/13/10
18.7,42.5,1916,9,5,23,40,31,3.91,35,EMECv20191114,10008205,35,TRUE,TRUE,TRUE,TRUE,TRUE,9/5/16
13.482,41.995,1887,4,15,2,50,0,3.97,35,SERA_histv1.1,10004869,nan,TRUE,TRUE,TRUE,TRUE,TRUE,1887-04-15
9.767,44.488,1835,4,20,3,0,0,4.2,35,SERA_histv1.1,10003213,nan,TRUE,TRUE,TRUE,TRUE,TRUE,1835-04-20
11.783,44.025,1875,1,10,8,0,0,4.2,35,SERA_histv1.1,10004325,nan,TRUE,TRUE,TRUE,TRUE,TRUE,1875-01-10
13.412,43.643,1972,2,5,15,14,48.05,4.36,35,EMECv20191114,10019477,35,FALSE,FALSE,TRUE,TRUE,TRUE,2/5/72
19.04,42.53,2012,11,13,23,24,11,4.5,35,EMECv20191114,10058524,35,FALSE,FALSE,TRUE,TRUE,FALSE,11/13/12
20.21,41.3,1969,5,10,21,10,37.1,4.6,35,EMECv20191114,10018061,35,FALSE,FALSE,TRUE,TRUE,FALSE,5/10/69
19.8331,39.8129,1975,11,24,23,48,53.34,4.6,35,EMECv20191114,10020951,35,FALSE,FALSE,TRUE,TRUE,FALSE,11/24/75
18.8,42.1,1966,8,5,17,47,43,4.7,35,EMECv20191114,10016696,35,FALSE,FALSE,TRUE,TRUE,TRUE,8/5/66
19.4772,40.1495,1982,7,27,4,14,18.17,4.7,35,EMECv20191114,10024507,35,FALSE,TRUE,TRUE,FALSE,FALSE,7/27/82
19.5,42,1855,7,7,0,0,0,5.14,35,SERA_histv1.1,10003648,nan,TRUE,TRUE,TRUE,TRUE,TRUE,1855-07-07
19.3,41.5,1975,9,16,5,6,19,5.36,35,EMECv20191114,10020877,nan,TRUE,TRUE,TRUE,TRUE,FALSE,9/16/75
12.796,42.991,2000,8,8,21,40,7.08,4.08,34.2,EMECv20191114,10038923,34.2,FALSE,FALSE,TRUE,TRUE,FALSE,8/8/00
13.018,43.837,1389,4,1,0,0,0,5.11,34.2,SERA_histv1.1,10000292,nan,TRUE,TRUE,TRUE,TRUE,TRUE,1389-04-01
13.778,41.686,1873,7,12,6,6,0,5.37,34.2,SERA_histv1.1,10004277,nan,TRUE,TRUE,TRUE,TRUE,TRUE,1873-07-12
20.212,41.037,2009,2,26,5,9,51.9,3.55,34,EMECv20191114,10053092,34,FALSE,TRUE,TRUE,FALSE,FALSE,2/26/09
20.335,40.161,2010,12,5,21,22,49,3.74,34,EMECv20191114,10055509,34,TRUE,TRUE,TRUE,FALSE,FALSE,12/5/10
13.851,37.634,2009,11,7,7,10,5.56,4.21,34,EMECv20191114,10054122,34,TRUE,TRUE,TRUE,TRUE,FALSE,11/7/09
20.5991,39.7709,1973,8,6,1,11,13.47,4.5,34,EMECv20191114,10020019,34,FALSE,TRUE,TRUE,TRUE,FALSE,8/6/73
14.189,37.691,2008,2,20,21,14,24.83,3.67,33.9,EMECv20191114,10050766,33.9,TRUE,TRUE,TRUE,TRUE,FALSE,2/20/08
13.488,43.396,2006,4,10,19,3,36.67,4.06,33.9,EMECv20191114,10046830,33.9,TRUE,TRUE,TRUE,TRUE,FALSE,4/10/06
9.882,44.377,1965,7,23,23,14,25,4.16,33.9,EMECv20191114,10016328,nan,FALSE,TRUE,TRUE,TRUE,TRUE,7/23/65
13.22,42.21,1923,5,13,14,30,59,4.33,33.9,EMECv20191114,10009164,nan,FALSE,TRUE,TRUE,TRUE,FALSE,5/13/23
13.602,42.055,1778,1,24,7,45,0,4.83,33.9,SERA_histv1.1,10002352,nan,TRUE,TRUE,TRUE,TRUE,TRUE,1778-01-24
16.281,42.008,2006,12,10,11,3,41.57,4.48,33.2,EMECv20191114,10047884,33.2,TRUE,TRUE,TRUE,TRUE,FALSE,12/10/06
15.782,40.658,1963,2,13,12,45,0,5.19,33.2,EMECv20191114,10015636,nan,TRUE,TRUE,TRUE,TRUE,TRUE,2/13/63
16.3222,37.4578,2012,6,15,6,27,24.85,3.7,33.1,EMECv20191114,10058047,33.1,FALSE,TRUE,TRUE,TRUE,FALSE,6/15/12
19.0535,40.2898,2003,2,28,6,8,47.2,3.55,33,EMECv20191114,10041761,33,FALSE,TRUE,TRUE,FALSE,FALSE,2/28/03
10.868,43.621,1918,1,22,18,48,0,3.7,33,EMECv20191114,10008421,nan,FALSE,FALSE,FALSE,FALSE,FALSE,1/22/18
11.332,43.318,1804,10,6,10,30,0,3.74,33,SERA_histv1.1,10002733,nan,TRUE,TRUE,TRUE,TRUE,TRUE,1804-10-06
16.7,43.15,1940,7,19,20,40,0,3.83,33,EMECv20191114,10011669,nan,FALSE,FALSE,TRUE,TRUE,TRUE,7/19/40
17.816,38.962,1974,6,17,19,25,55.77,3.88,33,EMECv20191114,10020367,33,TRUE,TRUE,TRUE,TRUE,TRUE,6/17/74
10.864,43.166,1933,10,19,13,29,45,3.93,33,EMECv20191114,10010900,nan,TRUE,TRUE,TRUE,TRUE,TRUE,10/19/33
10.868,43.621,1918,1,22,19,39,0,4.16,33,EMECv20191114,10008422,nan,TRUE,TRUE,TRUE,TRUE,FALSE,1/22/18
13.076,42.415,1689,7,21,9,0,0,4.2,33,SERA_histv1.1,10001426,nan,TRUE,TRUE,TRUE,TRUE,TRUE,1689-07-21
12.03,42.537,1917,10,14,17,5,0,4.2,33,EMECv20191114,10008384,nan,FALSE,TRUE,TRUE,TRUE,FALSE,10/14/17
14.039,38.694,1971,2,1,7,50,11.27,4.36,33,EMECv20191114,10019076,33,FALSE,FALSE,TRUE,TRUE,TRUE,2/1/71
14.415,38.272,1980,5,31,11,41,13.65,4.38,33,EMECv20191114,10023128,33,FALSE,FALSE,TRUE,TRUE,TRUE,5/31/80
11.332,43.318,1697,9,20,15,50,0,4.43,33,SERA_histv1.1,10001505,nan,TRUE,TRUE,TRUE,TRUE,TRUE,1697-09-20
20.58,40.08,2006,11,23,13,21,41,4.43,33,EMECv20191114,10047831,33,TRUE,TRUE,TRUE,FALSE,FALSE,11/23/06
11.8,42,1969,7,2,8,2,57,4.46,33,EMECv20191114,10018141,33,FALSE,FALSE,TRUE,TRUE,TRUE,7/2/69
13.369,43.738,1972,2,5,7,8,11.75,4.46,33,EMECv20191114,10019476,33,FALSE,FALSE,TRUE,TRUE,TRUE,2/5/72
18.935,39.658,1976,11,12,19,36,36.09,4.46,33,EMECv20191114,10021422,33,FALSE,FALSE,TRUE,TRUE,FALSE,11/12/76
20.1,41.3,1967,12,31,20,2,43,4.5,33,EMECv20191114,10017335,33,FALSE,FALSE,TRUE,FALSE,FALSE,12/31/67
19.7,40.48,1969,4,4,4,20,46.3,4.5,33,EMECv20191114,10017983,33,FALSE,FALSE,TRUE,TRUE,FALSE,4/4/69
19.48,41.86,1970,1,17,6,30,28.4,4.5,33,EMECv20191114,10018340,33,TRUE,TRUE,TRUE,TRUE,FALSE,1/17/70
20.0341,40.526,1974,3,1,3,6,52.52,4.5,33,EMECv20191114,10020247,33,FALSE,TRUE,TRUE,TRUE,FALSE,3/1/74
13.831,46.638,1976,9,15,22,35,40.8,4.5,33,EMECv20191114,10021366,33,FALSE,TRUE,TRUE,FALSE,FALSE,9/15/76
19.4408,38.2754,1983,1,17,15,14,4.9,4.5,33,EMECv20191114,10024735,33,FALSE,FALSE,TRUE,TRUE,FALSE,1/17/83
13.058,42.816,1971,10,4,16,43,32.6,4.51,33,EMECv20191114,10019381,33,TRUE,TRUE,TRUE,TRUE,TRUE,10/4/71
19.8,41.8,1964,4,19,11,33,41.3,4.6,33,EMECv20191114,10015916,33,TRUE,TRUE,TRUE,TRUE,FALSE,4/19/64
19.82,41.26,1997,7,20,3,39,11,4.62,33,EMECv20191114,10035326,33,FALSE,FALSE,TRUE,TRUE,FALSE,7/20/97
10.309,43.551,1646,4,5,16,15,0,4.65,33,SERA_histv1.1,10001147,nan,TRUE,TRUE,TRUE,TRUE,TRUE,1646-04-05
15.22,38.396,1978,4,15,23,37,47.42,4.68,33,EMECv20191114,10022058,33,FALSE,FALSE,TRUE,TRUE,TRUE,4/15/78
19.5,40.6,1967,5,4,8,55,58,4.7,33,EMECv20191114,10016990,33,TRUE,TRUE,TRUE,TRUE,FALSE,5/4/67
20,41.45,1967,12,8,7,8,31.2,4.7,33,EMECv20191114,10017314,33,FALSE,FALSE,FALSE,FALSE,FALSE,12/8/67
20,41.5,1968,2,22,12,34,11,4.7,33,EMECv20191114,10017447,33,FALSE,FALSE,TRUE,FALSE,FALSE,2/22/68
20.43,39.43,2000,4,20,2,43,14.5,4.9,33,EMECv20191114,10038518,33,FALSE,TRUE,TRUE,FALSE,FALSE,4/20/00
12.074,42.614,1743,1,21,21,55,0,5.01,33,SERA_histv1.1,10001885,nan,TRUE,TRUE,TRUE,TRUE,TRUE,1743-01-21
18.65,42.18,1966,8,20,12,5,19.3,5.12,33,EMECv20191114,10016733,33,TRUE,TRUE,TRUE,TRUE,TRUE,8/20/66
15.2,44.1,1667,3,15,0,0,0,5.14,33,SERA_histv1.1,10001301,nan,TRUE,TRUE,TRUE,TRUE,TRUE,1667-03-15
18.6,42.4,1853,12,11,16,5,0,5.14,33,SERA_histv1.1,10003609,nan,TRUE,TRUE,TRUE,TRUE,TRUE,1853-12-11
11.643,43.067,1545,11,27,2,0,0,5.34,33,SERA_histv1.1,10000688,nan,TRUE,TRUE,TRUE,TRUE,TRUE,1545-11-27
12.11,42.613,1695,6,11,2,30,0,5.77,33,SERA_histv1.1,10001495,nan,TRUE,TRUE,TRUE,TRUE,TRUE,1695-06-11
20.66,41.01,1911,2,22,2,8,0,5.96,33,EMECv20191114,10007275,nan,FALSE,FALSE,TRUE,TRUE,TRUE,2/22/11
12.605,42.98,1832,1,13,13,0,0,6.41,33,SERA_histv1.1,10003159,nan,TRUE,TRUE,TRUE,TRUE,TRUE,1832-01-13
15.037,36.895,1999,3,31,9,43,10.08,4.18,32.9,EMECv20191114,10037170,32.9,TRUE,TRUE,TRUE,TRUE,TRUE,3/31/99
13.193,38.709,1917,2,18,20,10,0,4.4,32.8,EMECv20191114,10008282,nan,TRUE,TRUE,TRUE,TRUE,TRUE,2/18/17
7.327,44.885,1507,1,1,0,0,0,4.11,32.5,SERA_histv1.1,10000538,nan,TRUE,TRUE,TRUE,TRUE,TRUE,1507-01-01
9.849,45.723,1995,10,29,13,0,27.69,4.35,32.5,EMECv20191114,10032649,32.5,TRUE,TRUE,TRUE,TRUE,TRUE,10/29/95
12.576,45.961,1939,7,10,16,27,53,4.75,32.5,EMECv20191114,10011545,nan,TRUE,TRUE,TRUE,TRUE,TRUE,7/10/39
9.589,45.501,1781,9,10,11,30,0,4.92,32.5,SERA_histv1.1,10002433,nan,TRUE,TRUE,TRUE,TRUE,TRUE,1781-09-10
12.96,43.601,2006,10,21,8,55,17.7,3.67,32.4,EMECv20191114,10047693,32.4,FALSE,FALSE,TRUE,TRUE,FALSE,10/21/06
11.952,42.624,1992,2,7,23,17,55.66,3.76,32.4,EMECv20191114,10029859,32.4,TRUE,TRUE,TRUE,TRUE,TRUE,2/7/92
11.114,44.639,1666,4,14,18,58,0,4.2,32.4,SERA_histv1.1,10001297,nan,TRUE,TRUE,TRUE,TRUE,TRUE,1666-04-14
10.617,44.274,2002,6,8,20,13,7.1,4.23,32.4,EMECv20191114,10040972,32.4,FALSE,FALSE,TRUE,TRUE,FALSE,6/8/02
13.578,42.022,1914,4,14,2,49,0,4.26,32.4,EMECv20191114,10007764,nan,TRUE,TRUE,TRUE,TRUE,TRUE,4/14/14
13.537,41.697,1777,8,19,8,19,0,4.43,32.4,SERA_histv1.1,10002343,nan,TRUE,TRUE,TRUE,TRUE,TRUE,1777-08-19
11.538,42.87,1868,6,17,1,50,0,4.43,32.4,SERA_histv1.1,10004100,nan,TRUE,TRUE,TRUE,TRUE,TRUE,1868-06-17
11.846,42.442,1971,2,6,18,9,0,4.83,32.4,EMECv20191114,10019081,nan,TRUE,TRUE,TRUE,TRUE,TRUE,2/6/71
11.538,43.171,1781,1,3,2,30,0,5.08,32.4,SERA_histv1.1,10002415,nan,TRUE,TRUE,TRUE,TRUE,TRUE,1781-01-03
15.235,38.806,1941,5,22,6,16,0,5.33,32.4,EMECv20191114,10011814,nan,TRUE,TRUE,TRUE,TRUE,TRUE,5/22/41
11.131,44.481,1929,8,17,4,25,0,3.89,32.1,EMECv20191114,10010225,nan,FALSE,FALSE,TRUE,FALSE,FALSE,8/17/29
13.572,41.66,1966,10,16,9,48,29,4.18,32.1,EMECv20191114,10016807,nan,TRUE,TRUE,TRUE,TRUE,TRUE,10/16/66
10.683,44.395,2002,6,18,22,23,38.1,4.3,32.1,EMECv20191114,10041000,32.1,TRUE,TRUE,TRUE,TRUE,FALSE,6/18/02
15.808,41.792,1998,9,22,23,23,38.87,4.32,32.1,EMECv20191114,10036677,32.1,TRUE,TRUE,TRUE,TRUE,FALSE,9/22/98
15.308,40.885,1980,12,1,19,4,30.75,4.64,32.1,EMECv20191114,10023453,nan,FALSE,FALSE,FALSE,FALSE,FALSE,12/1/80
10.307,44.75,1886,10,15,2,20,0,4.69,32.1,SERA_histv1.1,10004842,nan,TRUE,TRUE,TRUE,TRUE,TRUE,1886-10-15
9.686,44.454,1835,4,25,2,45,0,4.74,32.1,SERA_histv1.1,10003215,nan,TRUE,TRUE,TRUE,TRUE,TRUE,1835-04-25
13.12,42.951,1832,11,21,21,0,0,4.78,32.1,SERA_histv1.1,10003175,nan,TRUE,TRUE,TRUE,TRUE,TRUE,1832-11-21
11.637,44.454,1505,1,20,23,50,0,4.8,32.1,SERA_histv1.1,10000532,nan,TRUE,TRUE,TRUE,TRUE,TRUE,1505-01-20
12.819,43.61,1727,12,14,19,45,0,5.23,32.1,SERA_histv1.1,10001749,nan,TRUE,TRUE,TRUE,TRUE,TRUE,1727-12-14
20.39,40.13,2007,6,30,2,8,10.6,3.55,32,EMECv20191114,10049266,32,FALSE,FALSE,FALSE,FALSE,FALSE,6/30/07
19.524,39.43,2008,9,18,10,46,57.4,3.64,32,EMECv20191114,10052460,32,TRUE,TRUE,TRUE,TRUE,FALSE,9/18/08
10.681,44.413,2002,6,19,22,11,15.57,4.03,31.9,EMECv20191114,10041003,31.9,FALSE,FALSE,FALSE,FALSE,FALSE,6/19/02
15.858,41.898,2008,3,19,14,38,57.72,4.18,31.6,EMECv20191114,10051056,31.6,TRUE,TRUE,TRUE,TRUE,FALSE,3/19/08
17.104,38.618,2005,9,27,22,33,9.27,3.78,31.4,EMECv20191114,10045778,31.4,TRUE,TRUE,TRUE,TRUE,FALSE,9/27/05
10.126,41.409,2001,11,7,9,40,46.01,4.35,31.2,EMECv20191114,10040387,31.2,TRUE,TRUE,TRUE,TRUE,TRUE,11/7/01
15.903,41.801,2006,5,29,2,20,6.26,4.64,31.2,EMECv20191114,10047098,31.2,TRUE,TRUE,TRUE,TRUE,TRUE,5/29/06
15.358,41.597,1627,9,6,15,50,0,5.8,31.2,SERA_histv1.1,10001056,nan,TRUE,TRUE,TRUE,TRUE,TRUE,1627-09-06
12.322,44.399,2012,6,6,4,8,31.41,4.21,31.1,EMECv20191114,10057998,31.1,TRUE,TRUE,TRUE,FALSE,FALSE,6/6/12
20.623,41.14,2006,12,13,11,31,10.2,4.11,31,EMECv20191114,10047894,31,FALSE,TRUE,TRUE,FALSE,FALSE,12/13/06
13.563,38.398,2002,9,10,2,32,52.76,4.36,31,EMECv20191114,10041226,31,FALSE,FALSE,FALSE,FALSE,FALSE,9/10/02
19.6794,41.1916,1988,1,9,7,10,52.72,4.6,31,EMECv20191114,10027490,31,FALSE,FALSE,FALSE,FALSE,FALSE,1/9/88
20.79,40.78,1983,7,2,16,16,45,4.67,31,EMECv20191114,10025173,31,FALSE,FALSE,TRUE,TRUE,FALSE,7/2/83
16.248,40.177,1910,10,3,11,4,0,4.62,30.9,EMECv20191114,10007224,nan,TRUE,TRUE,TRUE,TRUE,TRUE,10/3/10
15.417,42.652,1986,1,11,15,1,7.5,4.71,30.9,EMECv20191114,10026491,30.9,TRUE,TRUE,TRUE,TRUE,TRUE,1/11/86
16.5278,39.2902,2014,3,25,7,56,51.98,3.67,30.4,EMECv20191114,10060458,30.4,TRUE,TRUE,TRUE,TRUE,TRUE,3/25/14
14.791,41.682,2002,11,1,22,43,59.66,3.96,30.4,EMECv20191114,10041427,30.4,FALSE,FALSE,FALSE,FALSE,FALSE,11/1/02
15.56,40.701,1981,3,28,11,1,26,4.11,30.4,EMECv20191114,10023735,nan,FALSE,FALSE,TRUE,FALSE,FALSE,3/28/81
16.129,38.625,1968,7,17,19,11,10,4.3,30.4,EMECv20191114,10017639,nan,TRUE,TRUE,TRUE,TRUE,TRUE,7/17/68
15.214,41.975,1821,11,22,1,15,0,5.63,30.4,SERA_histv1.1,10002974,nan,TRUE,TRUE,TRUE,TRUE,TRUE,1821-11-22
14.771,37.202,1997,7,30,16,6,37.4,4.45,30.3,EMECv20191114,10035368,30.3,TRUE,TRUE,TRUE,TRUE,TRUE,7/30/97
19.02,42.07,1979,4,15,8,23,24.8,3.53,30,EMECv20191114,10022471,nan,FALSE,FALSE,FALSE,FALSE,FALSE,4/15/79
16.5818,43.3282,2006,3,25,15,38,45.5,3.55,30,EMECv20191114,10046749,30,TRUE,TRUE,TRUE,TRUE,FALSE,3/25/06
18.96,42.62,1979,4,15,14,2,55.8,3.62,30,EMECv20191114,10022480,30,FALSE,FALSE,TRUE,FALSE,FALSE,4/15/79
20.29,39.1,1995,4,2,19,3,14.03,3.64,30,EMECv20191114,10031870,30,FALSE,FALSE,TRUE,TRUE,FALSE,4/2/95
19.5094,40.2977,2000,10,1,14,54,15.6,3.65,30,EMECv20191114,10039085,30,FALSE,TRUE,TRUE,TRUE,FALSE,10/1/00
15.2024,43.7532,2007,7,22,20,57,42.6,3.65,30,EMECv20191114,10049454,30,FALSE,FALSE,TRUE,TRUE,FALSE,7/22/07
19.955,41.073,2009,9,10,9,27,39.5,3.74,30,EMECv20191114,10053890,30,FALSE,TRUE,TRUE,FALSE,FALSE,9/10/09
20.127,41.27,1999,6,27,8,43,2.76,4,30,EMECv20191114,10037372,30,TRUE,TRUE,TRUE,TRUE,FALSE,6/27/99
15.3,44,1908,11,11,16,28,0,4.01,30,EMECv20191114,10006855,30,TRUE,TRUE,TRUE,TRUE,TRUE,11/11/08
13.7288,44.5622,2008,12,23,19,7,4.6,4.02,30,EMECv20191114,10052868,30,TRUE,TRUE,TRUE,TRUE,FALSE,12/23/08
17.32,40.204,1994,1,7,18,30,12.46,4.03,30,EMECv20191114,10030978,30,TRUE,TRUE,TRUE,TRUE,TRUE,1/7/94
14.9,41.67,2013,12,20,13,9,0,4.1,30,EMECv20191114,10059830,30,FALSE,TRUE,TRUE,TRUE,TRUE,12/20/13
14.468,37.507,1975,6,12,19,27,7.15,4.17,30,EMECv20191114,10020787,30,TRUE,TRUE,TRUE,TRUE,TRUE,6/12/75
13.426,43.709,1972,2,6,1,34,18.75,4.36,30,EMECv20191114,10019478,30,FALSE,FALSE,TRUE,TRUE,TRUE,2/6/72
19.82,40.94,2014,5,20,4,43,27,4.4,30,EMECv20191114,10060626,30,FALSE,FALSE,TRUE,FALSE,FALSE,5/20/14
19,42.1,1957,4,7,9,59,46,4.49,30,EMECv20191114,10014364,30,TRUE,TRUE,TRUE,TRUE,TRUE,4/7/57
18.4,42.2,1908,1,25,1,28,30,4.5,30,EMECv20191114,10006736,30,TRUE,TRUE,TRUE,TRUE,FALSE,1/25/08
20.3519,39.7273,1982,5,16,7,50,58.42,4.5,30,EMECv20191114,10024405,30,FALSE,TRUE,TRUE,FALSE,FALSE,5/16/82
19.8,40.5,1956,9,6,20,22,10,4.57,30,EMECv20191114,10014252,30,TRUE,TRUE,TRUE,TRUE,FALSE,9/6/56
20.7,40.8,1906,4,21,9,15,0,4.67,30,EMECv20191114,10006499,30,FALSE,TRUE,TRUE,TRUE,FALSE,4/21/06
20.0348,39.9453,1996,12,3,18,5,10.29,4.7,30,EMECv20191114,10034573,30,FALSE,TRUE,TRUE,FALSE,FALSE,12/3/96
20.49,40.09,2005,10,18,11,54,50,4.7,30,EMECv20191114,10045901,30,FALSE,TRUE,TRUE,FALSE,FALSE,10/18/05
19.8142,38.4763,2004,3,11,12,54,59.03,4.8,30,EMECv20191114,10043235,30,FALSE,TRUE,TRUE,FALSE,FALSE,3/11/04
19.4,40.64,1985,1,16,23,49,37,4.97,30,EMECv20191114,10026042,30,FALSE,FALSE,TRUE,TRUE,FALSE,1/16/85
16.097,41.762,1892,4,20,0,0,0,5.01,30,SERA_histv1.1,10005074,nan,TRUE,TRUE,TRUE,TRUE,TRUE,1892-04-20
19.542,40.8364,1982,11,17,0,37,54.5,5.1,30,EMECv20191114,10024648,30,FALSE,FALSE,TRUE,TRUE,FALSE,11/17/82
19.81,40.98,2014,5,19,0,59,20,5.1,30,EMECv20191114,10060621,30,FALSE,FALSE,TRUE,FALSE,FALSE,5/19/14
15.211,41.012,1517,3,29,19,0,0,5.34,30,SERA_histv1.1,10000587,nan,TRUE,TRUE,TRUE,TRUE,TRUE,1517-03-29
20.148,40.08,1866,12,4,0,0,0,6.39,30,SERA_histv1.1,10004061,nan,TRUE,TRUE,TRUE,TRUE,TRUE,1866-12-04
7.275,45.129,2005,6,12,21,16,14.2,3.79,29.6,EMECv20191114,10045354,29.6,TRUE,TRUE,TRUE,TRUE,TRUE,6/12/05
10.75,45.553,1936,6,21,19,25,25,4.15,29.6,EMECv20191114,10011228,nan,FALSE,FALSE,TRUE,TRUE,TRUE,6/21/36
10.671,45.804,1719,12,12,19,0,0,4.2,29.6,SERA_histv1.1,10001685,nan,TRUE,TRUE,TRUE,TRUE,TRUE,1719-12-12
9.722,45.606,1771,8,15,8,15,0,4.2,29.6,SERA_histv1.1,10002250,nan,TRUE,TRUE,TRUE,TRUE,TRUE,1771-08-15
11.546,45.548,1373,1,1,0,0,0,4.43,29.6,SERA_histv1.1,10000265,nan,TRUE,TRUE,TRUE,TRUE,TRUE,1373-01-01
13.549,43.646,2007,1,25,21,36,11.82,3.78,29.5,EMECv20191114,10048063,29.5,FALSE,TRUE,TRUE,TRUE,FALSE,1/25/07
11.318,43.946,1771,7,27,22,45,0,4.2,29.5,SERA_histv1.1,10002244,nan,TRUE,TRUE,TRUE,TRUE,TRUE,1771-07-27
11.135,44.571,1850,9,18,6,20,0,4.2,29.5,SERA_histv1.1,10003510,nan,TRUE,TRUE,TRUE,TRUE,TRUE,1850-09-18
8.493,44.456,1904,1,16,16,28,30,4.01,29.3,EMECv20191114,10006151,nan,TRUE,TRUE,TRUE,TRUE,TRUE,1/16/04
7.427,45.066,1995,11,21,4,4,34.57,4.07,29.3,EMECv20191114,10032712,29.3,TRUE,TRUE,TRUE,TRUE,TRUE,11/21/95
8.689,44.363,1704,5,14,0,45,0,4.2,29.3,SERA_histv1.1,10001581,nan,TRUE,TRUE,TRUE,TRUE,TRUE,1704-05-14
9.155,45.185,1826,11,11,4,28,0,4.2,29.3,SERA_histv1.1,10003049,nan,TRUE,TRUE,TRUE,TRUE,TRUE,1826-11-11
7.5,44.475,1872,4,26,17,31,0,4.31,29.3,SERA_histv1.1,10004242,nan,TRUE,TRUE,TRUE,TRUE,TRUE,1872-04-26
7.502,45.272,1767,5,26,18,24,0,5.07,29.3,SERA_histv1.1,10002190,nan,TRUE,TRUE,TRUE,TRUE,TRUE,1767-05-26
11.825,45.803,1836,6,12,2,30,0,5.53,29.3,SERA_histv1.1,10003237,nan,TRUE,TRUE,TRUE,TRUE,TRUE,1836-06-12
16.038,38.524,1884,5,4,20,13,0,4.32,29.2,SERA_histv1.1,10004711,nan,TRUE,TRUE,TRUE,TRUE,TRUE,1884-05-04
15.949,40.06,1998,9,9,11,28,0.34,5.53,29.2,EMECv20191114,10036655,29.2,TRUE,TRUE,TRUE,TRUE,TRUE,9/9/98
16.254,41.726,2012,8,12,1,21,36.8,4.07,29.1,EMECv20191114,10058235,29.1,TRUE,TRUE,TRUE,TRUE,FALSE,8/12/12
7.05,46.25,1918,12,31,4,30,0,3.5,29,EMECv20191114,10008541,nan,FALSE,FALSE,TRUE,TRUE,TRUE,12/31/18
7.4,46.4,1925,11,8,0,33,0,3.5,29,EMECv20191114,10009552,nan,TRUE,TRUE,TRUE,TRUE,TRUE,11/8/25
7.483,46.283,1965,4,14,4,11,54,3.5,29,EMECv20191114,10016241,nan,TRUE,TRUE,TRUE,TRUE,TRUE,4/14/65
19.7,40.649,2009,8,26,14,40,56.9,3.55,29,EMECv20191114,10053821,29,FALSE,FALSE,TRUE,FALSE,FALSE,8/26/09
19.9389,40.8449,2004,6,12,17,10,8.1,3.65,29,EMECv20191114,10043591,29,FALSE,FALSE,TRUE,FALSE,FALSE,6/12/04
20.252,41.329,2010,2,12,23,29,52.8,3.65,29,EMECv20191114,10054521,29,FALSE,FALSE,TRUE,FALSE,FALSE,2/12/10
19.53,40.39,2014,3,7,10,50,53.68,3.66,29,EMECv20191114,10060395,29,FALSE,TRUE,TRUE,FALSE,FALSE,3/7/14
7.799,46.285,1856,12,30,0,0,0,3.79,29,SERA_histv1.1,10003768,nan,TRUE,TRUE,TRUE,TRUE,TRUE,1856-12-30
8.037,46.625,1871,9,14,10,0,0,3.79,29,SERA_histv1.1,10004223,nan,TRUE,TRUE,TRUE,TRUE,TRUE,1871-09-14
7.867,46.067,1949,7,22,12,21,18,3.9,29,EMECv20191114,10012781,29,TRUE,TRUE,TRUE,TRUE,TRUE,7/22/49
14.27,45.55,1967,7,20,16,20,2,4,29,EMECv20191114,10017084,nan,TRUE,TRUE,TRUE,TRUE,TRUE,7/20/67
7.291,44.72,1956,6,1,8,32,45,4.3,29,EMECv20191114,10014176,nan,TRUE,TRUE,TRUE,TRUE,TRUE,6/1/56
20.3194,39.4564,1994,11,1,10,6,30.39,4.5,29,EMECv20191114,10031542,29,FALSE,TRUE,TRUE,TRUE,FALSE,11/1/94
14.24,45.8,2014,4,22,8,58,31,4.5,29,EMECv20191114,10060547,29,FALSE,TRUE,TRUE,TRUE,TRUE,4/22/14
20.4,41.44,1970,6,8,6,51,3,4.6,29,EMECv20191114,10018768,29,TRUE,TRUE,TRUE,TRUE,FALSE,6/8/70
20.1167,38.9891,2005,9,12,21,30,53.14,4.6,29,EMECv20191114,10045736,29,TRUE,TRUE,TRUE,FALSE,FALSE,9/12/05
19.711,40.169,1999,11,24,21,10,51,4.8,29,EMECv20191114,10038161,29,TRUE,TRUE,TRUE,FALSE,FALSE,11/24/99
10.799,45.894,1976,12,13,5,24,0,4.9,29,EMECv20191114,10021505,nan,TRUE,TRUE,TRUE,TRUE,TRUE,12/13/76
10.51,44.871,2012,1,25,8,6,37.09,4.98,29,EMECv20191114,10057385,29,TRUE,TRUE,TRUE,TRUE,FALSE,1/25/12
18.826,39.572,1974,10,20,11,25,50.33,5.02,29,EMECv20191114,10020484,nan,TRUE,TRUE,TRUE,TRUE,FALSE,10/20/74
16.858,40.587,1932,3,30,9,56,26,4.54,28.9,EMECv20191114,10010669,nan,TRUE,TRUE,TRUE,TRUE,TRUE,3/30/32
14.786,41.689,2002,11,12,9,27,48.57,4.57,28.9,EMECv20191114,10041473,28.9,FALSE,FALSE,FALSE,FALSE,FALSE,11/12/02
16.835,39.444,2005,4,23,19,1,23.51,3.57,28.7,EMECv20191114,10044985,28.7,FALSE,FALSE,TRUE,TRUE,FALSE,4/23/05
16.594,38.905,1948,8,2,19,25,0,3.7,28.7,EMECv20191114,10012642,nan,TRUE,TRUE,TRUE,TRUE,TRUE,8/2/48
11.265,44.826,1963,4,5,13,49,42,3.93,28.7,EMECv20191114,10015679,nan,TRUE,TRUE,TRUE,TRUE,TRUE,4/5/63
11.973,44.243,2000,5,6,22,7,3.78,4.08,28.7,EMECv20191114,10038571,28.7,FALSE,FALSE,TRUE,TRUE,FALSE,5/6/00
11.897,43.939,1956,5,26,18,40,0,4.99,28.7,EMECv20191114,10014172,nan,TRUE,TRUE,TRUE,TRUE,TRUE,5/26/56
16.283,39.027,1624,2,3,0,0,0,5.11,28.7,SERA_histv1.1,10001034,nan,TRUE,TRUE,TRUE,TRUE,TRUE,1624-02-03
14.821,41.69,2002,11,13,2,52,11.82,3.86,28.6,EMECv20191114,10041481,28.6,FALSE,FALSE,FALSE,FALSE,FALSE,11/13/02
15.189,41.049,1947,7,4,20,10,0,4.55,28.6,EMECv20191114,10012487,nan,TRUE,TRUE,TRUE,TRUE,TRUE,7/4/47
14.546,37.259,1898,11,3,5,59,0,4.58,28.6,SERA_histv1.1,10005608,nan,TRUE,TRUE,TRUE,TRUE,TRUE,1898-11-03
14.344,37.893,1977,6,5,13,59,0,4.61,28.6,EMECv20191114,10021699,nan,TRUE,TRUE,TRUE,TRUE,TRUE,6/5/77
13.906,38.537,2002,11,17,5,4,15.56,4.76,28.6,EMECv20191114,10041489,28.6,FALSE,FALSE,TRUE,FALSE,FALSE,11/17/02
10.7138,44.4193,2013,6,19,10,51,6.77,3.5,28.5,EMECv20191114,10059263,28.5,FALSE,FALSE,TRUE,TRUE,FALSE,6/19/13
18.784,37.652,1996,6,3,4,32,48.79,4.47,28.5,EMECv20191114,10033711,28.5,TRUE,TRUE,TRUE,TRUE,FALSE,6/3/96
10.507,44.867,2012,1,25,17,43,36.47,3.67,28.3,EMECv20191114,10057388,28.3,FALSE,FALSE,FALSE,FALSE,FALSE,1/25/12
12.883,46.384,1965,1,4,12,0,0,3.7,28.3,EMECv20191114,10016149,nan,TRUE,TRUE,TRUE,TRUE,TRUE,1/4/65
10.111,45.552,1774,3,31,14,49,0,4.43,28.3,SERA_histv1.1,10002296,nan,TRUE,TRUE,TRUE,TRUE,TRUE,1774-03-31
12.002,45.859,1897,6,11,12,45,0,4.47,28.3,SERA_histv1.1,10005472,nan,TRUE,TRUE,TRUE,TRUE,TRUE,1897-06-11
11.886,45.273,1956,2,20,1,29,26,4.49,28.3,EMECv20191114,10014109,nan,TRUE,TRUE,TRUE,TRUE,TRUE,2/20/56
10.809,45.879,1783,7,28,0,0,0,4.65,28.3,SERA_histv1.1,10002466,nan,TRUE,TRUE,TRUE,TRUE,TRUE,1783-07-28
19.69,40.69,2012,6,16,1,47,40.98,3.51,28,EMECv20191114,10058051,28,TRUE,TRUE,TRUE,FALSE,FALSE,6/16/12
18.02,42.62,1955,2,23,3,2,0,3.62,28,EMECv20191114,10013912,28,TRUE,TRUE,TRUE,TRUE,TRUE,2/23/55
19.353,41.862,2011,12,22,23,26,18.1,4.11,28,EMECv20191114,10057286,28,TRUE,TRUE,TRUE,TRUE,FALSE,12/22/11
18,43,1921,9,5,23,54,0,4.3,28,EMECv20191114,10008930,28,TRUE,TRUE,TRUE,TRUE,FALSE,9/5/21
18.1,43,1924,9,28,11,48,6,4.49,28,EMECv20191114,10009375,28,TRUE,TRUE,TRUE,TRUE,FALSE,9/28/24
14.7,36.963,1937,3,6,1,56,0,4.49,28,EMECv20191114,10011318,nan,TRUE,TRUE,TRUE,TRUE,TRUE,3/6/37
19.6418,40.0273,1974,9,11,5,12,56.59,4.5,28,EMECv20191114,10020446,28,FALSE,FALSE,TRUE,TRUE,FALSE,9/11/74
19.3,41.67,1965,10,28,14,39,28.5,4.6,28,EMECv20191114,10016396,28,TRUE,TRUE,TRUE,TRUE,TRUE,10/28/65
19.7156,41.2044,1984,6,29,23,18,34.29,4.6,28,EMECv20191114,10025799,28,TRUE,TRUE,TRUE,TRUE,FALSE,6/29/84
19.6064,41.6169,1993,1,18,19,19,9.87,4.6,28,EMECv20191114,10030340,28,TRUE,TRUE,TRUE,TRUE,FALSE,1/18/93
19.6788,39.8828,1998,2,1,6,27,3.47,4.6,28,EMECv20191114,10036090,28,TRUE,TRUE,TRUE,FALSE,FALSE,2/1/98
19.52,41.76,1985,11,21,23,16,23,4.67,28,EMECv20191114,10026418,28,FALSE,FALSE,TRUE,TRUE,FALSE,11/21/85
20.5549,40.6523,1974,3,22,17,2,20.17,4.7,28,EMECv20191114,10020269,28,TRUE,TRUE,TRUE,TRUE,FALSE,3/22/74
20.063,41.5242,1979,2,26,22,9,46.15,4.8,28,EMECv20191114,10022397,28,FALSE,FALSE,TRUE,TRUE,FALSE,2/26/79
18.1,42.6,1850,8,19,7,15,0,5.14,28,SERA_histv1.1,10003507,nan,TRUE,TRUE,TRUE,TRUE,TRUE,1850-08-19
19.6,41.24,1988,1,9,1,2,47,5.91,28,EMECv20191114,10027489,28,TRUE,TRUE,TRUE,TRUE,FALSE,1/9/88
20.1,41.1,1896,2,10,14,40,0,6.24,28,SERA_histv1.1,10005339,nan,TRUE,TRUE,TRUE,TRUE,TRUE,1896-02-10
11.257,43.773,1469,4,7,6,25,0,4.2,27.9,SERA_histv1.1,10000436,nan,TRUE,TRUE,TRUE,TRUE,TRUE,1469-04-07
11.962,43.98,1999,1,25,22,45,58.08,4.36,27.9,EMECv20191114,10037009,27.9,TRUE,TRUE,TRUE,TRUE,FALSE,1/25/99
13.342,42.064,1904,3,20,7,50,0,4.4,27.9,EMECv20191114,10006171,nan,FALSE,FALSE,TRUE,TRUE,TRUE,3/20/04
15.572,38.957,2009,12,15,11,49,6.86,3.57,27.7,EMECv20191114,10054274,27.7,TRUE,TRUE,TRUE,TRUE,FALSE,12/15/09
15.395,38.495,1910,11,18,2,42,0,4.16,27.7,EMECv20191114,10007232,nan,FALSE,FALSE,TRUE,TRUE,TRUE,11/18/10
15.235,38.806,1948,10,16,12,10,0,4.16,27.7,EMECv20191114,10012679,nan,TRUE,TRUE,TRUE,TRUE,TRUE,10/16/48
11.332,43.318,1867,11,1,16,15,0,4.2,27.7,SERA_histv1.1,10004087,nan,TRUE,TRUE,TRUE,TRUE,TRUE,1867-11-01
11.816,42.729,1924,4,9,14,49,0,4.47,27.7,EMECv20191114,10009317,nan,TRUE,TRUE,TRUE,TRUE,FALSE,4/9/24
12.259,42.383,1963,9,2,0,24,5,4.47,27.7,EMECv20191114,10015757,nan,TRUE,TRUE,TRUE,TRUE,TRUE,9/2/63
15.291,38.9,1916,7,3,23,21,0,4.66,27.7,EMECv20191114,10008167,nan,TRUE,TRUE,TRUE,TRUE,TRUE,7/3/16
10.809,43.469,1853,8,2,0,0,0,4.72,27.7,SERA_histv1.1,10003600,nan,TRUE,TRUE,TRUE,TRUE,TRUE,1853-08-02
11.332,43.318,1361,12,27,0,0,0,4.88,27.7,SERA_histv1.1,10000250,nan,TRUE,TRUE,TRUE,TRUE,TRUE,1361-12-27
11.746,43.287,1781,1,11,0,0,0,4.88,27.7,SERA_histv1.1,10002418,nan,TRUE,TRUE,TRUE,TRUE,TRUE,1781-01-11
16.192,42.707,1978,1,2,18,5,21.02,5,27.7,EMECv20191114,10021920,27.7,TRUE,TRUE,TRUE,TRUE,TRUE,1/2/78
16.217,39.393,1965,10,1,18,38,30,3.93,27.6,EMECv20191114,10016374,nan,TRUE,TRUE,TRUE,TRUE,TRUE,10/1/65
16.231,38.377,1997,9,3,23,15,42.17,4.38,27.6,EMECv20191114,10035474,27.6,TRUE,TRUE,TRUE,TRUE,TRUE,9/3/97
13.986,41.283,1960,1,11,11,27,0,5.16,27.6,EMECv20191114,10014992,nan,TRUE,TRUE,TRUE,TRUE,TRUE,1/11/60
14.0407,42.988,2014,8,13,0,4,33.58,3.57,27.5,EMECv20191114,10060932,27.5,TRUE,TRUE,TRUE,TRUE,FALSE,8/13/14
15.7,40.797,1957,5,3,3,29,34,4.09,27.5,EMECv20191114,10014379,nan,TRUE,TRUE,TRUE,TRUE,TRUE,5/3/57
13.546,42.084,1742,4,1,0,0,0,4.14,27.5,SERA_histv1.1,10001880,nan,TRUE,TRUE,TRUE,TRUE,TRUE,1742-04-01
15.971,41.79,1995,9,30,10,14,33.86,5.15,27.5,EMECv20191114,10032529,27.5,TRUE,TRUE,TRUE,TRUE,TRUE,9/30/95
15.883,41.7,1955,3,18,6,49,37,5.22,27.5,EMECv20191114,10013924,nan,TRUE,TRUE,TRUE,TRUE,TRUE,3/18/55
15.004,40.993,1980,11,24,15,13,31.82,4.25,27.1,EMECv20191114,10023427,27.1,FALSE,FALSE,FALSE,FALSE,FALSE,11/24/80
16.524,38.568,1640,6,22,0,0,0,5.34,27.1,SERA_histv1.1,10001115,nan,TRUE,TRUE,TRUE,TRUE,TRUE,1640-06-22
15.359,41.877,2012,3,26,0,2,18.23,3.67,27,EMECv20191114,10057626,27,TRUE,TRUE,TRUE,TRUE,FALSE,3/26/12
19.828,39.418,2011,11,24,4,9,24.6,3.82,27,EMECv20191114,10057170,27,TRUE,TRUE,TRUE,FALSE,FALSE,11/24/11
19.679,40.652,2011,9,30,8,59,43.5,3.83,27,EMECv20191114,10056562,27,FALSE,TRUE,TRUE,FALSE,FALSE,9/30/11
16.162,40.591,2006,9,7,15,31,43.84,4.05,27,EMECv20191114,10047541,27,TRUE,TRUE,TRUE,TRUE,FALSE,9/7/06
15.614,41.025,1931,11,10,21,10,0,4.16,27,EMECv20191114,10010609,nan,FALSE,FALSE,TRUE,TRUE,TRUE,11/10/31
13.632,38.417,2002,9,12,3,2,42.45,4.32,27,EMECv20191114,10041233,27,FALSE,FALSE,FALSE,FALSE,FALSE,9/12/02
11.798,43.957,2006,4,16,21,15,2.78,4.46,27,EMECv20191114,10046874,27,TRUE,TRUE,TRUE,TRUE,FALSE,4/16/06
14.23,45.62,1995,5,22,12,50,31,4.48,27,EMECv20191114,10032103,27,TRUE,TRUE,TRUE,TRUE,TRUE,5/22/95
20.0183,41.0492,1986,12,29,3,59,33.14,4.5,27,EMECv20191114,10027037,27,TRUE,TRUE,TRUE,TRUE,FALSE,12/29/86
20.0232,41.116,1994,6,28,10,22,51.31,4.5,27,EMECv20191114,10031307,27,TRUE,TRUE,TRUE,TRUE,FALSE,6/28/94
19.8929,41.2881,1997,7,20,9,24,32.78,4.5,27,EMECv20191114,10035331,27,FALSE,FALSE,TRUE,TRUE,FALSE,7/20/97
19.8851,41.2678,1997,8,3,6,37,37.39,4.5,27,EMECv20191114,10035376,27,FALSE,FALSE,TRUE,TRUE,FALSE,8/3/97
19.9,41.21,1997,11,20,8,28,47,4.57,27,EMECv20191114,10035796,27,FALSE,FALSE,TRUE,TRUE,FALSE,11/20/97
14.337,37.907,1908,8,15,9,40,0,5.08,27,EMECv20191114,10006822,nan,TRUE,TRUE,TRUE,TRUE,TRUE,8/15/08
20.3006,39.5154,1979,11,11,1,18,6.25,5.1,27,EMECv20191114,10022904,27,FALSE,FALSE,TRUE,TRUE,FALSE,11/11/79
15.92,41.262,1720,6,7,0,0,0,5.25,27,SERA_histv1.1,10001687,nan,TRUE,TRUE,TRUE,TRUE,TRUE,1720-06-07
19.8,40.8,1946,4,16,11,43,53,5.46,27,EMECv20191114,10012373,27,TRUE,TRUE,TRUE,TRUE,TRUE,4/16/46
20.59,39.78,1969,10,13,1,2,30.8,5.8,27,EMECv20191114,10018243,27,TRUE,TRUE,TRUE,TRUE,FALSE,10/13/69
19.6,40.7,1962,3,8,15,30,32,6.06,27,EMECv20191114,10015427,27,TRUE,TRUE,TRUE,TRUE,FALSE,3/8/62
11.332,43.318,1420,1,1,0,0,0,4.43,26.8,SERA_histv1.1,10000348,nan,TRUE,TRUE,TRUE,TRUE,TRUE,1420-01-01
15.432,39.641,1992,8,28,13,5,40.24,4.53,26.8,EMECv20191114,10030152,26.8,TRUE,TRUE,TRUE,TRUE,FALSE,8/28/92
13.431,40.797,1848,7,5,23,0,0,4.65,26.8,SERA_histv1.1,10003469,nan,TRUE,TRUE,TRUE,TRUE,TRUE,1848-07-05
15.563,39.302,2012,1,22,10,4,2.56,3.57,26.7,EMECv20191114,10057369,26.7,TRUE,TRUE,TRUE,TRUE,FALSE,1/22/12
14.3265,37.9353,2014,8,26,1,19,45.32,3.7,26.7,EMECv20191114,10060967,26.7,TRUE,TRUE,TRUE,TRUE,FALSE,8/26/14
11.446,43.276,1705,4,14,19,20,0,3.74,26.7,SERA_histv1.1,10001587,nan,TRUE,TRUE,TRUE,TRUE,TRUE,1705-04-14
11.353,43.402,1907,12,15,13,6,55,4.19,26.7,EMECv20191114,10006723,nan,FALSE,FALSE,TRUE,TRUE,TRUE,12/15/07
11.332,43.318,1697,10,1,0,0,0,4.65,26.7,SERA_histv1.1,10001508,nan,TRUE,TRUE,TRUE,TRUE,TRUE,1697-10-01
11.332,43.318,1741,10,1,0,0,0,5.11,26.7,SERA_histv1.1,10001875,nan,TRUE,TRUE,TRUE,TRUE,TRUE,1741-10-01
13.68,38.368,2002,10,2,22,57,27.39,4.85,26.6,EMECv20191114,10041300,26.6,FALSE,FALSE,FALSE,FALSE,FALSE,10/2/02
12.383,44.205,2010,10,13,22,43,14.74,4.08,26.5,EMECv20191114,10055343,26.5,FALSE,FALSE,TRUE,TRUE,FALSE,10/13/10
12.337,43.905,2000,8,1,2,34,31,4.27,26.5,EMECv20191114,10038899,26.5,FALSE,TRUE,TRUE,TRUE,FALSE,8/1/00
12.86,42.722,1906,2,5,16,34,0,4.41,26.5,EMECv20191114,10006469,nan,TRUE,TRUE,TRUE,TRUE,TRUE,2/5/06
14.841,41.737,2002,11,1,17,21,31.31,4.47,26.5,EMECv20191114,10041424,26.5,FALSE,FALSE,FALSE,FALSE,FALSE,11/1/02
11.367,44.057,1931,9,5,1,25,53,4.88,26.5,EMECv20191114,10010578,nan,TRUE,TRUE,TRUE,TRUE,FALSE,9/5/31
14.764,38.406,1988,3,30,11,19,27.06,4.35,26.3,EMECv20191114,10027589,26.3,TRUE,TRUE,TRUE,TRUE,TRUE,3/30/88
13.902,37.699,2004,6,10,10,31,22.27,3.51,26.1,EMECv20191114,10043576,26.1,TRUE,TRUE,TRUE,TRUE,FALSE,6/10/04
15.555,38.185,1448,1,1,0,0,0,4.2,26.1,SERA_histv1.1,10000398,nan,TRUE,TRUE,TRUE,TRUE,TRUE,1448-01-01
15.601,38.147,1711,2,21,0,0,0,4.2,26.1,SERA_histv1.1,10001629,nan,TRUE,TRUE,TRUE,TRUE,TRUE,1711-02-21
14.37,37.813,1925,3,8,15,46,0,4.57,26.1,EMECv20191114,10009437,nan,TRUE,TRUE,TRUE,TRUE,TRUE,3/8/25
13.691,38.367,2002,9,28,2,46,48.01,4.59,26.1,EMECv20191114,10041287,26.1,FALSE,FALSE,FALSE,FALSE,FALSE,9/28/02
16.417,39.58,1955,7,23,21,5,0,4.64,26.1,EMECv20191114,10014011,nan,TRUE,TRUE,TRUE,TRUE,TRUE,7/23/55
15.624,38.187,1909,1,23,18,28,0,5.15,26.1,EMECv20191114,10006900,nan,FALSE,FALSE,TRUE,TRUE,TRUE,1/23/09
16.073,38.055,1978,3,11,19,20,48.41,5.22,26.1,EMECv20191114,10022025,26.1,TRUE,TRUE,TRUE,TRUE,TRUE,3/11/78
19.5464,40.0889,2006,8,11,4,39,38.9,3.55,26,EMECv20191114,10047429,26,FALSE,FALSE,FALSE,FALSE,FALSE,8/11/06
19.676,41.901,2009,7,25,3,20,55.3,3.55,26,EMECv20191114,10053722,26,FALSE,TRUE,TRUE,FALSE,FALSE,7/25/09
20.026,40.122,2009,6,15,14,43,8.1,3.65,26,EMECv20191114,10053528,26,FALSE,TRUE,TRUE,FALSE,FALSE,6/15/09
15.935,41.861,1996,2,28,6,56,32.22,3.68,26,EMECv20191114,10033219,26,FALSE,FALSE,TRUE,TRUE,TRUE,2/28/96
19.37,40.269,2010,4,24,5,15,25,3.74,26,EMECv20191114,10054767,26,FALSE,TRUE,TRUE,FALSE,FALSE,4/24/10
14.84,41.693,2002,11,10,12,23,37.53,3.76,26,EMECv20191114,10041470,26,FALSE,FALSE,FALSE,FALSE,FALSE,11/10/02
19.24,41.92,1979,4,15,8,13,17.1,3.91,26,EMECv20191114,10022470,26,FALSE,FALSE,FALSE,FALSE,FALSE,4/15/79
16.4,39.244,1997,7,8,8,13,42.92,4.04,26,EMECv20191114,10035302,26,TRUE,TRUE,TRUE,TRUE,TRUE,7/8/97
13.912,43.212,1986,10,20,12,15,34.26,4.07,26,EMECv20191114,10026938,26,TRUE,TRUE,TRUE,TRUE,TRUE,10/20/86
12.63,42.85,1977,8,19,4,17,10,4.1,26,EMECv20191114,10021779,nan,FALSE,FALSE,TRUE,TRUE,TRUE,8/19/77
13.248,42.694,1950,3,12,18,15,0,4.16,26,EMECv20191114,10012865,nan,FALSE,FALSE,TRUE,TRUE,TRUE,3/12/50
11.904,44.274,2000,5,11,11,57,16.32,4.16,26,EMECv20191114,10038586,26,FALSE,FALSE,FALSE,FALSE,FALSE,5/11/00
13.427,41.722,1931,10,21,7,35,0,4.23,26,EMECv20191114,10010601,nan,TRUE,TRUE,TRUE,TRUE,FALSE,10/21/31
18.67,42.76,1941,5,26,13,12,11,4.6,26,EMECv20191114,10011819,26,TRUE,TRUE,TRUE,TRUE,TRUE,5/26/41
19.5401,40.8488,1982,11,17,3,36,16.18,4.6,26,EMECv20191114,10024649,26,FALSE,FALSE,FALSE,FALSE,FALSE,11/17/82
12.017,44.517,1620,6,22,0,0,0,4.88,26,SERA_histv1.1,10001014,nan,TRUE,TRUE,TRUE,TRUE,TRUE,1620-06-22
12.239,43.457,1690,3,22,21,50,0,4.88,26,SERA_histv1.1,10001436,nan,TRUE,TRUE,TRUE,TRUE,TRUE,1690-03-22
20.5534,39.8453,1994,2,3,18,52,53.17,4.9,26,EMECv20191114,10031028,26,FALSE,TRUE,TRUE,TRUE,FALSE,2/3/94
13.6,41.983,1915,1,18,23,31,0,5.02,26,EMECv20191114,10007904,nan,FALSE,FALSE,FALSE,FALSE,FALSE,1/18/15
20.1,41.1,1921,6,10,1,10,30,5.07,26,EMECv20191114,10008899,26,FALSE,FALSE,TRUE,TRUE,FALSE,6/10/21
19.9,41.14,1979,10,21,11,31,9,5.07,26,EMECv20191114,10022873,26,TRUE,TRUE,TRUE,TRUE,FALSE,10/21/79
9.948,44.531,1834,7,4,0,45,0,5.12,26,SERA_histv1.1,10003197,nan,TRUE,TRUE,TRUE,TRUE,TRUE,1834-07-04
8.909,44.761,1541,10,22,18,0,0,5.26,26,SERA_histv1.1,10000671,nan,TRUE,TRUE,TRUE,TRUE,TRUE,1541-10-22
20.3208,39.5632,1979,11,6,5,26,15.98,5.5,26,EMECv20191114,10022888,26,TRUE,TRUE,TRUE,TRUE,FALSE,11/6/79
13.334,41.568,1170,5,9,0,0,0,5.56,26,SERA_histv1.1,10000082,nan,TRUE,TRUE,TRUE,TRUE,TRUE,1170-05-09
10.489,44.074,1740,3,6,5,40,0,5.61,26,SERA_histv1.1,10001858,nan,TRUE,TRUE,TRUE,TRUE,TRUE,1740-03-06
13.587,38.405,2002,11,7,21,35,44.27,4.24,25.9,EMECv20191114,10041459,25.9,FALSE,FALSE,TRUE,FALSE,FALSE,11/7/02
11.478,44.824,2012,5,20,2,35,32.44,4.25,25.9,EMECv20191114,10057849,25.9,FALSE,FALSE,TRUE,TRUE,FALSE,5/20/12
16.775,38.913,1994,3,26,0,41,18.48,4.25,25.8,EMECv20191114,10031118,25.8,TRUE,TRUE,TRUE,TRUE,TRUE,3/26/94
15.997,38.527,1828,3,12,0,0,0,5.11,25.8,SERA_histv1.1,10003070,nan,TRUE,TRUE,TRUE,TRUE,TRUE,1828-03-12
17.932,39.831,1998,7,7,8,22,42.19,4.08,25.7,EMECv20191114,10036524,25.7,TRUE,TRUE,TRUE,TRUE,TRUE,7/7/98
13.639,38.409,2002,12,8,19,11,0.9,4.1,25.7,EMECv20191114,10041554,25.7,FALSE,FALSE,TRUE,FALSE,FALSE,12/8/02
12.336,45.438,1284,1,17,15,30,0,4.2,25.7,SERA_histv1.1,10000151,nan,TRUE,TRUE,TRUE,TRUE,TRUE,1284-01-17
9.687,44.769,2005,4,19,8,27,39.88,3.57,25.6,EMECv20191114,10044967,25.6,FALSE,FALSE,FALSE,FALSE,FALSE,4/19/05
14.228,38.52,2006,12,20,11,45,22.71,3.57,25.6,EMECv20191114,10047913,25.6,TRUE,TRUE,TRUE,TRUE,FALSE,12/20/06
16.231,38.375,1997,9,4,0,6,8.67,4.01,25.6,EMECv20191114,10035475,25.6,FALSE,FALSE,FALSE,FALSE,FALSE,9/4/97
13.814,41.491,1759,10,5,1,0,0,4.08,25.6,SERA_histv1.1,10002106,nan,TRUE,TRUE,TRUE,TRUE,TRUE,1759-10-05
10.746,44.785,2000,6,18,7,42,7.68,4.4,25.6,EMECv20191114,10038759,25.6,FALSE,FALSE,TRUE,TRUE,FALSE,6/18/00
13.17,43.525,1887,5,26,0,0,0,4.49,25.6,SERA_histv1.1,10004874,nan,TRUE,TRUE,TRUE,TRUE,TRUE,1887-05-26
16.252,39.303,1873,9,11,9,3,0,4.65,25.6,SERA_histv1.1,10004285,nan,TRUE,TRUE,TRUE,TRUE,TRUE,1873-09-11
15.434,38.146,1950,7,18,23,52,41,4.71,25.6,EMECv20191114,10012927,nan,TRUE,TRUE,TRUE,TRUE,TRUE,7/18/50
13.064,42.407,1961,10,31,13,37,0,5.09,25.6,EMECv20191114,10015339,nan,TRUE,TRUE,TRUE,TRUE,TRUE,10/31/61
16.171,38.903,1738,5,23,0,0,0,5.11,25.6,SERA_histv1.1,10001836,nan,TRUE,TRUE,TRUE,TRUE,TRUE,1738-05-23
13.399,42.351,1791,1,1,0,0,0,5.34,25.6,SERA_histv1.1,10002578,nan,TRUE,TRUE,TRUE,TRUE,TRUE,1791-01-01
11.15,44.481,1929,4,20,1,10,0,5.36,25.6,EMECv20191114,10010172,nan,TRUE,TRUE,TRUE,TRUE,FALSE,4/20/29
14.231,38.724,2008,12,14,23,58,56.06,3.57,25.5,EMECv20191114,10052842,25.5,TRUE,TRUE,TRUE,TRUE,FALSE,12/14/08
16.721,39.804,1984,10,23,20,49,30.48,4.07,25.5,EMECv20191114,10025954,25.5,TRUE,TRUE,TRUE,TRUE,FALSE,10/23/84
16.049,38.354,1913,1,5,7,56,0,4.16,25.5,EMECv20191114,10007606,nan,FALSE,TRUE,TRUE,TRUE,TRUE,1/5/13
15.555,38.185,1817,10,19,2,30,0,4.43,25.5,SERA_histv1.1,10002920,nan,TRUE,TRUE,TRUE,TRUE,TRUE,1817-10-19
15.647,38.108,1830,7,13,15,0,0,4.43,25.5,SERA_histv1.1,10003130,nan,TRUE,TRUE,TRUE,TRUE,TRUE,1830-07-13
13.063,42.371,1938,8,12,2,28,33,4.56,25.5,EMECv20191114,10011458,nan,TRUE,TRUE,TRUE,TRUE,TRUE,8/12/38
13.789,41.55,1969,4,17,9,12,0,4.59,25.5,EMECv20191114,10018020,nan,TRUE,TRUE,TRUE,TRUE,TRUE,4/17/69
10.631,44.698,1591,5,24,0,0,0,4.65,25.5,SERA_histv1.1,10000879,nan,TRUE,TRUE,TRUE,TRUE,TRUE,1591-05-24
11.917,44.279,2000,5,8,12,29,56.2,4.67,25.5,EMECv20191114,10038577,25.5,FALSE,FALSE,TRUE,TRUE,FALSE,5/8/00
15.462,40.609,1980,11,25,17,6,43.08,4.93,25.5,EMECv20191114,10023433,nan,FALSE,FALSE,FALSE,FALSE,FALSE,11/25/80
15.643,38.114,1975,1,16,0,9,45,5.18,25.5,EMECv20191114,10020594,nan,TRUE,TRUE,TRUE,TRUE,TRUE,1/16/75
14.065,38.763,2009,9,8,17,19,19.62,3.67,25.4,EMECv20191114,10053877,25.4,FALSE,FALSE,TRUE,TRUE,FALSE,9/8/09
17.158,39.007,2011,9,19,23,44,25.21,3.67,25.4,EMECv20191114,10056526,25.4,TRUE,TRUE,TRUE,TRUE,FALSE,9/19/11
15.177,40.927,1831,9,1,0,0,0,4.65,25.4,SERA_histv1.1,10003153,nan,TRUE,TRUE,TRUE,TRUE,TRUE,1831-09-01
9.99,40.884,2001,3,3,1,54,54.54,4,25.3,EMECv20191114,10039555,25.3,TRUE,TRUE,TRUE,TRUE,TRUE,3/3/01
9.724,44.77,2005,4,19,7,42,1.25,3.89,25.2,EMECv20191114,10044966,25.2,FALSE,TRUE,TRUE,TRUE,TRUE,4/19/05
17.2,43.1,1905,3,5,22,23,40,4.18,25.2,EMECv20191114,10006331,nan,FALSE,FALSE,TRUE,TRUE,TRUE,3/5/05
12.297,43.708,1960,4,15,2,45,11,4.45,25.2,EMECv20191114,10015072,nan,TRUE,TRUE,TRUE,TRUE,TRUE,4/15/60
12.112,43.695,1965,8,4,11,49,53,4.48,25.2,EMECv20191114,10016332,nan,TRUE,TRUE,TRUE,TRUE,TRUE,8/4/65
15.109,38.243,2010,6,6,16,49,53.16,3.7,25.1,EMECv20191114,10054930,25.1,TRUE,TRUE,TRUE,FALSE,FALSE,6/6/10
10.22,45.539,1471,1,1,0,0,0,3.74,25.1,SERA_histv1.1,10000444,nan,TRUE,TRUE,TRUE,TRUE,TRUE,1471-01-01
12.218,46.139,1406,5,28,21,30,0,3.97,25.1,SERA_histv1.1,10000328,nan,TRUE,TRUE,TRUE,TRUE,TRUE,1406-05-28
16.243,38.367,1997,10,2,4,50,13.77,3.98,25.1,EMECv20191114,10035568,25.1,FALSE,FALSE,TRUE,TRUE,TRUE,10/2/97
8.168,44.923,1982,8,6,13,29,34.13,4.15,25.1,EMECv20191114,10024525,25.1,TRUE,TRUE,TRUE,TRUE,TRUE,8/6/82
14.809,38.577,1904,7,16,23,35,0,4.16,25.1,EMECv20191114,10006240,nan,TRUE,TRUE,TRUE,TRUE,TRUE,7/16/04
16.012,40.233,1934,7,3,16,11,0,4.55,25.1,EMECv20191114,10010963,nan,TRUE,TRUE,TRUE,TRUE,TRUE,7/3/34
8.162,44.203,1972,1,18,23,26,0,4.6,25.1,EMECv20191114,10019461,nan,FALSE,TRUE,TRUE,TRUE,TRUE,1/18/72
16.053,40.019,1980,3,9,12,3,39,4.71,25.1,EMECv20191114,10023031,nan,TRUE,TRUE,TRUE,TRUE,TRUE,3/9/80
9.671,45.694,1593,3,8,0,0,0,4.88,25.1,SERA_histv1.1,10000889,nan,TRUE,TRUE,TRUE,TRUE,TRUE,1593-03-08
14.893,41.716,2002,10,31,10,32,59.05,5.74,25.1,EMECv20191114,10041409,25.1,TRUE,TRUE,TRUE,TRUE,FALSE,10/31/02
19.838,39.592,2005,12,17,1,31,46.45,3.55,25,EMECv20191114,10046309,25,TRUE,TRUE,TRUE,FALSE,FALSE,12/17/05
20.031,39.97,2011,1,5,19,25,44.8,3.55,25,EMECv20191114,10055599,25,FALSE,TRUE,TRUE,FALSE,FALSE,1/5/11
19.981,40.462,2011,4,28,5,19,40.2,3.55,25,EMECv20191114,10055928,25,FALSE,TRUE,TRUE,FALSE,FALSE,4/28/11
19.2225,40.4563,2001,4,15,7,14,39.5,3.65,25,EMECv20191114,10039713,25,FALSE,FALSE,TRUE,TRUE,FALSE,4/15/01
19.1174,42.5365,2007,8,2,2,12,42.5,3.65,25,EMECv20191114,10049524,25,TRUE,TRUE,TRUE,TRUE,FALSE,8/2/07
20.65,40.67,2008,4,8,6,19,6.2,3.65,25,EMECv20191114,10051164,25,FALSE,TRUE,TRUE,FALSE,FALSE,4/8/08
16.163,41.912,2004,6,11,3,46,46.45,3.81,25,EMECv20191114,10043579,25,TRUE,TRUE,TRUE,TRUE,FALSE,6/11/04
18.7,42.7,1906,7,4,6,57,42,3.98,25,EMECv20191114,10006531,25,FALSE,FALSE,TRUE,TRUE,FALSE,7/4/06
15.3,43.7,1921,6,26,22,12,0,4.2,25,EMECv20191114,10008904,25,TRUE,TRUE,TRUE,TRUE,TRUE,6/26/21
19.919,40.948,2011,7,2,4,5,45.7,4.3,25,EMECv20191114,10056223,25,FALSE,FALSE,TRUE,FALSE,FALSE,7/2/11
13.674,42.699,1959,1,1,23,58,14,4.33,25,EMECv20191114,10014773,nan,FALSE,TRUE,TRUE,TRUE,TRUE,1/1/59
13.371,43.732,1972,2,4,9,18,30.09,4.36,25,EMECv20191114,10019473,25,FALSE,FALSE,TRUE,TRUE,TRUE,2/4/72
12.695,42.624,1977,8,25,19,33,29.76,4.36,25,EMECv20191114,10021783,25,TRUE,TRUE,TRUE,TRUE,TRUE,8/25/77
19.7,40.15,1964,10,5,1,23,50.6,4.5,25,EMECv20191114,10016086,25,TRUE,TRUE,TRUE,TRUE,TRUE,10/5/64
20.2,41.25,1967,12,3,17,59,25,4.5,25,EMECv20191114,10017306,25,FALSE,FALSE,FALSE,FALSE,FALSE,12/3/67
19.55,41.1,1970,9,8,7,29,23.2,4.5,25,EMECv20191114,10018891,25,FALSE,FALSE,TRUE,TRUE,FALSE,9/8/70
13.436,43.716,1972,2,4,2,42,18.56,4.57,25,EMECv20191114,10019472,25,TRUE,TRUE,TRUE,TRUE,TRUE,2/4/72
10.832,44.778,1832,3,11,6,45,0,4.58,25,SERA_histv1.1,10003163,nan,TRUE,TRUE,TRUE,TRUE,TRUE,1832-03-11
20.4073,39.4296,1982,8,22,9,28,26.78,4.6,25,EMECv20191114,10024537,25,FALSE,FALSE,TRUE,FALSE,FALSE,8/22/82
13.399,42.351,1809,8,14,11,0,0,4.65,25,SERA_histv1.1,10002796,nan,TRUE,TRUE,TRUE,TRUE,TRUE,1809-08-14
18.4,42.9,1907,8,6,15,22,20,4.69,25,EMECv20191114,10006685,25,FALSE,TRUE,TRUE,TRUE,FALSE,8/6/07
19.8508,39.8269,1982,3,9,23,11,35.56,4.7,25,EMECv20191114,10024280,25,FALSE,FALSE,TRUE,FALSE,FALSE,3/9/82
19.33,41.54,1975,9,16,13,6,3,4.97,25,EMECv20191114,10020879,25,FALSE,FALSE,TRUE,TRUE,FALSE,9/16/75
19.94,41.57,2012,6,7,10,17,12.9,5.28,25,EMECv20191114,10058002,25,TRUE,TRUE,TRUE,FALSE,FALSE,6/7/12
19.6,41.3,1958,4,3,2,23,45,5.46,25,EMECv20191114,10014618,25,TRUE,TRUE,TRUE,TRUE,FALSE,4/3/58
19.83,41,1959,10,7,8,30,42,5.66,25,EMECv20191114,10014946,25,FALSE,FALSE,TRUE,TRUE,FALSE,10/7/59
19.96,40.85,1959,9,1,11,37,40,6.26,25,EMECv20191114,10014931,25,TRUE,TRUE,TRUE,TRUE,FALSE,9/1/59
14.853,39.399,2005,7,21,15,41,42.57,3.89,24.9,EMECv20191114,10045530,24.9,TRUE,TRUE,TRUE,TRUE,FALSE,7/21/05
14.727,38.472,2014,10,9,22,58,0,4.09,24.9,EMECv20191114,10061143,24.9,TRUE,TRUE,TRUE,TRUE,FALSE,10/9/14
14.244,37.418,1999,4,12,5,33,40.98,4.16,24.9,EMECv20191114,10037190,24.9,TRUE,TRUE,TRUE,TRUE,TRUE,4/12/99
15.828,38.133,1998,2,8,1,12,35.63,3.91,24.8,EMECv20191114,10036101,24.8,TRUE,TRUE,TRUE,TRUE,TRUE,2/8/98
12.143,44.593,2002,11,2,10,57,44.89,4.21,24.5,EMECv20191114,10041435,24.5,TRUE,TRUE,TRUE,TRUE,FALSE,11/2/02
11.913,44.23,2009,4,5,20,20,53.35,4.71,24.5,EMECv20191114,10053215,24.5,TRUE,TRUE,TRUE,TRUE,TRUE,4/5/09
12.704,42.955,1477,2,3,1,0,0,4.88,24.5,SERA_histv1.1,10000457,nan,TRUE,TRUE,TRUE,TRUE,TRUE,1477-02-03
10.631,44.698,1547,2,10,13,20,0,5.11,24.5,SERA_histv1.1,10000693,nan,TRUE,TRUE,TRUE,TRUE,TRUE,1547-02-10
9.967,41.015,2004,12,12,11,52,33.18,4.06,24.4,EMECv20191114,10044392,24.4,FALSE,FALSE,TRUE,TRUE,TRUE,12/12/04
7.267,43.7,1806,6,20,23,15,0,4.46,24.4,SERA_histv1.1,10002753,nan,TRUE,TRUE,TRUE,TRUE,TRUE,1806-06-20
7.541,43.509,1989,12,26,19,59,58.42,4.46,24.4,EMECv20191114,10028605,24.4,TRUE,TRUE,TRUE,TRUE,TRUE,12/26/89
7.267,43.7,1494,6,13,0,0,0,4.5,24.4,SERA_histv1.1,10000497,nan,TRUE,TRUE,TRUE,TRUE,TRUE,1494-06-13
8.898,44.419,1182,8,15,0,0,0,4.65,24.4,SERA_histv1.1,10000086,nan,TRUE,TRUE,TRUE,TRUE,TRUE,1182-08-15
14.059,38.785,2010,1,15,16,29,48.86,3.57,24.3,EMECv20191114,10054375,24.3,FALSE,TRUE,TRUE,TRUE,FALSE,1/15/10
14.2563,38.6633,2013,8,10,23,4,0.77,3.89,24.2,EMECv20191114,10059465,24.2,TRUE,TRUE,TRUE,TRUE,FALSE,8/10/13
14.844,38.556,1899,6,27,21,15,0,4.2,24.2,SERA_histv1.1,10005665,nan,TRUE,TRUE,TRUE,TRUE,TRUE,1899-06-27
15.701,37.198,1997,3,25,0,46,17.22,4.49,24.2,EMECv20191114,10034940,24.2,TRUE,TRUE,TRUE,TRUE,TRUE,3/25/97
16.771,39.498,2010,2,8,7,23,57.84,3.57,24.1,EMECv20191114,10054499,24.1,TRUE,TRUE,TRUE,TRUE,TRUE,2/8/10
13.671,38.39,2011,4,25,7,44,12.19,3.89,24.1,EMECv20191114,10055919,24.1,TRUE,TRUE,TRUE,TRUE,FALSE,4/25/11
11.28,43.298,1956,2,22,22,55,6,4.03,24.1,EMECv20191114,10014112,nan,TRUE,TRUE,TRUE,TRUE,TRUE,2/22/56
12.113,42.719,1901,1,19,5,15,0,4.16,24.1,EMECv20191114,10005797,nan,TRUE,TRUE,TRUE,TRUE,TRUE,1/19/01
15.907,40.31,1932,12,3,2,26,0,4.24,24.1,EMECv20191114,10010776,nan,TRUE,TRUE,TRUE,TRUE,TRUE,12/3/32
11.503,43.026,1928,4,21,13,56,0,4.4,24.1,EMECv20191114,10010002,nan,TRUE,TRUE,TRUE,TRUE,TRUE,4/21/28
11.625,43.095,1947,12,24,0,0,0,4.46,24.1,EMECv20191114,10012544,nan,TRUE,TRUE,TRUE,TRUE,TRUE,12/24/47
16.488,38.992,1958,10,27,10,9,0,4.59,24.1,EMECv20191114,10014738,nan,FALSE,TRUE,TRUE,TRUE,TRUE,10/27/58
11.121,43.27,1414,8,7,0,0,0,5.68,24.1,SERA_histv1.1,10000341,nan,TRUE,TRUE,TRUE,TRUE,TRUE,1414-08-07
10.548,43.45,1846,8,14,12,0,0,6.02,24.1,SERA_histv1.1,10003432,nan,TRUE,TRUE,TRUE,TRUE,TRUE,1846-08-14
15.97,38.297,1783,2,5,12,0,0,7.08,24.1,SERA_histv1.1,10002446,nan,TRUE,TRUE,TRUE,TRUE,TRUE,1783-02-05
18.28,42.77,1927,1,3,12,30,57,3.81,24,EMECv20191114,10009751,24,FALSE,FALSE,TRUE,TRUE,FALSE,1/3/27
14.851,41.688,2002,11,9,13,40,30.68,3.86,24,EMECv20191114,10041462,24,FALSE,FALSE,FALSE,FALSE,FALSE,11/9/02
18.561,42.893,1991,8,4,21,0,51.6,3.93,24,EMECv20191114,10029642,24,TRUE,TRUE,TRUE,TRUE,FALSE,8/4/91
19.714,40.543,2009,6,27,13,11,14.2,3.93,24,EMECv20191114,10053599,24,FALSE,FALSE,TRUE,FALSE,FALSE,6/27/09
13.858,37.625,1995,4,11,12,6,51.62,4.03,24,EMECv20191114,10031888,24,TRUE,TRUE,TRUE,TRUE,FALSE,4/11/95
19.2,42.1,1962,5,10,18,30,56,4.2,24,EMECv20191114,10015490,24,TRUE,TRUE,TRUE,TRUE,FALSE,5/10/62
15.285,41.017,1980,11,23,22,57,28.79,4.49,24,EMECv20191114,10023418,24,FALSE,FALSE,FALSE,FALSE,FALSE,11/23/80
19.26,42.32,1961,6,22,0,56,4,4.5,24,EMECv20191114,10015285,24,TRUE,TRUE,TRUE,TRUE,TRUE,6/22/61
19.5364,40.2383,1990,12,19,15,43,6.78,4.5,24,EMECv20191114,10029152,24,FALSE,TRUE,TRUE,TRUE,FALSE,12/19/90
19.8249,41.3682,2003,12,5,3,31,49.23,4.7,24,EMECv20191114,10042898,24,TRUE,TRUE,TRUE,TRUE,FALSE,12/5/03
20.3691,39.6909,1988,12,14,9,45,5.35,4.8,24,EMECv20191114,10027939,24,TRUE,TRUE,TRUE,TRUE,FALSE,12/14/88
15.653,40.994,1851,8,14,14,40,0,5.49,24,SERA_histv1.1,10003533,nan,TRUE,TRUE,TRUE,TRUE,TRUE,1851-08-14
19.8,40.9,1959,8,17,1,33,15,5.86,24,EMECv20191114,10014923,24,FALSE,FALSE,TRUE,TRUE,FALSE,8/17/59
15.393,41.726,1657,1,29,2,0,0,5.99,24,SERA_histv1.1,10001245,nan,TRUE,TRUE,TRUE,TRUE,TRUE,1657-01-29
15.669,40.96,1851,8,14,13,20,0,6.49,24,SERA_histv1.1,10003532,nan,TRUE,TRUE,TRUE,TRUE,TRUE,1851-08-14
15.053,37.038,2006,4,23,14,42,38.19,4.05,23.9,EMECv20191114,10046943,23.9,TRUE,TRUE,TRUE,TRUE,FALSE,4/23/06
15.926,38.528,2005,10,30,19,9,46.8,3.67,23.8,EMECv20191114,10046105,23.8,FALSE,TRUE,TRUE,TRUE,FALSE,10/30/05
15.882,39.977,1825,4,11,19,15,0,3.97,23.8,SERA_histv1.1,10003029,nan,TRUE,TRUE,TRUE,TRUE,TRUE,1825-04-11
14.399,41.572,1956,11,25,2,6,40,4.07,23.8,EMECv20191114,10014281,nan,TRUE,TRUE,TRUE,TRUE,TRUE,11/25/56
9.67,44.782,2012,10,3,14,41,29.36,4.52,23.8,EMECv20191114,10058392,23.8,TRUE,TRUE,TRUE,TRUE,FALSE,10/3/12
16.221,38.69,1869,11,28,0,0,0,4.62,23.8,SERA_histv1.1,10004158,nan,TRUE,TRUE,TRUE,TRUE,TRUE,1869-11-28
16.126,38.674,1936,4,7,5,41,0,4.72,23.8,EMECv20191114,10011183,nan,TRUE,TRUE,TRUE,TRUE,TRUE,4/7/36
15.641,38.203,1706,3,19,0,0,0,4.73,23.8,SERA_histv1.1,10001596,nan,TRUE,TRUE,TRUE,TRUE,TRUE,1706-03-19
11.484,44.405,1881,2,14,9,0,0,4.8,23.8,SERA_histv1.1,10004565,nan,TRUE,TRUE,TRUE,TRUE,TRUE,1881-02-14
16.252,39.303,1656,6,1,0,0,0,5.34,23.8,SERA_histv1.1,10001242,nan,TRUE,TRUE,TRUE,TRUE,TRUE,1656-06-01
15.727,40.52,1826,2,1,16,0,0,5.75,23.8,SERA_histv1.1,10003035,nan,TRUE,TRUE,TRUE,TRUE,TRUE,1826-02-01
15.334,40.765,1466,1,15,2,25,0,6,23.8,SERA_histv1.1,10000430,nan,TRUE,TRUE,TRUE,TRUE,TRUE,1466-01-15
11.385,44.006,1542,6,13,2,15,0,6,23.8,SERA_histv1.1,10000674,nan,TRUE,TRUE,TRUE,TRUE,TRUE,1542-06-13
16.317,38.713,2005,9,7,12,40,33.4,3.78,23.7,EMECv20191114,10045720,23.7,TRUE,TRUE,TRUE,TRUE,FALSE,9/7/05
15.859,41.779,1995,10,5,23,51,50.1,3.95,23.7,EMECv20191114,10032579,23.7,FALSE,FALSE,TRUE,TRUE,TRUE,10/5/95
15.601,38.147,1841,8,15,2,0,0,4.2,23.7,SERA_histv1.1,10003340,nan,TRUE,TRUE,TRUE,TRUE,TRUE,1841-08-15
15.683,41.709,1956,8,17,10,39,0,4.4,23.7,EMECv20191114,10014240,nan,TRUE,TRUE,TRUE,TRUE,TRUE,8/17/56
16.159,38.733,1688,7,20,0,0,0,4.65,23.7,SERA_histv1.1,10001414,nan,TRUE,TRUE,TRUE,TRUE,TRUE,1688-07-20
10.355,44.527,2008,12,23,21,58,26.57,4.81,23.7,EMECv20191114,10052869,23.7,FALSE,FALSE,FALSE,FALSE,FALSE,12/23/08
15.059,41.064,1732,11,29,7,40,0,6.72,23.7,SERA_histv1.1,10001789,nan,TRUE,TRUE,TRUE,TRUE,TRUE,1732-11-29
14.8663,38.3087,2012,8,30,11,9,57.38,3.57,23.6,EMECv20191114,10058283,23.6,TRUE,TRUE,TRUE,TRUE,FALSE,8/30/12
9.772,44.814,2009,10,19,10,8,49.64,4.12,23.6,EMECv20191114,10054067,23.6,FALSE,TRUE,TRUE,TRUE,TRUE,10/19/09
13.399,42.351,1557,4,23,21,0,0,4.2,23.6,SERA_histv1.1,10000724,nan,TRUE,TRUE,TRUE,TRUE,TRUE,1557-04-23
11.157,44.861,1987,5,8,11,10,27.88,4.44,23.6,EMECv20191114,10027196,23.6,FALSE,TRUE,TRUE,TRUE,TRUE,5/8/87
11.876,44.003,1956,6,3,1,45,57,4.51,23.6,EMECv20191114,10014179,nan,FALSE,FALSE,TRUE,TRUE,TRUE,6/3/56
9.592,44.377,1861,3,16,0,0,0,4.65,23.6,SERA_histv1.1,10003906,nan,TRUE,TRUE,TRUE,TRUE,TRUE,1861-03-16
11.421,44.466,1801,10,8,7,52,0,4.94,23.6,SERA_histv1.1,10002671,nan,TRUE,TRUE,TRUE,TRUE,TRUE,1801-10-08
12.156,44.126,2010,9,5,7,7,23.42,4,23.5,EMECv20191114,10055222,23.5,TRUE,TRUE,TRUE,TRUE,FALSE,9/5/10
12.041,43.67,1856,6,5,0,0,0,4.43,23.5,SERA_histv1.1,10003749,nan,TRUE,TRUE,TRUE,TRUE,TRUE,1856-06-05
11.444,44.947,1986,12,6,17,7,19.77,4.43,23.5,EMECv20191114,10027004,23.5,TRUE,TRUE,TRUE,TRUE,TRUE,12/6/86
18.001,39.767,2001,9,23,21,16,56.97,4.96,23.5,EMECv20191114,10040271,23.5,TRUE,TRUE,TRUE,TRUE,TRUE,9/23/01
11.287,43.783,1453,9,28,22,45,0,5.36,23.5,SERA_histv1.1,10000405,nan,TRUE,TRUE,TRUE,TRUE,TRUE,1453-09-28
13.58,38.441,2002,9,6,6,15,55.16,4.14,23.4,EMECv20191114,10041209,23.4,FALSE,FALSE,FALSE,FALSE,FALSE,9/6/02
12.704,42.908,1997,9,26,9,47,37.74,4.95,23.3,EMECv20191114,10035535,23.3,FALSE,FALSE,FALSE,FALSE,FALSE,9/26/97
10.407,44.519,2008,12,24,12,22,58.32,3.67,23.2,EMECv20191114,10052877,23.2,FALSE,FALSE,FALSE,FALSE,FALSE,12/24/08
11.919,44.235,2000,5,9,17,51,21.02,4.22,23.2,EMECv20191114,10038580,23.2,FALSE,FALSE,FALSE,FALSE,FALSE,5/9/00
12.701,42.843,1905,12,9,21,41,0,4.24,23.2,EMECv20191114,10006449,nan,TRUE,TRUE,TRUE,TRUE,TRUE,12/9/05
15.471,37.265,1990,12,16,13,50,28.68,4.38,23.2,EMECv20191114,10029144,23.2,FALSE,FALSE,TRUE,TRUE,TRUE,12/16/90
12.389,43.112,1614,8,1,0,0,0,4.88,23.2,SERA_histv1.1,10000988,nan,TRUE,TRUE,TRUE,TRUE,TRUE,1614-08-01
16.699,39.254,1897,12,6,3,15,0,3.98,23.1,SERA_histv1.1,10005533,nan,TRUE,TRUE,TRUE,TRUE,TRUE,1897-12-06
16.668,39.495,1984,6,23,0,37,3.06,4.22,23.1,EMECv20191114,10025785,23.1,TRUE,TRUE,TRUE,TRUE,FALSE,6/23/84
15.264,40.889,1982,9,30,0,10,0,4.26,23.1,EMECv20191114,10024577,nan,FALSE,FALSE,TRUE,TRUE,FALSE,9/30/82
11.932,44.243,2000,5,10,16,52,11.6,4.82,23.1,EMECv20191114,10038585,23.1,TRUE,TRUE,TRUE,TRUE,FALSE,5/10/00
12.635,43.282,1693,10,15,0,0,0,4.84,23.1,SERA_histv1.1,10001476,nan,TRUE,TRUE,TRUE,TRUE,TRUE,1693-10-15
10.05,46.567,1861,1,30,6,20,0,3.5,23,SERA_histv1.1,10003903,nan,TRUE,TRUE,TRUE,TRUE,TRUE,1861-01-30
9.183,46.617,1878,4,1,15,45,0,3.5,23,SERA_histv1.1,10004435,nan,TRUE,TRUE,TRUE,TRUE,TRUE,1878-04-01
9.4,46.75,1914,5,23,5,36,36,3.5,23,EMECv20191114,10007780,nan,FALSE,TRUE,TRUE,TRUE,TRUE,5/23/14
9.933,46.45,1919,9,16,2,18,37,3.5,23,EMECv20191114,10008619,nan,FALSE,FALSE,TRUE,TRUE,TRUE,9/16/19
9.8,46.75,1921,1,27,22,58,48,3.5,23,EMECv20191114,10008845,23,TRUE,TRUE,TRUE,TRUE,TRUE,1/27/21
9.833,46.75,1921,3,1,11,55,0,3.5,23,EMECv20191114,10008853,nan,TRUE,TRUE,TRUE,TRUE,TRUE,3/1/21
9.983,46.617,1923,10,30,22,12,0,3.5,23,EMECv20191114,10009240,nan,TRUE,TRUE,TRUE,TRUE,TRUE,10/30/23
9.683,47.017,1946,2,10,0,59,0,3.5,23,EMECv20191114,10012363,nan,TRUE,TRUE,TRUE,TRUE,TRUE,2/10/46
9.533,46.87,1949,8,23,9,11,35,3.5,23,EMECv20191114,10012793,nan,FALSE,FALSE,TRUE,TRUE,TRUE,8/23/49
19.5209,40.334,2009,7,12,14,48,20.1,3.65,23,EMECv20191114,10053686,23,FALSE,TRUE,TRUE,FALSE,FALSE,7/12/09
10.201,46.774,1874,4,29,10,0,0,3.79,23,SERA_histv1.1,10004307,nan,TRUE,TRUE,TRUE,TRUE,TRUE,1874-04-29
17,43.2,1962,1,13,17,11,0,3.81,23,EMECv20191114,10015391,nan,FALSE,FALSE,FALSE,FALSE,FALSE,1/13/62
9.48,46.98,1903,1,3,3,57,0,3.9,23,EMECv20191114,10006017,nan,TRUE,TRUE,TRUE,TRUE,TRUE,1/3/03
8.602,46.318,1736,6,12,0,0,0,3.91,23,SERA_histv1.1,10001819,nan,TRUE,TRUE,TRUE,TRUE,TRUE,1736-06-12
10.339,46.537,2000,4,6,17,40,36.7,4.02,23,EMECv20191114,10038491,nan,FALSE,FALSE,TRUE,TRUE,TRUE,4/6/00
19.816,40.059,2010,2,22,8,45,14.8,4.02,23,EMECv20191114,10054551,23,TRUE,TRUE,TRUE,FALSE,FALSE,2/22/10
17.8886,43.0864,1973,2,7,4,0,2.6,4.11,23,EMECv20191114,10019863,23,TRUE,TRUE,TRUE,TRUE,TRUE,2/7/73
13.552,38.021,1907,1,21,3,41,0,4.14,23,EMECv20191114,10006598,nan,FALSE,FALSE,TRUE,TRUE,TRUE,1/21/07
20.1,40.1,1925,1,1,5,40,0,4.57,23,EMECv20191114,10009415,23,FALSE,TRUE,TRUE,TRUE,FALSE,1/1/25
19.89,40.18,1988,10,14,16,12,21,4.57,23,EMECv20191114,10027813,23,TRUE,TRUE,TRUE,TRUE,FALSE,10/14/88
19.8816,39.9554,2009,9,17,22,53,8.8,4.58,23,EMECv20191114,10053927,23,TRUE,TRUE,TRUE,FALSE,FALSE,9/17/09
19.6437,40.2026,1972,11,21,2,40,43.3,4.6,23,EMECv20191114,10019778,23,FALSE,FALSE,TRUE,TRUE,FALSE,11/21/72
20.5031,39.6886,1995,9,21,8,46,54.41,4.6,23,EMECv20191114,10032479,23,TRUE,TRUE,TRUE,FALSE,FALSE,9/21/95
19.7467,40.1848,1997,6,3,1,13,45.38,4.6,23,EMECv20191114,10035192,23,TRUE,TRUE,TRUE,TRUE,FALSE,6/3/97
9.53,46.73,1991,11,20,1,54,0,4.7,23,EMECv20191114,10029767,nan,TRUE,TRUE,TRUE,TRUE,TRUE,11/20/91
20,40,1925,11,19,12,25,5,4.97,23,EMECv20191114,10009554,23,FALSE,FALSE,TRUE,TRUE,FALSE,11/19/25
19.87,41.25,1989,3,17,0,50,53,5.16,23,EMECv20191114,10028098,23,FALSE,FALSE,TRUE,TRUE,FALSE,3/17/89
19.637,40.301,1869,8,14,0,0,0,6.02,23,SERA_histv1.1,10004139,nan,TRUE,TRUE,TRUE,TRUE,TRUE,1869-08-14
9.604,43.985,1732,5,21,0,0,0,3.97,22.9,SERA_histv1.1,10001786,nan,TRUE,TRUE,TRUE,TRUE,TRUE,1732-05-21
11.879,43.997,1920,6,8,16,13,0,4.54,22.9,EMECv20191114,10008749,nan,FALSE,FALSE,TRUE,TRUE,FALSE,6/8/20
10.345,44.544,2008,12,23,15,24,21.77,5.36,22.9,EMECv20191114,10052866,22.9,TRUE,TRUE,TRUE,TRUE,TRUE,12/23/08
14.371,45.626,1975,5,16,19,41,22,3.62,22.8,EMECv20191114,10020741,22.8,TRUE,TRUE,TRUE,TRUE,TRUE,5/16/75
15.885,41.879,2001,8,15,23,33,12.9,3.81,22.8,EMECv20191114,10040167,22.8,FALSE,TRUE,TRUE,TRUE,TRUE,8/15/01
15.372,41.783,2001,7,2,10,4,43.18,4.26,22.8,EMECv20191114,10039936,22.8,TRUE,TRUE,TRUE,TRUE,TRUE,7/2/01
12.117,44.207,2005,7,15,15,17,18,4.29,22.8,EMECv20191114,10045510,22.8,TRUE,TRUE,TRUE,TRUE,TRUE,7/15/05
18.717,39.705,1974,10,22,7,29,3.7,4.36,22.8,EMECv20191114,10020487,22.8,FALSE,FALSE,TRUE,TRUE,FALSE,10/22/74
15.386,41.222,1927,12,27,8,49,0,4.4,22.8,EMECv20191114,10009928,nan,TRUE,TRUE,TRUE,TRUE,TRUE,12/27/27
14.66,41.561,1712,5,8,0,0,0,4.88,22.8,SERA_histv1.1,10001640,nan,TRUE,TRUE,TRUE,TRUE,TRUE,1712-05-08
15.677,41.689,1875,12,6,0,0,0,5.89,22.8,SERA_histv1.1,10004349,nan,TRUE,TRUE,TRUE,TRUE,TRUE,1875-12-06
15.707,37.116,2009,8,4,16,17,16.39,3.78,22.5,EMECv20191114,10053750,22.5,TRUE,TRUE,TRUE,TRUE,FALSE,8/4/09
14.568,38.424,2011,11,3,14,32,22.32,3.78,22.4,EMECv20191114,10056981,22.4,FALSE,TRUE,TRUE,TRUE,FALSE,11/3/11
13.607,38.421,2002,9,6,1,33,16.59,4.37,22.4,EMECv20191114,10041203,22.4,FALSE,FALSE,FALSE,FALSE,FALSE,9/6/02
13.637,37.633,1907,4,24,21,0,0,4.4,22.3,EMECv20191114,10006645,nan,TRUE,TRUE,TRUE,TRUE,TRUE,4/24/07
13.695,38.383,2002,9,20,23,6,4.92,4.73,22.3,EMECv20191114,10041266,22.3,FALSE,FALSE,FALSE,FALSE,FALSE,9/20/02
14.52,37.231,1909,1,2,1,5,0,5.33,22.3,EMECv20191114,10006886,nan,TRUE,TRUE,TRUE,TRUE,TRUE,1/2/09
14.179,38.516,2009,10,29,7,25,44.81,3.67,22.2,EMECv20191114,10054100,22.2,FALSE,FALSE,TRUE,TRUE,FALSE,10/29/09
14.441,38.023,1928,2,2,14,43,0,3.93,22.2,EMECv20191114,10009941,nan,TRUE,TRUE,TRUE,TRUE,TRUE,2/2/28
14.837,41.75,2002,11,4,0,35,46.88,4.45,22.2,EMECv20191114,10041447,22.2,FALSE,FALSE,FALSE,FALSE,FALSE,11/4/02
15.351,41.023,1933,3,7,14,39,0,4.96,22.2,EMECv20191114,10010816,nan,TRUE,TRUE,TRUE,TRUE,TRUE,3/7/33
13.694,38.376,2002,9,27,6,10,45.93,5.1,22.2,EMECv20191114,10041283,22.2,FALSE,FALSE,FALSE,FALSE,FALSE,9/27/02
14.094,37.993,1823,3,5,16,37,0,5.79,22.2,SERA_histv1.1,10002994,nan,TRUE,TRUE,TRUE,TRUE,TRUE,1823-03-05
16.059,37.301,2012,2,26,16,17,23.15,3.78,22.1,EMECv20191114,10057525,22.1,TRUE,TRUE,TRUE,TRUE,FALSE,2/26/12
19.97,40.97,2014,5,19,1,25,29.97,3.66,22,EMECv20191114,10060623,22,FALSE,FALSE,TRUE,FALSE,FALSE,5/19/14
15.1,45.6,1967,3,9,16,54,51,3.73,22,EMECv20191114,10016904,nan,TRUE,TRUE,TRUE,TRUE,TRUE,3/9/67
17.155,43.148,1962,1,17,3,55,55.8,3.81,22,EMECv20191114,10015397,22,FALSE,FALSE,FALSE,FALSE,FALSE,1/17/62
19.59,40.347,2011,8,14,6,18,33.4,3.83,22,EMECv20191114,10056374,22,FALSE,TRUE,TRUE,FALSE,FALSE,8/14/11
17.08,43.15,1964,3,10,11,53,18,4.01,22,EMECv20191114,10015877,22,TRUE,TRUE,TRUE,TRUE,TRUE,3/10/64
18.774,42.828,1989,4,8,4,25,4.2,4.21,22,EMECv20191114,10028133,22,TRUE,TRUE,TRUE,TRUE,FALSE,4/8/89
17.6,42.9,1921,4,1,6,17,12,4.3,22,EMECv20191114,10008864,22,TRUE,TRUE,TRUE,TRUE,TRUE,4/1/21
17.62,42.81,1968,8,4,14,54,32,4.3,22,EMECv20191114,10017659,22,TRUE,TRUE,TRUE,TRUE,FALSE,8/4/68
15.683,41.709,1869,3,31,13,0,0,4.43,22,SERA_histv1.1,10004129,nan,TRUE,TRUE,TRUE,TRUE,TRUE,1869-03-31
18.95,42.72,2005,5,19,23,19,56,4.43,22,EMECv20191114,10045225,22,TRUE,TRUE,TRUE,TRUE,FALSE,5/19/05
20.0978,40.2719,1997,11,25,6,17,50.35,4.5,22,EMECv20191114,10035861,22,TRUE,FALSE,TRUE,TRUE,FALSE,11/25/97
20.0403,41.5419,1975,2,14,11,25,39.93,4.6,22,EMECv20191114,10020621,22,TRUE,TRUE,TRUE,TRUE,FALSE,2/14/75
20.3186,39.6893,1989,5,7,13,40,46.32,4.6,22,EMECv20191114,10028183,22,FALSE,TRUE,TRUE,TRUE,FALSE,5/7/89
19.57,42.0377,1995,1,6,19,45,42.49,4.6,22,EMECv20191114,10031648,22,TRUE,TRUE,TRUE,TRUE,FALSE,1/6/95
20.493,41.33,2001,12,1,1,54,43.37,4.6,22,EMECv20191114,10040449,22,TRUE,TRUE,TRUE,FALSE,FALSE,12/1/01
20.5835,39.7512,2004,9,16,1,24,16.89,4.6,22,EMECv20191114,10044073,22,FALSE,TRUE,TRUE,FALSE,FALSE,9/16/04
15.546,40.777,1980,12,4,0,4,57.39,4.67,22,EMECv20191114,10023459,22,FALSE,FALSE,FALSE,FALSE,FALSE,12/4/80
20.5393,39.7294,1984,11,18,14,47,41.82,4.7,22,EMECv20191114,10025987,22,TRUE,TRUE,TRUE,TRUE,FALSE,11/18/84
20.4166,40.0078,2002,10,8,4,40,47.6,4.7,22,EMECv20191114,10041331,22,TRUE,TRUE,TRUE,FALSE,FALSE,10/8/02
20,40,1923,10,30,19,34,12,4.87,22,EMECv20191114,10009239,22,TRUE,TRUE,TRUE,TRUE,FALSE,10/30/23
19.5,41.3,1926,12,17,6,40,0,4.87,22,EMECv20191114,10009739,22,FALSE,FALSE,FALSE,FALSE,FALSE,12/17/26
19.5,41.3,1926,12,17,8,5,0,4.87,22,EMECv20191114,10009740,22,FALSE,FALSE,FALSE,FALSE,FALSE,12/17/26
19.7607,40.1167,1992,5,8,5,15,50.51,5,22,EMECv20191114,10030022,22,TRUE,TRUE,TRUE,TRUE,FALSE,5/8/92
20.73,40.85,1983,7,2,16,38,51,5.07,22,EMECv20191114,10025174,22,TRUE,TRUE,TRUE,TRUE,FALSE,7/2/83
20.5204,39.7187,1982,8,4,22,38,52.96,5.1,22,EMECv20191114,10024518,22,TRUE,TRUE,TRUE,FALSE,FALSE,8/4/82
19.32,41.72,1985,11,21,21,57,14,5.51,22,EMECv20191114,10026417,22,TRUE,TRUE,TRUE,TRUE,FALSE,11/21/85
17.734,43.018,2004,10,31,9,8,2.1,3.91,21.9,EMECv20191114,10044248,21.9,FALSE,TRUE,TRUE,TRUE,FALSE,10/31/04
10.309,44.556,2008,12,25,3,8,29.8,4.09,21.9,EMECv20191114,10052887,21.9,FALSE,FALSE,FALSE,FALSE,FALSE,12/25/08
13.6,43.65,1972,6,21,15,6,46,4.1,21.9,EMECv20191114,10019632,nan,FALSE,FALSE,TRUE,TRUE,TRUE,6/21/72
13.592,42.282,1850,11,11,9,0,0,4.65,21.9,SERA_histv1.1,10003513,nan,TRUE,TRUE,TRUE,TRUE,TRUE,1850-11-11
11.33,44.209,1956,4,26,3,0,3,4.74,21.9,EMECv20191114,10014149,nan,FALSE,TRUE,TRUE,TRUE,TRUE,4/26/56
12.382,43.498,1897,12,18,7,24,0,5.1,21.9,SERA_histv1.1,10005541,nan,TRUE,TRUE,TRUE,TRUE,TRUE,1897-12-18
15.326,40.703,1981,1,20,8,55,5.82,4.1,21.8,EMECv20191114,10023551,21.8,FALSE,FALSE,TRUE,FALSE,FALSE,1/20/81
15.436,40.668,1973,8,8,14,36,26,4.75,21.8,EMECv20191114,10020022,nan,TRUE,TRUE,TRUE,TRUE,TRUE,8/8/73
16.313,37.402,2001,5,26,6,2,18.56,4.46,21.7,EMECv20191114,10039796,21.7,TRUE,TRUE,TRUE,TRUE,TRUE,5/26/01
15.963,42.006,2002,8,8,13,27,40.02,3.51,21.5,EMECv20191114,10041129,21.5,TRUE,TRUE,TRUE,TRUE,TRUE,8/8/02
13.757,38.532,2002,9,6,14,22,31.8,4.02,21.5,EMECv20191114,10041210,21.5,FALSE,FALSE,FALSE,FALSE,FALSE,9/6/02
15.482,41.703,1852,12,9,21,15,0,4.36,21.5,SERA_histv1.1,10003578,nan,TRUE,TRUE,TRUE,TRUE,TRUE,1852-12-09
15.757,41.274,1731,3,20,3,0,0,6.37,21.5,SERA_histv1.1,10001772,nan,TRUE,TRUE,TRUE,TRUE,TRUE,1731-03-20
14.299,36.792,2005,10,1,8,35,21.43,3.67,21.3,EMECv20191114,10045789,21.3,FALSE,FALSE,TRUE,TRUE,FALSE,10/1/05
14.843,41.741,2002,11,1,15,9,1.92,5.72,21.3,EMECv20191114,10041420,21.3,FALSE,FALSE,FALSE,FALSE,FALSE,11/1/02
14.841,41.758,2002,11,2,2,37,1.42,4.02,21.2,EMECv20191114,10041431,21.2,FALSE,FALSE,FALSE,FALSE,FALSE,11/2/02
12.017,43.844,1985,11,24,6,54,4.08,4.29,21.2,EMECv20191114,10026424,21.2,TRUE,TRUE,TRUE,TRUE,FALSE,11/24/85
12.217,43.51,1789,9,30,10,0,0,5.88,21.2,SERA_histv1.1,10002570,nan,TRUE,TRUE,TRUE,TRUE,TRUE,1789-09-30
15.993,41.905,1646,5,31,0,0,0,6.76,21.2,SERA_histv1.1,10001152,nan,TRUE,TRUE,TRUE,TRUE,TRUE,1646-05-31
14.38,45.97,1868,10,24,0,5,0,3.87,21.1,SERA_histv1.1,10004114,21.1,TRUE,TRUE,TRUE,TRUE,TRUE,1868-10-24
14.5,46.38,1897,4,5,15,30,0,3.87,21.1,SERA_histv1.1,10005456,21.1,TRUE,TRUE,TRUE,TRUE,TRUE,1897-04-05
8.846,45.105,1952,8,22,2,25,31,4.11,21.1,EMECv20191114,10013238,nan,TRUE,TRUE,TRUE,TRUE,TRUE,8/22/52
12.013,46.06,1878,3,6,9,14,0,4.2,21.1,SERA_histv1.1,10004431,nan,TRUE,TRUE,TRUE,TRUE,TRUE,1878-03-06
8.427,44.801,2001,7,18,22,47,10.71,4.23,21.1,EMECv20191114,10040000,21.1,TRUE,TRUE,TRUE,TRUE,TRUE,7/18/01
14.823,41.764,2002,11,4,3,26,30.62,4.26,21.1,EMECv20191114,10041448,21.1,FALSE,FALSE,FALSE,FALSE,FALSE,11/4/02
14.35,45.54,1964,3,18,16,43,20.6,4.4,21.1,EMECv20191114,10015891,nan,TRUE,TRUE,TRUE,TRUE,TRUE,3/18/64
10.741,44.463,2002,8,9,19,48,2.27,3.51,21,EMECv20191114,10041131,21,FALSE,FALSE,TRUE,TRUE,FALSE,8/9/02
17.01,42.61,1957,5,26,1,51,22,3.53,21,EMECv20191114,10014389,21,TRUE,TRUE,TRUE,TRUE,TRUE,5/26/57
18.54,42.86,2007,11,26,18,34,26.1,3.53,21,EMECv20191114,10050245,21,TRUE,TRUE,TRUE,TRUE,FALSE,11/26/07
19.555,41.565,2010,10,3,11,43,16.3,3.55,21,EMECv20191114,10055310,21,TRUE,TRUE,TRUE,FALSE,FALSE,10/3/10
19.66,40.08,2008,4,7,3,38,57.7,3.65,21,EMECv20191114,10051155,21,FALSE,FALSE,TRUE,FALSE,FALSE,4/7/08
20.067,41.376,2009,1,16,18,6,37.8,3.65,21,EMECv20191114,10052971,21,FALSE,TRUE,TRUE,FALSE,FALSE,1/16/09
20.2683,41.2365,2014,10,2,16,31,56.69,3.65,21,EMECv20191114,10061120,21,FALSE,FALSE,TRUE,TRUE,FALSE,10/2/14
16.86,43.16,1925,1,15,2,50,55,3.72,21,EMECv20191114,10009420,21,FALSE,TRUE,TRUE,TRUE,FALSE,1/15/25
19.778,40.148,2012,3,13,14,55,53.3,3.74,21,EMECv20191114,10057590,21,TRUE,TRUE,TRUE,FALSE,FALSE,3/13/12
16.961,43.161,1962,1,22,15,7,32.9,3.81,21,EMECv20191114,10015404,21,FALSE,FALSE,FALSE,FALSE,FALSE,1/22/62
11.696,42.86,1997,3,21,16,46,20.29,4.04,21,EMECv20191114,10034936,21,TRUE,TRUE,TRUE,TRUE,TRUE,3/21/97
14.79,44.89,1951,1,12,14,55,55,4.1,21,EMECv20191114,10012996,21,TRUE,TRUE,TRUE,TRUE,TRUE,1/12/51
17.708,40.412,1710,12,13,21,0,0,4.2,21,SERA_histv1.1,10001624,nan,TRUE,TRUE,TRUE,TRUE,TRUE,1710-12-13
20.11,41.66,2012,11,26,22,5,15.12,4.4,21,EMECv20191114,10058571,21,FALSE,FALSE,TRUE,FALSE,FALSE,11/26/12
16.192,41.092,1858,5,24,9,20,0,4.41,21,SERA_histv1.1,10003826,nan,TRUE,TRUE,TRUE,TRUE,TRUE,1858-05-24
13.453,43.3,1718,8,18,0,0,0,4.43,21,SERA_histv1.1,10001676,nan,TRUE,TRUE,TRUE,TRUE,TRUE,1718-08-18
11.842,44.06,1826,10,1,0,0,0,4.43,21,SERA_histv1.1,10003048,nan,TRUE,TRUE,TRUE,TRUE,TRUE,1826-10-01
11.529,43.182,1859,1,30,0,0,0,4.43,21,SERA_histv1.1,10003858,nan,TRUE,TRUE,TRUE,TRUE,TRUE,1859-01-30
13.412,43.668,1972,6,14,21,1,2.21,4.43,21,EMECv20191114,10019620,21,FALSE,FALSE,TRUE,TRUE,TRUE,6/14/72
19.28,41.81,2012,3,26,3,0,15.4,4.49,21,EMECv20191114,10057627,21,TRUE,FALSE,TRUE,TRUE,FALSE,3/26/12
14.847,41.204,1904,7,18,20,2,0,4.5,21,EMECv20191114,10006241,nan,TRUE,TRUE,TRUE,TRUE,TRUE,7/18/04
19.506,40.8675,2004,11,23,4,12,44.63,4.5,21,EMECv20191114,10044312,21,TRUE,TRUE,TRUE,FALSE,FALSE,11/23/04
16.487,40.646,1978,9,24,8,7,44,4.75,21,EMECv20191114,10022246,nan,TRUE,TRUE,TRUE,TRUE,TRUE,9/24/78
12.143,42.415,1647,5,17,0,0,0,4.82,21,SERA_histv1.1,10001159,nan,TRUE,TRUE,TRUE,TRUE,TRUE,1647-05-17
15.378,40.847,1980,11,23,19,37,46.28,4.87,21,EMECv20191114,10023413,21,FALSE,FALSE,FALSE,FALSE,FALSE,11/23/80
11.678,42.88,1287,1,1,0,0,0,4.88,21,SERA_histv1.1,10000154,nan,TRUE,TRUE,TRUE,TRUE,TRUE,1287-01-01
20.2486,39.2215,1997,11,12,16,26,56.86,5.1,21,EMECv20191114,10035726,21,TRUE,TRUE,TRUE,FALSE,FALSE,11/12/97
19.9,40.5,1920,12,10,13,42,0,5.16,21,EMECv20191114,10008825,21,FALSE,FALSE,TRUE,TRUE,FALSE,12/10/20
19.3,41.1,1947,12,9,23,19,4,5.16,21,EMECv20191114,10012535,21,TRUE,TRUE,TRUE,TRUE,TRUE,12/9/47
11.977,44.416,1963,8,9,6,5,0,5.23,21,EMECv20191114,10015748,nan,TRUE,TRUE,TRUE,TRUE,TRUE,8/9/63
20.1,40.6,1967,9,8,2,4,45,5.36,21,EMECv20191114,10017193,21,TRUE,TRUE,TRUE,TRUE,FALSE,9/8/67
20.3,41.3,1935,11,7,4,37,28,5.46,21,EMECv20191114,10011124,21,FALSE,FALSE,TRUE,TRUE,TRUE,11/7/35
12.091,42.721,1276,5,22,0,0,0,5.56,21,SERA_histv1.1,10000139,nan,TRUE,TRUE,TRUE,TRUE,TRUE,1276-05-22
20.7,40.85,1911,2,18,21,35,15,6.76,21,EMECv20191114,10007268,21,TRUE,TRUE,TRUE,TRUE,TRUE,2/18/11
14.367,45.767,1926,1,1,20,17,52,3.77,20.9,EMECv20191114,10009566,20.9,FALSE,FALSE,FALSE,FALSE,FALSE,1/1/26
14.224,38.678,1971,2,3,4,53,33.18,4.57,20.9,EMECv20191114,10019078,20.9,TRUE,TRUE,TRUE,TRUE,TRUE,2/3/71
13.096,46.374,1853,2,19,10,0,0,5.11,20.9,SERA_histv1.1,10003587,nan,TRUE,TRUE,TRUE,TRUE,TRUE,1853-02-19
13.484,38.629,2010,11,21,10,37,15.4,3.57,20.8,EMECv20191114,10055476,20.8,TRUE,TRUE,TRUE,TRUE,FALSE,11/21/10
14.771,41.688,2011,9,17,13,41,44.26,3.67,20.8,EMECv20191114,10056522,20.8,TRUE,TRUE,TRUE,TRUE,FALSE,9/17/11
11.294,44.833,1908,6,28,3,19,0,3.93,20.8,EMECv20191114,10006808,nan,TRUE,TRUE,TRUE,TRUE,TRUE,6/28/08
13.251,43.002,2000,10,24,7,52,23.7,4.11,20.8,EMECv20191114,10039149,20.8,FALSE,TRUE,TRUE,TRUE,FALSE,10/24/00
14.121,38.564,1999,6,2,10,36,59.97,4.16,20.8,EMECv20191114,10037313,20.8,TRUE,TRUE,TRUE,TRUE,TRUE,6/2/99
15.9,41.5,1948,8,22,23,16,20,5.37,20.8,EMECv20191114,10012654,nan,FALSE,FALSE,TRUE,TRUE,TRUE,8/22/48
11.482,43.957,1919,6,29,15,6,13,6.38,20.8,EMECv20191114,10008589,nan,TRUE,TRUE,TRUE,TRUE,FALSE,6/29/19
14.58,38.427,2011,11,3,14,37,10.29,3.57,20.7,EMECv20191114,10056982,20.7,FALSE,FALSE,FALSE,FALSE,FALSE,11/3/11
15.304,43.981,1978,12,30,14,54,7.2,3.53,20.6,EMECv20191114,10022346,20.6,TRUE,TRUE,TRUE,TRUE,TRUE,12/30/78
14.44,41.384,2013,12,29,19,49,49.01,4.01,20.6,EMECv20191114,10059859,20.6,FALSE,FALSE,FALSE,FALSE,FALSE,12/29/13
10.731,44.428,2002,7,5,9,45,37.15,3.51,20.5,EMECv20191114,10041051,20.5,FALSE,FALSE,TRUE,TRUE,FALSE,7/5/02
14.305,36.792,2005,10,1,8,41,43.92,3.67,20.5,EMECv20191114,10045790,20.5,TRUE,TRUE,FALSE,FALSE,FALSE,10/1/05
9.0493,44.912,2013,11,22,19,50,24.77,3.78,20.5,EMECv20191114,10059770,20.5,FALSE,FALSE,TRUE,TRUE,FALSE,11/22/13
10.003,44.898,2007,7,30,19,5,43.08,4.45,20.5,EMECv20191114,10049506,20.5,FALSE,TRUE,TRUE,TRUE,TRUE,7/30/07
12.021,44.27,1965,12,18,9,22,25,4.54,20.5,EMECv20191114,10016440,nan,TRUE,TRUE,TRUE,TRUE,TRUE,12/18/65
11.257,43.773,1345,12,22,0,0,0,4.65,20.5,SERA_histv1.1,10000218,nan,TRUE,TRUE,TRUE,TRUE,TRUE,1345-12-22
11.416,43.962,1835,2,6,18,50,0,4.65,20.5,SERA_histv1.1,10003209,nan,TRUE,TRUE,TRUE,TRUE,TRUE,1835-02-06
13.879,41.477,1914,6,12,6,42,0,4.66,20.5,EMECv20191114,10007788,nan,TRUE,TRUE,TRUE,TRUE,TRUE,6/12/14
10.345,44.814,1971,7,15,1,33,23,5.51,20.5,EMECv20191114,10019305,nan,TRUE,TRUE,TRUE,TRUE,TRUE,7/15/71
16.081,38.353,1909,11,8,23,45,0,3.93,20.4,EMECv20191114,10007080,nan,FALSE,FALSE,TRUE,TRUE,TRUE,11/8/09
16.31,39.119,1947,6,29,20,20,0,4.16,20.4,EMECv20191114,10012485,nan,FALSE,TRUE,TRUE,TRUE,TRUE,6/29/47
14.434,41.395,2013,12,29,17,8,43.23,5.16,20.4,EMECv20191114,10059857,20.4,TRUE,TRUE,TRUE,TRUE,TRUE,12/29/13
11.0543,44.2812,2013,6,14,18,22,22.72,3.7,20.3,EMECv20191114,10059185,20.3,FALSE,TRUE,TRUE,TRUE,FALSE,6/14/13
13.368,42.338,1908,1,16,10,27,0,4.12,20.3,EMECv20191114,10006735,nan,TRUE,TRUE,TRUE,TRUE,TRUE,1/16/08
13.435,38.522,2012,2,25,20,34,36.23,4.43,20.3,EMECv20191114,10057522,20.3,TRUE,TRUE,TRUE,TRUE,FALSE,2/25/12
10.202,44.635,2011,9,8,13,17,28.03,3.6,20.1,EMECv20191114,10056478,20.1,TRUE,TRUE,TRUE,TRUE,FALSE,9/8/11
15.097,45.786,1997,1,9,2,9,35,3.86,20.1,EMECv20191114,10034683,20.1,TRUE,TRUE,TRUE,TRUE,FALSE,1/9/97
11.39,44.46,1779,8,20,10,50,0,4.2,20.1,SERA_histv1.1,10002386,nan,TRUE,TRUE,TRUE,TRUE,TRUE,1779-08-20
11.257,43.773,1325,5,21,0,0,0,4.43,20.1,SERA_histv1.1,10000198,nan,TRUE,TRUE,TRUE,TRUE,TRUE,1325-05-21
9.519,44.749,1975,11,16,13,4,25.14,4.93,20.1,EMECv20191114,10020942,20.1,TRUE,TRUE,TRUE,TRUE,TRUE,11/16/75
10.167,46.333,1895,11,13,1,55,0,3.5,20,SERA_histv1.1,10005317,nan,TRUE,TRUE,TRUE,TRUE,TRUE,1895-11-13
9.8,46.817,1929,4,11,11,47,0,3.5,20,EMECv20191114,10010163,nan,FALSE,FALSE,TRUE,TRUE,TRUE,4/11/29
9.7,46.8,1933,6,19,2,0,0,3.5,20,EMECv20191114,10010858,nan,TRUE,TRUE,TRUE,TRUE,TRUE,6/19/33
9.533,46.87,1951,1,28,23,48,0,3.5,20,EMECv20191114,10013008,nan,TRUE,TRUE,TRUE,TRUE,TRUE,1/28/51
19.72,40.61,2012,9,5,15,47,27.22,3.51,20,EMECv20191114,10058301,20,FALSE,TRUE,TRUE,FALSE,FALSE,9/5/12
19.01,42.17,1981,8,19,20,43,49.1,3.53,20,EMECv20191114,10023996,nan,FALSE,FALSE,TRUE,TRUE,FALSE,8/19/81
20.453,39.873,2004,1,28,23,20,40.16,3.55,20,EMECv20191114,10043064,20,FALSE,FALSE,TRUE,TRUE,FALSE,1/28/04
19.3439,40.8379,2005,10,8,14,46,11.2,3.55,20,EMECv20191114,10045812,20,TRUE,TRUE,TRUE,FALSE,FALSE,10/8/05
20.36,39.388,2006,5,22,9,27,24.13,3.55,20,EMECv20191114,10047067,20,FALSE,FALSE,TRUE,FALSE,FALSE,5/22/06
14.7885,45.1973,2006,8,26,20,17,48.7,3.55,20,EMECv20191114,10047498,20,FALSE,FALSE,TRUE,TRUE,FALSE,8/26/06
19.699,41.4645,2007,4,15,1,12,32.4,3.55,20,EMECv20191114,10048747,20,FALSE,FALSE,TRUE,FALSE,FALSE,4/15/07
20.6232,40.8948,2009,7,31,7,13,28.2,3.55,20,EMECv20191114,10053742,20,FALSE,TRUE,TRUE,FALSE,FALSE,7/31/09
20.165,41.001,2009,12,30,23,54,43.2,3.55,20,EMECv20191114,10054333,20,FALSE,TRUE,TRUE,FALSE,FALSE,12/30/09
13.12,38.653,2006,9,20,0,20,48.8,3.57,20,EMECv20191114,10047579,20,TRUE,TRUE,TRUE,TRUE,FALSE,9/20/06
18,42.7,1921,12,26,22,26,18,3.62,20,EMECv20191114,10008976,20,TRUE,TRUE,TRUE,TRUE,FALSE,12/26/21
20.174,38.97,2002,8,16,10,36,16.79,3.64,20,EMECv20191114,10041144,20,TRUE,TRUE,TRUE,FALSE,FALSE,8/16/02
20.2969,41.0973,2000,12,28,13,4,57.4,3.65,20,EMECv20191114,10039374,20,TRUE,TRUE,TRUE,TRUE,FALSE,12/28/00
19.5531,40.0507,2006,8,25,17,11,58.4,3.65,20,EMECv20191114,10047492,20,FALSE,FALSE,FALSE,FALSE,FALSE,8/25/06
19.484,40.166,2007,9,4,21,11,45.9,3.65,20,EMECv20191114,10049768,20,TRUE,TRUE,TRUE,FALSE,FALSE,9/4/07
19.493,41.068,2009,3,8,22,43,17.9,3.65,20,EMECv20191114,10053122,20,FALSE,FALSE,TRUE,FALSE,FALSE,3/8/09
20.035,41.208,2010,8,1,6,22,16.2,3.65,20,EMECv20191114,10055106,20,FALSE,FALSE,TRUE,FALSE,FALSE,8/1/10
19.561,41.471,2012,4,11,13,38,35.07,3.66,20,EMECv20191114,10057670,20,FALSE,TRUE,TRUE,FALSE,FALSE,4/11/12
20.098,40.853,2010,8,9,13,48,58.1,3.74,20,EMECv20191114,10055146,20,TRUE,TRUE,TRUE,FALSE,FALSE,8/9/10
9.579,46.855,1811,6,7,13,45,0,3.79,20,SERA_histv1.1,10002824,nan,TRUE,TRUE,TRUE,TRUE,TRUE,1811-06-07
9.533,46.87,1955,12,24,23,40,29,3.8,20,EMECv20191114,10014074,nan,TRUE,TRUE,TRUE,TRUE,TRUE,12/24/55
14.3598,46.1446,2005,8,30,11,28,19.4,3.83,20,EMECv20191114,10045684,20,TRUE,TRUE,TRUE,TRUE,TRUE,8/30/05
15.2,44.1,1902,12,1,17,36,8,3.86,20,EMECv20191114,10006007,20,TRUE,TRUE,TRUE,TRUE,TRUE,12/1/02
8.68,46.76,1781,4,24,0,0,0,3.9,20,SERA_histv1.1,10002424,nan,TRUE,TRUE,TRUE,TRUE,TRUE,1781-04-24
10.1,46.6,1785,11,14,0,0,0,3.9,20,SERA_histv1.1,10002506,nan,TRUE,TRUE,TRUE,TRUE,TRUE,1785-11-14
9.433,46.767,1914,1,15,9,56,15,3.9,20,EMECv20191114,10007720,nan,FALSE,FALSE,TRUE,TRUE,TRUE,1/15/14
10.217,46.667,1929,10,12,6,10,0,3.9,20,EMECv20191114,10010240,nan,TRUE,TRUE,TRUE,TRUE,TRUE,10/12/29
9.6,46.7,1940,1,7,20,12,0,3.9,20,EMECv20191114,10011604,20,FALSE,TRUE,TRUE,TRUE,TRUE,1/7/40
10.35,46.95,1967,8,14,10,16,18,3.9,20,EMECv20191114,10017164,20,TRUE,TRUE,TRUE,TRUE,TRUE,8/14/67
19.78,41.13,1995,2,10,14,53,39.76,3.91,20,EMECv20191114,10031728,20,TRUE,TRUE,TRUE,TRUE,FALSE,2/10/95
20.6078,40.6461,2004,7,26,8,26,11.8,3.93,20,EMECv20191114,10043810,20,TRUE,TRUE,TRUE,FALSE,FALSE,7/26/04
20.0506,40.7932,2005,5,8,21,20,3,3.93,20,EMECv20191114,10045045,20,TRUE,TRUE,TRUE,FALSE,FALSE,5/8/05
19.2,41.98,1979,4,21,2,38,5.7,4.01,20,EMECv20191114,10022531,20,FALSE,FALSE,FALSE,FALSE,FALSE,4/21/79
19.9807,41.1433,2002,11,9,17,1,59.4,4.02,20,EMECv20191114,10041463,20,FALSE,TRUE,TRUE,FALSE,FALSE,11/9/02
19.7481,40.0448,2005,1,16,3,21,14.1,4.02,20,EMECv20191114,10044573,20,FALSE,FALSE,TRUE,FALSE,FALSE,1/16/05
17.591,39.307,1998,7,7,1,59,51.92,4.05,20,EMECv20191114,10036522,20,TRUE,TRUE,TRUE,TRUE,TRUE,7/7/98
13.768,38.493,2002,9,11,14,35,17.94,4.07,20,EMECv20191114,10041232,20,FALSE,FALSE,FALSE,FALSE,FALSE,9/11/02
18.1,42.9,1923,12,19,16,0,48,4.1,20,EMECv20191114,10009267,20,TRUE,TRUE,TRUE,TRUE,TRUE,12/19/23
17.74,42.82,1967,8,4,14,54,31.6,4.1,20,EMECv20191114,10017156,20,TRUE,TRUE,TRUE,TRUE,FALSE,8/4/67
10.335,46.554,1999,12,31,4,55,53.9,4.11,20,EMECv20191114,10038258,nan,FALSE,FALSE,TRUE,TRUE,TRUE,12/31/99
19.5243,41.2006,2009,3,7,18,51,20.6,4.11,20,EMECv20191114,10053119,20,FALSE,FALSE,TRUE,FALSE,FALSE,3/7/09
19,42.1,1966,9,6,12,39,9,4.3,20,EMECv20191114,10016773,20,FALSE,FALSE,TRUE,TRUE,FALSE,9/6/66
17.5,43,1931,6,21,14,19,0,4.4,20,EMECv20191114,10010547,20,TRUE,TRUE,TRUE,TRUE,TRUE,6/21/31
11.22,43.75,1887,11,14,5,48,0,4.49,20,SERA_histv1.1,10004897,nan,TRUE,TRUE,TRUE,TRUE,TRUE,1887-11-14
17.67,42.67,1953,10,13,14,14,35,4.5,20,EMECv20191114,10013569,20,TRUE,TRUE,TRUE,TRUE,TRUE,10/13/53
18.8,42.2,1966,8,21,11,50,40,4.5,20,EMECv20191114,10016742,20,FALSE,FALSE,TRUE,TRUE,TRUE,8/21/66
14.69,45.73,1982,6,5,17,54,15,4.5,20,EMECv20191114,10024440,nan,TRUE,TRUE,TRUE,TRUE,FALSE,6/5/82
17.9,43,1902,7,4,1,58,0,4.57,20,EMECv20191114,10005960,20,FALSE,TRUE,TRUE,TRUE,TRUE,7/4/02
19.9,41.47,1973,4,7,19,30,7,4.57,20,EMECv20191114,10019917,20,FALSE,TRUE,TRUE,TRUE,FALSE,4/7/73
20.2751,40.0685,2002,10,8,4,40,47.7,4.59,20,EMECv20191114,10041332,20,FALSE,FALSE,TRUE,FALSE,FALSE,10/8/02
15.2,44.587,1959,12,2,18,20,7.6,4.6,20,EMECv20191114,10014973,20,TRUE,TRUE,TRUE,TRUE,TRUE,12/2/59
19.598,40.46,1999,6,8,21,38,56.09,4.6,20,EMECv20191114,10037331,20,TRUE,TRUE,TRUE,TRUE,FALSE,6/8/99
18.8,42.2,1902,10,2,2,50,0,4.77,20,EMECv20191114,10005986,20,TRUE,TRUE,TRUE,TRUE,TRUE,10/2/02
19.5,41.3,1926,12,25,16,14,40,4.77,20,EMECv20191114,10009747,20,FALSE,FALSE,TRUE,TRUE,FALSE,12/25/26
20.15,39.8,2014,5,12,0,54,35,4.9,20,EMECv20191114,10060600,20,TRUE,TRUE,TRUE,FALSE,FALSE,5/12/14
20,41.5,1926,2,15,14,36,48,4.97,20,EMECv20191114,10009587,20,TRUE,TRUE,TRUE,TRUE,FALSE,2/15/26
19.6,41.3,1926,12,17,6,17,33,4.97,20,EMECv20191114,10009735,20,FALSE,FALSE,FALSE,FALSE,FALSE,12/17/26
19.5,41.3,1926,12,17,6,20,45,4.97,20,EMECv20191114,10009736,20,FALSE,FALSE,FALSE,FALSE,FALSE,12/17/26
19.7,40.8,1959,8,17,4,29,7,4.97,20,EMECv20191114,10014925,20,FALSE,FALSE,TRUE,TRUE,FALSE,8/17/59
19.8841,39.7932,1986,12,17,21,18,32.68,5,20,EMECv20191114,10027023,20,TRUE,TRUE,TRUE,TRUE,FALSE,12/17/86
13.255,42.671,1883,11,7,3,0,0,5.11,20,SERA_histv1.1,10004692,nan,TRUE,TRUE,TRUE,TRUE,TRUE,1883-11-07
19.2,41.92,2014,4,21,21,25,28.03,5.13,20,EMECv20191114,10060545,20,TRUE,TRUE,TRUE,FALSE,FALSE,4/21/14
19.3,42,1968,11,3,4,49,33,5.22,20,EMECv20191114,10017758,20,TRUE,TRUE,TRUE,TRUE,FALSE,11/3/68
18.78,42.23,1979,5,24,20,35,30,5.23,20,EMECv20191114,10022608,20,FALSE,FALSE,FALSE,FALSE,FALSE,5/24/79
17.3,43.2,1903,3,27,3,6,3,5.32,20,EMECv20191114,10006054,20,TRUE,TRUE,TRUE,TRUE,TRUE,3/27/03
19.2,42.3,1905,6,1,21,47,29,5.32,20,EMECv20191114,10006363,20,FALSE,FALSE,FALSE,FALSE,FALSE,6/1/05
14.8,45.2,1916,7,14,20,27,1,5.33,20,EMECv20191114,10008169,20,FALSE,FALSE,TRUE,TRUE,TRUE,7/14/16
15.065,41.158,1962,8,21,18,44,56.15,5.34,20,EMECv20191114,10015549,20,FALSE,FALSE,TRUE,TRUE,TRUE,8/21/62
14.14,43.93,1934,11,30,2,58,14,5.44,20,EMECv20191114,10010998,20,TRUE,TRUE,TRUE,TRUE,TRUE,11/30/34
19.6,40.2,1930,11,21,19,26,0,5.46,20,EMECv20191114,10010428,20,FALSE,FALSE,FALSE,FALSE,FALSE,11/21/30
17.555,39.065,1932,1,2,23,36,0,5.52,20,EMECv20191114,10010633,nan,TRUE,TRUE,TRUE,TRUE,TRUE,1/2/32
19.5,42,1905,8,6,23,55,45,5.56,20,EMECv20191114,10006394,20,FALSE,FALSE,TRUE,FALSE,FALSE,8/6/05
17.7,42.8,1850,4,14,0,50,0,5.57,20,SERA_histv1.1,10003497,nan,TRUE,TRUE,TRUE,TRUE,TRUE,1850-04-14
15.069,41.248,1962,8,21,18,9,6.35,5.68,20,EMECv20191114,10015547,20,FALSE,FALSE,TRUE,TRUE,TRUE,8/21/62
19.5,41.3,1926,12,17,6,31,5,5.86,20,EMECv20191114,10009738,20,FALSE,FALSE,FALSE,FALSE,FALSE,12/17/26
20.7,40.1,1860,4,15,0,0,0,5.89,20,SERA_histv1.1,10003889,nan,TRUE,TRUE,TRUE,TRUE,TRUE,1860-04-15
19.5,40.5,1866,3,2,14,30,0,6.07,20,SERA_histv1.1,10004038,nan,TRUE,TRUE,TRUE,TRUE,TRUE,1866-03-02
20.18,39.7,1897,1,17,0,0,0,6.58,20,SERA_histv1.1,10005419,nan,TRUE,TRUE,TRUE,TRUE,TRUE,1897-01-17
14.616,38.613,2006,5,9,7,31,9.47,3.5,19.9,EMECv20191114,10047013,19.9,TRUE,TRUE,TRUE,TRUE,FALSE,5/9/06
10.88,44.776,1996,10,26,6,50,26.94,3.63,19.9,EMECv20191114,10034440,nan,FALSE,FALSE,TRUE,TRUE,TRUE,10/26/96
12.247,44.154,2005,11,8,21,10,26.55,3.67,19.9,EMECv20191114,10046172,19.9,TRUE,TRUE,TRUE,TRUE,FALSE,11/8/05
11.012,44.495,1934,9,18,9,37,0,3.95,19.9,EMECv20191114,10010979,nan,TRUE,TRUE,TRUE,TRUE,TRUE,9/18/34
12.239,43.609,1810,9,30,0,0,0,3.97,19.9,SERA_histv1.1,10002816,nan,TRUE,TRUE,TRUE,TRUE,TRUE,1810-09-30
14.85,41.684,2002,12,2,20,52,59.44,4.1,19.9,EMECv20191114,10041535,19.9,FALSE,FALSE,TRUE,FALSE,FALSE,12/2/02
12.917,44.167,1916,8,15,16,37,0,5.31,19.9,EMECv20191114,10008189,nan,FALSE,FALSE,FALSE,FALSE,FALSE,8/15/16
10.723,44.777,1998,2,21,2,21,13.3,3.93,19.8,EMECv20191114,10036142,19.8,TRUE,TRUE,TRUE,TRUE,TRUE,2/21/98
16.787,39.165,1990,1,24,16,18,59.77,4.01,19.8,EMECv20191114,10028648,19.8,FALSE,FALSE,TRUE,TRUE,TRUE,1/24/90
13.513,43.619,1968,1,29,3,14,47,4.16,19.8,EMECv20191114,10017396,nan,TRUE,TRUE,TRUE,TRUE,TRUE,1/29/68
9.146,44.817,1945,6,14,5,3,45,4.78,19.8,EMECv20191114,10012297,nan,FALSE,FALSE,TRUE,TRUE,TRUE,6/14/45
10.445,44.164,2013,1,25,14,48,18.27,5.01,19.8,EMECv20191114,10058765,19.8,TRUE,TRUE,TRUE,TRUE,FALSE,1/25/13
13.267,42.795,1943,1,16,0,0,0,5.04,19.8,EMECv20191114,10012031,nan,TRUE,TRUE,TRUE,TRUE,TRUE,1/16/43
12.853,43.247,1612,10,14,0,0,0,5.1,19.8,SERA_histv1.1,10000978,nan,TRUE,TRUE,TRUE,TRUE,TRUE,1612-10-14
14.048,37.927,1819,2,24,23,20,0,5.35,19.7,SERA_histv1.1,10002943,nan,TRUE,TRUE,TRUE,TRUE,TRUE,1819-02-24
13.903,41.756,1984,5,11,10,50,7,4.79,19.6,EMECv20191114,10025714,19.6,FALSE,FALSE,FALSE,FALSE,FALSE,5/11/84
17.7,43,1938,4,26,2,25,0,3.53,19.5,EMECv20191114,10011420,nan,FALSE,TRUE,TRUE,TRUE,TRUE,4/26/38
18.0262,38.6343,2013,9,12,9,59,23.92,3.57,19.5,EMECv20191114,10059570,19.5,TRUE,TRUE,TRUE,TRUE,FALSE,9/12/13
16.963,43.126,1962,1,11,6,50,37.3,3.81,19.5,EMECv20191114,10015378,19.5,FALSE,FALSE,FALSE,FALSE,FALSE,1/11/62
16.1,43.13,1977,5,14,3,39,20.7,3.91,19.5,EMECv20191114,10021670,19.5,TRUE,TRUE,TRUE,TRUE,TRUE,5/14/77
10.133,44.51,2007,12,28,4,5,43.55,4.18,19.5,EMECv20191114,10050440,19.5,TRUE,TRUE,TRUE,TRUE,TRUE,12/28/07
14.25,45.57,1857,10,19,12,0,0,4.3,19.5,SERA_histv1.1,10003798,19.5,TRUE,TRUE,TRUE,TRUE,TRUE,1857-10-19
14.5,46.1,1895,4,15,3,43,0,4.3,19.5,SERA_histv1.1,10005274,19.5,TRUE,TRUE,TRUE,TRUE,TRUE,1895-04-15
13.309,46.243,1991,10,5,5,14,58.1,4.51,19.5,EMECv20191114,10029717,19.5,TRUE,TRUE,TRUE,TRUE,TRUE,10/5/91
10.256,44.582,2008,12,23,23,37,6,4.08,19.4,EMECv20191114,10052870,19.4,FALSE,FALSE,FALSE,FALSE,FALSE,12/23/08
10.631,44.698,1608,1,6,22,20,0,4.43,19.4,SERA_histv1.1,10000960,nan,TRUE,TRUE,TRUE,TRUE,TRUE,1608-01-06
13.074,42.899,1927,8,16,0,53,0,4.57,19.4,EMECv20191114,10009876,nan,TRUE,TRUE,TRUE,TRUE,TRUE,8/16/27
12.641,42.59,1917,5,12,15,34,36,5.03,19.4,EMECv20191114,10008320,nan,TRUE,FALSE,TRUE,TRUE,FALSE,5/12/17
14.845,38.382,1994,11,27,7,26,27.62,4.08,19.3,EMECv20191114,10031586,19.3,FALSE,TRUE,TRUE,TRUE,FALSE,11/27/94
14.904,41.738,2002,11,2,23,27,59.7,4.19,19.2,EMECv20191114,10041439,19.2,FALSE,FALSE,FALSE,FALSE,FALSE,11/2/02
15.511,40.991,1931,5,10,10,48,55,4.64,19.2,EMECv20191114,10010532,nan,FALSE,FALSE,TRUE,TRUE,TRUE,5/10/31
16.075,41.713,1893,8,10,20,52,0,5.39,19.2,SERA_histv1.1,10005162,nan,TRUE,TRUE,TRUE,TRUE,TRUE,1893-08-10
15.991,40.297,1906,7,2,19,50,0,3.78,19.1,EMECv20191114,10006528,nan,TRUE,TRUE,TRUE,TRUE,TRUE,7/2/06
15.972,40.02,1998,9,24,19,18,32.65,4.02,19.1,EMECv20191114,10036681,19.1,FALSE,FALSE,TRUE,TRUE,TRUE,9/24/98
14.73,45.94,1901,3,22,19,33,52,4.05,19.1,EMECv20191114,10005817,19.1,FALSE,FALSE,TRUE,TRUE,TRUE,3/22/01
16.826,39.458,2005,4,23,19,11,41.69,4.15,19.1,EMECv20191114,10044986,19.1,TRUE,TRUE,TRUE,TRUE,FALSE,4/23/05
15.926,38.222,1911,6,18,16,59,0,4.16,19.1,EMECv20191114,10007378,nan,FALSE,FALSE,TRUE,TRUE,TRUE,6/18/11
15.555,38.185,1787,9,20,4,0,0,4.2,19.1,SERA_histv1.1,10002538,nan,TRUE,TRUE,TRUE,TRUE,TRUE,1787-09-20
16.268,39.565,1963,11,12,8,22,33,4.31,19.1,EMECv20191114,10015798,nan,TRUE,TRUE,TRUE,TRUE,TRUE,11/12/63
16.327,38.409,1930,5,6,20,48,0,4.35,19.1,EMECv20191114,10010326,nan,TRUE,TRUE,TRUE,TRUE,TRUE,5/6/30
18.836,39.601,1976,10,27,10,14,56.04,4.57,19.1,EMECv20191114,10021410,19.1,FALSE,FALSE,TRUE,TRUE,FALSE,10/27/76
16.136,39.844,1559,4,27,12,0,0,4.88,19.1,SERA_histv1.1,10000733,nan,TRUE,TRUE,TRUE,TRUE,TRUE,1559-04-27
7.067,46.267,1915,7,22,9,10,34,3.5,19,EMECv20191114,10007979,nan,FALSE,TRUE,TRUE,TRUE,TRUE,7/22/15
8.25,46.883,1917,5,14,21,27,0,3.5,19,EMECv20191114,10008322,nan,TRUE,TRUE,TRUE,TRUE,TRUE,5/14/17
7.5,46.3,1920,4,1,18,33,0,3.5,19,EMECv20191114,10008719,nan,FALSE,FALSE,TRUE,TRUE,TRUE,4/1/20
7.95,46.233,1949,3,24,2,47,0,3.5,19,EMECv20191114,10012739,nan,FALSE,TRUE,TRUE,TRUE,TRUE,3/24/49
7.192,46.25,1851,12,13,0,0,0,3.51,19,SERA_histv1.1,10003542,nan,TRUE,TRUE,TRUE,TRUE,TRUE,1851-12-13
20.08,40.12,2014,2,9,0,18,2.17,3.51,19,EMECv20191114,10060271,19,TRUE,TRUE,TRUE,FALSE,FALSE,2/9/14
19.1144,42.5379,2007,8,2,12,45,42.5,3.55,19,EMECv20191114,10049528,19,FALSE,FALSE,TRUE,TRUE,FALSE,8/2/07
20.333,40.172,2007,8,14,10,55,14.4,3.55,19,EMECv20191114,10049625,19,FALSE,FALSE,TRUE,FALSE,FALSE,8/14/07
20.5,40.739,2012,2,8,8,13,33.9,3.55,19,EMECv20191114,10057465,19,FALSE,FALSE,TRUE,FALSE,FALSE,2/8/12
13.711,41.894,2005,5,5,13,21,21.87,3.57,19,EMECv20191114,10045029,19,TRUE,TRUE,TRUE,TRUE,FALSE,5/5/05
10.22,47.13,1993,7,10,8,59,7.5,3.62,19,EMECv20191114,10030584,19,TRUE,TRUE,TRUE,TRUE,TRUE,7/10/93
19.934,39.698,2006,3,28,20,22,34.6,3.64,19,EMECv20191114,10046766,19,FALSE,TRUE,TRUE,FALSE,FALSE,3/28/06
20.1,39.366,2007,6,29,19,17,28.46,3.64,19,EMECv20191114,10049247,19,FALSE,FALSE,TRUE,FALSE,FALSE,6/29/07
19.084,42.527,1992,4,22,6,18,58.4,3.65,19,EMECv20191114,10029998,19,TRUE,TRUE,TRUE,TRUE,FALSE,4/22/92
20.28,41.106,2009,6,29,4,32,16.6,3.65,19,EMECv20191114,10053604,19,FALSE,FALSE,TRUE,FALSE,FALSE,6/29/09
19.57,41.4,2014,1,21,4,51,50.67,3.66,19,EMECv20191114,10059912,19,FALSE,FALSE,FALSE,FALSE,FALSE,1/21/14
10.14,47.21,1996,6,15,21,40,8,3.72,19,EMECv20191114,10033757,19,FALSE,TRUE,TRUE,TRUE,TRUE,6/15/96
11.434,45.722,1815,2,26,0,0,0,3.74,19,SERA_histv1.1,10002881,nan,TRUE,TRUE,TRUE,TRUE,TRUE,1815-02-26
20.6992,40.816,2007,6,1,7,57,5.5,3.74,19,EMECv20191114,10049084,19,FALSE,FALSE,TRUE,FALSE,FALSE,6/1/07
7.852,46.237,1855,8,18,17,30,0,3.79,19,SERA_histv1.1,10003673,nan,TRUE,TRUE,TRUE,TRUE,TRUE,1855-08-18
7.852,46.237,1855,11,1,22,0,0,3.79,19,SERA_histv1.1,10003700,nan,TRUE,TRUE,TRUE,TRUE,TRUE,1855-11-01
7.799,46.285,1856,10,16,17,0,0,3.79,19,SERA_histv1.1,10003758,nan,TRUE,TRUE,TRUE,TRUE,TRUE,1856-10-16
15.83,43.57,1924,1,13,9,43,26,3.81,19,EMECv20191114,10009277,19,FALSE,FALSE,TRUE,TRUE,TRUE,1/13/24
19.24,41.89,2014,4,21,21,30,34,3.81,19,EMECv20191114,10060546,19,FALSE,FALSE,FALSE,FALSE,FALSE,4/21/14
14.02,46,1880,2,18,2,10,0,3.87,19,SERA_histv1.1,10004515,19,TRUE,TRUE,TRUE,TRUE,TRUE,1880-02-18
7.383,46.217,1881,12,4,4,27,0,3.9,19,SERA_histv1.1,10004606,nan,TRUE,TRUE,TRUE,TRUE,TRUE,1881-12-04
9.1,47,1905,7,3,8,47,0,3.9,19,EMECv20191114,10006382,nan,TRUE,TRUE,TRUE,TRUE,TRUE,7/3/05
12.928,46.404,1956,5,10,12,30,0,3.93,19,EMECv20191114,10014164,nan,TRUE,TRUE,TRUE,TRUE,TRUE,5/10/56
11.416,47.283,1819,4,10,23,0,0,3.95,19,SERA_histv1.1,10002944,nan,TRUE,TRUE,TRUE,TRUE,TRUE,1819-04-10
11.21,45.84,1968,6,22,12,37,49.34,4.07,19,EMECv20191114,10017613,19,FALSE,FALSE,TRUE,TRUE,TRUE,6/22/68
19.5032,41.0985,2009,8,13,15,49,38.1,4.11,19,EMECv20191114,10053782,19,FALSE,FALSE,TRUE,FALSE,FALSE,8/13/09
19.59,40.11,2006,8,9,2,10,1,4.16,19,EMECv20191114,10047411,19,FALSE,FALSE,FALSE,FALSE,FALSE,8/9/06
18.937,42.718,2005,5,19,23,45,25.2,4.21,19,EMECv20191114,10045226,19,FALSE,FALSE,FALSE,FALSE,FALSE,5/19/05
20.304,41.195,2010,5,6,13,6,7.2,4.21,19,EMECv20191114,10054802,19,FALSE,FALSE,TRUE,FALSE,FALSE,5/6/10
19.66,41.4,2014,1,20,7,15,6.96,4.21,19,EMECv20191114,10059907,19,FALSE,FALSE,TRUE,FALSE,FALSE,1/20/14
7.517,44.475,1899,12,26,10,10,0,4.22,19,SERA_histv1.1,10005702,nan,TRUE,TRUE,TRUE,TRUE,TRUE,1899-12-26
13.013,42.812,1980,5,14,9,1,15,4.27,19,EMECv20191114,10023097,19,FALSE,FALSE,TRUE,TRUE,TRUE,5/14/80
19.304,42.081,2006,8,26,15,32,49.1,4.3,19,EMECv20191114,10047497,19,TRUE,TRUE,TRUE,FALSE,FALSE,8/26/06
18.5598,42.5707,2008,11,14,13,26,4.1,4.3,19,EMECv20191114,10052764,19,TRUE,TRUE,TRUE,TRUE,FALSE,11/14/08
11.233,44.138,1964,9,5,21,9,0,4.35,19,EMECv20191114,10016050,nan,TRUE,TRUE,TRUE,TRUE,TRUE,9/5/64
19.5,41.3,1907,5,4,23,33,0,4.37,19,EMECv20191114,10006648,19,FALSE,FALSE,FALSE,FALSE,FALSE,5/4/07
12.927,42.888,1941,3,10,8,0,0,4.4,19,EMECv20191114,10011778,nan,TRUE,TRUE,TRUE,TRUE,TRUE,3/10/41
20.1068,40.8109,1989,8,2,23,19,27.13,4.5,19,EMECv20191114,10028350,19,TRUE,TRUE,TRUE,TRUE,FALSE,8/2/89
18.4,42.9,1906,7,4,2,31,10,4.54,19,EMECv20191114,10006529,19,TRUE,TRUE,TRUE,TRUE,FALSE,7/4/06
11.367,44.057,1969,2,15,8,54,39,4.56,19,EMECv20191114,10017868,nan,FALSE,TRUE,TRUE,TRUE,TRUE,2/15/69
19.5,42,1908,1,25,4,23,48,4.57,19,EMECv20191114,10006737,19,TRUE,TRUE,TRUE,TRUE,FALSE,1/25/08
20.1,41.1,1962,12,23,0,43,53,4.57,19,EMECv20191114,10015609,19,FALSE,TRUE,TRUE,TRUE,FALSE,12/23/62
7.06,46.1,1915,8,25,2,13,0,4.6,19,EMECv20191114,10008044,nan,TRUE,TRUE,TRUE,TRUE,TRUE,8/25/15
20.2767,40.5604,1991,2,23,6,21,49.96,4.6,19,EMECv20191114,10029226,19,TRUE,TRUE,TRUE,TRUE,FALSE,2/23/91
7.646,44.435,1905,5,30,4,55,0,4.65,19,EMECv20191114,10006359,nan,TRUE,TRUE,TRUE,TRUE,TRUE,5/30/05
20.7,40.9,1906,9,17,15,0,0,4.67,19,EMECv20191114,10006552,19,FALSE,FALSE,TRUE,TRUE,FALSE,9/17/06
19.5,42,1908,5,12,20,0,0,4.67,19,EMECv20191114,10006775,19,FALSE,TRUE,TRUE,TRUE,FALSE,5/12/08
19.6,41,1920,12,27,3,10,0,4.67,19,EMECv20191114,10008832,19,FALSE,FALSE,TRUE,TRUE,FALSE,12/27/20
20,40,1922,6,29,17,10,15,4.67,19,EMECv20191114,10009038,19,FALSE,FALSE,TRUE,TRUE,FALSE,6/29/22
20.1,40.1,1925,8,16,21,1,0,4.67,19,EMECv20191114,10009521,19,FALSE,FALSE,TRUE,TRUE,FALSE,8/16/25
19.5,41.3,1926,1,31,10,19,12,4.67,19,EMECv20191114,10009584,19,FALSE,TRUE,TRUE,TRUE,FALSE,1/31/26
19.5,41.3,1926,12,25,15,12,0,4.67,19,EMECv20191114,10009746,19,FALSE,FALSE,FALSE,FALSE,FALSE,12/25/26
19.5,41.3,1928,3,20,0,0,0,4.67,19,EMECv20191114,10009961,19,FALSE,FALSE,TRUE,TRUE,FALSE,3/20/28
20.7,40.6,1928,7,13,0,0,0,4.67,19,EMECv20191114,10010041,19,TRUE,TRUE,TRUE,TRUE,FALSE,7/13/28
19.3,40.6,1930,12,25,23,45,0,4.67,19,EMECv20191114,10010444,19,FALSE,FALSE,TRUE,TRUE,TRUE,12/25/30
20.7,40.6,1931,2,21,0,0,0,4.67,19,EMECv20191114,10010474,19,FALSE,FALSE,TRUE,TRUE,FALSE,2/21/31
20.7,40.6,1931,2,21,19,30,0,4.67,19,EMECv20191114,10010475,19,FALSE,FALSE,FALSE,FALSE,FALSE,2/21/31
20.7,40.6,1931,2,22,8,0,0,4.67,19,EMECv20191114,10010476,19,FALSE,FALSE,FALSE,FALSE,FALSE,2/22/31
19.5,40.2,1931,4,12,0,0,0,4.67,19,EMECv20191114,10010509,19,FALSE,FALSE,TRUE,TRUE,FALSE,4/12/31
19.5,40.5,1931,8,3,11,45,0,4.67,19,EMECv20191114,10010568,19,FALSE,FALSE,TRUE,TRUE,FALSE,8/3/31
20.7,40.7,1931,9,16,9,30,0,4.67,19,EMECv20191114,10010588,19,FALSE,FALSE,TRUE,TRUE,FALSE,9/16/31
20,40,1931,10,13,2,0,0,4.67,19,EMECv20191114,10010596,19,FALSE,FALSE,TRUE,TRUE,FALSE,10/13/31
20.7,40.7,1932,1,16,20,30,0,4.67,19,EMECv20191114,10010635,19,FALSE,FALSE,TRUE,TRUE,FALSE,1/16/32
20.7,40.7,1932,1,17,5,50,0,4.67,19,EMECv20191114,10010636,19,FALSE,FALSE,FALSE,FALSE,FALSE,1/17/32
20.7,40.7,1932,1,17,13,0,0,4.67,19,EMECv20191114,10010637,19,FALSE,FALSE,FALSE,FALSE,FALSE,1/17/32
20.4,41.4,1932,4,19,4,30,0,4.67,19,EMECv20191114,10010679,19,TRUE,TRUE,TRUE,TRUE,FALSE,4/19/32
20.7,40.9,1932,5,20,2,30,0,4.67,19,EMECv20191114,10010687,19,TRUE,TRUE,TRUE,TRUE,FALSE,5/20/32
19.4,41.6,1933,2,4,9,35,0,4.67,19,EMECv20191114,10010796,19,TRUE,TRUE,TRUE,TRUE,FALSE,2/4/33
19.6,41.3,1934,6,1,0,0,0,4.67,19,EMECv20191114,10010952,19,FALSE,FALSE,TRUE,TRUE,TRUE,6/1/34
19.7,40.1,1934,10,23,9,20,0,4.67,19,EMECv20191114,10010982,19,TRUE,TRUE,TRUE,TRUE,TRUE,10/23/34
19.8,41.5,1934,12,2,0,0,0,4.67,19,EMECv20191114,10010999,19,FALSE,FALSE,TRUE,TRUE,TRUE,12/2/34
20.1,40,1940,6,27,8,12,0,4.67,19,EMECv20191114,10011657,19,TRUE,TRUE,TRUE,TRUE,TRUE,6/27/40
20,40.2,1963,2,15,10,18,21,4.67,19,EMECv20191114,10015639,19,FALSE,FALSE,TRUE,TRUE,FALSE,2/15/63
20.3,41.4,1967,11,30,9,55,27,4.67,19,EMECv20191114,10017289,19,FALSE,FALSE,FALSE,FALSE,FALSE,11/30/67
20.1,41.2,1967,12,2,9,27,8,4.67,19,EMECv20191114,10017300,19,FALSE,FALSE,FALSE,FALSE,FALSE,12/2/67
19.257,42.117,1990,4,24,19,30,39.8,4.67,19,EMECv20191114,10028775,19,TRUE,TRUE,TRUE,TRUE,FALSE,4/24/90
7.881,46.292,1855,7,27,10,0,0,4.72,19,SERA_histv1.1,10003654,nan,TRUE,TRUE,TRUE,TRUE,TRUE,1855-07-27
20.3,41.4,1967,12,1,20,7,51,4.77,19,EMECv20191114,10017298,19,FALSE,FALSE,FALSE,FALSE,FALSE,12/1/67
20.2,41.3,1967,12,7,18,3,35,4.77,19,EMECv20191114,10017313,19,FALSE,FALSE,FALSE,FALSE,FALSE,12/7/67
20.3,40.3,1954,5,8,22,27,36,4.87,19,EMECv20191114,10013698,19,TRUE,TRUE,TRUE,TRUE,FALSE,5/8/54
10.994,45.439,1334,12,4,0,0,0,4.88,19,SERA_histv1.1,10000207,nan,TRUE,TRUE,TRUE,TRUE,TRUE,1334-12-04
8.615,44.913,1369,2,1,0,0,0,4.88,19,SERA_histv1.1,10000263,nan,TRUE,TRUE,TRUE,TRUE,TRUE,1369-02-01
19.5,40.4,1930,12,10,0,0,0,4.97,19,EMECv20191114,10010435,19,FALSE,FALSE,TRUE,TRUE,TRUE,12/10/30
20.1,41.1,1935,12,29,0,0,0,4.97,19,EMECv20191114,10011137,19,FALSE,TRUE,TRUE,TRUE,TRUE,12/29/35
12.795,46.297,1794,6,30,4,45,0,5.39,19,SERA_histv1.1,10002613,nan,TRUE,TRUE,TRUE,TRUE,TRUE,1794-06-30
6.742,46,1817,3,11,21,25,0,5.42,19,SERA_histv1.1,10002906,nan,TRUE,TRUE,TRUE,TRUE,TRUE,1817-03-11
19.8,40.5,1922,4,11,4,35,10,5.66,19,EMECv20191114,10009003,19,FALSE,FALSE,TRUE,TRUE,FALSE,4/11/22
20.6,40.9,1912,2,13,8,3,46,6.06,19,EMECv20191114,10007463,19,FALSE,FALSE,TRUE,TRUE,TRUE,2/13/12
20.1,41.1,1907,8,16,13,0,0,6.26,19,EMECv20191114,10006693,nan,TRUE,TRUE,TRUE,TRUE,FALSE,8/16/07
20.167,39.639,1872,2,11,0,0,0,6.48,19,SERA_histv1.1,10004234,nan,TRUE,TRUE,TRUE,TRUE,TRUE,1872-02-11
13.333,46.43,1348,1,25,0,0,0,6.66,19,SERA_histv1.1,10000221,nan,TRUE,TRUE,TRUE,TRUE,TRUE,1348-01-25
18.774,39.847,1743,2,20,0,0,0,6.75,19,SERA_histv1.1,10001887,nan,TRUE,TRUE,TRUE,TRUE,TRUE,1743-02-20
17.215,39.126,2005,11,18,18,35,22.57,3.57,18.9,EMECv20191114,10046215,18.9,TRUE,TRUE,TRUE,TRUE,FALSE,11/18/05
14.687,38.571,2007,5,17,5,48,13.09,3.67,18.9,EMECv20191114,10048991,18.9,TRUE,TRUE,TRUE,TRUE,FALSE,5/17/07
15.349,42.633,1986,1,8,0,27,20.74,4.67,18.9,EMECv20191114,10026480,18.9,FALSE,FALSE,TRUE,TRUE,TRUE,1/8/86
13.732,38.407,2002,9,6,1,45,31.37,4.72,18.9,EMECv20191114,10041205,18.9,FALSE,FALSE,FALSE,FALSE,FALSE,9/6/02
16.252,39.303,1556,11,17,0,0,0,5.11,18.9,SERA_histv1.1,10000723,nan,TRUE,TRUE,TRUE,TRUE,TRUE,1556-11-17
14.27,38.483,1980,5,28,19,51,20.04,5.66,18.9,EMECv20191114,10023125,18.9,TRUE,TRUE,TRUE,TRUE,TRUE,5/28/80
15.505,40.563,1561,8,19,15,50,0,6.75,18.9,SERA_histv1.1,10000744,nan,TRUE,TRUE,TRUE,TRUE,TRUE,1561-08-19
17.098,38.799,1991,6,15,20,58,32.56,4.2,18.7,EMECv20191114,10029551,18.7,TRUE,TRUE,TRUE,TRUE,FALSE,6/15/91
12.291,44.128,1970,9,26,16,42,28,3.93,18.6,EMECv20191114,10018917,nan,TRUE,TRUE,TRUE,TRUE,TRUE,9/26/70
10.555,44.195,1988,2,8,13,36,44.64,4.28,18.6,EMECv20191114,10027549,18.6,FALSE,FALSE,TRUE,TRUE,TRUE,2/8/88
14.75,46.133,1916,7,15,2,17,0,3.71,18.5,EMECv20191114,10008171,18.5,TRUE,TRUE,TRUE,TRUE,TRUE,7/15/16
14.5,46.05,1868,4,16,16,30,0,3.87,18.5,SERA_histv1.1,10004094,18.5,TRUE,TRUE,TRUE,TRUE,TRUE,1868-04-16
14.37,45.77,1896,8,4,5,45,0,3.87,18.5,SERA_histv1.1,10005372,18.5,TRUE,TRUE,TRUE,TRUE,TRUE,1896-08-04
14.206,42.046,1871,8,14,2,0,0,3.78,18.4,SERA_histv1.1,10004221,nan,TRUE,TRUE,TRUE,TRUE,TRUE,1871-08-14
12.76,42.738,2005,12,15,13,28,39.59,4.14,18.4,EMECv20191114,10046304,18.4,TRUE,TRUE,TRUE,TRUE,FALSE,12/15/05
12.706,42.991,1989,12,22,6,48,13.91,4.44,18.4,EMECv20191114,10028597,18.4,FALSE,FALSE,TRUE,TRUE,TRUE,12/22/89
13.581,43.483,1957,11,11,21,40,0,4.5,18.4,EMECv20191114,10014507,nan,TRUE,TRUE,TRUE,TRUE,TRUE,11/11/57
11.257,43.773,1600,7,6,0,0,0,4.65,18.4,SERA_histv1.1,10000923,nan,TRUE,TRUE,TRUE,TRUE,TRUE,1600-07-06
13.514,42.048,1850,12,30,5,30,0,4.88,18.4,SERA_histv1.1,10003516,nan,TRUE,TRUE,TRUE,TRUE,TRUE,1850-12-30
14.82,46.3,1867,7,5,1,15,0,3.66,18.2,SERA_histv1.1,10004080,18.2,TRUE,TRUE,TRUE,TRUE,TRUE,1867-07-05
14.367,45.767,1926,1,1,22,30,0,4.03,18.2,EMECv20191114,10009567,18.2,FALSE,FALSE,TRUE,TRUE,TRUE,1/1/26
14.75,46.233,1916,11,21,2,45,0,3.7,18.1,EMECv20191114,10008234,18.1,FALSE,FALSE,FALSE,FALSE,FALSE,11/21/16
13.814,41.491,1711,3,30,3,0,0,4.09,18.1,SERA_histv1.1,10001631,nan,TRUE,TRUE,TRUE,TRUE,TRUE,1711-03-30
13.433,43.135,2010,1,12,13,35,45.29,4.16,18.1,EMECv20191114,10054367,18.1,FALSE,FALSE,FALSE,FALSE,FALSE,1/12/10
14.5,46.1,1895,4,15,0,31,0,4.3,18.1,SERA_histv1.1,10005269,18.1,TRUE,TRUE,TRUE,TRUE,TRUE,1895-04-15
14.5,46,1643,3,19,2,30,0,4.72,18.1,SERA_histv1.1,10001131,nan,TRUE,TRUE,TRUE,TRUE,TRUE,1643-03-19
7,46.3,1894,2,1,0,50,0,3.5,18,SERA_histv1.1,10005181,nan,TRUE,TRUE,TRUE,TRUE,TRUE,1894-02-01
7.4,46.383,1951,8,20,19,49,0,3.5,18,EMECv20191114,10013084,nan,FALSE,FALSE,TRUE,TRUE,TRUE,8/20/51
7.067,46.4,1954,6,14,5,34,43,3.5,18,EMECv20191114,10013724,nan,FALSE,FALSE,TRUE,TRUE,TRUE,6/14/54
17.55,43.11,1960,9,27,12,34,48,3.53,18,EMECv20191114,10015179,18,TRUE,TRUE,TRUE,TRUE,TRUE,9/27/60
18.85,42.26,1979,7,14,11,25,47.9,3.53,18,EMECv20191114,10022732,nan,FALSE,FALSE,FALSE,FALSE,FALSE,7/14/79
20.26,39.56,1995,5,26,2,50,1.8,3.55,18,EMECv20191114,10032124,18,FALSE,FALSE,TRUE,FALSE,FALSE,5/26/95
19.6621,40.2459,2008,3,6,6,46,26.1,3.55,18,EMECv20191114,10050963,18,FALSE,FALSE,TRUE,FALSE,FALSE,3/6/08
19.428,41.23,2011,5,18,6,32,28.2,3.55,18,EMECv20191114,10055989,18,TRUE,TRUE,TRUE,FALSE,FALSE,5/18/11
20.286,39.122,2002,9,19,12,12,21.37,3.64,18,EMECv20191114,10041260,18,TRUE,TRUE,TRUE,FALSE,FALSE,9/19/02
19.75,40.89,2013,6,27,3,56,24.35,3.66,18,EMECv20191114,10059300,18,TRUE,TRUE,TRUE,FALSE,FALSE,6/27/13
14.4503,41.3648,2014,1,20,7,55,57.42,3.7,18,EMECv20191114,10059909,18,FALSE,FALSE,FALSE,FALSE,FALSE,1/20/14
12.95,47.1,1973,5,15,22,51,0,3.72,18,EMECv20191114,10019954,18,TRUE,TRUE,TRUE,TRUE,TRUE,5/15/73
11.82,45.893,1756,2,26,0,0,0,3.74,18,SERA_histv1.1,10002044,nan,TRUE,TRUE,TRUE,TRUE,TRUE,1756-02-26
19.79,40.09,2008,4,8,7,37,28.5,3.74,18,EMECv20191114,10051165,18,FALSE,FALSE,TRUE,FALSE,FALSE,4/8/08
6.85,42.06,2010,11,9,18,23,35.31,3.76,18,EMECv20191114,10055440,18,TRUE,TRUE,TRUE,TRUE,TRUE,11/9/10
18.991,42.285,1979,5,25,3,23,12.2,3.83,18,EMECv20191114,10022615,18,FALSE,FALSE,FALSE,FALSE,FALSE,5/25/79
7.683,46.6,1898,5,6,21,0,0,3.9,18,SERA_histv1.1,10005584,nan,TRUE,TRUE,TRUE,TRUE,TRUE,1898-05-06
7.52,46.3,1946,3,3,17,35,0,3.9,18,EMECv20191114,10012366,nan,FALSE,FALSE,TRUE,TRUE,TRUE,3/3/46
19.56,41.4,2014,1,20,7,39,13.35,3.93,18,EMECv20191114,10059908,18,FALSE,FALSE,FALSE,FALSE,FALSE,1/20/14
10.1,47.2,1996,6,28,9,57,43,4.01,18,EMECv20191114,10033793,18,TRUE,FALSE,TRUE,TRUE,TRUE,6/28/96
19.615,40.583,2005,6,11,3,38,54,4.1,18,EMECv20191114,10045348,nan,TRUE,TRUE,TRUE,FALSE,FALSE,6/11/05
12.77,45.36,1968,9,17,12,16,37.8,4.16,18,EMECv20191114,10017710,18,TRUE,TRUE,TRUE,TRUE,TRUE,9/17/68
14.948,41.23,1898,11,24,23,37,0,4.18,18,SERA_histv1.1,10005616,nan,TRUE,TRUE,TRUE,TRUE,TRUE,1898-11-24
15.555,38.185,1549,4,1,0,0,0,4.2,18,SERA_histv1.1,10000698,nan,TRUE,TRUE,TRUE,TRUE,TRUE,1549-04-01
14.956,41.707,2014,12,24,11,40,10.93,4.26,18,EMECv20191114,10061414,18,TRUE,TRUE,TRUE,TRUE,TRUE,12/24/14
10.201,44.297,1965,5,10,5,1,54,4.29,18,EMECv20191114,10016261,nan,TRUE,TRUE,TRUE,TRUE,TRUE,5/10/65
18.8,42.2,1966,8,28,4,18,9,4.3,18,EMECv20191114,10016754,18,FALSE,FALSE,TRUE,TRUE,TRUE,8/28/66
19.78,40.06,2006,5,10,21,33,6,4.3,18,EMECv20191114,10047021,18,FALSE,FALSE,TRUE,FALSE,FALSE,5/10/06
11.962,44.134,1961,5,8,22,45,51,4.37,18,EMECv20191114,10015270,nan,FALSE,TRUE,TRUE,TRUE,TRUE,5/8/61
11.489,43.987,1949,3,9,4,16,30,4.42,18,EMECv20191114,10012733,nan,TRUE,TRUE,TRUE,TRUE,TRUE,3/9/49
18.9,42.3,1966,8,6,5,52,0,4.5,18,EMECv20191114,10016700,18,FALSE,FALSE,TRUE,TRUE,TRUE,8/6/66
13.898,41.732,1984,5,11,13,39,2.24,4.5,18,EMECv20191114,10025718,18,FALSE,FALSE,FALSE,FALSE,FALSE,5/11/84
15.555,38.185,1494,9,1,22,40,0,4.51,18,SERA_histv1.1,10000500,nan,TRUE,TRUE,TRUE,TRUE,TRUE,1494-09-01
19.5,41.3,1926,12,27,18,46,0,4.57,18,EMECv20191114,10009750,18,FALSE,FALSE,FALSE,FALSE,FALSE,12/27/26
20.6,40.6,1960,5,26,5,37,58,4.57,18,EMECv20191114,10015105,18,FALSE,FALSE,FALSE,FALSE,FALSE,5/26/60
20.4,41.3,1967,12,6,0,1,56,4.57,18,EMECv20191114,10017312,18,FALSE,FALSE,FALSE,FALSE,FALSE,12/6/67
20.2,41.1,1968,7,25,22,5,28,4.57,18,EMECv20191114,10017648,18,FALSE,FALSE,TRUE,FALSE,FALSE,7/25/68
19.07,42.54,2012,11,12,23,18,42,4.57,18,EMECv20191114,10058516,18,TRUE,TRUE,TRUE,TRUE,FALSE,11/12/12
19.6,40.6,1940,3,18,3,50,0,4.67,18,EMECv20191114,10011629,18,FALSE,FALSE,TRUE,TRUE,TRUE,3/18/40
19.9,40.1,1966,8,16,3,28,40,4.67,18,EMECv20191114,10016714,18,FALSE,FALSE,TRUE,TRUE,FALSE,8/16/66
20.1,40.9,1967,9,24,22,11,17,4.67,18,EMECv20191114,10017211,18,FALSE,FALSE,TRUE,TRUE,FALSE,9/24/67
20.2497,41.3317,1991,2,25,7,25,57.77,4.7,18,EMECv20191114,10029229,18,TRUE,TRUE,TRUE,TRUE,FALSE,2/25/91
19.27,41.65,2014,12,29,20,34,14,4.7,18,EMECv20191114,10061431,18,TRUE,TRUE,TRUE,TRUE,FALSE,12/29/14
14.027,38.677,2009,9,7,21,26,31.4,4.76,18,EMECv20191114,10053870,18,TRUE,TRUE,TRUE,TRUE,FALSE,9/7/09
19.9,40.25,1968,10,3,18,18,38,4.77,18,EMECv20191114,10017727,18,TRUE,TRUE,TRUE,TRUE,FALSE,10/3/68
19.5,40.3,1930,12,12,19,31,0,4.87,18,EMECv20191114,10010439,18,FALSE,FALSE,TRUE,TRUE,TRUE,12/12/30
12.45,46.1,1936,10,19,7,5,56.44,4.94,18,EMECv20191114,10011279,18,FALSE,FALSE,TRUE,TRUE,TRUE,10/19/36
20,40.2,1922,7,2,20,6,48,4.97,18,EMECv20191114,10009039,18,FALSE,FALSE,TRUE,TRUE,FALSE,7/2/22
19.7,40.2,1928,5,26,5,54,27,4.97,18,EMECv20191114,10010028,18,TRUE,TRUE,TRUE,TRUE,FALSE,5/26/28
20,40.3,1930,7,12,0,0,0,4.97,18,EMECv20191114,10010361,18,FALSE,FALSE,TRUE,TRUE,TRUE,7/12/30
19.5,40.3,1930,12,14,19,41,0,4.97,18,EMECv20191114,10010440,18,FALSE,FALSE,TRUE,TRUE,TRUE,12/14/30
19.9,40.2,1930,12,23,0,0,0,4.97,18,EMECv20191114,10010442,18,FALSE,FALSE,TRUE,TRUE,TRUE,12/23/30
20.7,40.7,1931,2,1,1,41,32,4.97,18,EMECv20191114,10010466,18,FALSE,FALSE,TRUE,TRUE,FALSE,2/1/31
20.4,41.1,1935,3,31,3,44,55,4.97,18,EMECv20191114,10011048,18,FALSE,TRUE,TRUE,TRUE,TRUE,3/31/35
19.6,40.6,1940,3,6,0,0,0,4.97,18,EMECv20191114,10011622,18,FALSE,FALSE,TRUE,TRUE,TRUE,3/6/40
20.38,39.49,1968,3,28,16,37,47.3,5,18,EMECv20191114,10017513,18,FALSE,TRUE,TRUE,TRUE,FALSE,3/28/68
19.6,41.3,1926,12,16,17,54,30,5.07,18,EMECv20191114,10009733,18,FALSE,FALSE,FALSE,FALSE,FALSE,12/16/26
19.6,41.3,1926,12,16,18,0,0,5.07,18,EMECv20191114,10009734,18,FALSE,FALSE,FALSE,FALSE,FALSE,12/16/26
19.9,40.1,1966,5,25,9,6,57,5.07,18,EMECv20191114,10016616,18,TRUE,TRUE,TRUE,TRUE,FALSE,5/25/66
19.6,40.6,1929,1,17,0,6,40,5.16,18,EMECv20191114,10010129,18,TRUE,TRUE,TRUE,TRUE,FALSE,1/17/29
15.028,41.134,1905,11,26,0,0,0,5.18,18,EMECv20191114,10006439,nan,TRUE,TRUE,TRUE,TRUE,TRUE,11/26/05
10.49,45.584,1901,10,30,14,49,58,5.44,18,EMECv20191114,10005883,nan,TRUE,TRUE,TRUE,TRUE,TRUE,10/30/01
19.5,42,1948,8,27,10,44,5,5.56,18,EMECv20191114,10012655,18,TRUE,TRUE,TRUE,TRUE,TRUE,8/27/48
19.85,40.65,1920,11,29,15,48,0,5.86,18,EMECv20191114,10008817,18,FALSE,FALSE,TRUE,TRUE,FALSE,11/29/20
11.91,45.861,1695,2,25,5,30,0,6.39,18,SERA_histv1.1,10001492,nan,TRUE,TRUE,TRUE,TRUE,TRUE,1695-02-25
20.37,39.42,2003,2,24,20,22,26,4.52,17.9,EMECv20191114,10041753,17.9,FALSE,TRUE,TRUE,FALSE,FALSE,2/24/03
15.086,38.385,1978,4,15,23,33,48.15,6.03,17.9,EMECv20191114,10022057,17.9,TRUE,TRUE,TRUE,TRUE,TRUE,4/15/78
10.409,45.147,1646,5,30,1,0,0,3.74,17.8,SERA_histv1.1,10001151,nan,TRUE,TRUE,TRUE,TRUE,TRUE,1646-05-30
7.567,45.409,1987,7,3,10,46,56.62,4.08,17.8,EMECv20191114,10027248,17.8,TRUE,TRUE,TRUE,TRUE,TRUE,7/3/87
16.948,43.186,1962,1,11,10,2,37.2,4.81,17.8,EMECv20191114,10015379,17.8,FALSE,FALSE,FALSE,FALSE,FALSE,1/11/62
13.82,43.22,1987,7,3,11,55,24.88,4.02,17.7,EMECv20191114,10027249,17.7,FALSE,FALSE,TRUE,TRUE,TRUE,7/3/87
13.6,41.983,1915,1,14,1,50,0,4.64,17.7,EMECv20191114,10007895,nan,FALSE,FALSE,FALSE,FALSE,FALSE,1/14/15
12.761,43.313,1740,7,13,0,0,0,4.65,17.7,SERA_histv1.1,10001866,nan,TRUE,TRUE,TRUE,TRUE,TRUE,1740-07-13
10.196,44.551,1913,11,25,20,55,0,4.65,17.7,EMECv20191114,10007703,nan,TRUE,TRUE,TRUE,TRUE,TRUE,11/25/13
12.041,43.67,1731,3,29,0,0,0,4.73,17.7,SERA_histv1.1,10001773,nan,TRUE,TRUE,TRUE,TRUE,TRUE,1731-03-29
11.798,44.251,1781,4,4,21,20,0,6.09,17.7,SERA_histv1.1,10002420,nan,TRUE,TRUE,TRUE,TRUE,TRUE,1781-04-04
15.137,38.51,2002,4,5,4,51,25.93,4.06,17.6,EMECv20191114,10040793,17.6,FALSE,FALSE,TRUE,TRUE,FALSE,4/5/02
11.573,43.104,1897,11,15,23,52,0,4.13,17.6,SERA_histv1.1,10005524,nan,TRUE,TRUE,TRUE,TRUE,TRUE,1897-11-15
11.332,43.318,1430,8,13,0,40,0,4.2,17.6,SERA_histv1.1,10000378,nan,TRUE,TRUE,TRUE,TRUE,TRUE,1430-08-13
14.672,38.285,2011,11,15,4,59,0.69,4.2,17.6,EMECv20191114,10057115,17.6,FALSE,FALSE,TRUE,TRUE,FALSE,11/15/11
12.153,42.565,1931,5,13,0,26,0,4.25,17.6,EMECv20191114,10010534,nan,TRUE,TRUE,TRUE,TRUE,FALSE,5/13/31
15.235,38.806,1888,5,22,15,6,0,4.3,17.6,SERA_histv1.1,10004923,nan,TRUE,TRUE,TRUE,TRUE,TRUE,1888-05-22
11.306,43.326,1859,4,12,3,28,0,4.51,17.6,SERA_histv1.1,10003864,nan,TRUE,TRUE,TRUE,TRUE,TRUE,1859-04-12
15.214,38.797,1960,4,16,1,15,0,4.63,17.6,EMECv20191114,10015073,nan,TRUE,TRUE,TRUE,TRUE,TRUE,4/16/60
15.45,44.311,1996,3,26,22,58,29.5,4.1,17.5,EMECv20191114,10033453,17.5,TRUE,TRUE,TRUE,TRUE,FALSE,3/26/96
13.661,42.915,2012,12,5,1,18,20.29,4.29,17.5,EMECv20191114,10058604,17.5,TRUE,TRUE,TRUE,TRUE,FALSE,12/5/12
14.017,42.216,1830,12,29,11,0,0,4.43,17.5,SERA_histv1.1,10003138,nan,TRUE,TRUE,TRUE,TRUE,TRUE,1830-12-29
14.167,45.633,1914,2,11,0,0,0,3.68,17.4,EMECv20191114,10007736,17.4,FALSE,FALSE,FALSE,FALSE,FALSE,2/11/14
13.105,42.63,1910,3,6,22,22,0,3.93,17.4,EMECv20191114,10007125,nan,TRUE,TRUE,TRUE,TRUE,TRUE,3/6/10
11.538,43.366,1920,11,24,4,20,0,4.07,17.4,EMECv20191114,10008810,nan,FALSE,TRUE,TRUE,TRUE,FALSE,11/24/20
17.17,43.216,1962,1,12,0,8,0.7,4.1,17.4,EMECv20191114,10015382,17.4,FALSE,FALSE,FALSE,FALSE,FALSE,1/12/62
20.304,39.601,2008,5,14,18,2,21.5,4.18,17.4,EMECv20191114,10051417,17.4,FALSE,TRUE,TRUE,FALSE,FALSE,5/14/08
13.395,43.721,1972,2,5,1,26,29.88,4.36,17.4,EMECv20191114,10019475,17.4,FALSE,FALSE,TRUE,TRUE,TRUE,2/5/72
11.602,42.839,1902,12,17,5,21,0,4.83,17.4,EMECv20191114,10006013,nan,TRUE,TRUE,TRUE,TRUE,TRUE,12/17/02
11.332,43.318,1697,9,30,12,15,0,4.88,17.4,SERA_histv1.1,10001507,nan,TRUE,TRUE,TRUE,TRUE,TRUE,1697-09-30
11.105,43.453,1869,9,26,20,45,0,4.97,17.4,SERA_histv1.1,10004142,nan,TRUE,TRUE,TRUE,TRUE,TRUE,1869-09-26
11.51,43.242,1726,4,19,22,0,0,5.34,17.4,SERA_histv1.1,10001735,nan,TRUE,TRUE,TRUE,TRUE,TRUE,1726-04-19
11.788,42.793,1919,9,10,16,57,0,5.36,17.4,EMECv20191114,10008612,nan,TRUE,TRUE,TRUE,TRUE,FALSE,9/10/19
13.826,37.747,1927,9,22,19,38,45,3.93,17.3,EMECv20191114,10009892,nan,TRUE,TRUE,TRUE,TRUE,TRUE,9/22/27
14.567,38.545,1993,3,1,12,43,13.04,4.09,17.3,EMECv20191114,10030392,17.3,TRUE,TRUE,TRUE,TRUE,FALSE,3/1/93
14.102,37.751,1912,1,30,21,40,0,4.4,17.3,EMECv20191114,10007455,nan,TRUE,TRUE,TRUE,TRUE,TRUE,1/30/12
12.992,46.512,1797,10,30,5,0,0,3.74,17.2,SERA_histv1.1,10002640,nan,TRUE,TRUE,TRUE,TRUE,TRUE,1797-10-30
15.1,45.8,1908,11,18,4,0,0,4,17.2,EMECv20191114,10006860,17.2,FALSE,TRUE,TRUE,TRUE,TRUE,11/18/08
14.333,46.15,1913,2,28,15,16,0,4,17.2,EMECv20191114,10007624,17.2,TRUE,TRUE,TRUE,TRUE,TRUE,2/28/13
14.23,45.77,1872,1,1,0,0,0,4.09,17.2,SERA_histv1.1,10004260,17.2,TRUE,TRUE,TRUE,TRUE,TRUE,1872-01-01
14.25,45.87,1873,1,8,12,45,0,4.09,17.2,SERA_histv1.1,10004262,17.2,TRUE,TRUE,TRUE,TRUE,TRUE,1873-01-08
13.467,38.531,1984,5,26,12,26,45.83,4.14,17.2,EMECv20191114,10025754,17.2,TRUE,TRUE,TRUE,TRUE,TRUE,5/26/84
15.917,38.023,1889,5,29,8,58,0,4.29,17.2,SERA_histv1.1,10004963,nan,TRUE,TRUE,TRUE,TRUE,TRUE,1889-05-29
14.452,41.367,2014,1,20,7,12,40.1,4.38,17.2,EMECv20191114,10059906,17.2,FALSE,FALSE,TRUE,TRUE,TRUE,1/20/14
14.2,45.7,1909,11,2,19,52,0,4.5,17.2,EMECv20191114,10007078,nan,FALSE,FALSE,TRUE,TRUE,TRUE,11/2/09
14.167,45.633,1914,2,11,0,22,43,4.66,17.2,EMECv20191114,10007737,17.2,TRUE,TRUE,TRUE,TRUE,TRUE,2/11/14
16.081,39.132,1743,10,2,0,0,0,5.11,17.2,SERA_histv1.1,10001892,nan,TRUE,TRUE,TRUE,TRUE,TRUE,1743-10-02
15.3,45.74,1640,1,1,0,0,0,5.14,17.2,SERA_histv1.1,10001118,nan,TRUE,TRUE,TRUE,TRUE,TRUE,1640-01-01
10.558,44.557,2009,6,18,11,55,17.42,3.67,17.1,EMECv20191114,10053539,17.1,FALSE,FALSE,TRUE,TRUE,TRUE,6/18/09
14.817,41.695,2007,10,18,23,25,45.7,4.04,17.1,EMECv20191114,10050022,17.1,TRUE,TRUE,TRUE,TRUE,FALSE,10/18/07
13.451,43.119,2010,1,12,8,25,11.32,4.22,17.1,EMECv20191114,10054366,17.1,FALSE,TRUE,TRUE,TRUE,FALSE,1/12/10
10.201,44.126,1928,8,3,23,9,0,4.26,17.1,EMECv20191114,10010055,nan,TRUE,TRUE,TRUE,TRUE,TRUE,8/3/28
13.444,42.335,2009,4,9,3,14,52.26,4.38,17.1,EMECv20191114,10053256,17.1,FALSE,FALSE,FALSE,FALSE,FALSE,4/9/09
15.636,41.127,1980,11,23,21,30,16.35,4.46,17.1,EMECv20191114,10023416,nan,FALSE,FALSE,FALSE,FALSE,FALSE,11/23/80
11.022,44.541,1931,6,10,17,2,0,4.59,17.1,EMECv20191114,10010544,nan,TRUE,TRUE,TRUE,TRUE,FALSE,6/10/31
12.505,43.155,1982,10,17,10,56,47,4.62,17.1,EMECv20191114,10024605,nan,FALSE,FALSE,TRUE,TRUE,TRUE,10/17/82
9.59,44.52,1927,10,28,21,49,0,4.66,17.1,EMECv20191114,10009909,nan,TRUE,TRUE,TRUE,TRUE,TRUE,10/28/27
11.257,43.773,1554,11,27,18,30,0,4.88,17.1,SERA_histv1.1,10000719,nan,TRUE,TRUE,TRUE,TRUE,TRUE,1554-11-27
11.63,44.359,1726,1,28,21,0,0,4.88,17.1,SERA_histv1.1,10001733,nan,TRUE,TRUE,TRUE,TRUE,TRUE,1726-01-28
13.569,41.714,2013,2,16,21,16,9.29,4.94,17.1,EMECv20191114,10058831,17.1,TRUE,TRUE,TRUE,TRUE,FALSE,2/16/13
13.831,41.488,1005,1,1,0,0,0,5.11,17.1,SERA_histv1.1,10000003,nan,TRUE,TRUE,TRUE,TRUE,TRUE,1005-01-01
11.816,43.697,1504,11,1,0,0,0,5.11,17.1,SERA_histv1.1,10000528,nan,TRUE,TRUE,TRUE,TRUE,TRUE,1504-11-01
13.486,42.303,2009,4,7,17,47,37.34,5.54,17.1,EMECv20191114,10053244,17.1,FALSE,FALSE,FALSE,FALSE,FALSE,4/7/09
12.23,44.155,1483,8,11,19,40,0,5.69,17.1,SERA_histv1.1,10000477,nan,TRUE,TRUE,TRUE,TRUE,TRUE,1483-08-11
12.739,43.225,1751,7,27,1,0,0,6.35,17.1,SERA_histv1.1,10001951,nan,TRUE,TRUE,TRUE,TRUE,TRUE,1751-07-27
7.267,46.4,1955,5,2,8,31,0,3.5,17,EMECv20191114,10013950,nan,FALSE,FALSE,TRUE,TRUE,TRUE,5/2/55
17.03,43.1,1967,10,21,16,54,54,3.53,17,EMECv20191114,10017247,17,TRUE,TRUE,TRUE,TRUE,FALSE,10/21/67
19.132,41.947,1979,4,16,1,1,17.8,3.55,17,EMECv20191114,10022490,17,FALSE,FALSE,FALSE,FALSE,FALSE,4/16/79
19.287,41.922,1979,4,21,14,33,19.8,3.55,17,EMECv20191114,10022537,17,FALSE,FALSE,FALSE,FALSE,FALSE,4/21/79
19.322,42.02,1991,9,11,2,58,25.6,3.55,17,EMECv20191114,10029686,17,TRUE,TRUE,TRUE,TRUE,FALSE,9/11/91
19.248,42.123,1997,9,13,3,53,23.7,3.55,17,EMECv20191114,10035491,17,TRUE,TRUE,TRUE,TRUE,FALSE,9/13/97
17.46,42.68,1958,9,16,10,58,21,3.62,17,EMECv20191114,10014721,17,TRUE,TRUE,TRUE,TRUE,TRUE,9/16/58
19.4943,41.3732,2009,7,5,12,40,20.4,3.65,17,EMECv20191114,10053645,17,TRUE,FALSE,TRUE,FALSE,FALSE,7/5/09
20.329,41.351,2010,2,12,11,13,44.4,3.65,17,EMECv20191114,10054517,17,FALSE,FALSE,TRUE,FALSE,FALSE,2/12/10
10.751,44.473,2002,7,9,3,59,1.71,3.66,17,EMECv20191114,10041066,17,FALSE,FALSE,TRUE,TRUE,FALSE,7/9/02
19.203,41.993,1979,4,17,19,22,57.3,3.74,17,EMECv20191114,10022509,17,FALSE,FALSE,FALSE,FALSE,FALSE,4/17/79
18.733,42.323,1979,8,22,7,36,24.6,3.74,17,EMECv20191114,10022778,17,FALSE,FALSE,TRUE,FALSE,FALSE,8/22/79
19.317,42.085,1988,3,19,11,52,36.4,3.74,17,EMECv20191114,10027577,17,FALSE,TRUE,TRUE,TRUE,FALSE,3/19/88
15.2,43.54,1931,9,29,12,12,19,3.81,17,EMECv20191114,10010591,17,TRUE,TRUE,TRUE,TRUE,TRUE,9/29/31
14.66,45.47,1953,5,2,19,7,23,3.81,17,EMECv20191114,10013390,17,TRUE,TRUE,TRUE,TRUE,TRUE,5/2/53
19.3,41.88,1979,11,9,1,48,49.7,3.81,17,EMECv20191114,10022900,17,FALSE,FALSE,TRUE,FALSE,FALSE,11/9/79
19.193,42.372,2006,5,25,10,45,38.4,3.83,17,EMECv20191114,10047081,17,TRUE,TRUE,TRUE,FALSE,FALSE,5/25/06
7.88,46.267,1858,4,6,2,30,0,3.9,17,SERA_histv1.1,10003822,nan,TRUE,TRUE,TRUE,TRUE,TRUE,1858-04-06
6.749,46.283,1990,2,14,15,55,54,3.9,17,EMECv20191114,10028690,17,TRUE,TRUE,TRUE,TRUE,TRUE,2/14/90
19.277,42.206,1987,1,8,18,0,19.5,3.93,17,EMECv20191114,10027054,17,TRUE,FALSE,TRUE,TRUE,FALSE,1/8/87
20.193,41.553,2010,9,30,11,17,7.7,3.93,17,EMECv20191114,10055301,17,TRUE,TRUE,TRUE,FALSE,FALSE,9/30/10
7.854,46.287,1856,2,9,6,0,0,4,17,SERA_histv1.1,10003741,nan,TRUE,TRUE,TRUE,TRUE,TRUE,1856-02-09
19.58,40.18,2007,12,2,20,28,45.1,4.02,17,EMECv20191114,10050285,17,TRUE,TRUE,TRUE,FALSE,FALSE,12/2/07
8.248,46.899,1777,3,27,23,45,0,4.04,17,SERA_histv1.1,10002336,nan,TRUE,TRUE,TRUE,TRUE,TRUE,1777-03-27
14.245,45.57,2005,4,24,18,34,1,4.08,17,EMECv20191114,10044991,nan,FALSE,TRUE,TRUE,TRUE,TRUE,4/24/05
12.336,45.438,1373,3,1,8,0,0,4.2,17,SERA_histv1.1,10000266,nan,TRUE,TRUE,TRUE,TRUE,TRUE,1373-03-01
11.332,43.318,1779,6,26,12,0,0,4.2,17,SERA_histv1.1,10002383,nan,TRUE,TRUE,TRUE,TRUE,TRUE,1779-06-26
19.581,40.291,2009,3,25,12,27,14.5,4.21,17,EMECv20191114,10053181,17,FALSE,FALSE,TRUE,FALSE,FALSE,3/25/09
19.58,41.39,2014,1,20,6,26,50.81,4.25,17,EMECv20191114,10059905,17,FALSE,FALSE,FALSE,FALSE,FALSE,1/20/14
15.858,38.286,1895,7,26,17,44,0,4.31,17,SERA_histv1.1,10005295,nan,TRUE,TRUE,TRUE,TRUE,TRUE,1895-07-26
15.2,46.1,1948,7,28,16,0,0,4.38,17,EMECv20191114,10012640,nan,TRUE,TRUE,TRUE,TRUE,TRUE,7/28/48
15.29,40.855,1980,12,8,4,9,25.2,4.39,17,EMECv20191114,10023466,17,FALSE,FALSE,FALSE,FALSE,FALSE,12/8/80
14.98,45.19,1920,7,30,20,6,22,4.4,17,EMECv20191114,10008764,17,TRUE,TRUE,TRUE,TRUE,FALSE,7/30/20
15.7,43.75,1924,2,28,10,44,36,4.4,17,EMECv20191114,10009305,17,FALSE,TRUE,TRUE,TRUE,TRUE,2/28/24
13.11,46.25,1976,6,26,11,13,46.6,4.42,17,EMECv20191114,10021256,17,FALSE,FALSE,TRUE,FALSE,FALSE,6/26/76
12.912,40.916,1892,11,16,2,10,0,4.43,17,SERA_histv1.1,10005106,nan,TRUE,TRUE,TRUE,TRUE,TRUE,1892-11-16
8.251,43.373,1981,4,22,4,26,20.43,4.43,17,EMECv20191114,10023767,17,TRUE,TRUE,TRUE,TRUE,TRUE,4/22/81
20.4543,39.4633,1993,7,27,11,0,32.59,4.5,17,EMECv20191114,10030617,17,FALSE,FALSE,TRUE,TRUE,FALSE,7/27/93
20,41,1923,1,7,8,56,0,4.57,17,EMECv20191114,10009116,17,FALSE,FALSE,TRUE,TRUE,FALSE,1/7/23
19.5,41.3,1926,12,26,20,3,0,4.57,17,EMECv20191114,10009748,17,FALSE,FALSE,TRUE,TRUE,FALSE,12/26/26
19.9,40.1,1931,11,15,10,17,0,4.57,17,EMECv20191114,10010611,17,FALSE,FALSE,TRUE,TRUE,FALSE,11/15/31
20,40.7,1953,4,5,3,21,50,4.57,17,EMECv20191114,10013374,17,FALSE,FALSE,TRUE,TRUE,TRUE,4/5/53
20.3,40.5,1954,3,19,2,14,44,4.57,17,EMECv20191114,10013653,17,TRUE,TRUE,TRUE,TRUE,TRUE,3/19/54
19.6,40.7,1959,9,3,4,2,6,4.57,17,EMECv20191114,10014932,17,FALSE,FALSE,TRUE,TRUE,FALSE,9/3/59
20.3,41.3,1967,12,2,14,8,4,4.57,17,EMECv20191114,10017302,17,FALSE,FALSE,FALSE,FALSE,FALSE,12/2/67
16.64,39.51,1969,7,2,10,31,21,4.57,17,EMECv20191114,10018142,17,TRUE,TRUE,TRUE,TRUE,TRUE,7/2/69
15.394,39.748,1994,10,12,4,59,13.98,4.57,17,EMECv20191114,10031511,17,TRUE,TRUE,TRUE,TRUE,TRUE,10/12/94
15.678,40.348,1964,6,4,0,31,59,4.59,17,EMECv20191114,10015955,nan,TRUE,TRUE,TRUE,TRUE,TRUE,6/4/64
14.88,45.11,1926,10,21,9,29,42,4.6,17,EMECv20191114,10009708,17,TRUE,TRUE,TRUE,TRUE,TRUE,10/21/26
14.66,45.16,1939,2,6,7,23,17,4.6,17,EMECv20191114,10011499,17,TRUE,TRUE,TRUE,TRUE,TRUE,2/6/39
18.75,42.3,1985,11,25,16,43,56,4.63,17,EMECv20191114,10026428,17,FALSE,FALSE,TRUE,TRUE,FALSE,11/25/85
11.332,43.318,1697,12,20,19,45,0,4.65,17,SERA_histv1.1,10001510,nan,TRUE,TRUE,TRUE,TRUE,TRUE,1697-12-20
15.229,44.112,1387,3,5,5,0,0,4.67,17,SERA_histv1.1,10000290,nan,TRUE,TRUE,TRUE,TRUE,TRUE,1387-03-05
20.7,41.1,1911,3,9,0,0,0,4.7,17,EMECv20191114,10007290,nan,FALSE,FALSE,TRUE,TRUE,TRUE,3/9/11
19.6613,39.9284,1989,3,5,16,44,27.03,4.7,17,EMECv20191114,10028086,17,FALSE,FALSE,TRUE,TRUE,FALSE,3/5/89
15.22,44.133,1280,4,5,0,0,0,4.72,17,SERA_histv1.1,10000147,nan,TRUE,TRUE,TRUE,TRUE,TRUE,1280-04-05
20.5,40.9,1964,12,9,19,6,15,4.77,17,EMECv20191114,10016128,17,TRUE,TRUE,TRUE,TRUE,FALSE,12/9/64
19.7,40.7,1967,7,13,14,38,58,4.77,17,EMECv20191114,10017078,17,FALSE,TRUE,TRUE,TRUE,FALSE,7/13/67
7.402,46.547,1885,4,13,10,25,0,4.85,17,SERA_histv1.1,10004765,nan,TRUE,TRUE,TRUE,TRUE,TRUE,1885-04-13
19.5,41.3,1907,5,4,23,30,0,4.87,17,EMECv20191114,10006647,17,FALSE,FALSE,TRUE,TRUE,FALSE,5/4/07
19.9,40.5,1920,12,6,13,44,0,4.87,17,EMECv20191114,10008821,17,FALSE,FALSE,TRUE,TRUE,FALSE,12/6/20
20.05,40.55,1969,4,8,15,48,50,4.87,17,EMECv20191114,10017994,17,FALSE,FALSE,TRUE,TRUE,FALSE,4/8/69
10.309,43.551,1549,5,8,0,0,0,4.88,17,SERA_histv1.1,10000700,nan,TRUE,TRUE,TRUE,TRUE,TRUE,1549-05-08
13.984,41.295,1728,2,8,0,0,0,4.88,17,SERA_histv1.1,10001751,nan,TRUE,TRUE,TRUE,TRUE,TRUE,1728-02-08
12.778,42.623,1752,1,2,0,0,0,4.88,17,SERA_histv1.1,10001962,nan,TRUE,TRUE,TRUE,TRUE,TRUE,1752-01-02
19.6,41.9,1927,8,10,0,0,0,4.97,17,EMECv20191114,10009870,17,FALSE,TRUE,TRUE,TRUE,FALSE,8/10/27
19.7,40.3,1930,1,4,23,56,23,4.97,17,EMECv20191114,10010271,17,TRUE,TRUE,TRUE,TRUE,TRUE,1/4/30
11.331,43.322,1848,5,12,0,0,0,5.03,17,SERA_histv1.1,10003465,nan,TRUE,TRUE,TRUE,TRUE,TRUE,1848-05-12
19.86,40.51,1953,3,31,0,55,47,5.07,17,EMECv20191114,10013365,17,TRUE,TRUE,TRUE,TRUE,TRUE,3/31/53
20.7,40.8,1962,6,28,6,51,4,5.07,17,EMECv20191114,10015510,17,FALSE,FALSE,TRUE,TRUE,FALSE,6/28/62
16.456,38.94,1821,8,2,0,0,0,5.11,17,SERA_histv1.1,10002968,nan,TRUE,TRUE,TRUE,TRUE,TRUE,1821-08-02
17.1,42.7,1472,1,1,0,0,0,5.14,17,SERA_histv1.1,10000448,nan,TRUE,TRUE,TRUE,TRUE,TRUE,1472-01-01
18.1,42.6,1869,1,10,10,37,0,5.14,17,SERA_histv1.1,10004121,nan,TRUE,TRUE,TRUE,TRUE,TRUE,1869-01-10
10.619,43.301,1871,7,29,20,45,0,5.15,17,SERA_histv1.1,10004219,nan,TRUE,TRUE,TRUE,TRUE,TRUE,1871-07-29
20,40.2,1922,6,26,10,30,20,5.16,17,EMECv20191114,10009037,17,FALSE,FALSE,TRUE,TRUE,FALSE,6/26/22
20.1,41.1,1923,1,7,12,27,15,5.16,17,EMECv20191114,10009117,17,FALSE,TRUE,TRUE,TRUE,FALSE,1/7/23
20,40,1945,9,12,16,29,20,5.16,17,EMECv20191114,10012321,17,FALSE,TRUE,TRUE,TRUE,TRUE,9/12/45
19.22,40.67,1985,1,16,23,35,59,5.2,17,EMECv20191114,10026041,17,TRUE,TRUE,TRUE,TRUE,FALSE,1/16/85
20.1,40,1920,10,18,8,11,30,5.26,17,EMECv20191114,10008794,17,FALSE,FALSE,TRUE,TRUE,FALSE,10/18/20
19.6,41,1920,12,23,3,10,0,5.26,17,EMECv20191114,10008830,17,FALSE,FALSE,TRUE,TRUE,FALSE,12/23/20
20,40.3,1925,5,20,7,53,48,5.26,17,EMECv20191114,10009473,17,TRUE,TRUE,TRUE,TRUE,FALSE,5/20/25
19.8,40.8,1946,8,20,17,26,37,5.26,17,EMECv20191114,10012400,17,FALSE,FALSE,TRUE,TRUE,TRUE,8/20/46
20.25,39.9,1917,3,14,18,13,7,5.36,17,EMECv20191114,10008298,17,FALSE,FALSE,TRUE,TRUE,TRUE,3/14/17
19.7,40.8,1939,5,20,9,35,23,5.36,17,EMECv20191114,10011530,17,TRUE,TRUE,TRUE,TRUE,TRUE,5/20/39
18.667,42.43,1608,7,25,0,0,0,5.41,17,SERA_histv1.1,10000961,nan,TRUE,TRUE,TRUE,TRUE,TRUE,1608-07-25
18.037,42.674,1520,5,17,6,30,0,5.55,17,SERA_histv1.1,10000598,nan,TRUE,TRUE,TRUE,TRUE,TRUE,1520-05-17
20.7,40.6,1931,1,28,5,55,15,5.86,17,EMECv20191114,10010464,17,TRUE,TRUE,TRUE,TRUE,FALSE,1/28/31
19.894,39.385,2010,5,17,1,29,26.6,3.73,16.9,EMECv20191114,10054851,16.9,TRUE,TRUE,TRUE,FALSE,FALSE,5/17/10
13.445,43.119,2010,1,10,8,33,35.64,4.1,16.9,EMECv20191114,10054362,16.9,FALSE,FALSE,TRUE,TRUE,FALSE,1/10/10
15.81,40.553,1980,11,30,1,51,49.09,4.52,16.9,EMECv20191114,10023449,16.9,FALSE,FALSE,FALSE,FALSE,FALSE,11/30/80
15.421,40.898,1910,6,7,2,4,0,5.76,16.9,EMECv20191114,10007162,nan,TRUE,TRUE,TRUE,TRUE,TRUE,6/7/10
13.33,38.608,2006,2,25,0,20,24.72,3.89,16.8,EMECv20191114,10046612,16.8,TRUE,TRUE,TRUE,TRUE,TRUE,2/25/06
10.058,44.461,1989,10,3,9,41,32.85,4.04,16.8,EMECv20191114,10028456,16.8,TRUE,TRUE,TRUE,TRUE,TRUE,10/3/89
10.458,43.996,1464,3,24,0,0,0,4.2,16.8,SERA_histv1.1,10000427,nan,TRUE,TRUE,TRUE,TRUE,TRUE,1464-03-24
11.306,44.771,1987,7,11,1,46,52.02,4.2,16.8,EMECv20191114,10027261,16.8,FALSE,FALSE,TRUE,TRUE,TRUE,7/11/87
14.188,42.042,1742,3,16,2,30,0,4.65,16.8,SERA_histv1.1,10001879,nan,TRUE,TRUE,TRUE,TRUE,TRUE,1742-03-16
11.161,44.141,1771,8,13,8,13,0,4.65,16.8,SERA_histv1.1,10002249,nan,TRUE,TRUE,TRUE,TRUE,TRUE,1771-08-13
13.079,42.256,1957,4,11,16,19,0,4.94,16.8,EMECv20191114,10014366,nan,TRUE,TRUE,TRUE,TRUE,TRUE,4/11/57
17.55,37.931,2001,5,19,13,53,48.44,5.36,16.8,EMECv20191114,10039770,16.8,TRUE,TRUE,TRUE,TRUE,TRUE,5/19/01
13.043,42.766,1879,2,23,18,30,0,5.58,16.8,SERA_histv1.1,10004465,nan,TRUE,TRUE,TRUE,TRUE,TRUE,1879-02-23
14.367,45.767,1926,1,7,4,19,0,3.66,16.7,EMECv20191114,10009571,16.7,FALSE,FALSE,TRUE,TRUE,TRUE,1/7/26
13.898,41.717,1984,12,3,18,5,34.34,4.05,16.4,EMECv20191114,10025997,16.4,FALSE,FALSE,TRUE,FALSE,FALSE,12/3/84
15.033,38.291,1979,1,16,19,27,10.13,4.35,16.4,EMECv20191114,10022362,16.4,FALSE,FALSE,TRUE,TRUE,TRUE,1/16/79
13.823,41.49,1731,4,26,0,0,0,4.47,16.4,SERA_histv1.1,10001774,nan,TRUE,TRUE,TRUE,TRUE,TRUE,1731-04-26
12.86,42.402,1821,3,22,0,0,0,5.11,16.4,SERA_histv1.1,10002965,nan,TRUE,TRUE,TRUE,TRUE,TRUE,1821-03-22
10.866,44.674,1671,6,20,10,0,0,5.27,16.4,SERA_histv1.1,10001329,nan,TRUE,TRUE,TRUE,TRUE,TRUE,1671-06-20
13.814,41.491,1914,12,1,10,42,28,3.93,16.3,EMECv20191114,10007874,nan,FALSE,FALSE,TRUE,TRUE,TRUE,12/1/14
13.814,41.491,1835,12,23,0,0,0,4.09,16.3,SERA_histv1.1,10003229,nan,TRUE,TRUE,TRUE,TRUE,TRUE,1835-12-23
13.352,42.452,2009,9,24,16,14,57.56,4.19,16.3,EMECv20191114,10053942,16.3,FALSE,FALSE,TRUE,FALSE,FALSE,9/24/09
15.337,40.81,1980,11,23,23,43,33.3,4.54,16.3,EMECv20191114,10023419,16.3,FALSE,FALSE,FALSE,FALSE,FALSE,11/23/80
9.787,44.808,1980,12,23,12,1,6,4.57,16.3,EMECv20191114,10023494,nan,TRUE,TRUE,TRUE,TRUE,TRUE,12/23/80
13.009,43.807,1838,6,23,0,0,0,4.65,16.3,SERA_histv1.1,10003277,nan,TRUE,TRUE,TRUE,TRUE,TRUE,1838-06-23
12.141,43.57,1358,1,1,0,0,0,4.88,16.3,SERA_histv1.1,10000248,nan,TRUE,TRUE,TRUE,TRUE,TRUE,1358-01-01
14.75,46.233,1916,11,22,3,45,0,3.65,16.2,EMECv20191114,10008236,16.2,FALSE,FALSE,FALSE,FALSE,FALSE,11/22/16
13.4793,42.4613,2013,12,8,14,35,33.39,3.7,16.2,EMECv20191114,10059804,16.2,TRUE,TRUE,TRUE,TRUE,FALSE,12/8/13
11.343,44.494,1400,3,3,12,15,0,4.2,16.2,SERA_histv1.1,10000318,nan,TRUE,TRUE,TRUE,TRUE,TRUE,1400-03-03
13.513,43.619,1698,12,1,0,0,0,4.65,16.2,SERA_histv1.1,10001515,nan,TRUE,TRUE,TRUE,TRUE,TRUE,1698-12-01
12.994,42.896,1898,8,25,16,37,0,5.02,16.2,SERA_histv1.1,10005598,nan,TRUE,TRUE,TRUE,TRUE,TRUE,1898-08-25
13.057,46.403,1877,5,23,18,5,0,3.74,16.1,SERA_histv1.1,10004403,nan,TRUE,TRUE,TRUE,TRUE,TRUE,1877-05-23
16.132,40.132,1910,5,28,1,45,0,3.84,16.1,EMECv20191114,10007157,nan,TRUE,TRUE,TRUE,TRUE,TRUE,5/28/10
15.924,40.015,1998,9,9,6,20,15.23,4.01,16.1,EMECv20191114,10036654,16.1,FALSE,FALSE,TRUE,TRUE,TRUE,9/9/98
14.318,45.591,1993,11,28,10,29,12.8,4.1,16.1,EMECv20191114,10030909,16.1,TRUE,TRUE,TRUE,TRUE,TRUE,11/28/93
15.555,38.185,1601,1,1,0,0,0,4.2,16.1,SERA_histv1.1,10000935,nan,TRUE,TRUE,TRUE,TRUE,TRUE,1601-01-01
15.735,40.421,1759,5,20,0,0,0,4.2,16.1,SERA_histv1.1,10002098,nan,TRUE,TRUE,TRUE,TRUE,TRUE,1759-05-20
15.512,40.65,1859,2,4,0,0,0,4.2,16.1,SERA_histv1.1,10003859,nan,TRUE,TRUE,TRUE,TRUE,TRUE,1859-02-04
16.221,39.327,1980,2,20,2,34,1,4.42,16.1,EMECv20191114,10023000,nan,TRUE,TRUE,TRUE,TRUE,TRUE,2/20/80
13.983,41.288,1935,12,17,6,51,0,4.63,16.1,EMECv20191114,10011133,nan,TRUE,TRUE,TRUE,TRUE,TRUE,12/17/35
15.244,40.832,1982,8,15,15,9,51,5.32,16.1,EMECv20191114,10024531,nan,FALSE,FALSE,TRUE,TRUE,FALSE,8/15/82
16.201,38.58,1783,2,7,13,10,0,6.71,16.1,SERA_histv1.1,10002448,nan,TRUE,TRUE,TRUE,TRUE,TRUE,1783-02-07
14.56,45.38,1950,3,7,22,53,3,3.53,16,EMECv20191114,10012863,16,FALSE,FALSE,TRUE,TRUE,TRUE,3/7/50
19.34,42,1979,4,16,1,36,27.6,3.53,16,EMECv20191114,10022492,16,FALSE,FALSE,FALSE,FALSE,FALSE,4/16/79
18.68,42.818,1993,8,13,5,3,50.4,3.53,16,EMECv20191114,10030714,16,TRUE,TRUE,TRUE,TRUE,FALSE,8/13/93
19.36,41.879,1979,4,22,4,34,32.5,3.55,16,EMECv20191114,10022539,16,FALSE,FALSE,FALSE,FALSE,FALSE,4/22/79
19.305,41.948,1979,11,6,18,33,13.1,3.55,16,EMECv20191114,10022891,16,FALSE,FALSE,TRUE,FALSE,FALSE,11/6/79
17.997,43.012,1993,4,24,11,23,55,3.55,16,EMECv20191114,10030482,16,FALSE,FALSE,TRUE,TRUE,FALSE,4/24/93
17.98,42.945,1996,4,6,16,58,51.5,3.55,16,EMECv20191114,10033506,16,FALSE,TRUE,TRUE,TRUE,FALSE,4/6/96
19.5641,41.1386,2009,9,9,11,37,28,3.55,16,EMECv20191114,10053882,16,FALSE,FALSE,TRUE,FALSE,FALSE,9/9/09
18.6847,42.8566,2009,10,29,3,46,41.3,3.55,16,EMECv20191114,10054099,16,FALSE,FALSE,TRUE,TRUE,FALSE,10/29/09
20.207,41.107,2012,1,23,3,4,46.8,3.55,16,EMECv20191114,10057375,16,FALSE,FALSE,TRUE,FALSE,FALSE,1/23/12
14.22,45.73,1967,9,5,11,37,3,3.62,16,EMECv20191114,10017188,16,FALSE,FALSE,TRUE,TRUE,TRUE,9/5/67
20.538,41.286,1980,7,3,19,19,47.8,3.65,16,EMECv20191114,10023169,16,FALSE,TRUE,TRUE,TRUE,FALSE,7/3/80
20.4066,41.1779,2009,3,10,19,27,50.9,3.65,16,EMECv20191114,10053132,16,FALSE,FALSE,TRUE,FALSE,FALSE,3/10/09
12.992,46.512,1787,4,25,0,0,0,3.74,16,SERA_histv1.1,10002531,nan,TRUE,TRUE,TRUE,TRUE,TRUE,1787-04-25
19.69,40.78,2006,8,8,5,17,50.7,3.74,16,EMECv20191114,10047396,16,FALSE,TRUE,TRUE,FALSE,FALSE,8/8/06
14.273,45.605,2010,9,15,2,21,17.7,3.74,16,EMECv20191114,10055263,16,TRUE,TRUE,TRUE,TRUE,TRUE,9/15/10
14.274,45.605,2010,9,15,2,23,13.5,3.74,16,EMECv20191114,10055264,16,FALSE,FALSE,FALSE,FALSE,FALSE,9/15/10
13.243,46.175,1976,5,15,4,26,15.67,3.8,16,EMECv20191114,10021201,16,FALSE,FALSE,FALSE,FALSE,FALSE,5/15/76
17.6,43.08,1968,9,1,1,20,24.7,3.81,16,EMECv20191114,10017680,16,FALSE,FALSE,TRUE,TRUE,FALSE,9/1/68
19.814,38.626,2004,1,21,17,44,41.88,3.82,16,EMECv20191114,10043045,16,TRUE,TRUE,TRUE,FALSE,FALSE,1/21/04
19.53,40.15,2007,4,3,4,47,21.8,3.83,16,EMECv20191114,10048485,16,TRUE,FALSE,TRUE,FALSE,FALSE,4/3/07
16.122,43.0979,2007,4,23,17,1,1.3,3.83,16,EMECv20191114,10048826,16,TRUE,TRUE,TRUE,TRUE,FALSE,4/23/07
19.6644,41.4794,2007,9,8,4,50,28.5,3.93,16,EMECv20191114,10049783,16,FALSE,FALSE,TRUE,FALSE,FALSE,9/8/07
16.98,43.32,1965,1,10,20,10,6.2,4.01,16,EMECv20191114,10016156,16,TRUE,TRUE,TRUE,TRUE,TRUE,1/10/65
19.772,40.773,2012,11,27,19,6,21.83,4.02,16,EMECv20191114,10058575,16,TRUE,TRUE,TRUE,FALSE,FALSE,11/27/12
12.992,46.512,1790,1,26,7,0,0,4.09,16,SERA_histv1.1,10002573,nan,TRUE,TRUE,TRUE,TRUE,TRUE,1790-01-26
18.08,42.91,1927,5,10,18,52,3.5,4.1,16,EMECv20191114,10009802,16,FALSE,FALSE,TRUE,TRUE,FALSE,5/10/27
15.74,44.9,1961,11,29,4,15,23,4.1,16,EMECv20191114,10015349,16,TRUE,TRUE,TRUE,TRUE,TRUE,11/29/61
19.5922,41.2008,2009,8,5,6,32,34.2,4.11,16,EMECv20191114,10053751,16,TRUE,TRUE,TRUE,FALSE,FALSE,8/5/09
19.257,42.156,1990,4,24,16,20,40.8,4.21,16,EMECv20191114,10028774,16,FALSE,FALSE,TRUE,TRUE,FALSE,4/24/90
17.16,42.61,2002,10,23,11,1,28,4.27,16,EMECv20191114,10041368,16,TRUE,TRUE,TRUE,TRUE,FALSE,10/23/02
19.4991,41.1667,2009,9,15,8,37,40.8,4.3,16,EMECv20191114,10053913,16,TRUE,TRUE,TRUE,FALSE,FALSE,9/15/09
15.12,45.11,2013,7,30,12,58,31,4.3,16,EMECv20191114,10059402,16,TRUE,FALSE,TRUE,TRUE,TRUE,7/30/13
13.07,46.35,1976,6,9,18,48,15.4,4.31,16,EMECv20191114,10021229,16,FALSE,FALSE,TRUE,FALSE,FALSE,6/9/76
10.487,44.168,1997,12,24,17,53,10.12,4.33,16,EMECv20191114,10035989,16,TRUE,TRUE,TRUE,TRUE,TRUE,12/24/97
13.81,47.13,1923,11,28,6,7,0,4.43,16,EMECv20191114,10009255,16,TRUE,TRUE,TRUE,TRUE,TRUE,11/28/23
19.4753,39.9936,1986,1,16,2,10,37.34,4.5,16,EMECv20191114,10026498,16,TRUE,TRUE,TRUE,TRUE,FALSE,1/16/86
19.7,40.8,1969,12,28,22,2,36,4.57,16,EMECv20191114,10018316,16,FALSE,FALSE,TRUE,TRUE,FALSE,12/28/69
20.4,41.4,1966,6,29,0,49,35,4.67,16,EMECv20191114,10016649,16,FALSE,TRUE,TRUE,TRUE,FALSE,6/29/66
18.111,42.641,1603,8,4,0,0,0,4.72,16,SERA_histv1.1,10000940,nan,TRUE,TRUE,TRUE,TRUE,TRUE,1603-08-04
18.111,42.641,1481,2,14,23,0,0,4.78,16,SERA_histv1.1,10000468,nan,TRUE,TRUE,TRUE,TRUE,TRUE,1481-02-14
17.6,43.15,1901,7,22,8,28,16,4.81,16,EMECv20191114,10005856,16,TRUE,TRUE,TRUE,TRUE,TRUE,7/22/01
16.954,43.106,1962,1,21,2,51,32.4,4.81,16,EMECv20191114,10015402,16,FALSE,FALSE,FALSE,FALSE,FALSE,1/21/62
19.8,40.1,1966,8,9,3,34,15,4.97,16,EMECv20191114,10016705,16,FALSE,FALSE,TRUE,TRUE,FALSE,8/9/66
12.704,42.955,1799,9,9,10,30,0,5.11,16,SERA_histv1.1,10002660,nan,TRUE,TRUE,TRUE,TRUE,TRUE,1799-09-09
20.1,41.1,1921,10,21,2,6,10,5.16,16,EMECv20191114,10008954,16,FALSE,FALSE,TRUE,TRUE,FALSE,10/21/21
20,39.8,1956,1,4,12,20,39,5.16,16,EMECv20191114,10014082,16,FALSE,TRUE,TRUE,TRUE,FALSE,1/4/56
13.66,46.31,1998,4,12,10,55,31.6,5.35,16,EMECv20191114,10036290,16,TRUE,TRUE,TRUE,TRUE,TRUE,4/12/98
20,40.5,1920,11,25,8,38,36,5.36,16,EMECv20191114,10008811,16,FALSE,FALSE,TRUE,TRUE,FALSE,11/25/20
19.7,40.6,1939,8,9,3,30,24,5.36,16,EMECv20191114,10011561,16,FALSE,FALSE,TRUE,TRUE,TRUE,8/9/39
17.73,42.93,1984,5,13,12,45,0,5.4,16,EMECv20191114,10025725,16,TRUE,TRUE,TRUE,TRUE,FALSE,5/13/84
13.169,42.646,1916,11,16,6,35,0,5.5,16,EMECv20191114,10008231,nan,FALSE,TRUE,TRUE,FALSE,FALSE,11/16/16
19.9,40.5,1920,12,8,3,55,20,5.96,16,EMECv20191114,10008823,16,FALSE,FALSE,TRUE,TRUE,FALSE,12/8/20
14.949,37.215,1169,2,4,7,0,0,6.48,16,SERA_histv1.1,10000079,nan,TRUE,TRUE,TRUE,TRUE,TRUE,1169-02-04
15.187,40.821,2012,3,3,1,4,25.94,3.6,15.9,EMECv20191114,10057538,15.9,TRUE,TRUE,TRUE,TRUE,FALSE,3/3/12
15.888,39.959,1999,5,2,4,54,19.3,3.65,15.9,EMECv20191114,10037240,15.9,FALSE,FALSE,TRUE,TRUE,FALSE,5/2/99
7.866,43.909,1958,10,13,13,50,0,3.7,15.9,EMECv20191114,10014734,nan,TRUE,TRUE,TRUE,TRUE,TRUE,10/13/58
7.415,44.327,1895,3,18,13,38,0,3.97,15.9,SERA_histv1.1,10005257,nan,TRUE,TRUE,TRUE,TRUE,TRUE,1895-03-18
7.487,44.331,1502,5,15,0,0,0,4.11,15.9,SERA_histv1.1,10000521,nan,TRUE,TRUE,TRUE,TRUE,TRUE,1502-05-15
16.635,39.574,1846,9,11,0,0,0,4.2,15.9,SERA_histv1.1,10003437,nan,TRUE,TRUE,TRUE,TRUE,TRUE,1846-09-11
8.076,43.908,1909,5,27,6,10,0,4.34,15.9,EMECv20191114,10006984,nan,TRUE,TRUE,TRUE,TRUE,TRUE,5/27/09
7.581,43.781,1995,4,21,8,2,56.15,4.39,15.9,EMECv20191114,10031900,15.9,TRUE,TRUE,TRUE,TRUE,TRUE,4/21/95
15.218,40.786,1963,2,4,15,0,0,4.4,15.9,EMECv20191114,10015632,nan,FALSE,FALSE,TRUE,TRUE,TRUE,2/4/63
7.35,44.294,1893,1,2,7,55,0,4.49,15.9,SERA_histv1.1,10005116,nan,TRUE,TRUE,TRUE,TRUE,TRUE,1893-01-02
15.467,38.416,1895,3,9,22,4,0,4.7,15.9,SERA_histv1.1,10005254,nan,TRUE,TRUE,TRUE,TRUE,TRUE,1895-03-09
6.656,44.967,1884,11,27,22,15,0,5.27,15.9,SERA_histv1.1,10004723,nan,TRUE,TRUE,TRUE,TRUE,TRUE,1884-11-27
19.78,38.138,2010,1,29,12,47,43.9,3.73,15.8,EMECv20191114,10054473,15.8,TRUE,TRUE,TRUE,FALSE,FALSE,1/29/10
14.5,46.05,1835,5,10,0,15,0,3.87,15.8,SERA_histv1.1,10003216,15.8,TRUE,TRUE,TRUE,TRUE,TRUE,1835-05-10
14.5,46.05,1852,10,8,0,27,0,3.87,15.8,SERA_histv1.1,10003568,15.8,TRUE,TRUE,TRUE,TRUE,TRUE,1852-10-08
14.5,46.05,1868,10,7,10,55,0,3.87,15.8,SERA_histv1.1,10004112,15.8,TRUE,TRUE,TRUE,TRUE,TRUE,1868-10-07
15.646,36.67,2011,7,10,3,7,3.78,3.99,15.8,EMECv20191114,10056242,15.8,TRUE,TRUE,TRUE,TRUE,FALSE,7/10/11
8.506,44.166,1996,11,25,19,47,22.75,4.01,15.8,EMECv20191114,10034544,15.8,TRUE,TRUE,TRUE,TRUE,TRUE,11/25/96
11.201,45.748,1897,1,27,1,35,0,4.17,15.8,SERA_histv1.1,10005425,nan,TRUE,TRUE,TRUE,TRUE,TRUE,1897-01-27
7.275,45.151,1927,12,11,15,49,0,4.36,15.8,EMECv20191114,10009922,nan,TRUE,TRUE,TRUE,TRUE,TRUE,12/11/27
13.38,46.037,1746,10,8,0,0,0,4.43,15.8,SERA_histv1.1,10001908,nan,TRUE,TRUE,TRUE,TRUE,TRUE,1746-10-08
10.767,45.43,1891,6,15,0,0,0,4.67,15.8,SERA_histv1.1,10005042,nan,TRUE,TRUE,TRUE,TRUE,TRUE,1891-06-15
7.785,45.549,1912,5,31,21,40,0,4.71,15.8,EMECv20191114,10007533,nan,TRUE,TRUE,TRUE,TRUE,TRUE,5/31/12
10.246,45.655,1919,11,23,1,50,0,4.79,15.8,EMECv20191114,10008671,nan,TRUE,TRUE,TRUE,TRUE,FALSE,11/23/19
15.2,46,1878,8,21,6,0,0,4.93,15.8,SERA_histv1.1,10004447,15.8,TRUE,TRUE,TRUE,TRUE,TRUE,1878-08-21
10.123,45.563,1894,11,27,5,7,0,4.94,15.8,SERA_histv1.1,10005232,nan,TRUE,TRUE,TRUE,TRUE,TRUE,1894-11-27
7.262,44.823,1808,4,2,20,15,0,4.96,15.8,SERA_histv1.1,10002784,nan,TRUE,TRUE,TRUE,TRUE,TRUE,1808-04-02
10.499,44.768,1832,3,13,3,30,0,5.52,15.8,SERA_histv1.1,10003167,nan,TRUE,TRUE,TRUE,TRUE,TRUE,1832-03-13
7.249,44.838,1808,4,2,16,43,0,5.57,15.8,SERA_histv1.1,10002783,nan,TRUE,TRUE,TRUE,TRUE,TRUE,1808-04-02
13.4833,42.4653,2013,2,17,1,0,6.9,3.6,15.7,EMECv20191114,10058832,15.7,TRUE,TRUE,TRUE,TRUE,FALSE,2/17/13
9.54,44.297,1778,2,18,2,18,0,3.97,15.7,SERA_histv1.1,10002355,nan,TRUE,TRUE,TRUE,TRUE,TRUE,1778-02-18
15.424,44.313,1996,3,26,22,55,1,4.01,15.7,EMECv20191114,10033452,15.7,FALSE,FALSE,FALSE,FALSE,FALSE,3/26/96
14.195,37.706,1987,6,6,22,54,52.76,4.03,15.7,EMECv20191114,10027217,15.7,FALSE,TRUE,TRUE,TRUE,TRUE,6/6/87
15.854,41.705,1985,10,27,11,45,27.91,4.1,15.7,EMECv20191114,10026387,15.7,TRUE,TRUE,TRUE,TRUE,TRUE,10/27/85
13.671,41.905,2007,7,22,17,26,3.61,4.1,15.7,EMECv20191114,10049450,15.7,TRUE,TRUE,TRUE,TRUE,FALSE,7/22/07
13.363,42.092,1904,3,10,4,21,36,4.16,15.7,EMECv20191114,10006167,nan,FALSE,FALSE,TRUE,TRUE,TRUE,3/10/04
13.669,41.648,2009,8,6,15,36,44.44,4.23,15.7,EMECv20191114,10053759,15.7,TRUE,TRUE,TRUE,FALSE,FALSE,8/6/09
12.04,44.222,1778,6,11,0,0,0,4.43,15.7,SERA_histv1.1,10002365,nan,TRUE,TRUE,TRUE,TRUE,TRUE,1778-06-11
12.061,44.064,1953,12,14,7,11,6,4.7,15.7,EMECv20191114,10013616,nan,TRUE,TRUE,TRUE,TRUE,TRUE,12/14/53
12.917,44.167,1916,8,16,9,44,0,5.3,15.7,EMECv20191114,10008197,nan,FALSE,FALSE,FALSE,FALSE,FALSE,8/16/16
15.802,40.638,1273,12,18,0,0,0,5.8,15.7,SERA_histv1.1,10000136,nan,TRUE,TRUE,TRUE,TRUE,TRUE,1273-12-18
17.165,43.224,1962,1,11,5,33,5.4,3.81,15.5,EMECv20191114,10015374,15.5,FALSE,FALSE,FALSE,FALSE,FALSE,1/11/62
14.842,41.698,2002,10,31,13,3,48,4.16,15.5,EMECv20191114,10041411,15.5,FALSE,FALSE,FALSE,FALSE,FALSE,10/31/02
10.677,44.127,2014,9,7,10,45,1.23,4.4,15.4,EMECv20191114,10061023,15.4,TRUE,TRUE,TRUE,TRUE,TRUE,9/7/14
12.568,44.059,1473,2,2,0,0,0,4.43,15.4,SERA_histv1.1,10000451,nan,TRUE,TRUE,TRUE,TRUE,TRUE,1473-02-02
12.208,43.758,1987,7,5,13,12,37.46,4.44,15.4,EMECv20191114,10027251,15.4,TRUE,TRUE,TRUE,TRUE,TRUE,7/5/87
20.63,40.32,2004,11,23,2,26,16.4,5.48,15.4,EMECv20191114,10044310,15.4,TRUE,TRUE,TRUE,FALSE,FALSE,11/23/04
14.093,42.079,1933,9,26,3,33,29,5.9,15.4,EMECv20191114,10010892,nan,TRUE,TRUE,TRUE,TRUE,TRUE,9/26/33
14.367,45.767,1926,1,1,19,1,0,3.62,15.3,EMECv20191114,10009565,15.3,FALSE,FALSE,FALSE,FALSE,FALSE,1/1/26
14.25,45.833,1930,2,26,13,30,0,3.62,15.3,EMECv20191114,10010288,15.3,FALSE,FALSE,FALSE,FALSE,FALSE,2/26/30
14.42,45.73,1859,1,20,8,25,0,4.09,15.3,SERA_histv1.1,10003857,15.3,TRUE,TRUE,TRUE,TRUE,TRUE,1859-01-20
14.25,45.57,1870,3,27,23,22,0,4.09,15.3,SERA_histv1.1,10004185,15.3,TRUE,TRUE,TRUE,TRUE,TRUE,1870-03-27
14.82,46.08,1871,7,25,1,14,0,4.09,15.3,SERA_histv1.1,10004218,15.3,TRUE,TRUE,TRUE,TRUE,TRUE,1871-07-25
14.75,46.5,1958,3,19,16,3,54,5.25,15.3,EMECv20191114,10014610,15.3,TRUE,TRUE,TRUE,TRUE,TRUE,3/19/58
14.172,38.655,2003,9,24,11,5,56.93,3.66,15.2,EMECv20191114,10042717,15.2,FALSE,TRUE,TRUE,TRUE,FALSE,9/24/03
7.283,44.167,1933,10,25,2,26,0,3.7,15.2,EMECv20191114,10010902,nan,TRUE,TRUE,TRUE,TRUE,TRUE,10/25/33
7.784,43.838,1894,7,19,5,25,0,3.96,15.2,SERA_histv1.1,10005211,nan,TRUE,TRUE,TRUE,TRUE,TRUE,1894-07-19
7.275,44.361,2008,10,24,3,6,39.16,4.11,15.2,EMECv20191114,10052650,15.2,TRUE,TRUE,TRUE,TRUE,TRUE,10/24/08
15.601,38.147,1946,3,15,7,2,0,4.16,15.2,EMECv20191114,10012368,nan,TRUE,TRUE,TRUE,TRUE,TRUE,3/15/46
7.845,43.925,1897,10,12,0,0,0,4.3,15.2,SERA_histv1.1,10005508,nan,TRUE,TRUE,TRUE,TRUE,TRUE,1897-10-12
7.516,44.322,1901,4,20,9,35,5,4.31,15.2,EMECv20191114,10005828,nan,TRUE,TRUE,TRUE,TRUE,TRUE,4/20/01
7.173,44.308,1916,8,19,5,30,0,4.49,15.2,EMECv20191114,10008201,nan,TRUE,TRUE,TRUE,TRUE,TRUE,8/19/16
6.733,44.554,1884,11,23,16,15,0,4.5,15.2,SERA_histv1.1,10004721,nan,TRUE,TRUE,TRUE,TRUE,TRUE,1884-11-23
6.667,44.917,1904,7,12,5,31,0,4.5,15.2,EMECv20191114,10006237,nan,TRUE,TRUE,TRUE,TRUE,TRUE,7/12/04
15.461,40.308,1988,1,12,23,1,0.68,4.52,15.2,EMECv20191114,10027495,15.2,FALSE,TRUE,TRUE,TRUE,TRUE,1/12/88
7.613,43.949,1612,1,31,0,0,0,4.82,15.2,SERA_histv1.1,10000975,nan,TRUE,TRUE,TRUE,TRUE,TRUE,1612-01-31
7.874,43.9,1896,10,16,0,0,0,4.84,15.2,SERA_histv1.1,10005390,nan,TRUE,TRUE,TRUE,TRUE,TRUE,1896-10-16
16.331,39.22,1870,10,4,16,55,0,6.21,15.2,SERA_histv1.1,10004197,nan,TRUE,TRUE,TRUE,TRUE,TRUE,1870-10-04
14.68,36.877,2004,12,30,4,4,50.26,3.82,15.1,EMECv20191114,10044478,15.1,TRUE,TRUE,TRUE,TRUE,FALSE,12/30/04
10.716,44.501,1997,4,16,6,45,50.66,4.06,15.1,EMECv20191114,10034994,15.1,FALSE,FALSE,TRUE,TRUE,TRUE,4/16/97
10.199,44.18,1961,8,3,10,26,29,4.18,15.1,EMECv20191114,10015303,nan,TRUE,TRUE,TRUE,TRUE,TRUE,8/3/61
8.864,44.897,1780,8,4,0,0,0,4.2,15.1,SERA_histv1.1,10002405,nan,TRUE,TRUE,TRUE,TRUE,TRUE,1780-08-04
13.395,46.271,1983,2,10,22,30,34.2,4.32,15.1,EMECv20191114,10024897,15.1,TRUE,TRUE,TRUE,TRUE,FALSE,2/10/83
17.068,43.161,1962,1,13,4,47,59.1,4.6,15.1,EMECv20191114,10015388,15.1,FALSE,FALSE,FALSE,FALSE,FALSE,1/13/62
18.1,43.1,1883,1,24,6,58,0,5.14,15.1,SERA_histv1.1,10004655,nan,TRUE,TRUE,TRUE,TRUE,TRUE,1883-01-24
10.3,46.783,1879,7,19,1,0,0,3.5,15,SERA_histv1.1,10004476,nan,TRUE,TRUE,TRUE,TRUE,TRUE,1879-07-19
9.467,46.85,1888,5,21,8,30,0,3.5,15,SERA_histv1.1,10004921,nan,TRUE,TRUE,TRUE,TRUE,TRUE,1888-05-21
6.8,46.383,1900,5,18,0,24,0,3.5,15,EMECv20191114,10005738,nan,TRUE,TRUE,TRUE,TRUE,TRUE,5/18/00
9.467,46.783,1913,12,10,22,10,50,3.5,15,EMECv20191114,10007709,nan,FALSE,TRUE,TRUE,TRUE,TRUE,12/10/13
9.533,46.87,1913,12,30,22,10,0,3.5,15,EMECv20191114,10007715,nan,FALSE,FALSE,TRUE,TRUE,TRUE,12/30/13
9.2,46.333,1915,2,5,2,15,0,3.5,15,EMECv20191114,10007913,nan,TRUE,TRUE,TRUE,TRUE,TRUE,2/5/15
8.233,46.883,1919,3,1,15,22,0,3.5,15,EMECv20191114,10008565,nan,TRUE,TRUE,TRUE,TRUE,TRUE,3/1/19
9.833,46.75,1921,3,1,12,0,0,3.5,15,EMECv20191114,10008854,nan,FALSE,FALSE,TRUE,TRUE,TRUE,3/1/21
9.5,46.883,1949,8,23,9,22,15,3.5,15,EMECv20191114,10012794,nan,TRUE,TRUE,TRUE,TRUE,TRUE,8/23/49
17.9,43.1,1909,11,1,10,27,0,3.53,15,EMECv20191114,10007076,15,TRUE,TRUE,TRUE,TRUE,FALSE,11/1/09
18,43.1,1910,5,16,9,48,5,3.53,15,EMECv20191114,10007150,nan,TRUE,TRUE,TRUE,TRUE,FALSE,5/16/10
17.18,43.19,1963,10,29,22,41,10,3.53,15,EMECv20191114,10015787,15,TRUE,TRUE,TRUE,TRUE,TRUE,10/29/63
19.213,42.123,1979,4,17,18,10,40.3,3.55,15,EMECv20191114,10022508,15,FALSE,FALSE,FALSE,FALSE,FALSE,4/17/79
19.226,42.024,1979,4,19,2,48,29.8,3.55,15,EMECv20191114,10022518,15,FALSE,FALSE,FALSE,FALSE,FALSE,4/19/79
19.255,41.917,1979,4,19,10,51,4.2,3.55,15,EMECv20191114,10022522,15,FALSE,FALSE,FALSE,FALSE,FALSE,4/19/79
19.066,42.398,1979,5,30,22,34,45,3.55,15,EMECv20191114,10022634,15,FALSE,FALSE,FALSE,FALSE,FALSE,5/30/79
19.343,42.14,1979,6,20,7,44,44.4,3.55,15,EMECv20191114,10022684,15,FALSE,FALSE,FALSE,FALSE,FALSE,6/20/79
19.296,41.961,1979,11,7,11,41,56.7,3.55,15,EMECv20191114,10022893,15,FALSE,FALSE,FALSE,FALSE,FALSE,11/7/79
20.0636,40.2877,2003,3,27,4,40,49.4,3.55,15,EMECv20191114,10041815,15,FALSE,FALSE,TRUE,FALSE,FALSE,3/27/03
20.0115,40.0033,2008,8,4,13,43,0,3.55,15,EMECv20191114,10052290,15,FALSE,TRUE,TRUE,FALSE,FALSE,8/4/08
19.56,40.4193,2009,1,31,12,19,42.3,3.55,15,EMECv20191114,10053013,15,TRUE,TRUE,TRUE,TRUE,FALSE,1/31/09
11.071,46.939,1984,5,2,10,28,17,3.62,15,EMECv20191114,10025695,nan,TRUE,TRUE,TRUE,TRUE,TRUE,5/2/84
20.14,39.02,1995,5,10,21,49,30.07,3.64,15,EMECv20191114,10031949,15,FALSE,FALSE,TRUE,TRUE,FALSE,5/10/95
20.14,38.96,1995,5,10,22,15,33.56,3.64,15,EMECv20191114,10031950,15,FALSE,TRUE,TRUE,TRUE,FALSE,5/10/95
17.9595,42.8356,1996,9,5,21,55,31.6,3.65,15,EMECv20191114,10034065,15,FALSE,FALSE,TRUE,TRUE,FALSE,9/5/96
19.9486,40.0773,2000,10,10,7,49,46.9,3.65,15,EMECv20191114,10039121,15,FALSE,TRUE,TRUE,TRUE,FALSE,10/10/00
19.6718,41.5085,2001,12,8,20,11,9.7,3.65,15,EMECv20191114,10040468,15,TRUE,TRUE,TRUE,FALSE,FALSE,12/8/01
19.6651,40.1995,2003,5,28,10,3,58,3.65,15,EMECv20191114,10042188,15,TRUE,FALSE,TRUE,FALSE,FALSE,5/28/03
20.1996,41.2522,2004,6,19,21,44,54.4,3.65,15,EMECv20191114,10043620,15,FALSE,TRUE,TRUE,FALSE,FALSE,6/19/04
19.4887,41.1105,2009,9,16,20,33,33.6,3.65,15,EMECv20191114,10053924,15,FALSE,FALSE,TRUE,FALSE,FALSE,9/16/09
13.868,46.104,2014,5,29,7,24,18.1,3.65,15,EMECv20191114,10060707,15,TRUE,TRUE,TRUE,TRUE,TRUE,5/29/14
20.02,41.45,2012,10,30,10,47,2.1,3.66,15,EMECv20191114,10058479,15,FALSE,FALSE,TRUE,FALSE,FALSE,10/30/12
10.237,46.858,1990,5,16,12,32,27,3.67,15,EMECv20191114,10028818,15,TRUE,TRUE,TRUE,TRUE,TRUE,5/16/90
18.7,42.7,1906,7,4,10,14,15,3.7,15,EMECv20191114,10006532,15,FALSE,FALSE,TRUE,TRUE,FALSE,7/4/06
17.8,42.3,1927,1,15,22,32,0,3.72,15,EMECv20191114,10009761,15,TRUE,TRUE,TRUE,TRUE,FALSE,1/15/27
19.03,42,1979,4,16,14,30,51.9,3.72,15,EMECv20191114,10022501,15,FALSE,FALSE,FALSE,FALSE,FALSE,4/16/79
20.078,39.367,2007,7,10,6,5,44.18,3.73,15,EMECv20191114,10049357,15,FALSE,FALSE,FALSE,FALSE,FALSE,7/10/07
19.167,41.912,1979,5,3,16,39,46.5,3.74,15,EMECv20191114,10022568,15,FALSE,FALSE,FALSE,FALSE,FALSE,5/3/79
20.1296,41.0701,2003,5,20,20,52,35.1,3.74,15,EMECv20191114,10042038,15,FALSE,TRUE,TRUE,FALSE,FALSE,5/20/03
20.5564,40.3251,2004,11,23,2,59,18.5,3.74,15,EMECv20191114,10044311,15,FALSE,FALSE,FALSE,FALSE,FALSE,11/23/04
19.656,40.093,2006,8,8,2,10,4.1,3.74,15,EMECv20191114,10047394,15,FALSE,FALSE,TRUE,FALSE,FALSE,8/8/06
19.9171,40.1274,2006,8,8,10,30,20.4,3.74,15,EMECv20191114,10047400,15,FALSE,FALSE,FALSE,FALSE,FALSE,8/8/06
20.6965,40.1783,2007,8,16,8,19,16.5,3.74,15,EMECv20191114,10049647,15,FALSE,FALSE,TRUE,FALSE,FALSE,8/16/07
20.358,41.411,2011,7,11,16,34,57.9,3.74,15,EMECv20191114,10056252,15,TRUE,TRUE,TRUE,FALSE,FALSE,7/11/11
9.016,44.834,2012,2,29,15,34,58.35,3.78,15,EMECv20191114,10057532,15,FALSE,TRUE,TRUE,TRUE,FALSE,2/29/12
9.677,46.777,1872,8,1,0,0,0,3.79,15,SERA_histv1.1,10004249,nan,TRUE,TRUE,TRUE,TRUE,TRUE,1872-08-01
19.2307,41.8607,2011,12,24,8,21,58.7,3.79,15,EMECv20191114,10057289,15,FALSE,FALSE,TRUE,TRUE,FALSE,12/24/11
7.636,46.637,1970,7,21,11,24,35,3.8,15,EMECv20191114,10018838,nan,TRUE,TRUE,TRUE,TRUE,TRUE,7/21/70
17.3,43.2,1921,11,18,20,47,18,3.81,15,EMECv20191114,10008968,nan,TRUE,TRUE,TRUE,TRUE,FALSE,11/18/21
17.83,43.15,1966,10,20,4,58,28,3.81,15,EMECv20191114,10016808,15,TRUE,TRUE,TRUE,TRUE,TRUE,10/20/66
19.824,38.314,2003,8,26,20,33,58.73,3.82,15,EMECv20191114,10042628,15,FALSE,TRUE,TRUE,FALSE,FALSE,8/26/03
19.291,42.12,1994,10,14,9,12,26.9,3.83,15,EMECv20191114,10031517,15,TRUE,TRUE,TRUE,TRUE,FALSE,10/14/94
19.55,40.32,2007,7,9,1,54,32.7,3.83,15,EMECv20191114,10049339,15,FALSE,TRUE,TRUE,FALSE,FALSE,7/9/07
15.3727,43.2448,2007,9,28,6,59,24.3,3.83,15,EMECv20191114,10049899,15,TRUE,TRUE,TRUE,TRUE,FALSE,9/28/07
20.55,40.14,2008,1,2,4,54,42.3,3.83,15,EMECv20191114,10050468,15,FALSE,FALSE,TRUE,FALSE,FALSE,1/2/08
9.45,46.75,1595,2,8,23,0,0,3.9,15,SERA_histv1.1,10000896,nan,TRUE,TRUE,TRUE,TRUE,TRUE,1595-02-08
10.35,46.883,1724,6,1,0,0,0,3.9,15,SERA_histv1.1,10001718,nan,TRUE,TRUE,TRUE,TRUE,TRUE,1724-06-01
7.383,46.233,1802,12,26,0,0,0,3.9,15,SERA_histv1.1,10002686,nan,TRUE,TRUE,TRUE,TRUE,TRUE,1802-12-26
13.73,46.42,2002,9,30,2,48,0,3.9,15,EMECv20191114,10041292,15,TRUE,TRUE,TRUE,TRUE,FALSE,9/30/02
16.9,43.2,1908,7,10,23,37,0,3.91,15,EMECv20191114,10006817,15,FALSE,TRUE,TRUE,TRUE,FALSE,7/10/08
11.167,44.853,1970,11,2,8,42,12,3.93,15,EMECv20191114,10018969,nan,TRUE,TRUE,TRUE,TRUE,TRUE,11/2/70
14.198,45.779,2010,1,15,14,20,54,3.93,15,EMECv20191114,10054373,15,TRUE,TRUE,TRUE,TRUE,TRUE,1/15/10
9.817,46.512,1871,3,15,6,0,0,3.94,15,SERA_histv1.1,10004211,nan,TRUE,TRUE,TRUE,TRUE,TRUE,1871-03-15
15.4774,43.1031,2003,4,30,14,12,11.4,3.95,15,EMECv20191114,10041959,15,FALSE,FALSE,FALSE,FALSE,FALSE,4/30/03
12.72,42.44,2011,7,13,9,55,12,3.96,15,EMECv20191114,10056260,15,TRUE,TRUE,TRUE,TRUE,FALSE,7/13/11
20.23,39.25,1995,5,2,15,52,16.56,4,15,EMECv20191114,10031919,15,FALSE,TRUE,TRUE,TRUE,FALSE,5/2/95
10.69,47.34,1997,6,5,20,22,0,4,15,EMECv20191114,10035203,15,TRUE,TRUE,TRUE,TRUE,TRUE,6/5/97
20.6,39.77,2007,7,26,9,3,59,4,15,EMECv20191114,10049478,15,FALSE,FALSE,TRUE,FALSE,FALSE,7/26/07
11.86,43.93,2011,7,12,19,20,57,4.01,15,EMECv20191114,10056257,15,FALSE,FALSE,TRUE,TRUE,FALSE,7/12/11
17.5,42.5,1921,11,21,11,37,30,4.1,15,EMECv20191114,10008969,15,TRUE,TRUE,TRUE,TRUE,FALSE,11/21/21
10.52,46.687,1983,7,31,20,52,56,4.1,15,EMECv20191114,10025215,nan,TRUE,TRUE,TRUE,TRUE,TRUE,7/31/83
14.7066,45.3245,2005,3,9,14,46,58.4,4.11,15,EMECv20191114,10044790,15,TRUE,TRUE,TRUE,TRUE,TRUE,3/9/05
17.8,42.3,1917,2,23,17,57,33,4.2,15,EMECv20191114,10008290,15,TRUE,TRUE,TRUE,TRUE,TRUE,2/23/17
14.2,44,1949,1,4,8,58,0,4.2,15,EMECv20191114,10012700,nan,TRUE,TRUE,TRUE,TRUE,TRUE,1/4/49
15.17,44.26,1963,2,14,13,18,53.5,4.2,15,EMECv20191114,10015638,15,TRUE,TRUE,TRUE,TRUE,TRUE,2/14/63
15.3596,44.5351,2006,10,31,14,45,42.2,4.21,15,EMECv20191114,10047741,15,FALSE,TRUE,TRUE,TRUE,FALSE,10/31/06
19.53,41.52,2014,3,8,17,32,49.77,4.25,15,EMECv20191114,10060403,15,FALSE,FALSE,TRUE,FALSE,FALSE,3/8/14
18.111,42.641,1496,11,28,11,30,0,4.3,15,SERA_histv1.1,10000505,nan,TRUE,TRUE,TRUE,TRUE,TRUE,1496-11-28
19.8359,40.2887,2006,8,7,14,0,9,4.3,15,EMECv20191114,10047392,15,FALSE,FALSE,TRUE,FALSE,FALSE,8/7/06
20.6955,40.8234,2009,10,10,0,28,39,4.3,15,EMECv20191114,10054043,15,TRUE,TRUE,TRUE,FALSE,FALSE,10/10/09
12.15,43.611,1997,10,2,21,38,42.65,4.34,15,EMECv20191114,10035571,15,FALSE,FALSE,TRUE,FALSE,FALSE,10/2/97
20.26,39.45,1995,6,5,5,20,19,4.4,15,EMECv20191114,10032167,15,TRUE,TRUE,TRUE,FALSE,FALSE,6/5/95
12.141,43.57,1456,12,9,0,0,0,4.43,15,SERA_histv1.1,10000411,nan,TRUE,TRUE,TRUE,TRUE,TRUE,1456-12-09
13.322,42.613,1960,3,16,1,52,48,4.44,15,EMECv20191114,10015055,nan,TRUE,TRUE,TRUE,TRUE,TRUE,3/16/60
19.5685,39.5465,1981,2,11,11,40,13.68,4.5,15,EMECv20191114,10023601,15,FALSE,TRUE,TRUE,TRUE,FALSE,2/11/81
19.5603,40.3652,1982,5,3,0,55,55.91,4.5,15,EMECv20191114,10024382,15,FALSE,TRUE,TRUE,FALSE,FALSE,5/3/82
9.61,46.704,1813,9,22,1,30,0,4.53,15,SERA_histv1.1,10002860,nan,TRUE,TRUE,TRUE,TRUE,TRUE,1813-09-22
10.546,46.617,1924,5,21,15,32,0,4.58,15,EMECv20191114,10009332,nan,TRUE,TRUE,TRUE,TRUE,TRUE,5/21/24
10.05,40.958,2004,12,18,9,12,46.57,4.58,15,EMECv20191114,10044425,15,TRUE,TRUE,TRUE,TRUE,TRUE,12/18/04
9.78,46.46,1917,12,9,21,40,0,4.6,15,EMECv20191114,10008399,15,TRUE,TRUE,TRUE,TRUE,TRUE,12/9/17
20.4396,39.9306,2002,10,8,9,46,3.35,4.6,15,EMECv20191114,10041335,15,FALSE,FALSE,TRUE,FALSE,FALSE,10/8/02
9.48,46.81,1905,12,25,17,5,0,4.7,15,EMECv20191114,10006455,nan,TRUE,TRUE,TRUE,TRUE,TRUE,12/25/05
9.559,45.085,1276,7,29,18,30,0,4.77,15,SERA_histv1.1,10000140,nan,TRUE,TRUE,TRUE,TRUE,TRUE,1276-07-29
15.6,43.9,1901,8,10,20,49,2,4.77,15,EMECv20191114,10005861,15,TRUE,TRUE,TRUE,TRUE,TRUE,8/10/01
6.1,45.93,1996,7,15,0,13,30.3,4.9,15,EMECv20191114,10033833,nan,TRUE,TRUE,TRUE,TRUE,TRUE,7/15/96
15.71,43.7,1923,9,26,1,18,46,5.01,15,EMECv20191114,10009223,15,TRUE,TRUE,TRUE,TRUE,TRUE,9/26/23
20.1,40.1,1922,1,12,10,42,0,5.07,15,EMECv20191114,10008980,15,FALSE,FALSE,TRUE,TRUE,FALSE,1/12/22
19.7,41.1,1941,6,24,15,15,47,5.07,15,EMECv20191114,10011831,15,TRUE,TRUE,TRUE,TRUE,TRUE,6/24/41
16,43,1850,2,14,1,0,0,5.14,15,SERA_histv1.1,10003495,nan,TRUE,TRUE,TRUE,TRUE,TRUE,1850-02-14
20.3,41.3,1936,1,29,15,55,33,5.16,15,EMECv20191114,10011153,15,FALSE,FALSE,TRUE,TRUE,TRUE,1/29/36
14.191,38.505,1957,5,20,19,57,38.05,5.19,15,EMECv20191114,10014386,15,FALSE,FALSE,TRUE,TRUE,TRUE,5/20/57
20,40.2,1963,2,22,14,12,51,5.26,15,EMECv20191114,10015651,15,FALSE,TRUE,TRUE,TRUE,FALSE,2/22/63
14.17,38.726,1957,5,21,11,44,4,5.3,15,EMECv20191114,10014387,15,TRUE,TRUE,TRUE,TRUE,TRUE,5/21/57
18.038,42.676,1639,7,28,16,30,0,5.35,15,SERA_histv1.1,10001108,nan,TRUE,TRUE,TRUE,TRUE,TRUE,1639-07-28
19.557,42.014,1855,7,3,1,30,0,5.65,15,SERA_histv1.1,10003647,nan,TRUE,TRUE,TRUE,TRUE,TRUE,1855-07-03
20.1,41.1,1920,12,18,2,1,20,5.66,15,EMECv20191114,10008828,15,TRUE,TRUE,TRUE,TRUE,FALSE,12/18/20
19.92,39.624,1651,2,26,0,0,0,5.92,15,SERA_histv1.1,10001204,nan,TRUE,TRUE,TRUE,TRUE,TRUE,1651-02-26
20.091,41.119,1843,9,5,0,0,0,6.18,15,SERA_histv1.1,10003372,nan,TRUE,TRUE,TRUE,TRUE,TRUE,1843-09-05
13.369,42.444,2009,6,23,0,41,56.18,3.7,14.9,EMECv20191114,10053567,14.9,FALSE,FALSE,FALSE,FALSE,FALSE,6/23/09
12.599,43.198,1982,10,19,1,22,54,4.26,14.9,EMECv20191114,10024610,nan,FALSE,FALSE,TRUE,TRUE,TRUE,10/19/82
14.45,45.52,1899,10,7,3,15,0,3.87,14.8,SERA_histv1.1,10005689,14.8,TRUE,TRUE,TRUE,TRUE,TRUE,1899-10-07
17.758,42.983,1994,11,5,3,56,8.4,3.53,14.7,EMECv20191114,10031551,14.7,TRUE,TRUE,TRUE,TRUE,FALSE,11/5/94
16.922,39.58,2011,12,27,1,7,45.36,3.67,14.7,EMECv20191114,10057294,14.7,TRUE,TRUE,TRUE,TRUE,FALSE,12/27/11
13.983,41.405,1921,8,23,22,36,5,3.7,14.7,EMECv20191114,10008927,nan,TRUE,TRUE,TRUE,TRUE,TRUE,8/23/21
16.941,42.668,2000,6,16,3,33,22.9,4.1,14.7,EMECv20191114,10038725,14.7,TRUE,TRUE,TRUE,TRUE,FALSE,6/16/00
17,42,1848,8,3,0,5,0,5.14,14.7,SERA_histv1.1,10003470,nan,TRUE,TRUE,TRUE,TRUE,TRUE,1848-08-03
18.832,39.673,1985,9,19,4,54,26.15,3.99,14.6,EMECv20191114,10026347,14.6,TRUE,TRUE,TRUE,TRUE,FALSE,9/19/85
15.408,38.174,1898,9,17,14,26,0,4.07,14.6,SERA_histv1.1,10005602,nan,TRUE,TRUE,TRUE,TRUE,TRUE,1898-09-17
14.13,46.16,1978,12,17,3,48,11.1,4.2,14.6,EMECv20191114,10022331,nan,TRUE,TRUE,TRUE,TRUE,FALSE,12/17/78
13.278,46.386,1976,5,6,20,25,1.5,4.35,14.6,EMECv20191114,10021168,14.6,FALSE,FALSE,TRUE,TRUE,TRUE,5/6/76
15.647,38.108,1811,8,1,19,0,0,4.43,14.6,SERA_histv1.1,10002828,nan,TRUE,TRUE,TRUE,TRUE,TRUE,1811-08-01
16.96,39.129,1990,1,24,4,45,4.02,4.43,14.6,EMECv20191114,10028646,14.6,TRUE,TRUE,TRUE,TRUE,TRUE,1/24/90
14.862,45.152,1986,3,27,7,25,25.8,3.62,14.5,EMECv20191114,10026601,14.5,FALSE,FALSE,TRUE,TRUE,TRUE,3/27/86
14.5,46.05,1852,6,21,1,58,0,3.66,14.5,SERA_histv1.1,10003559,14.5,TRUE,TRUE,TRUE,TRUE,TRUE,1852-06-21
14.5,46.05,1857,3,9,22,54,0,3.66,14.5,SERA_histv1.1,10003780,14.5,TRUE,TRUE,TRUE,TRUE,TRUE,1857-03-09
13.359,42.436,2009,4,18,9,5,56.28,3.8,14.5,EMECv20191114,10053298,14.5,FALSE,FALSE,FALSE,FALSE,FALSE,4/18/09
14.736,39.381,2010,1,9,14,24,37.42,3.89,14.5,EMECv20191114,10054360,14.5,TRUE,TRUE,TRUE,TRUE,FALSE,1/9/10
13.013,42.718,1915,9,16,2,58,48,3.93,14.5,EMECv20191114,10008056,nan,FALSE,TRUE,TRUE,FALSE,FALSE,9/16/15
15.284,40.711,2002,7,8,8,12,1.87,4.06,14.5,EMECv20191114,10041063,14.5,FALSE,TRUE,TRUE,TRUE,TRUE,7/8/02
12.559,43.655,1685,1,1,0,0,0,4.08,14.5,SERA_histv1.1,10001398,nan,TRUE,TRUE,TRUE,TRUE,TRUE,1685-01-01
12.737,42.736,1909,10,1,1,8,0,4.4,14.5,EMECv20191114,10007059,nan,TRUE,TRUE,TRUE,TRUE,TRUE,10/1/09
12.079,44.004,1952,12,2,6,13,22,4.42,14.5,EMECv20191114,10013290,nan,FALSE,TRUE,TRUE,TRUE,TRUE,12/2/52
15.12,45.93,1912,4,20,1,5,0,4.5,14.5,EMECv20191114,10007506,nan,TRUE,TRUE,TRUE,TRUE,TRUE,4/20/12
12.872,43.093,1279,4,30,18,0,0,6.23,14.5,SERA_histv1.1,10000143,nan,TRUE,TRUE,TRUE,TRUE,TRUE,1279-04-30
15.324,40.757,1999,4,5,7,51,58.33,3.99,14.4,EMECv20191114,10037176,14.4,TRUE,TRUE,TRUE,TRUE,FALSE,4/5/99
15.522,43.845,1996,1,16,9,44,13.7,4.01,14.4,EMECv20191114,10033075,14.4,TRUE,TRUE,TRUE,TRUE,FALSE,1/16/96
15.601,38.147,1711,3,14,0,0,0,4.2,14.4,SERA_histv1.1,10001630,nan,TRUE,TRUE,TRUE,TRUE,TRUE,1711-03-14
16.103,38.673,1783,11,20,11,58,0,4.2,14.4,SERA_histv1.1,10002470,nan,TRUE,TRUE,TRUE,TRUE,TRUE,1783-11-20
19.716,41.392,2008,5,19,21,28,51.9,4.55,14.4,EMECv20191114,10051446,14.4,TRUE,TRUE,TRUE,FALSE,FALSE,5/19/08
14.974,38.376,2010,8,16,12,54,47.89,4.68,14.4,EMECv20191114,10055168,14.4,TRUE,TRUE,TRUE,TRUE,FALSE,8/16/10
7.317,43.722,1859,6,21,13,0,0,3.61,14.3,SERA_histv1.1,10003868,nan,TRUE,TRUE,TRUE,TRUE,TRUE,1859-06-21
16.275,36.961,2000,8,18,11,22,11.68,4.06,14.3,EMECv20191114,10038956,14.3,TRUE,TRUE,TRUE,TRUE,TRUE,8/18/00
7.755,43.574,1990,4,15,7,50,35.27,4.11,14.3,EMECv20191114,10028761,14.3,FALSE,TRUE,TRUE,TRUE,TRUE,4/15/90
17.021,43.215,1962,1,13,13,1,23.6,4.2,14.3,EMECv20191114,10015390,14.3,FALSE,FALSE,FALSE,FALSE,FALSE,1/13/62
14.433,46.15,1913,4,7,6,17,0,3.58,14.2,EMECv20191114,10007632,14.2,FALSE,FALSE,TRUE,TRUE,TRUE,4/7/13
13.98,46.13,1896,10,12,3,0,0,3.87,14.2,SERA_histv1.1,10005389,14.2,TRUE,TRUE,TRUE,TRUE,TRUE,1896-10-12
16.517,39.699,1995,8,8,7,53,44.72,4.31,14.2,EMECv20191114,10032383,14.2,TRUE,TRUE,TRUE,TRUE,TRUE,8/8/95
15.778,41.702,1992,11,5,13,34,27.86,4.34,14.2,EMECv20191114,10030233,14.2,TRUE,TRUE,TRUE,TRUE,TRUE,11/5/92
13.019,46.398,1889,6,25,1,29,0,4.43,14.2,SERA_histv1.1,10004967,nan,TRUE,TRUE,TRUE,TRUE,TRUE,1889-06-25
14.5,46.1,1895,4,15,3,11,0,4.51,14.2,SERA_histv1.1,10005272,14.2,TRUE,TRUE,TRUE,TRUE,TRUE,1895-04-15
15.567,41.835,1864,12,28,12,0,0,4.65,14.2,SERA_histv1.1,10004005,nan,TRUE,TRUE,TRUE,TRUE,TRUE,1864-12-28
16.366,40.57,1956,1,9,0,44,0,4.72,14.2,EMECv20191114,10014087,nan,TRUE,TRUE,TRUE,TRUE,TRUE,1/9/56
16.588,39.54,1824,12,11,0,0,0,5.34,14.2,SERA_histv1.1,10003023,nan,TRUE,TRUE,TRUE,TRUE,TRUE,1824-12-11
14.716,41.513,1913,10,4,18,26,0,5.35,14.2,EMECv20191114,10007685,nan,TRUE,TRUE,TRUE,TRUE,TRUE,10/4/13
16.559,37.385,2001,12,2,4,8,54.23,3.51,14.1,EMECv20191114,10040452,14.1,TRUE,TRUE,TRUE,TRUE,TRUE,12/2/01
16.296,43.42,1991,4,26,22,35,11,3.62,14.1,EMECv20191114,10029303,14.1,FALSE,TRUE,TRUE,TRUE,FALSE,4/26/91
16.4077,40.4552,2014,8,12,20,15,34.27,3.7,14.1,EMECv20191114,10060931,14.1,TRUE,TRUE,TRUE,TRUE,TRUE,8/12/14
15,46,1933,11,23,4,25,0,3.9,14.1,EMECv20191114,10010909,14.1,TRUE,TRUE,TRUE,TRUE,FALSE,11/23/33
12.688,42.735,1990,9,12,2,59,44.87,4.12,14.1,EMECv20191114,10029004,14.1,TRUE,TRUE,TRUE,TRUE,FALSE,9/12/90
12.785,45.751,1529,4,14,0,0,0,4.2,14.1,SERA_histv1.1,10000624,nan,TRUE,TRUE,TRUE,TRUE,TRUE,1529-04-14
10.544,44.753,1831,9,11,18,15,0,5.48,14.1,SERA_histv1.1,10003151,nan,TRUE,TRUE,TRUE,TRUE,TRUE,1831-09-11
16.913,43.225,1962,1,11,5,5,1,5.87,14.1,EMECv20191114,10015373,14.1,TRUE,TRUE,TRUE,TRUE,TRUE,1/11/62
19.93,41.39,2012,6,25,5,0,24.42,3.51,14,EMECv20191114,10058088,14,FALSE,FALSE,TRUE,FALSE,FALSE,6/25/12
19.82,40.9,2013,6,27,3,6,11.89,3.51,14,EMECv20191114,10059299,14,FALSE,FALSE,TRUE,FALSE,FALSE,6/27/13
16.04,42.9,1962,6,4,5,31,29,3.53,14,EMECv20191114,10015502,14,TRUE,TRUE,TRUE,TRUE,FALSE,6/4/62
19.041,41.961,1979,4,16,1,22,54.7,3.55,14,EMECv20191114,10022491,14,FALSE,FALSE,FALSE,FALSE,FALSE,4/16/79
19.234,41.879,1979,4,24,6,9,57.9,3.55,14,EMECv20191114,10022544,14,FALSE,FALSE,FALSE,FALSE,FALSE,4/24/79
19.602,41.3864,2009,6,14,5,12,51.1,3.55,14,EMECv20191114,10053522,14,FALSE,TRUE,TRUE,FALSE,FALSE,6/14/09
19.467,41.779,2009,6,24,3,28,55.4,3.55,14,EMECv20191114,10053573,14,FALSE,TRUE,TRUE,FALSE,FALSE,6/24/09
20.3986,41.439,2009,9,7,13,42,31.3,3.55,14,EMECv20191114,10053865,14,FALSE,FALSE,FALSE,FALSE,FALSE,9/7/09
17.81,43.15,1966,7,28,1,59,17,3.62,14,EMECv20191114,10016688,14,FALSE,FALSE,TRUE,TRUE,TRUE,7/28/66
20.056,40.419,2009,12,4,11,50,4.5,3.65,14,EMECv20191114,10054220,14,FALSE,FALSE,TRUE,FALSE,FALSE,12/4/09
14.41,45.5,1909,10,11,15,0,41,3.72,14,EMECv20191114,10007067,14,FALSE,TRUE,TRUE,TRUE,TRUE,10/11/09
18.83,42.15,1979,5,25,11,45,16.1,3.72,14,EMECv20191114,10022617,nan,FALSE,FALSE,FALSE,FALSE,FALSE,5/25/79
11.65,47.33,2010,10,19,0,38,0,3.72,14,EMECv20191114,10055357,14,TRUE,TRUE,TRUE,TRUE,TRUE,10/19/10
19.29,42.08,1976,11,22,21,28,18,3.74,14,EMECv20191114,10021434,14,TRUE,TRUE,TRUE,TRUE,TRUE,11/22/76
18.895,41.976,1979,4,18,0,37,20.7,3.74,14,EMECv20191114,10022510,14,FALSE,FALSE,FALSE,FALSE,FALSE,4/18/79
14.89,44.85,1937,1,29,17,27,22.5,3.81,14,EMECv20191114,10011309,14,TRUE,TRUE,TRUE,TRUE,TRUE,1/29/37
14.9,46.5,1972,5,28,6,9,25,3.9,14,EMECv20191114,10019605,14,TRUE,TRUE,TRUE,TRUE,TRUE,5/28/72
19.21,42,1979,4,15,20,49,46.8,3.91,14,EMECv20191114,10022489,14,FALSE,FALSE,FALSE,FALSE,FALSE,4/15/79
13.594,46.136,1929,10,3,17,5,14,4.06,14,EMECv20191114,10010238,nan,TRUE,TRUE,TRUE,TRUE,TRUE,10/3/29
20.138,39.049,2006,1,8,1,16,27.19,4.09,14,EMECv20191114,10046382,14,FALSE,TRUE,TRUE,FALSE,FALSE,1/8/06
19.56,40.75,2013,10,6,5,27,22.32,4.1,14,EMECv20191114,10059657,14,FALSE,TRUE,TRUE,FALSE,FALSE,10/6/13
10.824,45.126,1920,10,6,22,47,0,4.14,14,EMECv20191114,10008788,nan,TRUE,TRUE,TRUE,TRUE,FALSE,10/6/20
12.894,46.264,1991,6,11,8,5,53.7,4.14,14,EMECv20191114,10029536,14,TRUE,TRUE,TRUE,TRUE,TRUE,6/11/91
10.854,45.676,1876,4,29,13,15,0,4.2,14,SERA_histv1.1,10004360,nan,TRUE,TRUE,TRUE,TRUE,TRUE,1876-04-29
11.44,45.404,1899,11,15,23,40,0,4.31,14,SERA_histv1.1,10005697,nan,TRUE,TRUE,TRUE,TRUE,TRUE,1899-11-15
7.245,44.808,1611,1,15,0,0,0,4.35,14,SERA_histv1.1,10000972,nan,TRUE,TRUE,TRUE,TRUE,TRUE,1611-01-15
13.029,42.813,1980,3,16,1,4,27.34,4.35,14,EMECv20191114,10023039,14,FALSE,FALSE,TRUE,TRUE,TRUE,3/16/80
8.898,44.419,1217,1,8,0,0,0,4.43,14,SERA_histv1.1,10000104,nan,TRUE,TRUE,TRUE,TRUE,TRUE,1217-01-08
16.358,39.289,2014,12,28,21,43,38.1,4.55,14,EMECv20191114,10061428,14,TRUE,TRUE,TRUE,TRUE,TRUE,12/28/14
18.111,42.641,1504,11,7,17,30,0,4.62,14,SERA_histv1.1,10000529,nan,TRUE,TRUE,TRUE,TRUE,TRUE,1504-11-07
11.92,45.736,1861,5,19,0,0,0,4.65,14,SERA_histv1.1,10003910,nan,TRUE,TRUE,TRUE,TRUE,TRUE,1861-05-19
14.205,37.796,1888,9,26,3,30,0,4.65,14,SERA_histv1.1,10004935,nan,TRUE,TRUE,TRUE,TRUE,TRUE,1888-09-26
19.156,41.88,2003,12,6,0,18,55.1,4.75,14,EMECv20191114,10042902,14,TRUE,TRUE,TRUE,TRUE,FALSE,12/6/03
19.5611,40.0611,2002,11,17,18,24,58.61,4.8,14,EMECv20191114,10041493,14,TRUE,TRUE,TRUE,FALSE,FALSE,11/17/02
20.3,41.4,1967,12,29,19,49,23,4.87,14,EMECv20191114,10017329,14,FALSE,FALSE,TRUE,FALSE,FALSE,12/29/67
9.671,45.694,1606,8,22,0,0,0,4.88,14,SERA_histv1.1,10000952,nan,TRUE,TRUE,TRUE,TRUE,TRUE,1606-08-22
16.6,43.19,1937,7,20,7,1,23,4.91,14,EMECv20191114,10011345,14,TRUE,TRUE,TRUE,TRUE,TRUE,7/20/37
8.13,43.56,1963,7,27,5,58,22,4.98,14,EMECv20191114,10015737,14,FALSE,FALSE,TRUE,TRUE,TRUE,7/27/63
11.914,45.801,1919,7,12,12,6,0,5.03,14,EMECv20191114,10008590,nan,TRUE,TRUE,TRUE,TRUE,FALSE,7/12/19
19.9,40.2,1931,1,11,19,19,43,5.07,14,EMECv20191114,10010454,14,FALSE,FALSE,TRUE,TRUE,TRUE,1/11/31
20,41.08,1977,12,3,5,39,31,5.07,14,EMECv20191114,10021886,14,TRUE,TRUE,TRUE,TRUE,FALSE,12/3/77
15.64,43.7,1941,7,7,22,43,39,5.12,14,EMECv20191114,10011834,14,TRUE,TRUE,TRUE,TRUE,TRUE,7/7/41
20.03,40.95,2014,5,19,4,43,25.58,5.13,14,EMECv20191114,10060624,14,TRUE,TRUE,TRUE,FALSE,FALSE,5/19/14
17.8,42.9,1851,4,13,16,23,0,5.14,14,SERA_histv1.1,10003524,nan,TRUE,TRUE,TRUE,TRUE,TRUE,1851-04-13
19.6,42,1905,7,16,12,21,4,5.46,14,EMECv20191114,10006386,14,FALSE,FALSE,TRUE,FALSE,FALSE,7/16/05
15.95,43.21,1956,8,15,12,2,56.1,5.65,14,EMECv20191114,10014234,14,TRUE,TRUE,TRUE,TRUE,TRUE,8/15/56
16.279,39.375,1767,7,14,1,5,0,5.92,14,SERA_histv1.1,10002192,nan,TRUE,TRUE,TRUE,TRUE,TRUE,1767-07-14
20,40.7,1848,1,1,0,0,0,6.42,14,SERA_histv1.1,10003481,nan,TRUE,TRUE,TRUE,TRUE,TRUE,1848-01-01
15.711,44.844,1997,3,15,21,29,57.7,3.72,13.9,EMECv20191114,10034908,13.9,TRUE,TRUE,TRUE,TRUE,FALSE,3/15/97
16.997,43.134,1962,1,7,10,21,18.9,4.01,13.9,EMECv20191114,10015366,13.9,FALSE,FALSE,FALSE,FALSE,FALSE,1/7/62
15.792,38.107,1989,11,21,18,36,6.41,4.19,13.9,EMECv20191114,10028549,13.9,TRUE,TRUE,TRUE,TRUE,TRUE,11/21/89
14.75,46.233,1916,11,21,20,45,0,4.22,13.9,EMECv20191114,10008235,13.9,FALSE,FALSE,TRUE,TRUE,TRUE,11/21/16
18.111,42.641,1543,8,13,2,30,0,4.3,13.9,SERA_histv1.1,10000678,nan,TRUE,TRUE,TRUE,TRUE,TRUE,1543-08-13
14.5,46.05,1867,2,12,12,3,0,4.3,13.9,SERA_histv1.1,10004069,13.9,TRUE,TRUE,TRUE,TRUE,TRUE,1867-02-12
13.146,46.351,1939,4,25,18,25,0,4.57,13.9,EMECv20191114,10011514,nan,TRUE,TRUE,TRUE,TRUE,TRUE,4/25/39
16.014,38.071,1908,11,5,16,50,0,4.58,13.9,EMECv20191114,10006850,nan,FALSE,FALSE,TRUE,TRUE,TRUE,11/5/08
13.571,46.44,1963,1,14,20,22,9,4.63,13.9,EMECv20191114,10015616,nan,TRUE,TRUE,TRUE,TRUE,TRUE,1/14/63
16.072,38.507,1940,4,26,7,49,0,4.9,13.9,EMECv20191114,10011636,nan,TRUE,TRUE,TRUE,TRUE,TRUE,4/26/40
15.454,40.661,1996,4,3,13,4,34.98,4.9,13.9,EMECv20191114,10033492,13.9,TRUE,TRUE,TRUE,TRUE,TRUE,4/3/96
16.594,38.905,1761,5,3,8,15,0,5.11,13.9,SERA_histv1.1,10002124,nan,TRUE,TRUE,TRUE,TRUE,TRUE,1761-05-03
15.555,38.185,1499,11,9,0,0,0,5.34,13.9,SERA_histv1.1,10000517,nan,TRUE,TRUE,TRUE,TRUE,TRUE,1499-11-09
15.972,43.233,2003,11,27,9,42,9.6,3.62,13.8,EMECv20191114,10042887,13.8,FALSE,TRUE,TRUE,TRUE,FALSE,11/27/03
13.863,38.67,2003,11,6,1,1,35.65,4.12,13.8,EMECv20191114,10042829,13.8,FALSE,FALSE,TRUE,TRUE,FALSE,11/6/03
19.046,42.378,1992,10,30,5,38,27.1,4.2,13.8,EMECv20191114,10030225,13.8,FALSE,TRUE,TRUE,TRUE,FALSE,10/30/92
13.576,42.855,1973,4,20,22,18,0,4.4,13.8,EMECv20191114,10019934,nan,FALSE,FALSE,TRUE,TRUE,TRUE,4/20/73
12.904,43.035,1997,9,26,13,30,52.21,4.51,13.8,EMECv20191114,10035537,13.8,FALSE,FALSE,FALSE,FALSE,FALSE,9/26/97
13.05,43.82,1744,5,25,0,0,0,4.6,13.8,SERA_histv1.1,10001898,nan,TRUE,TRUE,TRUE,TRUE,TRUE,1744-05-25
12.949,42.386,1519,1,1,0,0,0,4.65,13.8,SERA_histv1.1,10000594,nan,TRUE,TRUE,TRUE,TRUE,TRUE,1519-01-01
12.128,43.61,1774,1,31,19,30,0,4.65,13.8,SERA_histv1.1,10002294,nan,TRUE,TRUE,TRUE,TRUE,TRUE,1774-01-31
13.354,42.445,2009,6,22,20,58,40.27,4.68,13.8,EMECv20191114,10053566,13.8,FALSE,FALSE,TRUE,FALSE,FALSE,6/22/09
10.925,44.442,1399,7,20,23,0,0,5.11,13.8,SERA_histv1.1,10000312,nan,TRUE,TRUE,TRUE,TRUE,TRUE,1399-07-20
10.631,44.698,1600,10,28,0,0,0,5.34,13.8,SERA_histv1.1,10000926,nan,TRUE,TRUE,TRUE,TRUE,TRUE,1600-10-28
14.8,46.07,1898,8,30,22,30,0,3.87,13.7,SERA_histv1.1,10005599,13.7,TRUE,TRUE,TRUE,TRUE,TRUE,1898-08-30
17.33,42.91,1972,4,17,1,39,55.5,3.91,13.7,EMECv20191114,10019556,13.7,TRUE,TRUE,TRUE,TRUE,TRUE,4/17/72
13.65,46.1,1911,3,1,3,50,0,4.16,13.7,EMECv20191114,10007279,nan,TRUE,TRUE,TRUE,TRUE,TRUE,3/1/11
16.454,39.493,1996,4,27,0,38,26.81,4.77,13.7,EMECv20191114,10033594,13.7,TRUE,TRUE,TRUE,TRUE,TRUE,4/27/96
17.609,43.016,1992,12,4,19,11,29.6,3.72,13.6,EMECv20191114,10030294,13.6,TRUE,TRUE,TRUE,TRUE,FALSE,12/4/92
17.08,43.164,1962,1,14,4,16,21.1,3.81,13.6,EMECv20191114,10015392,13.6,FALSE,FALSE,FALSE,FALSE,FALSE,1/14/62
18.2,42.7,1823,8,7,5,10,0,5.14,13.6,SERA_histv1.1,10003000,nan,TRUE,TRUE,TRUE,TRUE,TRUE,1823-08-07
18.814,39.699,1974,10,1,0,34,39.8,3.88,13.5,EMECv20191114,10020468,13.5,FALSE,FALSE,TRUE,TRUE,FALSE,10/1/74
14.837,41.717,2002,11,1,15,19,53.79,4.11,13.5,EMECv20191114,10041421,13.5,FALSE,FALSE,FALSE,FALSE,FALSE,11/1/02
12.992,46.512,1767,5,10,0,0,0,3.74,13.4,SERA_histv1.1,10002189,nan,TRUE,TRUE,TRUE,TRUE,TRUE,1767-05-10
14.183,45.7,1904,5,22,12,17,0,3.88,13.4,EMECv20191114,10006223,13.4,TRUE,TRUE,TRUE,TRUE,TRUE,5/22/04
13.019,46.398,1881,6,18,2,50,0,3.97,13.4,SERA_histv1.1,10004587,nan,TRUE,TRUE,TRUE,TRUE,TRUE,1881-06-18
12.746,42.459,2000,6,27,6,39,20.91,4.08,13.4,EMECv20191114,10038797,13.4,TRUE,TRUE,TRUE,TRUE,FALSE,6/27/00
14.5,46.05,1852,6,22,1,13,0,4.09,13.4,SERA_histv1.1,10003560,13.4,TRUE,TRUE,TRUE,TRUE,TRUE,1852-06-22
14.53,46.15,1868,1,27,21,15,0,4.09,13.4,SERA_histv1.1,10004090,13.4,TRUE,TRUE,TRUE,TRUE,TRUE,1868-01-27
14.7,46.08,1870,3,27,19,0,0,4.09,13.4,SERA_histv1.1,10004184,13.4,TRUE,TRUE,TRUE,TRUE,TRUE,1870-03-27
15.33,45.65,1881,4,26,15,55,0,4.09,13.4,SERA_histv1.1,10004581,13.4,TRUE,TRUE,TRUE,TRUE,TRUE,1881-04-26
16.924,43.124,1962,1,11,19,44,10.6,4.1,13.4,EMECv20191114,10015381,13.4,FALSE,FALSE,FALSE,FALSE,FALSE,1/11/62
13.2,46.45,1908,7,31,7,33,26,4.67,13.4,EMECv20191114,10006820,nan,FALSE,FALSE,TRUE,TRUE,TRUE,7/31/08
12.1,44.133,1918,2,8,18,49,0,4.84,13.4,EMECv20191114,10008433,nan,FALSE,FALSE,TRUE,TRUE,FALSE,2/8/18
14.783,45.883,1939,1,26,18,19,0,3.55,13.3,EMECv20191114,10011493,13.3,TRUE,TRUE,TRUE,TRUE,TRUE,1/26/39
16.452,43.3,1998,9,17,11,30,42.7,3.62,13.3,EMECv20191114,10036666,nan,TRUE,TRUE,TRUE,TRUE,FALSE,9/17/98
15.285,45.552,1993,5,29,8,43,11.1,3.72,13.3,EMECv20191114,10030517,13.3,TRUE,TRUE,TRUE,TRUE,TRUE,5/29/93
16.865,43.211,1962,1,7,19,24,36,4.1,13.3,EMECv20191114,10015370,13.3,FALSE,FALSE,FALSE,FALSE,FALSE,1/7/62
13.355,42.411,1992,8,25,2,25,48.38,4.11,13.3,EMECv20191114,10030147,13.3,TRUE,TRUE,TRUE,TRUE,FALSE,8/25/92
13.258,46.214,1976,5,6,21,49,41.85,4.24,13.3,EMECv20191114,10021169,13.3,FALSE,FALSE,FALSE,FALSE,FALSE,5/6/76
13.323,46.213,1976,5,9,0,53,44.58,5.08,13.3,EMECv20191114,10021178,13.3,FALSE,FALSE,FALSE,FALSE,FALSE,5/9/76
11.9247,43.7598,2014,10,17,2,38,59.98,3.5,13.2,EMECv20191114,10061169,13.2,TRUE,TRUE,TRUE,TRUE,FALSE,10/17/14
14.483,46.117,1908,6,21,4,47,24,3.54,13.2,EMECv20191114,10006799,13.2,FALSE,TRUE,TRUE,TRUE,TRUE,6/21/08
15.17,46.22,1853,9,11,1,45,0,3.87,13.2,SERA_histv1.1,10003604,13.2,TRUE,TRUE,TRUE,TRUE,TRUE,1853-09-11
14.5,46.03,1868,7,10,21,15,0,3.87,13.2,SERA_histv1.1,10004105,13.2,TRUE,TRUE,TRUE,TRUE,TRUE,1868-07-10
14.3,45.98,1880,7,27,19,30,0,3.87,13.2,SERA_histv1.1,10004533,13.2,TRUE,TRUE,TRUE,TRUE,TRUE,1880-07-27
15.17,45.83,1895,9,1,0,0,0,3.87,13.2,SERA_histv1.1,10005307,13.2,TRUE,TRUE,TRUE,TRUE,TRUE,1895-09-01
14.5,46.15,1896,7,22,9,51,0,3.87,13.2,SERA_histv1.1,10005370,13.2,TRUE,TRUE,TRUE,TRUE,TRUE,1896-07-22
13.77,46.13,1898,4,6,22,10,0,3.87,13.2,SERA_histv1.1,10005573,13.2,TRUE,TRUE,TRUE,TRUE,TRUE,1898-04-06
14.25,46.02,1904,11,10,17,9,0,4.1,13.2,EMECv20191114,10006284,nan,TRUE,TRUE,TRUE,TRUE,TRUE,11/10/04
14.75,46.233,1916,11,20,23,20,0,4.19,13.2,EMECv20191114,10008233,13.2,FALSE,FALSE,FALSE,FALSE,FALSE,11/20/16
13.011,46.41,1960,7,14,4,18,0,4.4,13.2,EMECv20191114,10015139,nan,TRUE,TRUE,TRUE,TRUE,TRUE,7/14/60
14.5,46.08,1786,4,11,9,0,0,4.72,13.2,SERA_histv1.1,10002522,13.2,TRUE,TRUE,TRUE,TRUE,TRUE,1786-04-11
15,45.5,1863,1,22,9,45,0,4.72,13.2,SERA_histv1.1,10003956,13.2,TRUE,TRUE,TRUE,TRUE,TRUE,1863-01-22
17.726,42.794,1996,9,21,1,34,31.1,4.01,13.1,EMECv20191114,10034134,13.1,FALSE,FALSE,FALSE,FALSE,FALSE,9/21/96
8.646,44.071,2001,2,6,22,28,44.36,4.17,13.1,EMECv20191114,10039489,13.1,TRUE,TRUE,TRUE,TRUE,TRUE,2/6/01
17.818,42.745,1996,9,6,3,31,52.3,4.4,13.1,EMECv20191114,10034070,13.1,FALSE,FALSE,FALSE,FALSE,FALSE,9/6/96
14.5,46.05,1856,9,27,5,53,0,4.51,13.1,SERA_histv1.1,10003754,13.1,TRUE,TRUE,TRUE,TRUE,TRUE,1856-09-27
14.5,45.87,1856,11,10,7,30,0,4.51,13.1,SERA_histv1.1,10003761,13.1,TRUE,TRUE,TRUE,TRUE,TRUE,1856-11-10
14.5,46.1,1895,4,15,4,35,0,4.51,13.1,SERA_histv1.1,10005275,13.1,TRUE,TRUE,TRUE,TRUE,TRUE,1895-04-15
14.5,46.2,1691,12,10,0,0,0,5.35,13.1,SERA_histv1.1,10001453,nan,TRUE,TRUE,TRUE,TRUE,TRUE,1691-12-10
7.367,46.567,1889,4,11,20,10,0,3.5,13,SERA_histv1.1,10004960,nan,TRUE,TRUE,TRUE,TRUE,TRUE,1889-04-11
9.167,46.917,1897,7,21,1,30,0,3.5,13,SERA_histv1.1,10005484,nan,TRUE,TRUE,TRUE,TRUE,TRUE,1897-07-21
8.233,46.883,1919,3,14,5,30,0,3.5,13,EMECv20191114,10008568,nan,FALSE,FALSE,TRUE,TRUE,TRUE,3/14/19
7.567,46.683,1924,7,3,21,26,0,3.5,13,EMECv20191114,10009341,nan,FALSE,TRUE,TRUE,TRUE,TRUE,7/3/24
8.233,46.867,1926,11,30,10,56,11,3.5,13,EMECv20191114,10009724,nan,TRUE,TRUE,TRUE,TRUE,TRUE,11/30/26
7.583,46.383,1954,8,2,19,22,0,3.5,13,EMECv20191114,10013753,nan,FALSE,FALSE,TRUE,TRUE,TRUE,8/2/54
7.417,46.333,1955,5,2,20,30,0,3.5,13,EMECv20191114,10013951,nan,FALSE,FALSE,TRUE,TRUE,TRUE,5/2/55
18.309,42.878,1993,2,14,15,32,13.1,3.55,13,EMECv20191114,10030371,13,TRUE,TRUE,TRUE,TRUE,FALSE,2/14/93
19.043,42.555,1994,1,16,17,14,1.3,3.55,13,EMECv20191114,10030994,13,TRUE,TRUE,TRUE,TRUE,FALSE,1/16/94
20.188,41.572,2000,10,7,14,41,28,3.55,13,EMECv20191114,10039104,13,FALSE,TRUE,TRUE,TRUE,FALSE,10/7/00
20.46,40.21,2002,7,2,11,38,18,3.55,13,EMECv20191114,10041041,13,FALSE,TRUE,TRUE,FALSE,FALSE,7/2/02
18.6437,42.6936,2009,11,7,5,44,17.6,3.55,13,EMECv20191114,10054121,13,FALSE,FALSE,TRUE,FALSE,FALSE,11/7/09
13.98,47.49,1981,5,30,2,16,4,3.56,13,EMECv20191114,10023834,13,TRUE,TRUE,TRUE,TRUE,TRUE,5/30/81
6.95,46.4,1967,7,18,0,58,3,3.6,13,EMECv20191114,10017081,nan,TRUE,TRUE,TRUE,TRUE,TRUE,7/18/67
17.07,43.16,1963,6,21,6,2,44.2,3.62,13,EMECv20191114,10015714,13,TRUE,TRUE,TRUE,TRUE,TRUE,6/21/63
14.46,46.51,2007,5,2,12,49,12.6,3.62,13,EMECv20191114,10048886,13,TRUE,TRUE,TRUE,TRUE,FALSE,5/2/07
19.842,39.194,2006,6,11,2,45,19.95,3.64,13,EMECv20191114,10047136,13,TRUE,TRUE,TRUE,FALSE,FALSE,6/11/06
18.8387,42.2058,1979,4,28,4,54,26.7,3.65,13,EMECv20191114,10022556,13,FALSE,FALSE,FALSE,FALSE,FALSE,4/28/79
17.894,42.999,2001,1,3,8,4,28.2,3.65,13,EMECv20191114,10039379,13,TRUE,TRUE,TRUE,TRUE,FALSE,1/3/01
19.55,40.18,2006,8,7,10,8,9.7,3.65,13,EMECv20191114,10047390,13,FALSE,FALSE,TRUE,FALSE,FALSE,8/7/06
20.3953,41.401,2009,9,7,12,21,45.8,3.65,13,EMECv20191114,10053864,13,FALSE,FALSE,FALSE,FALSE,FALSE,9/7/09
19.53,41.42,2013,5,15,17,11,43.68,3.66,13,EMECv20191114,10059094,13,FALSE,FALSE,TRUE,FALSE,FALSE,5/15/13
14.61,45.29,1930,7,10,13,1,41,3.72,13,EMECv20191114,10010360,13,TRUE,TRUE,TRUE,TRUE,TRUE,7/10/30
18.03,42.73,1960,9,10,12,43,29,3.72,13,EMECv20191114,10015173,13,TRUE,TRUE,TRUE,TRUE,TRUE,9/10/60
18.885,42.633,1982,5,7,11,6,17.7,3.74,13,EMECv20191114,10024393,13,TRUE,TRUE,TRUE,TRUE,FALSE,5/7/82
8.999,46.921,1701,9,1,21,0,0,3.79,13,SERA_histv1.1,10001543,nan,TRUE,TRUE,TRUE,TRUE,TRUE,1701-09-01
6.967,46.317,1756,2,1,1,0,0,3.79,13,SERA_histv1.1,10002026,nan,TRUE,TRUE,TRUE,TRUE,TRUE,1756-02-01
7.852,46.237,1855,11,18,0,0,0,3.79,13,SERA_histv1.1,10003709,nan,TRUE,TRUE,TRUE,TRUE,TRUE,1855-11-18
7.881,46.292,1856,12,18,3,0,0,3.79,13,SERA_histv1.1,10003764,nan,TRUE,TRUE,TRUE,TRUE,TRUE,1856-12-18
17.761,42.904,1984,5,14,1,25,43.3,3.81,13,EMECv20191114,10025729,13,FALSE,FALSE,FALSE,FALSE,FALSE,5/14/84
14.349,45.472,1992,2,21,20,50,32.4,3.81,13,EMECv20191114,10029886,13,TRUE,TRUE,TRUE,TRUE,TRUE,2/21/92
17.97,42.78,1948,10,9,15,50,0,3.83,13,EMECv20191114,10012672,nan,TRUE,TRUE,TRUE,TRUE,TRUE,10/9/48
19.266,42.098,2004,11,5,8,21,56.6,3.83,13,EMECv20191114,10044262,13,TRUE,TRUE,TRUE,FALSE,FALSE,11/5/04
9.083,47,1687,3,15,0,0,0,3.9,13,SERA_histv1.1,10001403,nan,TRUE,TRUE,TRUE,TRUE,TRUE,1687-03-15
7.5,46.3,1920,4,1,18,26,35,3.9,13,EMECv20191114,10008718,nan,FALSE,FALSE,TRUE,TRUE,TRUE,4/1/20
10.62,47.18,2007,5,19,16,19,38.6,3.91,13,EMECv20191114,10049001,13,TRUE,TRUE,TRUE,TRUE,TRUE,5/19/07
19.336,42.13,1980,2,21,1,35,47.4,3.93,13,EMECv20191114,10023004,13,FALSE,FALSE,TRUE,FALSE,FALSE,2/21/80
19.29,42.113,1991,6,17,21,35,10.3,3.93,13,EMECv20191114,10029559,13,TRUE,TRUE,TRUE,TRUE,FALSE,6/17/91
20.275,40.689,2008,3,22,17,32,56.9,3.93,13,EMECv20191114,10051073,13,TRUE,TRUE,TRUE,FALSE,FALSE,3/22/08
19.49,41.38,2014,1,20,14,40,47.01,3.93,13,EMECv20191114,10059911,13,FALSE,FALSE,FALSE,FALSE,FALSE,1/20/14
15.889,40.031,1999,1,16,0,19,41.29,3.95,13,EMECv20191114,10036988,13,FALSE,FALSE,TRUE,TRUE,TRUE,1/16/99
7.4,46,1938,9,23,0,52,0,4,13,EMECv20191114,10011469,13,TRUE,TRUE,TRUE,TRUE,TRUE,9/23/38
20.2208,41.3586,2009,2,21,1,29,1,4.02,13,EMECv20191114,10053084,13,FALSE,TRUE,TRUE,FALSE,FALSE,2/21/09
20.03,41.15,2005,12,26,5,53,32,4.1,13,EMECv20191114,10046340,13,FALSE,FALSE,TRUE,FALSE,FALSE,12/26/05
19.2,42,1968,11,5,5,20,0,4.11,13,EMECv20191114,10017763,13,FALSE,FALSE,TRUE,TRUE,FALSE,11/5/68
19.5525,41.192,2009,3,6,23,6,44.2,4.11,13,EMECv20191114,10053117,13,TRUE,TRUE,TRUE,FALSE,FALSE,3/6/09
20.323,41.32,2012,1,23,20,54,45.5,4.11,13,EMECv20191114,10057378,13,TRUE,TRUE,TRUE,FALSE,FALSE,1/23/12
10.006,44.366,1995,3,3,16,16,40.02,4.2,13,EMECv20191114,10031798,13,TRUE,TRUE,TRUE,TRUE,TRUE,3/3/95
14.09,47.05,1973,12,12,0,3,0,4.33,13,EMECv20191114,10020163,13,TRUE,TRUE,TRUE,TRUE,TRUE,12/12/73
15.7,43.8,1923,4,30,23,31,34,4.5,13,EMECv20191114,10009157,13,TRUE,TRUE,TRUE,TRUE,TRUE,4/30/23
19.58,40.75,1967,9,7,0,32,22,4.5,13,EMECv20191114,10017191,13,FALSE,FALSE,TRUE,TRUE,FALSE,9/7/67
19.9,40.59,1969,6,21,16,18,5,4.5,13,EMECv20191114,10018131,13,FALSE,FALSE,TRUE,TRUE,FALSE,6/21/69
20.2467,40.8765,1979,8,13,21,9,12.72,4.5,13,EMECv20191114,10022770,13,FALSE,TRUE,TRUE,TRUE,FALSE,8/13/79
19.7851,41.7495,1983,2,4,16,43,55.67,4.5,13,EMECv20191114,10024875,13,TRUE,TRUE,TRUE,TRUE,FALSE,2/4/83
19.5753,40.6934,2007,10,21,17,55,7.53,4.5,13,EMECv20191114,10050036,13,TRUE,TRUE,TRUE,FALSE,FALSE,10/21/07
14.5,46.01,1856,11,27,5,53,0,4.51,13,SERA_histv1.1,10003763,13,TRUE,TRUE,TRUE,TRUE,TRUE,1856-11-27
19.259,42.124,1987,12,18,4,51,19.6,4.58,13,EMECv20191114,10027458,13,TRUE,TRUE,TRUE,TRUE,FALSE,12/18/87
19.2702,40.6299,1980,7,7,10,32,4.71,4.6,13,EMECv20191114,10023179,13,TRUE,TRUE,TRUE,TRUE,FALSE,7/7/80
20.1193,40.0413,1984,5,24,11,34,3.49,4.6,13,EMECv20191114,10025750,13,TRUE,TRUE,TRUE,TRUE,FALSE,5/24/84
19.8203,41.2874,1997,7,20,3,43,45.28,4.6,13,EMECv20191114,10035327,13,FALSE,FALSE,TRUE,TRUE,FALSE,7/20/97
15.559,40.571,1969,11,14,6,48,7,4.62,13,EMECv20191114,10018279,nan,TRUE,TRUE,TRUE,TRUE,TRUE,11/14/69
20,40.3,1960,6,9,8,24,1,4.67,13,EMECv20191114,10015116,13,FALSE,TRUE,TRUE,TRUE,FALSE,6/9/60
19.4,41.6,1970,6,27,18,57,13,4.67,13,EMECv20191114,10018800,13,FALSE,TRUE,TRUE,TRUE,FALSE,6/27/70
7.52,46.3,1946,2,4,4,11,0,4.7,13,EMECv20191114,10012360,nan,FALSE,FALSE,TRUE,TRUE,TRUE,2/4/46
14.865,44.816,1949,1,20,6,48,57,4.7,13,EMECv20191114,10012711,13,TRUE,TRUE,TRUE,TRUE,TRUE,1/20/49
12.613,42.736,1854,1,17,9,0,0,4.71,13,SERA_histv1.1,10003613,nan,TRUE,TRUE,TRUE,TRUE,TRUE,1854-01-17
19.6462,41.116,1979,11,8,2,3,54.63,4.8,13,EMECv20191114,10022894,13,FALSE,FALSE,TRUE,FALSE,FALSE,11/8/79
20.275,39.323,2001,2,14,6,36,25.74,4.8,13,EMECv20191114,10039510,13,FALSE,TRUE,TRUE,TRUE,FALSE,2/14/01
19.9,41.17,2007,4,16,7,38,53,4.86,13,EMECv20191114,10048765,13,TRUE,TRUE,TRUE,FALSE,FALSE,4/16/07
12.602,43.158,1897,3,1,8,40,0,4.88,13,SERA_histv1.1,10005442,nan,TRUE,TRUE,TRUE,TRUE,TRUE,1897-03-01
19.6,40.3,1930,12,2,13,28,51,5.07,13,EMECv20191114,10010430,13,FALSE,FALSE,TRUE,TRUE,TRUE,12/2/30
20.7,40.3,1938,8,15,11,2,4,5.07,13,EMECv20191114,10011459,13,TRUE,TRUE,TRUE,TRUE,TRUE,8/15/38
7.726,46.305,1855,7,28,10,0,0,5.13,13,SERA_histv1.1,10003656,nan,TRUE,TRUE,TRUE,TRUE,TRUE,1855-07-28
18.1,42.6,1844,2,24,10,30,0,5.14,13,SERA_histv1.1,10003391,nan,TRUE,TRUE,TRUE,TRUE,TRUE,1844-02-24
14.5,46.1,1895,4,14,23,1,0,5.14,13,SERA_histv1.1,10005267,13,TRUE,TRUE,TRUE,TRUE,TRUE,1895-04-14
17.43,43.115,1943,1,20,12,38,13,5.22,13,EMECv20191114,10012034,13,FALSE,FALSE,TRUE,TRUE,TRUE,1/20/43
7.766,46.25,1855,7,26,13,20,0,5.28,13,SERA_histv1.1,10003653,nan,TRUE,TRUE,TRUE,TRUE,TRUE,1855-07-26
15.991,40.297,1857,12,26,5,0,0,5.34,13,SERA_histv1.1,10003806,nan,TRUE,TRUE,TRUE,TRUE,TRUE,1857-12-26
19.5,42,1905,12,8,21,26,56,5.36,13,EMECv20191114,10006448,13,FALSE,FALSE,TRUE,FALSE,FALSE,12/8/05
19.6,40.6,1940,2,23,0,39,56,5.56,13,EMECv20191114,10011618,13,TRUE,TRUE,TRUE,TRUE,TRUE,2/23/40
8.606,46.876,1774,9,10,15,30,0,5.62,13,SERA_histv1.1,10002302,nan,TRUE,TRUE,TRUE,TRUE,TRUE,1774-09-10
18.12,42.94,1927,2,14,3,43,22,5.98,13,EMECv20191114,10009770,13,TRUE,TRUE,TRUE,TRUE,FALSE,2/14/27
19.5,41.6,1852,8,26,0,0,0,6.24,13,SERA_histv1.1,10003566,nan,TRUE,TRUE,TRUE,TRUE,TRUE,1852-08-26
19.7,41.3,1860,5,16,16,55,0,6.24,13,SERA_histv1.1,10003892,nan,TRUE,TRUE,TRUE,TRUE,TRUE,1860-05-16
19.95,40.35,1920,11,26,8,51,0,6.46,13,EMECv20191114,10008812,13,TRUE,TRUE,TRUE,TRUE,FALSE,11/26/20
9.672,44.558,1985,7,10,13,53,29.3,3.76,12.9,EMECv20191114,10026258,12.9,TRUE,TRUE,TRUE,TRUE,TRUE,7/10/85
16.358,39.114,1898,4,21,5,35,0,3.97,12.9,SERA_histv1.1,10005577,nan,TRUE,TRUE,TRUE,TRUE,TRUE,1898-04-21
13.353,41.703,1902,9,21,20,12,6,4.02,12.9,EMECv20191114,10005984,nan,TRUE,TRUE,TRUE,TRUE,TRUE,9/21/02
15.202,43.194,1995,5,13,10,16,2.44,4.09,12.9,EMECv20191114,10031965,12.9,TRUE,TRUE,TRUE,TRUE,TRUE,5/13/95
16.13,38.856,2010,6,16,22,39,41.17,4.13,12.9,EMECv20191114,10054973,12.9,TRUE,TRUE,TRUE,TRUE,FALSE,6/16/10
15.555,38.185,1172,9,26,13,40,0,5.56,12.9,SERA_histv1.1,10000083,nan,TRUE,TRUE,TRUE,TRUE,TRUE,1172-09-26
15.196,40.903,1692,3,4,22,20,0,5.93,12.9,SERA_histv1.1,10001454,nan,TRUE,TRUE,TRUE,TRUE,TRUE,1692-03-04
14.817,46.067,1939,5,6,0,0,0,3.53,12.8,EMECv20191114,10011518,12.8,FALSE,FALSE,TRUE,TRUE,TRUE,5/6/39
14.817,46.067,1939,5,7,0,0,0,3.53,12.8,EMECv20191114,10011520,12.8,FALSE,FALSE,TRUE,TRUE,TRUE,5/7/39
14.817,46.067,1939,5,8,0,0,0,3.53,12.8,EMECv20191114,10011521,12.8,FALSE,FALSE,TRUE,TRUE,TRUE,5/8/39
14.817,46.067,1939,5,9,0,0,0,3.53,12.8,EMECv20191114,10011523,12.8,FALSE,FALSE,TRUE,TRUE,TRUE,5/9/39
14.817,46.067,1939,5,10,0,0,0,3.53,12.8,EMECv20191114,10011525,12.8,FALSE,FALSE,TRUE,TRUE,TRUE,5/10/39
14.817,46.067,1939,5,11,0,0,0,3.53,12.8,EMECv20191114,10011526,12.8,FALSE,FALSE,TRUE,TRUE,TRUE,5/11/39
14.817,46.067,1939,5,12,0,0,0,3.53,12.8,EMECv20191114,10011527,12.8,FALSE,FALSE,TRUE,TRUE,TRUE,5/12/39
13.333,46.32,1976,5,7,13,42,49.41,4.35,12.8,EMECv20191114,10021172,12.8,FALSE,FALSE,FALSE,FALSE,FALSE,5/7/76
15.3,45.8,1881,10,23,8,11,0,5.14,12.8,SERA_histv1.1,10004598,nan,TRUE,TRUE,TRUE,TRUE,TRUE,1881-10-23
12.992,46.512,1780,9,8,17,0,0,3.74,12.7,SERA_histv1.1,10002407,nan,TRUE,TRUE,TRUE,TRUE,TRUE,1780-09-08
12.992,46.512,1786,12,28,0,0,0,3.74,12.7,SERA_histv1.1,10002529,nan,TRUE,TRUE,TRUE,TRUE,TRUE,1786-12-28
17.666,42.93,1989,5,7,15,39,14.5,3.81,12.7,EMECv20191114,10028184,12.7,TRUE,TRUE,TRUE,TRUE,FALSE,5/7/89
14.2,45.71,1978,11,9,0,30,0,3.82,12.7,EMECv20191114,10022290,nan,TRUE,TRUE,TRUE,TRUE,FALSE,11/9/78
13.63,45.97,1869,12,21,22,40,0,3.87,12.7,SERA_histv1.1,10004164,12.7,TRUE,TRUE,TRUE,TRUE,TRUE,1869-12-21
14.22,46.28,1896,11,18,1,0,0,3.87,12.7,SERA_histv1.1,10005400,12.7,TRUE,TRUE,TRUE,TRUE,TRUE,1896-11-18
14.75,46.13,1897,2,21,9,39,0,3.87,12.7,SERA_histv1.1,10005437,12.7,TRUE,TRUE,TRUE,TRUE,TRUE,1897-02-21
14.65,45.77,1898,4,17,18,52,0,3.87,12.7,SERA_histv1.1,10005574,12.7,TRUE,TRUE,TRUE,TRUE,TRUE,1898-04-17
14.43,45.5,1899,3,30,5,14,0,3.87,12.7,SERA_histv1.1,10005645,12.7,TRUE,TRUE,TRUE,TRUE,TRUE,1899-03-30
15.994,40.007,1998,9,23,18,44,2.65,4.02,12.7,EMECv20191114,10036678,12.7,FALSE,FALSE,TRUE,TRUE,TRUE,9/23/98
15.111,38.885,1991,10,3,2,40,27.13,4.04,12.7,EMECv20191114,10029714,12.7,TRUE,TRUE,TRUE,TRUE,TRUE,10/3/91
13.135,46.279,1516,12,19,23,0,0,4.14,12.7,SERA_histv1.1,10000585,nan,TRUE,TRUE,TRUE,TRUE,TRUE,1516-12-19
11.845,42.683,1929,12,12,13,1,0,4.16,12.7,EMECv20191114,10010257,nan,TRUE,TRUE,TRUE,TRUE,FALSE,12/12/29
14.053,41.499,1897,3,29,0,5,0,4.2,12.7,SERA_histv1.1,10005452,nan,TRUE,TRUE,TRUE,TRUE,TRUE,1897-03-29
10.914,43.485,1802,8,10,1,45,0,4.23,12.7,SERA_histv1.1,10002678,nan,TRUE,TRUE,TRUE,TRUE,TRUE,1802-08-10
12.232,42.546,1901,6,19,12,0,0,4.4,12.7,EMECv20191114,10005848,nan,TRUE,TRUE,TRUE,TRUE,TRUE,6/19/01
12.314,42.582,1911,1,18,6,52,0,4.42,12.7,EMECv20191114,10007257,nan,FALSE,TRUE,TRUE,TRUE,TRUE,1/18/11
11.115,43.421,1609,1,1,0,0,0,4.43,12.7,SERA_histv1.1,10000967,nan,TRUE,TRUE,TRUE,TRUE,TRUE,1609-01-01
11.868,42.742,1755,11,1,17,0,0,4.43,12.7,SERA_histv1.1,10002001,nan,TRUE,TRUE,TRUE,TRUE,TRUE,1755-11-01
11.783,42.572,1889,7,21,12,30,0,4.43,12.7,SERA_histv1.1,10004970,nan,TRUE,TRUE,TRUE,TRUE,TRUE,1889-07-21
13.876,41.706,1984,5,11,11,26,15.05,4.49,12.7,EMECv20191114,10025715,12.7,FALSE,FALSE,FALSE,FALSE,FALSE,5/11/84
13.135,46.283,1975,3,24,2,33,32,4.51,12.7,EMECv20191114,10020656,nan,TRUE,TRUE,TRUE,TRUE,TRUE,3/24/75
13.2,46.294,1976,9,15,4,38,53.88,4.78,12.7,EMECv20191114,10021360,12.7,FALSE,FALSE,FALSE,FALSE,FALSE,9/15/76
15.555,38.185,1494,5,29,2,15,0,5.34,12.7,SERA_histv1.1,10000496,nan,TRUE,TRUE,TRUE,TRUE,TRUE,1494-05-29
12.521,42.517,1714,1,1,0,0,0,5.34,12.7,SERA_histv1.1,10001654,nan,TRUE,TRUE,TRUE,TRUE,TRUE,1714-01-01
17.83,43.011,1993,4,6,23,24,48.4,3.81,12.6,EMECv20191114,10030459,12.6,TRUE,TRUE,TRUE,TRUE,FALSE,4/6/93
14.85,46.5,1931,1,22,2,54,0,4.5,12.6,EMECv20191114,10010459,nan,TRUE,TRUE,TRUE,TRUE,TRUE,1/22/31
14.3,45.967,1952,2,22,21,30,0,3.51,12.5,EMECv20191114,10013155,12.5,FALSE,FALSE,TRUE,TRUE,TRUE,2/22/52
14.23,45.77,1834,2,2,8,2,0,4.3,12.5,SERA_histv1.1,10003194,12.5,TRUE,TRUE,TRUE,TRUE,TRUE,1834-02-02
15.15,45.95,1877,9,13,1,0,0,4.3,12.5,SERA_histv1.1,10004411,12.5,TRUE,TRUE,TRUE,TRUE,TRUE,1877-09-13
15.2,46.23,1880,12,9,6,36,0,4.3,12.5,SERA_histv1.1,10004551,12.5,TRUE,TRUE,TRUE,TRUE,TRUE,1880-12-09
14.25,46,1882,7,17,5,30,0,4.3,12.5,SERA_histv1.1,10004634,12.5,TRUE,TRUE,TRUE,TRUE,TRUE,1882-07-17
17.852,42.786,1996,9,21,7,10,55.8,3.62,12.4,EMECv20191114,10034136,12.4,FALSE,FALSE,FALSE,FALSE,FALSE,9/21/96
20.392,39.652,2014,12,19,7,26,47,3.73,12.4,EMECv20191114,10061386,12.4,TRUE,TRUE,TRUE,FALSE,FALSE,12/19/14
14.27,45.97,1897,2,20,21,11,0,3.87,12.4,SERA_histv1.1,10005435,12.4,TRUE,TRUE,TRUE,TRUE,TRUE,1897-02-20
14,46,1898,4,22,18,40,0,3.87,12.4,SERA_histv1.1,10005580,12.4,TRUE,TRUE,TRUE,TRUE,TRUE,1898-04-22
7.931,45.657,1875,2,11,20,0,0,3.98,12.4,SERA_histv1.1,10004326,nan,TRUE,TRUE,TRUE,TRUE,TRUE,1875-02-11
14.058,46.18,1990,11,11,22,16,23.7,4.01,12.4,EMECv20191114,10029095,12.4,TRUE,TRUE,TRUE,TRUE,TRUE,11/11/90
8.249,44.179,1895,2,3,6,50,0,4.13,12.4,SERA_histv1.1,10005249,nan,TRUE,TRUE,TRUE,TRUE,TRUE,1895-02-03
8.574,44.298,1704,5,13,12,15,0,4.2,12.4,SERA_histv1.1,10001580,nan,TRUE,TRUE,TRUE,TRUE,TRUE,1704-05-13
17.738,42.904,1984,5,19,8,45,45.3,4.3,12.4,EMECv20191114,10025743,12.4,FALSE,FALSE,FALSE,FALSE,FALSE,5/19/84
8.245,44.199,1993,7,17,10,34,59.7,4.34,12.4,EMECv20191114,10030605,12.4,TRUE,TRUE,TRUE,TRUE,TRUE,7/17/93
7.613,44.279,1818,2,23,23,0,0,4.42,12.4,SERA_histv1.1,10002928,nan,TRUE,TRUE,TRUE,TRUE,TRUE,1818-02-23
11.324,45.846,1983,7,21,13,31,22.2,4.44,12.4,EMECv20191114,10025203,12.4,TRUE,TRUE,TRUE,TRUE,TRUE,7/21/83
12.146,45.889,1860,7,19,0,0,0,4.93,12.4,SERA_histv1.1,10003895,nan,TRUE,TRUE,TRUE,TRUE,TRUE,1860-07-19
15.167,45.767,1905,12,17,2,44,0,3.83,12.3,EMECv20191114,10006451,12.3,FALSE,FALSE,TRUE,TRUE,TRUE,12/17/05
14.52,46.07,1896,11,8,3,35,0,4.09,12.3,SERA_histv1.1,10005397,12.3,TRUE,TRUE,TRUE,TRUE,TRUE,1896-11-08
12.723,46.327,1978,12,12,15,14,49.22,4.35,12.3,EMECv20191114,10022325,12.3,TRUE,TRUE,TRUE,TRUE,FALSE,12/12/78
10.996,45.879,1968,6,22,12,21,37,4.74,12.3,EMECv20191114,10017612,nan,TRUE,TRUE,TRUE,TRUE,TRUE,6/22/68
7.292,44.809,1808,4,20,10,0,0,4.84,12.3,SERA_histv1.1,10002789,nan,TRUE,TRUE,TRUE,TRUE,TRUE,1808-04-20
10.786,45.73,1876,5,29,10,45,0,4.88,12.3,SERA_histv1.1,10004370,nan,TRUE,TRUE,TRUE,TRUE,TRUE,1876-05-29
13.054,46.234,1976,5,11,22,44,0.69,4.97,12.3,EMECv20191114,10021191,12.3,FALSE,FALSE,FALSE,FALSE,FALSE,5/11/76
15.844,40.049,1998,11,8,22,33,41.99,3.8,12.2,EMECv20191114,10036799,12.2,FALSE,FALSE,TRUE,TRUE,TRUE,11/8/98
15.036,44.941,2001,12,31,15,30,8.5,4.1,12.2,EMECv20191114,10040537,12.2,TRUE,TRUE,TRUE,TRUE,FALSE,12/31/01
16.042,40.007,1999,4,11,9,49,22.75,4.16,12.2,EMECv20191114,10037189,12.2,FALSE,FALSE,TRUE,TRUE,FALSE,4/11/99
15.335,38.169,1732,3,28,0,0,0,4.2,12.2,SERA_histv1.1,10001785,nan,TRUE,TRUE,TRUE,TRUE,TRUE,1732-03-28
16.039,38.211,1896,9,17,14,51,0,4.42,12.2,SERA_histv1.1,10005384,nan,TRUE,TRUE,TRUE,TRUE,TRUE,1896-09-17
15.16,45.42,1882,1,22,16,30,0,4.51,12.2,SERA_histv1.1,10004613,nan,TRUE,TRUE,TRUE,TRUE,TRUE,1882-01-22
16.191,38.651,1901,12,13,0,10,22,4.81,12.2,EMECv20191114,10005896,nan,TRUE,TRUE,TRUE,TRUE,TRUE,12/13/01
15.862,41.75,2001,11,30,3,17,21.83,3.51,12.1,EMECv20191114,10040445,12.1,FALSE,TRUE,TRUE,TRUE,TRUE,11/30/01
13.577,46.472,1884,12,27,21,55,0,3.74,12.1,SERA_histv1.1,10004731,nan,TRUE,TRUE,TRUE,TRUE,TRUE,1884-12-27
11.765,44.186,1934,5,28,21,9,0,3.94,12.1,EMECv20191114,10010950,nan,TRUE,TRUE,TRUE,TRUE,TRUE,5/28/34
12.113,44.156,1995,12,27,23,44,27.69,3.97,12.1,EMECv20191114,10033010,12.1,TRUE,TRUE,TRUE,TRUE,TRUE,12/27/95
10.4,44.435,1967,5,15,10,3,34,4.07,12.1,EMECv20191114,10017008,nan,FALSE,TRUE,TRUE,TRUE,TRUE,5/15/67
15.31,36.375,2001,8,30,13,51,39.81,4.08,12.1,EMECv20191114,10040193,12.1,TRUE,TRUE,TRUE,TRUE,TRUE,8/30/01
13.772,41.584,1909,1,11,1,15,0,4.16,12.1,EMECv20191114,10006890,nan,FALSE,TRUE,TRUE,TRUE,TRUE,1/11/09
11.162,44.821,1910,3,22,23,29,0,4.16,12.1,EMECv20191114,10007132,nan,FALSE,TRUE,TRUE,TRUE,TRUE,3/22/10
13.137,46.353,1948,10,12,11,51,35,4.16,12.1,EMECv20191114,10012677,nan,TRUE,TRUE,TRUE,TRUE,TRUE,10/12/48
15.898,41.264,1691,9,26,0,0,0,4.2,12.1,SERA_histv1.1,10001449,nan,TRUE,TRUE,TRUE,TRUE,TRUE,1691-09-26
13.57,42.31,1911,9,9,11,32,0,4.36,12.1,EMECv20191114,10007406,nan,TRUE,TRUE,TRUE,TRUE,TRUE,9/9/11
13.018,43.837,1788,4,18,0,0,0,4.43,12.1,SERA_histv1.1,10002554,nan,TRUE,TRUE,TRUE,TRUE,TRUE,1788-04-18
14.37,45.75,1897,8,3,13,48,0,4.51,12.1,SERA_histv1.1,10005490,12.1,TRUE,TRUE,TRUE,TRUE,TRUE,1897-08-03
13.828,41.761,1984,6,24,22,2,44.47,4.57,12.1,EMECv20191114,10025788,12.1,FALSE,FALSE,TRUE,FALSE,FALSE,6/24/84
11.867,43.967,1952,7,4,21,30,13,4.76,12.1,EMECv20191114,10013219,nan,FALSE,FALSE,FALSE,FALSE,FALSE,7/4/52
10.633,44.693,2000,6,18,8,14,23.95,4.88,12.1,EMECv20191114,10038760,12.1,TRUE,TRUE,TRUE,TRUE,FALSE,6/18/00
11.112,44.479,1929,5,11,19,23,0,5.29,12.1,EMECv20191114,10010184,nan,FALSE,FALSE,FALSE,FALSE,FALSE,5/11/29
15.561,41.205,1361,7,17,17,15,0,6.02,12.1,SERA_histv1.1,10000249,nan,TRUE,TRUE,TRUE,TRUE,TRUE,1361-07-17
10.383,46.617,1917,4,3,20,45,0,3.5,12,EMECv20191114,10008304,nan,TRUE,TRUE,TRUE,TRUE,TRUE,4/3/17
8.933,46.2,1949,1,19,19,24,0,3.5,12,EMECv20191114,10012710,nan,TRUE,TRUE,TRUE,TRUE,TRUE,1/19/49
9.3,46.7,1964,6,19,3,42,12,3.5,12,EMECv20191114,10015972,12,TRUE,FALSE,TRUE,TRUE,TRUE,6/19/64
20.18,41.16,2013,6,24,13,29,25.5,3.51,12,EMECv20191114,10059291,12,FALSE,FALSE,TRUE,FALSE,FALSE,6/24/13
20.3,39.79,2014,5,12,0,56,40.98,3.51,12,EMECv20191114,10060601,12,FALSE,FALSE,TRUE,FALSE,FALSE,5/12/14
14.65,45.55,1916,10,14,2,20,0,3.53,12,EMECv20191114,10008220,12,FALSE,TRUE,TRUE,TRUE,TRUE,10/14/16
17.99,43.08,1954,6,19,7,39,36,3.53,12,EMECv20191114,10013729,12,TRUE,TRUE,TRUE,TRUE,TRUE,6/19/54
11.85,47.39,1989,11,17,0,54,16,3.53,12,EMECv20191114,10028541,12,TRUE,TRUE,TRUE,TRUE,TRUE,11/17/89
14.65,47.15,1989,11,21,21,52,51.5,3.53,12,EMECv20191114,10028550,12,TRUE,TRUE,TRUE,TRUE,TRUE,11/21/89
19.316,42.059,1979,4,19,3,23,46.4,3.55,12,EMECv20191114,10022519,12,FALSE,FALSE,FALSE,FALSE,FALSE,4/19/79
19.153,42.018,1979,4,23,16,5,9.5,3.55,12,EMECv20191114,10022542,12,FALSE,FALSE,FALSE,FALSE,FALSE,4/23/79
18.838,42.227,1979,5,27,5,8,52.6,3.55,12,EMECv20191114,10022622,12,FALSE,FALSE,FALSE,FALSE,FALSE,5/27/79
18.718,42.333,1979,5,27,6,22,46.4,3.55,12,EMECv20191114,10022623,12,FALSE,FALSE,FALSE,FALSE,FALSE,5/27/79
18.852,42.193,1979,10,10,14,24,31.3,3.55,12,EMECv20191114,10022862,12,FALSE,FALSE,TRUE,FALSE,FALSE,10/10/79
19.228,41.908,1979,11,9,2,38,15.3,3.55,12,EMECv20191114,10022901,12,FALSE,FALSE,TRUE,FALSE,FALSE,11/9/79
18.571,42.563,1992,11,21,10,1,48.1,3.55,12,EMECv20191114,10030279,12,TRUE,TRUE,TRUE,TRUE,FALSE,11/21/92
17.922,42.851,1996,9,17,15,41,45.9,3.55,12,EMECv20191114,10034118,12,FALSE,FALSE,FALSE,FALSE,FALSE,9/17/96
20.8191,40.7762,2002,3,5,15,30,56.1,3.55,12,EMECv20191114,10040724,12,TRUE,TRUE,TRUE,FALSE,FALSE,3/5/02
19.375,41.89,2003,12,11,22,10,21.1,3.55,12,EMECv20191114,10042922,12,FALSE,FALSE,TRUE,TRUE,FALSE,12/11/03
19.565,40.106,2004,11,8,4,7,0,3.55,12,EMECv20191114,10044274,12,FALSE,TRUE,TRUE,FALSE,FALSE,11/8/04
13.4771,46.301,2005,8,31,21,55,33.3,3.55,12,EMECv20191114,10045695,12,TRUE,TRUE,TRUE,TRUE,TRUE,8/31/05
19.8186,40.1313,2006,8,13,3,38,46.4,3.55,12,EMECv20191114,10047437,12,FALSE,FALSE,FALSE,FALSE,FALSE,8/13/06
19.275,41.554,2011,4,23,3,19,41.5,3.55,12,EMECv20191114,10055909,12,FALSE,TRUE,TRUE,FALSE,FALSE,4/23/11
18.81,42.24,1979,7,14,11,29,6.9,3.62,12,EMECv20191114,10022733,nan,FALSE,FALSE,FALSE,FALSE,FALSE,7/14/79
18.66,42.78,1982,11,23,1,54,25.6,3.62,12,EMECv20191114,10024654,nan,FALSE,FALSE,TRUE,TRUE,FALSE,11/23/82
19.4748,40.2098,2004,9,16,7,43,39.9,3.65,12,EMECv20191114,10044076,12,FALSE,TRUE,TRUE,FALSE,FALSE,9/16/04
19.9333,39.9729,2005,7,29,6,50,56,3.65,12,EMECv20191114,10045561,12,FALSE,TRUE,TRUE,FALSE,FALSE,7/29/05
19.64,41.47,2013,2,9,12,37,0.82,3.66,12,EMECv20191114,10058812,12,FALSE,TRUE,TRUE,FALSE,FALSE,2/9/13
17.75,42.5,1945,11,12,7,18,16,3.72,12,EMECv20191114,10012335,12,TRUE,TRUE,TRUE,TRUE,TRUE,11/12/45
19.12,42.02,1979,7,4,23,44,15.3,3.72,12,EMECv20191114,10022725,12,FALSE,FALSE,FALSE,FALSE,FALSE,7/4/79
13.6158,46.316,2005,11,18,20,56,37.7,3.74,12,EMECv20191114,10046217,12,TRUE,TRUE,TRUE,TRUE,TRUE,11/18/05
15.173,45.8301,2006,3,20,23,12,3.9,3.74,12,EMECv20191114,10046713,12,FALSE,TRUE,TRUE,TRUE,TRUE,3/20/06
19.7836,40.631,2006,10,26,7,10,55.7,3.74,12,EMECv20191114,10047717,12,FALSE,TRUE,TRUE,FALSE,FALSE,10/26/06
20.353,40.235,2007,8,14,9,20,8,3.74,12,EMECv20191114,10049623,12,TRUE,FALSE,TRUE,FALSE,FALSE,8/14/07
14.8147,44.9956,2007,12,15,22,12,28.4,3.74,12,EMECv20191114,10050387,12,TRUE,TRUE,TRUE,TRUE,FALSE,12/15/07
14.918,44.0888,2007,12,17,13,14,5.4,3.74,12,EMECv20191114,10050392,12,FALSE,TRUE,TRUE,TRUE,FALSE,12/17/07
10.052,46.651,1651,6,25,0,0,0,3.79,12,SERA_histv1.1,10001210,nan,TRUE,TRUE,TRUE,TRUE,TRUE,1651-06-25
9.558,46.961,1792,5,11,0,0,0,3.79,12,SERA_histv1.1,10002589,nan,TRUE,TRUE,TRUE,TRUE,TRUE,1792-05-11
9.544,46.845,1853,4,18,20,45,0,3.79,12,SERA_histv1.1,10003595,nan,TRUE,TRUE,TRUE,TRUE,TRUE,1853-04-18
9.758,46.432,1875,2,14,6,45,0,3.79,12,SERA_histv1.1,10004328,nan,TRUE,TRUE,TRUE,TRUE,TRUE,1875-02-14
18.971,42.439,2014,4,27,8,41,0.6,3.79,12,EMECv20191114,10060558,12,TRUE,TRUE,TRUE,FALSE,FALSE,4/27/14
19.74,40.7,2012,11,12,23,28,51.5,3.81,12,EMECv20191114,10058517,12,TRUE,TRUE,TRUE,FALSE,FALSE,11/12/12
19.317,42.017,1979,5,18,2,42,57.6,3.83,12,EMECv20191114,10022597,12,FALSE,FALSE,FALSE,FALSE,FALSE,5/18/79
14.0754,46.0867,2005,12,12,14,14,15.1,3.83,12,EMECv20191114,10046299,12,TRUE,TRUE,TRUE,TRUE,TRUE,12/12/05
14.7886,45.2338,2006,8,7,4,59,59.2,3.83,12,EMECv20191114,10047388,12,FALSE,TRUE,TRUE,TRUE,TRUE,8/7/06
20.1992,41.5721,2007,8,29,12,30,15.1,3.83,12,EMECv20191114,10049741,12,FALSE,FALSE,TRUE,FALSE,FALSE,8/29/07
19.5162,41.3939,2009,2,28,17,36,29.2,3.83,12,EMECv20191114,10053098,12,FALSE,FALSE,TRUE,FALSE,FALSE,2/28/09
20.4098,41.3912,2009,9,7,9,48,37.5,3.83,12,EMECv20191114,10053863,12,FALSE,FALSE,FALSE,FALSE,FALSE,9/7/09
17.6,42.9,1912,3,2,21,0,0,3.91,12,EMECv20191114,10007474,12,TRUE,TRUE,TRUE,TRUE,FALSE,3/2/12
19.19,42.08,1979,4,15,12,43,46.2,3.91,12,EMECv20191114,10022478,12,FALSE,FALSE,FALSE,FALSE,FALSE,4/15/79
19.29,41.93,1979,4,25,6,36,46.9,3.91,12,EMECv20191114,10022547,12,FALSE,FALSE,FALSE,FALSE,FALSE,4/25/79
19.2,42,1968,12,2,3,55,0,3.93,12,EMECv20191114,10017799,12,FALSE,FALSE,TRUE,TRUE,FALSE,12/2/68
14.9246,46.1829,2006,4,28,10,47,57.6,3.93,12,EMECv20191114,10046970,12,TRUE,TRUE,TRUE,TRUE,TRUE,4/28/06
14.5595,45.4396,2006,6,21,6,18,36.3,3.93,12,EMECv20191114,10047191,12,TRUE,TRUE,TRUE,TRUE,TRUE,6/21/06
19.161,40.359,2010,11,12,20,5,11.8,3.93,12,EMECv20191114,10055454,12,TRUE,TRUE,TRUE,FALSE,FALSE,11/12/10
15.6006,43.1591,2003,3,29,19,13,45.8,3.96,12,EMECv20191114,10041827,12,FALSE,FALSE,TRUE,TRUE,FALSE,3/29/03
19.16,42.12,1982,2,8,9,1,46.2,4.01,12,EMECv20191114,10024245,12,TRUE,TRUE,TRUE,TRUE,FALSE,2/8/82
19.3,42.1,1970,10,31,18,21,0,4.02,12,EMECv20191114,10018966,12,FALSE,FALSE,TRUE,TRUE,FALSE,10/31/70
20.435,41.433,2009,9,8,15,34,18.3,4.02,12,EMECv20191114,10053876,12,FALSE,FALSE,FALSE,FALSE,FALSE,9/8/09
18.01,43.08,1938,4,22,14,50,45,4.1,12,EMECv20191114,10011418,12,FALSE,FALSE,TRUE,TRUE,TRUE,4/22/38
19.66,40.71,2013,8,13,4,58,2.08,4.1,12,EMECv20191114,10059472,12,TRUE,TRUE,TRUE,FALSE,FALSE,8/13/13
14.922,38.375,2014,1,14,3,43,42,4.1,12,EMECv20191114,10059891,12,FALSE,FALSE,FALSE,FALSE,FALSE,1/14/14
13.738,38.493,2012,8,13,7,30,52.96,4.15,12,EMECv20191114,10058238,12,FALSE,TRUE,TRUE,TRUE,FALSE,8/13/12
18.09,42.96,1938,4,22,11,3,41,4.2,12,EMECv20191114,10011417,12,TRUE,TRUE,TRUE,TRUE,TRUE,4/22/38
10.555,45.745,1936,7,31,14,46,3,4.21,12,EMECv20191114,10011236,nan,FALSE,FALSE,TRUE,TRUE,TRUE,7/31/36
19.237,42.142,1988,2,6,18,42,17.8,4.21,12,EMECv20191114,10027546,12,FALSE,FALSE,TRUE,TRUE,FALSE,2/6/88
20.5,41.02,2013,12,13,3,34,20.71,4.25,12,EMECv20191114,10059816,12,TRUE,TRUE,TRUE,FALSE,FALSE,12/13/13
15.201,41.083,1971,5,5,9,41,44.84,4.26,12,EMECv20191114,10019163,12,FALSE,FALSE,TRUE,TRUE,TRUE,5/5/71
18.75,42.5,1906,7,4,4,40,14,4.28,12,EMECv20191114,10006530,12,TRUE,TRUE,TRUE,TRUE,FALSE,7/4/06
14.73,47.04,1981,6,15,10,17,53,4.28,12,EMECv20191114,10023854,12,TRUE,TRUE,TRUE,TRUE,TRUE,6/15/81
17.5726,42.9928,2005,10,31,13,0,6.8,4.3,12,EMECv20191114,10046111,12,FALSE,TRUE,TRUE,TRUE,FALSE,10/31/05
19.9745,41.3271,2009,11,18,3,16,44.6,4.3,12,EMECv20191114,10054167,12,FALSE,FALSE,TRUE,FALSE,FALSE,11/18/09
19.958,41.405,2010,2,25,6,21,59.4,4.3,12,EMECv20191114,10054558,12,FALSE,FALSE,TRUE,FALSE,FALSE,2/25/10
14.218,37.975,1978,8,26,18,43,39,4.35,12,EMECv20191114,10022213,nan,TRUE,TRUE,TRUE,TRUE,TRUE,8/26/78
19.26,41.87,1979,4,16,10,4,38.6,4.4,12,EMECv20191114,10022498,12,FALSE,FALSE,FALSE,FALSE,FALSE,4/16/79
12.704,42.955,1690,2,3,2,30,0,4.43,12,SERA_histv1.1,10001435,nan,TRUE,TRUE,TRUE,TRUE,TRUE,1690-02-03
15.72,43.69,1923,10,1,10,40,38,4.5,12,EMECv20191114,10009228,12,FALSE,FALSE,TRUE,TRUE,TRUE,10/1/23
18.02,43.03,1942,5,18,0,35,47,4.5,12,EMECv20191114,10011926,12,TRUE,TRUE,TRUE,TRUE,TRUE,5/18/42
18.14,42.9,1927,1,15,20,47,42,4.6,12,EMECv20191114,10009760,12,FALSE,FALSE,TRUE,TRUE,FALSE,1/15/27
19.7942,40.0781,2006,2,17,11,43,34.42,4.6,12,EMECv20191114,10046581,12,TRUE,TRUE,TRUE,FALSE,FALSE,2/17/06
12.218,46.139,1403,1,12,5,30,0,4.65,12,SERA_histv1.1,10000323,nan,TRUE,TRUE,TRUE,TRUE,TRUE,1403-01-12
9.43,46.88,1905,12,26,0,25,0,4.7,12,EMECv20191114,10006457,nan,FALSE,FALSE,TRUE,TRUE,TRUE,12/26/05
14.774,45.226,1925,9,5,7,43,21,4.7,12,EMECv20191114,10009529,12,FALSE,FALSE,TRUE,TRUE,TRUE,9/5/25
19.4001,41.8353,1979,12,23,14,24,14.98,4.7,12,EMECv20191114,10022944,12,FALSE,FALSE,TRUE,FALSE,FALSE,12/23/79
20.5819,39.7396,1985,4,16,12,46,45.26,4.7,12,EMECv20191114,10026149,12,FALSE,FALSE,TRUE,TRUE,FALSE,4/16/85
19.6333,41.2583,1986,6,7,20,3,25.07,4.7,12,EMECv20191114,10026728,12,FALSE,FALSE,FALSE,FALSE,FALSE,6/7/86
10.476,46.508,1907,4,20,13,25,0,4.76,12,EMECv20191114,10006643,nan,TRUE,TRUE,TRUE,TRUE,TRUE,4/20/07
19.84,41.17,2010,7,9,22,15,10,4.79,12,EMECv20191114,10055036,12,FALSE,TRUE,TRUE,FALSE,FALSE,7/9/10
10.787,45.794,1948,7,19,18,11,26,4.87,12,EMECv20191114,10012633,nan,TRUE,TRUE,TRUE,TRUE,TRUE,7/19/48
9.799,45.705,1661,3,12,0,0,0,4.88,12,SERA_histv1.1,10001270,nan,TRUE,TRUE,TRUE,TRUE,TRUE,1661-03-12
10.787,45.756,1876,5,2,0,0,0,4.88,12,SERA_histv1.1,10004364,nan,TRUE,TRUE,TRUE,TRUE,TRUE,1876-05-02
9.457,45.813,1918,4,24,14,21,0,4.95,12,EMECv20191114,10008463,nan,TRUE,TRUE,TRUE,TRUE,TRUE,4/24/18
19.3726,41.9084,1979,4,15,11,42,16.95,5,12,EMECv20191114,10022477,12,FALSE,FALSE,FALSE,FALSE,FALSE,4/15/79
12.824,43.042,1997,10,3,8,55,22.07,5.22,12,EMECv20191114,10035573,12,FALSE,FALSE,FALSE,FALSE,FALSE,10/3/97
20.7,41,1911,2,20,15,15,0,5.26,12,EMECv20191114,10007273,nan,FALSE,FALSE,TRUE,TRUE,TRUE,2/20/11
12.8,46.44,1959,6,13,21,56,42.6,5.26,12,EMECv20191114,10014884,12,TRUE,FALSE,TRUE,TRUE,TRUE,6/13/59
19.9,40.8,1959,10,5,20,34,7,5.36,12,EMECv20191114,10014943,12,FALSE,FALSE,TRUE,TRUE,FALSE,10/5/59
17.9,43.1,1907,8,1,10,7,40,5.4,12,EMECv20191114,10006677,12,TRUE,TRUE,TRUE,TRUE,FALSE,8/1/07
16.855,43.22,1962,1,7,10,3,12.9,5.65,12,EMECv20191114,10015365,12,FALSE,FALSE,FALSE,FALSE,FALSE,1/7/62
19.6,41.25,1934,2,4,9,35,22,5.66,12,EMECv20191114,10010923,12,TRUE,TRUE,TRUE,TRUE,TRUE,2/4/34
17.95,42.48,1996,9,5,20,44,14,5.7,12,EMECv20191114,10034063,12,TRUE,TRUE,TRUE,TRUE,FALSE,9/5/96
20.67,41,1911,2,18,21,38,0,5.76,12,EMECv20191114,10007269,nan,FALSE,FALSE,FALSE,FALSE,FALSE,2/18/11
20.7,40.7,1896,2,10,11,47,0,5.89,12,SERA_histv1.1,10005338,nan,TRUE,TRUE,TRUE,TRUE,TRUE,1896-02-10
13.161,43.21,1799,7,28,22,45,0,6.2,12,SERA_histv1.1,10002659,nan,TRUE,TRUE,TRUE,TRUE,TRUE,1799-07-28
18.098,42.659,1667,4,6,8,45,0,6.38,12,SERA_histv1.1,10001302,nan,TRUE,TRUE,TRUE,TRUE,TRUE,1667-04-06
18.99,41.93,1979,4,15,6,19,41,6.9,12,EMECv20191114,10022463,12,TRUE,TRUE,TRUE,TRUE,FALSE,4/15/79
16.983,43.151,1962,1,7,13,48,13.8,3.72,11.8,EMECv20191114,10015367,11.8,FALSE,FALSE,FALSE,FALSE,FALSE,1/7/62
17.841,42.822,1996,9,12,18,46,58.7,3.72,11.8,EMECv20191114,10034101,11.8,FALSE,FALSE,FALSE,FALSE,FALSE,9/12/96
17.72,42.782,1996,9,17,15,6,41.5,3.72,11.8,EMECv20191114,10034117,11.8,FALSE,FALSE,FALSE,FALSE,FALSE,9/17/96
16.026,37.973,1991,9,25,14,53,44.71,3.92,11.8,EMECv20191114,10029704,11.8,TRUE,TRUE,TRUE,TRUE,TRUE,9/25/91
15.692,40.76,1920,3,7,19,21,48,3.93,11.8,EMECv20191114,10008707,nan,TRUE,TRUE,TRUE,TRUE,TRUE,3/7/20
15.601,38.147,1950,4,10,3,55,0,3.93,11.8,EMECv20191114,10012883,nan,TRUE,TRUE,TRUE,TRUE,TRUE,4/10/50
17.5,43,1913,12,5,16,35,29,4.01,11.8,EMECv20191114,10007706,nan,TRUE,TRUE,TRUE,TRUE,TRUE,12/5/13
15.22,45.53,1920,5,22,7,15,0,4.1,11.8,EMECv20191114,10008742,nan,TRUE,TRUE,TRUE,TRUE,FALSE,5/22/20
15.503,42.12,1908,1,8,21,41,0,4.16,11.8,EMECv20191114,10006733,nan,TRUE,TRUE,TRUE,TRUE,TRUE,1/8/08
16.668,39.232,2002,4,5,14,54,15.23,4.16,11.8,EMECv20191114,10040798,11.8,FALSE,TRUE,TRUE,TRUE,TRUE,4/5/02
15.79,38.151,1896,4,1,7,18,0,4.32,11.8,SERA_histv1.1,10005350,nan,TRUE,TRUE,TRUE,TRUE,TRUE,1896-04-01
13.257,46.305,1976,9,15,9,45,56.27,4.34,11.8,EMECv20191114,10021363,11.8,FALSE,FALSE,FALSE,FALSE,FALSE,9/15/76
15.95,38.333,1911,3,11,3,29,0,4.42,11.8,EMECv20191114,10007292,nan,FALSE,FALSE,TRUE,TRUE,TRUE,3/11/11
15.398,38.205,1783,4,26,2,10,0,4.43,11.8,SERA_histv1.1,10002460,nan,TRUE,TRUE,TRUE,TRUE,TRUE,1783-04-26
14.991,41.106,1978,2,8,4,10,29,4.44,11.8,EMECv20191114,10021984,nan,TRUE,TRUE,TRUE,TRUE,TRUE,2/8/78
14.821,41.661,2003,6,1,15,45,18.04,4.44,11.8,EMECv20191114,10042216,11.8,FALSE,FALSE,TRUE,FALSE,FALSE,6/1/03
15.296,41.704,1937,12,15,21,25,0,4.58,11.8,EMECv20191114,10011367,nan,FALSE,TRUE,TRUE,TRUE,TRUE,12/15/37
15.337,41.687,1688,7,23,0,0,0,5.34,11.8,SERA_histv1.1,10001415,nan,TRUE,TRUE,TRUE,TRUE,TRUE,1688-07-23
15.936,38.686,1928,3,7,10,55,0,5.87,11.8,EMECv20191114,10009955,nan,TRUE,TRUE,TRUE,TRUE,TRUE,3/7/28
15.555,38.185,1947,10,17,0,0,0,3.7,11.7,EMECv20191114,10012522,nan,TRUE,TRUE,TRUE,TRUE,TRUE,10/17/47
16.291,39.492,2000,8,3,9,47,21.28,4.02,11.7,EMECv20191114,10038906,11.7,TRUE,TRUE,TRUE,TRUE,FALSE,8/3/00
16.635,39.574,1836,7,27,7,30,0,4.43,11.7,SERA_histv1.1,10003241,nan,TRUE,TRUE,TRUE,TRUE,TRUE,1836-07-27
14.5,46.1,1895,4,14,23,49,0,4.72,11.7,SERA_histv1.1,10005268,11.7,TRUE,TRUE,TRUE,TRUE,TRUE,1895-04-14
14.517,37.851,1992,4,6,13,8,32.83,4.73,11.7,EMECv20191114,10029965,11.7,TRUE,TRUE,TRUE,TRUE,TRUE,4/6/92
18.611,42.387,1997,3,25,9,52,56.3,3.53,11.6,EMECv20191114,10034942,11.6,FALSE,TRUE,TRUE,TRUE,FALSE,3/25/97
15.831,38.357,1992,6,13,9,32,13.44,3.64,11.6,EMECv20191114,10030061,11.6,TRUE,TRUE,TRUE,TRUE,FALSE,6/13/92
16.321,39.283,1918,11,24,13,38,0,4.16,11.6,EMECv20191114,10008530,nan,TRUE,TRUE,TRUE,TRUE,TRUE,11/24/18
16.002,43.17,2003,2,4,11,51,14.6,4.16,11.6,EMECv20191114,10041715,11.6,FALSE,TRUE,TRUE,TRUE,FALSE,2/4/03
15.647,38.108,1876,9,12,23,8,0,4.2,11.6,SERA_histv1.1,10004381,nan,TRUE,TRUE,TRUE,TRUE,TRUE,1876-09-12
16.177,38.604,1997,6,9,14,10,56.89,4.27,11.6,EMECv20191114,10035215,11.6,TRUE,TRUE,TRUE,TRUE,TRUE,6/9/97
15.4,44.1,1900,12,15,17,10,0,4.54,11.6,EMECv20191114,10005785,nan,TRUE,TRUE,TRUE,TRUE,TRUE,12/15/00
13.193,38.709,1906,3,19,20,15,0,4.63,11.6,EMECv20191114,10006490,nan,TRUE,TRUE,TRUE,TRUE,TRUE,3/19/06
14.25,45.833,1930,2,25,13,35,54,4.78,11.6,EMECv20191114,10010286,11.6,TRUE,TRUE,TRUE,TRUE,TRUE,2/25/30
14.25,46,1882,7,17,7,51,0,5.14,11.6,SERA_histv1.1,10004635,11.6,TRUE,TRUE,TRUE,TRUE,TRUE,1882-07-17
14.4,45.3,1721,1,12,0,0,0,6.41,11.6,SERA_histv1.1,10001694,nan,TRUE,TRUE,TRUE,TRUE,TRUE,1721-01-12
17.78,42.771,1996,9,5,23,39,28.2,3.53,11.5,EMECv20191114,10034066,11.5,FALSE,FALSE,TRUE,TRUE,FALSE,9/5/96
10.192,44.159,1920,12,27,16,19,0,3.7,11.5,EMECv20191114,10008833,nan,FALSE,FALSE,TRUE,TRUE,FALSE,12/27/20
13.291,42.535,2009,4,16,17,49,30.18,3.7,11.5,EMECv20191114,10053292,11.5,FALSE,FALSE,FALSE,FALSE,FALSE,4/16/09
7.334,44.674,1878,1,22,7,44,0,3.87,11.5,SERA_histv1.1,10004427,nan,TRUE,TRUE,TRUE,TRUE,TRUE,1878-01-22
11.765,44.237,1780,9,22,13,45,0,3.97,11.5,SERA_histv1.1,10002410,nan,TRUE,TRUE,TRUE,TRUE,TRUE,1780-09-22
14.27,45.98,1882,7,17,3,28,0,4.09,11.5,SERA_histv1.1,10004633,11.5,TRUE,TRUE,TRUE,TRUE,TRUE,1882-07-17
11.668,45.734,1887,3,29,8,58,0,4.2,11.5,SERA_histv1.1,10004867,nan,TRUE,TRUE,TRUE,TRUE,TRUE,1887-03-29
10.99,44.845,1978,12,25,22,53,41,4.39,11.5,EMECv20191114,10022336,nan,TRUE,TRUE,TRUE,TRUE,TRUE,12/25/78
12.559,46.312,1996,4,13,13,0,22.6,4.43,11.5,EMECv20191114,10033539,11.5,FALSE,FALSE,TRUE,TRUE,TRUE,4/13/96
12.542,45.995,1952,1,18,1,36,0,4.44,11.5,EMECv20191114,10013143,nan,TRUE,TRUE,TRUE,TRUE,TRUE,1/18/52
13.458,43.741,1972,1,25,20,24,35.2,4.49,11.5,EMECv20191114,10019466,nan,FALSE,FALSE,TRUE,TRUE,TRUE,1/25/72
10.525,44.443,1775,1,5,22,45,0,4.63,11.5,SERA_histv1.1,10002312,nan,TRUE,TRUE,TRUE,TRUE,TRUE,1775-01-05
10.468,44.872,1732,2,4,18,20,0,4.65,11.5,SERA_histv1.1,10001784,nan,TRUE,TRUE,TRUE,TRUE,TRUE,1732-02-04
10.809,45.764,1810,5,1,0,0,0,4.65,11.5,SERA_histv1.1,10002808,nan,TRUE,TRUE,TRUE,TRUE,TRUE,1810-05-01
10.852,44.292,1999,7,7,17,16,12.59,4.67,11.5,EMECv20191114,10037400,11.5,TRUE,TRUE,TRUE,TRUE,FALSE,7/7/99
12.769,43.205,1747,4,17,0,0,0,6.02,11.5,SERA_histv1.1,10001913,nan,TRUE,TRUE,TRUE,TRUE,TRUE,1747-04-17
13.305,41.967,1998,5,12,21,46,30.46,3.77,11.4,EMECv20191114,10036368,11.4,TRUE,TRUE,TRUE,TRUE,FALSE,5/12/98
11.059,44.337,1864,3,15,0,0,0,4.86,11.4,SERA_histv1.1,10003991,nan,TRUE,TRUE,TRUE,TRUE,TRUE,1864-03-15
13.302,42.569,1672,6,8,17,30,0,5.38,11.4,SERA_histv1.1,10001334,nan,TRUE,TRUE,TRUE,TRUE,TRUE,1672-06-08
17.867,42.899,1996,9,12,4,18,43.3,3.72,11.3,EMECv20191114,10034098,11.3,FALSE,FALSE,FALSE,FALSE,FALSE,9/12/96
14.9328,41.1603,2012,9,27,8,35,41.05,3.89,11.3,EMECv20191114,10058379,11.3,FALSE,FALSE,FALSE,FALSE,FALSE,9/27/12
14.851,42.059,1838,3,5,0,0,0,3.97,11.3,SERA_histv1.1,10003275,nan,TRUE,TRUE,TRUE,TRUE,TRUE,1838-03-05
15.763,40.576,1817,4,17,0,0,0,4.01,11.3,SERA_histv1.1,10002909,nan,TRUE,TRUE,TRUE,TRUE,TRUE,1817-04-17
17.765,42.782,1996,9,7,4,17,55.9,4.2,11.3,EMECv20191114,10034077,11.3,FALSE,FALSE,FALSE,FALSE,FALSE,9/7/96
11.939,44.315,2000,5,12,11,26,39.23,4.29,11.3,EMECv20191114,10038588,11.3,FALSE,FALSE,FALSE,FALSE,FALSE,5/12/00
17.802,43.022,1990,8,12,23,0,17.4,4.3,11.3,EMECv20191114,10028953,11.3,FALSE,FALSE,TRUE,TRUE,FALSE,8/12/90
13.915,41.704,1984,7,1,7,47,12.54,4.63,11.3,EMECv20191114,10025800,11.3,FALSE,FALSE,TRUE,FALSE,FALSE,7/1/84
13.117,46.392,2002,2,14,3,18,2.48,4.67,11.3,EMECv20191114,10040676,11.3,TRUE,TRUE,TRUE,TRUE,TRUE,2/14/02
10.28,44.113,1902,8,4,22,36,10,4.78,11.3,EMECv20191114,10005974,nan,FALSE,TRUE,TRUE,TRUE,TRUE,8/4/02
13.901,41.732,1984,5,11,13,14,55.87,4.8,11.3,EMECv20191114,10025716,11.3,FALSE,FALSE,FALSE,FALSE,FALSE,5/11/84
12.788,42.765,1838,1,5,14,0,0,5.07,11.3,SERA_histv1.1,10003269,nan,TRUE,TRUE,TRUE,TRUE,TRUE,1838-01-05
13.822,41.489,1910,12,29,5,47,0,3.7,11.2,EMECv20191114,10007248,nan,TRUE,TRUE,TRUE,TRUE,TRUE,12/29/10
13.751,41.412,1872,12,12,18,0,0,3.74,11.2,SERA_histv1.1,10004258,nan,TRUE,TRUE,TRUE,TRUE,TRUE,1872-12-12
13.174,46.3,1976,9,15,9,21,19.01,5.95,11.2,EMECv20191114,10021362,11.2,FALSE,FALSE,TRUE,FALSE,FALSE,9/15/76
14.565,38.528,2004,10,7,4,41,46.67,3.51,11.1,EMECv20191114,10044169,11.1,TRUE,TRUE,TRUE,TRUE,FALSE,10/7/04
13.312,42.477,2009,4,9,22,40,6.12,3.6,11.1,EMECv20191114,10053264,11.1,FALSE,FALSE,FALSE,FALSE,FALSE,4/9/09
14.887,45.143,2000,3,12,0,28,46.6,3.62,11.1,EMECv20191114,10038419,11.1,TRUE,TRUE,TRUE,TRUE,FALSE,3/12/00
13.366,42.319,2009,7,3,1,14,7.26,3.67,11.1,EMECv20191114,10053629,11.1,FALSE,FALSE,FALSE,FALSE,FALSE,7/3/09
9.0242,44.8797,2014,12,6,17,40,41.01,3.67,11.1,EMECv20191114,10061353,11.1,TRUE,TRUE,TRUE,TRUE,TRUE,12/6/14
13.597,43.156,1908,11,16,16,28,0,3.7,11.1,EMECv20191114,10006857,nan,TRUE,TRUE,TRUE,TRUE,TRUE,11/16/08
13.392,42.338,2009,7,12,22,14,24.79,3.7,11.1,EMECv20191114,10053688,11.1,FALSE,FALSE,FALSE,FALSE,FALSE,7/12/09
14.75,46.233,1916,11,24,8,20,0,3.78,11.1,EMECv20191114,10008237,11.1,FALSE,FALSE,FALSE,FALSE,FALSE,11/24/16
14.53,46.22,1896,9,9,10,55,0,3.87,11.1,SERA_histv1.1,10005381,11.1,TRUE,TRUE,TRUE,TRUE,TRUE,1896-09-09
14.2,45.92,1897,7,26,19,26,0,3.87,11.1,SERA_histv1.1,10005486,11.1,TRUE,TRUE,TRUE,TRUE,TRUE,1897-07-26
11.5212,44.8693,2013,5,4,5,11,6.3,3.89,11.1,EMECv20191114,10059072,11.1,FALSE,FALSE,TRUE,TRUE,FALSE,5/4/13
14.7,45.95,1908,4,8,0,4,0,4.11,11.1,EMECv20191114,10006765,11.1,TRUE,TRUE,TRUE,TRUE,TRUE,4/8/08
10.861,44.434,1930,10,26,7,31,0,4.12,11.1,EMECv20191114,10010413,nan,FALSE,FALSE,TRUE,TRUE,FALSE,10/26/30
10.656,44.333,2000,10,3,1,12,36.56,4.22,11.1,EMECv20191114,10039088,11.1,FALSE,TRUE,TRUE,TRUE,FALSE,10/3/00
14.3,46.37,1833,11,20,0,25,0,4.3,11.1,SERA_histv1.1,10003192,11.1,TRUE,TRUE,TRUE,TRUE,TRUE,1833-11-20
15.03,46.13,1852,11,16,17,10,0,4.3,11.1,SERA_histv1.1,10003573,11.1,TRUE,TRUE,TRUE,TRUE,TRUE,1852-11-16
14.47,46.13,1899,2,16,2,30,0,4.3,11.1,SERA_histv1.1,10005634,11.1,TRUE,TRUE,TRUE,TRUE,TRUE,1899-02-16
13.407,43.628,1922,10,11,6,43,42,4.34,11.1,EMECv20191114,10009084,nan,TRUE,TRUE,TRUE,TRUE,FALSE,10/11/22
12.86,42.402,1298,11,30,0,0,0,4.43,11.1,SERA_histv1.1,10000168,nan,TRUE,TRUE,TRUE,TRUE,TRUE,1298-11-30
12.704,42.955,1832,10,31,0,0,0,4.43,11.1,SERA_histv1.1,10003173,nan,TRUE,TRUE,TRUE,TRUE,TRUE,1832-10-31
11.432,44.085,1849,1,6,2,40,0,4.43,11.1,SERA_histv1.1,10003482,nan,TRUE,TRUE,TRUE,TRUE,TRUE,1849-01-06
14.5,46.05,1916,2,8,2,33,0,4.5,11.1,EMECv20191114,10008121,nan,TRUE,TRUE,TRUE,TRUE,TRUE,2/8/16
9.126,44.92,1824,2,4,21,50,0,4.53,11.1,SERA_histv1.1,10003014,nan,TRUE,TRUE,TRUE,TRUE,TRUE,1824-02-04
13.286,43.148,1922,6,8,7,47,0,4.73,11.1,EMECv20191114,10009022,nan,TRUE,TRUE,TRUE,TRUE,FALSE,6/8/22
12.189,44.143,1881,9,28,0,0,0,4.74,11.1,SERA_histv1.1,10004596,nan,TRUE,TRUE,TRUE,TRUE,TRUE,1881-09-28
14.354,45.389,1870,5,10,16,56,0,4.76,11.1,SERA_histv1.1,10004190,nan,TRUE,TRUE,TRUE,TRUE,TRUE,1870-05-10
10.863,44.734,1661,3,21,23,0,0,4.88,11.1,SERA_histv1.1,10001271,nan,TRUE,TRUE,TRUE,TRUE,TRUE,1661-03-21
10.952,44.245,1744,1,1,0,0,0,4.88,11.1,SERA_histv1.1,10001900,nan,TRUE,TRUE,TRUE,TRUE,TRUE,1744-01-01
11.41,43.701,1770,12,27,4,0,0,4.88,11.1,SERA_histv1.1,10002237,nan,TRUE,TRUE,TRUE,TRUE,TRUE,1770-12-27
12.584,43.034,1854,2,12,5,0,0,5.57,11.1,SERA_histv1.1,10003615,nan,TRUE,TRUE,TRUE,TRUE,TRUE,1854-02-12
7.45,46.35,1945,11,10,6,40,0,3.5,11,EMECv20191114,10012334,nan,FALSE,TRUE,TRUE,TRUE,TRUE,11/10/45
7.417,46.3,1952,7,2,18,36,0,3.5,11,EMECv20191114,10013217,nan,FALSE,TRUE,TRUE,TRUE,TRUE,7/2/52
7.3,46.383,1958,7,25,2,25,53,3.5,11,EMECv20191114,10014687,nan,TRUE,TRUE,TRUE,TRUE,TRUE,7/25/58
19.21,41.91,1979,4,21,11,1,38.5,3.53,11,EMECv20191114,10022536,11,FALSE,FALSE,FALSE,FALSE,FALSE,4/21/79
18.81,42.17,1979,8,24,10,16,48.1,3.53,11,EMECv20191114,10022784,nan,FALSE,FALSE,TRUE,FALSE,FALSE,8/24/79
13.45,47.42,2011,12,14,12,37,0,3.53,11,EMECv20191114,10057265,11,TRUE,TRUE,TRUE,TRUE,TRUE,12/14/11
19.126,41.972,1979,4,24,8,47,38.6,3.55,11,EMECv20191114,10022545,11,FALSE,FALSE,FALSE,FALSE,FALSE,4/24/79
19.317,41.999,1979,5,1,6,39,7.5,3.55,11,EMECv20191114,10022563,11,FALSE,FALSE,FALSE,FALSE,FALSE,5/1/79
19.33,41.978,1979,7,20,4,1,10.5,3.55,11,EMECv20191114,10022738,11,FALSE,FALSE,FALSE,FALSE,FALSE,7/20/79
19.329,41.98,1979,9,26,15,38,23.1,3.55,11,EMECv20191114,10022844,11,FALSE,FALSE,TRUE,FALSE,FALSE,9/26/79
17.867,43.007,1993,4,6,23,32,16.2,3.55,11,EMECv20191114,10030460,11,FALSE,FALSE,FALSE,FALSE,FALSE,4/6/93
19.56,40.21,2006,8,21,17,46,32.7,3.55,11,EMECv20191114,10047483,11,FALSE,FALSE,FALSE,FALSE,FALSE,8/21/06
19.791,40.2248,2008,3,5,6,48,17.1,3.55,11,EMECv20191114,10050950,11,FALSE,FALSE,TRUE,FALSE,FALSE,3/5/08
19.5033,41.3985,2008,10,7,13,11,40.1,3.55,11,EMECv20191114,10052532,11,FALSE,TRUE,TRUE,FALSE,FALSE,10/7/08
20.4637,41.4027,2009,9,9,7,48,26,3.55,11,EMECv20191114,10053881,11,FALSE,FALSE,FALSE,FALSE,FALSE,9/9/09
13.296,38.705,2010,8,11,5,0,3.75,3.57,11,EMECv20191114,10055148,11,TRUE,TRUE,TRUE,TRUE,FALSE,8/11/10
6.717,46.283,1909,2,10,2,40,0,3.6,11,EMECv20191114,10006909,nan,TRUE,TRUE,TRUE,TRUE,TRUE,2/10/09
13.339,42.35,2009,5,30,2,55,10.08,3.6,11,EMECv20191114,10053464,11,FALSE,FALSE,TRUE,FALSE,FALSE,5/30/09
15.01,44.99,1960,12,18,1,58,33,3.62,11,EMECv20191114,10015211,11,TRUE,TRUE,TRUE,TRUE,TRUE,12/18/60
19.19,41.83,1979,4,25,15,14,32,3.62,11,EMECv20191114,10022549,11,FALSE,FALSE,FALSE,FALSE,FALSE,4/25/79
19.828,38.752,2004,5,2,10,56,0.23,3.64,11,EMECv20191114,10043435,11,TRUE,FALSE,TRUE,FALSE,FALSE,5/2/04
17.7933,42.9975,1978,3,16,6,33,24.2,3.65,11,EMECv20191114,10022029,11,TRUE,TRUE,TRUE,TRUE,FALSE,3/16/78
9.659,44.565,1985,8,8,19,5,17.01,3.66,11,EMECv20191114,10026286,11,FALSE,FALSE,TRUE,TRUE,TRUE,8/8/85
20,41.16,2012,9,16,15,39,31.59,3.66,11,EMECv20191114,10058337,11,FALSE,FALSE,TRUE,FALSE,FALSE,9/16/12
13.352,42.466,2009,6,23,8,35,8.56,3.67,11,EMECv20191114,10053570,11,FALSE,FALSE,FALSE,FALSE,FALSE,6/23/09
11.0718,44.853,2012,5,29,7,18,22.37,3.67,11,EMECv20191114,10057930,11,FALSE,FALSE,FALSE,FALSE,FALSE,5/29/12
19.2,42,1968,11,14,23,15,18,3.72,11,EMECv20191114,10017789,11,FALSE,FALSE,TRUE,TRUE,FALSE,11/14/68
19.06,41.99,1979,8,2,14,41,46.5,3.72,11,EMECv20191114,10022756,11,FALSE,FALSE,TRUE,FALSE,FALSE,8/2/79
17.81,42.98,1984,5,13,21,35,32,3.74,11,EMECv20191114,10025727,11,FALSE,FALSE,FALSE,FALSE,FALSE,5/13/84
19.3351,41.9492,2009,8,17,6,30,40.7,3.74,11,EMECv20191114,10053788,11,FALSE,FALSE,TRUE,FALSE,FALSE,8/17/09
19.87,40.134,2010,2,17,18,38,29.8,3.74,11,EMECv20191114,10054536,11,FALSE,FALSE,TRUE,FALSE,FALSE,2/17/10
14.365,41.59,1998,3,7,3,27,4.31,3.75,11,EMECv20191114,10036193,11,TRUE,TRUE,TRUE,TRUE,TRUE,3/7/98
7.373,46.554,1764,12,12,19,0,0,3.79,11,SERA_histv1.1,10002152,nan,TRUE,TRUE,TRUE,TRUE,TRUE,1764-12-12
19.268,41.868,1979,4,20,23,41,44.8,3.83,11,EMECv20191114,10022528,11,FALSE,FALSE,FALSE,FALSE,FALSE,4/20/79
19.237,41.999,1979,5,6,0,20,14.8,3.83,11,EMECv20191114,10022571,11,FALSE,FALSE,FALSE,FALSE,FALSE,5/6/79
14.22,46.98,1969,6,1,23,20,0,3.86,11,EMECv20191114,10018096,11,TRUE,TRUE,TRUE,TRUE,TRUE,6/1/69
10.783,45.882,1976,12,14,8,57,0,3.87,11,EMECv20191114,10021506,nan,FALSE,FALSE,TRUE,TRUE,TRUE,12/14/76
19.7861,41.8116,2007,8,30,4,20,8.3,3.93,11,EMECv20191114,10049745,11,FALSE,TRUE,TRUE,FALSE,FALSE,8/30/07
19.8692,41.0439,2007,10,26,1,36,57,3.93,11,EMECv20191114,10050055,11,FALSE,TRUE,TRUE,FALSE,FALSE,10/26/07
20.48,39.982,2002,10,8,9,45,51.55,4,11,EMECv20191114,10041334,11,FALSE,FALSE,TRUE,FALSE,FALSE,10/8/02
19.18,41.98,1979,4,15,7,11,27.9,4.01,11,EMECv20191114,10022466,11,FALSE,FALSE,FALSE,FALSE,FALSE,4/15/79
19.572,41.246,2004,8,28,22,16,50,4.01,11,EMECv20191114,10043989,nan,TRUE,TRUE,TRUE,FALSE,FALSE,8/28/04
19.038,41.95,1979,4,11,2,25,43,4.02,11,EMECv20191114,10022455,11,FALSE,FALSE,TRUE,TRUE,FALSE,4/11/79
19.124,41.875,1979,4,11,11,41,18.3,4.02,11,EMECv20191114,10022457,11,FALSE,FALSE,TRUE,TRUE,FALSE,4/11/79
19.677,41.918,2005,6,17,5,33,3.1,4.02,11,EMECv20191114,10045368,11,FALSE,TRUE,TRUE,FALSE,FALSE,6/17/05
17.9923,42.7296,2008,3,31,0,14,35.7,4.02,11,EMECv20191114,10051119,11,TRUE,TRUE,TRUE,TRUE,FALSE,3/31/08
19.6274,41.3536,2008,6,25,18,5,28.3,4.02,11,EMECv20191114,10051944,11,FALSE,FALSE,TRUE,FALSE,FALSE,6/25/08
19.5365,41.1044,2009,3,18,16,20,34.9,4.02,11,EMECv20191114,10053158,11,FALSE,FALSE,TRUE,FALSE,FALSE,3/18/09
18.13,42.72,1939,2,2,12,49,39,4.1,11,EMECv20191114,10011495,11,TRUE,TRUE,TRUE,TRUE,TRUE,2/2/39
19.23,41.9,1979,4,19,0,17,35.7,4.1,11,EMECv20191114,10022517,11,FALSE,FALSE,FALSE,FALSE,FALSE,4/19/79
19.47,41.43,2013,5,15,15,2,40.28,4.1,11,EMECv20191114,10059092,11,TRUE,TRUE,TRUE,FALSE,FALSE,5/15/13
15.3924,44.1912,2009,6,21,10,54,37.1,4.11,11,EMECv20191114,10053559,11,TRUE,TRUE,TRUE,TRUE,FALSE,6/21/09
14.575,37.154,1903,7,13,8,19,0,4.14,11,EMECv20191114,10006092,nan,TRUE,TRUE,TRUE,TRUE,TRUE,7/13/03
14.936,38.362,2014,1,14,4,35,0,4.15,11,EMECv20191114,10059892,11,TRUE,TRUE,TRUE,TRUE,FALSE,1/14/14
13.135,46.279,1493,8,24,0,0,0,4.2,11,SERA_histv1.1,10000493,nan,TRUE,TRUE,TRUE,TRUE,TRUE,1493-08-24
13.402,42.417,2009,4,6,1,40,50.65,4.21,11,EMECv20191114,10053222,11,FALSE,FALSE,FALSE,FALSE,FALSE,4/6/09
20.4083,41.4206,2009,9,12,18,42,54.4,4.21,11,EMECv20191114,10053898,11,FALSE,FALSE,FALSE,FALSE,FALSE,9/12/09
10.079,44.812,1906,8,25,3,11,0,4.25,11,EMECv20191114,10006544,nan,TRUE,TRUE,TRUE,TRUE,TRUE,8/25/06
19.224,41.92,1993,12,5,1,30,57.2,4.3,11,EMECv20191114,10030916,11,TRUE,TRUE,TRUE,TRUE,FALSE,12/5/93
20.452,41.41,2009,9,12,18,6,25.6,4.3,11,EMECv20191114,10053897,11,FALSE,FALSE,FALSE,FALSE,FALSE,9/12/09
13.56,41.808,1924,11,28,9,11,0,4.4,11,EMECv20191114,10009400,nan,TRUE,TRUE,TRUE,TRUE,FALSE,11/28/24
17.723,42.919,1984,5,14,3,56,42,4.4,11,EMECv20191114,10025731,11,FALSE,FALSE,FALSE,FALSE,FALSE,5/14/84
7.9,46.3,1933,1,24,1,43,0,4.5,11,EMECv20191114,10010793,nan,TRUE,TRUE,TRUE,TRUE,TRUE,1/24/33
19.8512,41.1225,1981,7,8,3,59,52.48,4.5,11,EMECv20191114,10023943,11,FALSE,TRUE,TRUE,TRUE,FALSE,7/8/81
20.38,41.46,1980,7,19,0,37,56,4.57,11,EMECv20191114,10023217,nan,TRUE,FALSE,TRUE,TRUE,FALSE,7/19/80
20.755,40.8562,1973,4,14,2,15,26.97,4.6,11,EMECv20191114,10019925,11,TRUE,TRUE,TRUE,TRUE,FALSE,4/14/73
7.365,45.016,2011,7,25,12,31,20.46,4.67,11,EMECv20191114,10056313,11,TRUE,TRUE,TRUE,TRUE,TRUE,7/25/11
14.55,46.08,1906,2,5,3,44,16,4.7,11,EMECv20191114,10006468,nan,TRUE,TRUE,TRUE,TRUE,TRUE,2/5/06
13.28,45.25,1918,11,6,19,26,7,4.7,11,EMECv20191114,10008522,11,TRUE,TRUE,TRUE,TRUE,FALSE,11/6/18
19.7695,40.141,1990,8,18,14,47,50.56,4.7,11,EMECv20191114,10028966,11,TRUE,TRUE,TRUE,TRUE,FALSE,8/18/90
20.6924,40.0326,1996,8,11,7,57,16.92,4.7,11,EMECv20191114,10033974,11,FALSE,FALSE,TRUE,FALSE,FALSE,8/11/96
18.111,42.641,1482,2,1,0,0,0,4.72,11,SERA_histv1.1,10000474,nan,TRUE,TRUE,TRUE,TRUE,TRUE,1482-02-01
14.75,46.25,1840,9,24,21,0,0,4.72,11,SERA_histv1.1,10003318,11,TRUE,TRUE,TRUE,TRUE,TRUE,1840-09-24
14.42,46.17,1879,2,12,13,42,0,4.72,11,SERA_histv1.1,10004463,11,TRUE,TRUE,TRUE,TRUE,TRUE,1879-02-12
14.5,46.05,1895,4,14,22,40,0,4.72,11,SERA_histv1.1,10005266,11,TRUE,TRUE,TRUE,TRUE,TRUE,1895-04-14
14.5,46.1,1895,4,15,2,36,0,4.72,11,SERA_histv1.1,10005270,11,TRUE,TRUE,TRUE,TRUE,TRUE,1895-04-15
15.449,40.677,1923,11,8,12,28,0,4.73,11,EMECv20191114,10009246,nan,TRUE,TRUE,TRUE,TRUE,TRUE,11/8/23
7.466,45.011,1914,10,27,1,12,0,4.74,11,EMECv20191114,10007854,nan,FALSE,FALSE,TRUE,TRUE,TRUE,10/27/14
19.6,40.3,1930,12,5,2,57,0,4.77,11,EMECv20191114,10010432,11,FALSE,FALSE,TRUE,TRUE,TRUE,12/5/30
19,42.25,1973,10,25,0,4,52,4.77,11,EMECv20191114,10020094,11,TRUE,TRUE,TRUE,TRUE,FALSE,10/25/73
19.4698,41.3288,1981,6,30,23,5,32.19,4.8,11,EMECv20191114,10023907,11,FALSE,TRUE,TRUE,TRUE,FALSE,6/30/81
19.75,40.19,2006,8,8,21,20,9,4.84,11,EMECv20191114,10047406,11,FALSE,FALSE,TRUE,FALSE,FALSE,8/8/06
12.103,45.893,1859,1,20,7,55,0,4.85,11,SERA_histv1.1,10003856,nan,TRUE,TRUE,TRUE,TRUE,TRUE,1859-01-20
19.6403,41.2657,1986,6,7,20,6,27.48,4.9,11,EMECv20191114,10026729,11,FALSE,FALSE,TRUE,TRUE,FALSE,6/7/86
20.5,41.2,1935,4,3,21,44,55,4.97,11,EMECv20191114,10011049,11,FALSE,FALSE,TRUE,TRUE,TRUE,4/3/35
20.5937,40.0245,1996,11,14,3,3,37.11,5,11,EMECv20191114,10034507,11,FALSE,FALSE,TRUE,FALSE,FALSE,11/14/96
19.8,40.65,1976,3,2,19,41,34,5.07,11,EMECv20191114,10021112,11,TRUE,TRUE,TRUE,TRUE,FALSE,3/2/76
15.2,44.1,1614,3,2,0,0,0,5.14,11,SERA_histv1.1,10000986,nan,TRUE,TRUE,TRUE,TRUE,TRUE,1614-03-02
7.306,45.036,1886,9,5,0,0,0,5.19,11,SERA_histv1.1,10004837,nan,TRUE,TRUE,TRUE,TRUE,TRUE,1886-09-05
20,40.3,1930,7,16,16,1,0,5.26,11,EMECv20191114,10010364,11,TRUE,TRUE,TRUE,TRUE,TRUE,7/16/30
20.66,40.08,1996,7,26,18,55,50.4,5.29,11,EMECv20191114,10033925,11,FALSE,FALSE,TRUE,FALSE,FALSE,7/26/96
9.274,45.584,1396,11,26,0,0,0,5.34,11,SERA_histv1.1,10000304,nan,TRUE,TRUE,TRUE,TRUE,TRUE,1396-11-26
11.688,44.579,1909,1,13,0,45,0,5.36,11,EMECv20191114,10006891,nan,TRUE,TRUE,TRUE,TRUE,TRUE,1/13/09
13.351,42.489,2009,4,9,0,52,59.69,5.39,11,EMECv20191114,10053255,11,FALSE,FALSE,FALSE,FALSE,FALSE,4/9/09
20.6,40.6,1878,7,4,10,0,0,5.89,11,SERA_histv1.1,10004446,nan,TRUE,TRUE,TRUE,TRUE,TRUE,1878-07-04
19.5,41.3,1926,12,17,11,39,55,6.26,11,EMECv20191114,10009741,11,TRUE,TRUE,TRUE,TRUE,FALSE,12/17/26
19.5,42,1905,6,1,4,42,15,6.66,11,EMECv20191114,10006361,11,TRUE,TRUE,TRUE,TRUE,FALSE,6/1/05
6.51,45.14,2003,5,25,23,3,31.8,3.5,10.9,EMECv20191114,10042164,nan,TRUE,TRUE,TRUE,TRUE,TRUE,5/25/03
14.6,46.133,1911,1,14,11,29,0,3.64,10.9,EMECv20191114,10007255,10.9,TRUE,TRUE,TRUE,TRUE,TRUE,1/14/11
14.75,46.27,1840,9,5,18,0,0,3.66,10.9,SERA_histv1.1,10003317,10.9,TRUE,TRUE,TRUE,TRUE,TRUE,1840-09-05
14.83,46.07,1867,6,30,0,0,0,3.66,10.9,SERA_histv1.1,10004079,10.9,TRUE,TRUE,TRUE,TRUE,TRUE,1867-06-30
17.841,42.723,1996,9,6,0,31,15.9,3.72,10.9,EMECv20191114,10034067,10.9,FALSE,FALSE,FALSE,FALSE,FALSE,9/6/96
19.03,42.524,1998,8,19,7,58,37.9,3.72,10.9,EMECv20191114,10036614,10.9,TRUE,TRUE,TRUE,TRUE,FALSE,8/19/98
13.185,46.171,1523,6,7,0,0,0,3.74,10.9,SERA_histv1.1,10000606,nan,TRUE,TRUE,TRUE,TRUE,TRUE,1523-06-07
16.335,38.865,2011,10,14,17,30,24.94,3.78,10.9,EMECv20191114,10056627,10.9,TRUE,TRUE,TRUE,TRUE,FALSE,10/14/11
6.544,45.467,1875,10,14,9,30,0,3.79,10.9,SERA_histv1.1,10004345,nan,TRUE,TRUE,TRUE,TRUE,TRUE,1875-10-14
7.966,43.877,1956,3,20,0,35,0,3.93,10.9,EMECv20191114,10014125,nan,TRUE,TRUE,TRUE,TRUE,TRUE,3/20/56
12.992,46.512,1778,4,21,0,0,0,3.97,10.9,SERA_histv1.1,10002360,nan,TRUE,TRUE,TRUE,TRUE,TRUE,1778-04-21
13.47,42.336,1895,6,30,3,48,0,3.97,10.9,SERA_histv1.1,10005292,nan,TRUE,TRUE,TRUE,TRUE,TRUE,1895-06-30
7.364,44.431,1993,3,15,23,43,28.95,4.06,10.9,EMECv20191114,10030413,10.9,TRUE,TRUE,TRUE,TRUE,TRUE,3/15/93
16.611,42.305,2010,6,4,18,44,53.56,4.28,10.9,EMECv20191114,10054919,10.9,TRUE,TRUE,TRUE,TRUE,FALSE,6/4/10
18.111,42.641,1534,2,3,20,30,0,4.3,10.9,SERA_histv1.1,10000635,nan,TRUE,TRUE,TRUE,TRUE,TRUE,1534-02-03
11.341,44.86,2012,5,20,2,11,45.55,4.42,10.9,EMECv20191114,10057841,10.9,FALSE,FALSE,FALSE,FALSE,FALSE,5/20/12
15.173,38.275,2007,8,18,14,4,7.98,4.48,10.9,EMECv20191114,10049669,10.9,TRUE,TRUE,TRUE,TRUE,FALSE,8/18/07
15.28,45.63,1916,1,2,15,10,0,4.5,10.9,EMECv20191114,10008103,nan,FALSE,FALSE,TRUE,TRUE,TRUE,1/2/16
13.61,43.44,1511,4,1,0,0,0,4.65,10.9,SERA_histv1.1,10000558,nan,TRUE,TRUE,TRUE,TRUE,TRUE,1511-04-01
13.399,42.351,1848,12,1,0,0,0,4.65,10.9,SERA_histv1.1,10003480,nan,TRUE,TRUE,TRUE,TRUE,TRUE,1848-12-01
7.144,44.525,1955,6,20,4,47,0,4.77,10.9,EMECv20191114,10013984,nan,FALSE,FALSE,TRUE,TRUE,TRUE,6/20/55
11.563,42.861,1948,11,3,11,40,0,4.82,10.9,EMECv20191114,10012682,nan,TRUE,TRUE,TRUE,TRUE,TRUE,11/3/48
11.332,43.318,1575,6,14,16,0,0,4.88,10.9,SERA_histv1.1,10000804,nan,TRUE,TRUE,TRUE,TRUE,TRUE,1575-06-14
15.601,38.147,1599,8,1,0,0,0,5.11,10.9,SERA_histv1.1,10000916,nan,TRUE,TRUE,TRUE,TRUE,TRUE,1599-08-01
13.478,46.105,1898,2,20,4,57,0,5.12,10.9,SERA_histv1.1,10005563,nan,TRUE,TRUE,TRUE,TRUE,TRUE,1898-02-20
7.276,44.024,1564,7,20,0,0,0,5.51,10.9,SERA_histv1.1,10000751,nan,TRUE,TRUE,TRUE,TRUE,TRUE,1564-07-20
11.264,43.703,1895,5,18,19,55,0,5.52,10.9,SERA_histv1.1,10005283,nan,TRUE,TRUE,TRUE,TRUE,TRUE,1895-05-18
7.559,43.786,1854,12,29,1,45,0,5.71,10.9,SERA_histv1.1,10003629,nan,TRUE,TRUE,TRUE,TRUE,TRUE,1854-12-29
15.687,38.146,1908,12,28,4,20,27,7.1,10.9,EMECv20191114,10006877,nan,TRUE,TRUE,TRUE,TRUE,TRUE,12/28/08
15.957,37.222,1999,10,20,22,19,10.37,4.06,10.8,EMECv20191114,10037951,10.8,FALSE,FALSE,TRUE,TRUE,TRUE,10/20/99
14.17,45.77,1897,5,20,6,45,0,4.09,10.8,SERA_histv1.1,10005466,10.8,TRUE,TRUE,TRUE,TRUE,TRUE,1897-05-20
13.367,42.497,2009,4,8,22,56,50.19,4.11,10.8,EMECv20191114,10053254,10.8,FALSE,FALSE,FALSE,FALSE,FALSE,4/8/09
9.354,44.494,2012,3,5,15,15,6.99,4.27,10.8,EMECv20191114,10057551,10.8,TRUE,TRUE,TRUE,TRUE,FALSE,3/5/12
12.8,43.8,1916,8,16,6,48,0,4.6,10.8,EMECv20191114,10008193,nan,FALSE,FALSE,TRUE,TRUE,FALSE,8/16/16
15.746,40.628,1986,7,23,8,19,50.87,4.61,10.8,EMECv20191114,10026799,10.8,TRUE,TRUE,TRUE,TRUE,TRUE,7/23/86
14.647,38.575,1995,7,23,18,44,22.95,4.63,10.8,EMECv20191114,10032338,10.8,TRUE,TRUE,TRUE,TRUE,FALSE,7/23/95
13.107,42.956,1832,11,14,11,0,0,4.75,10.8,SERA_histv1.1,10003174,nan,TRUE,TRUE,TRUE,TRUE,TRUE,1832-11-14
14.471,38.547,1930,3,26,10,52,0,4.92,10.8,EMECv20191114,10010300,nan,TRUE,TRUE,TRUE,TRUE,TRUE,3/26/30
13.396,41.696,1877,8,24,2,45,0,5.21,10.8,SERA_histv1.1,10004408,nan,TRUE,TRUE,TRUE,TRUE,TRUE,1877-08-24
15.381,41.685,1627,7,30,11,5,0,5.8,10.8,SERA_histv1.1,10001053,nan,TRUE,TRUE,TRUE,TRUE,TRUE,1627-07-30
16.191,39.363,2007,12,20,3,25,32.24,3.67,10.7,EMECv20191114,10050404,10.7,TRUE,TRUE,TRUE,TRUE,FALSE,12/20/07
13.696,41.74,2009,10,8,0,51,51.17,3.67,10.7,EMECv20191114,10054032,10.7,FALSE,TRUE,TRUE,FALSE,FALSE,10/8/09
14.2,45.667,1910,1,28,13,45,0,3.76,10.7,EMECv20191114,10007110,10.7,FALSE,TRUE,TRUE,TRUE,TRUE,1/28/10
13.676,38.407,2002,9,6,1,39,52,4.11,10.7,EMECv20191114,10041204,10.7,FALSE,FALSE,FALSE,FALSE,FALSE,9/6/02
12.04,44.222,1479,10,10,22,0,0,4.2,10.7,SERA_histv1.1,10000461,nan,TRUE,TRUE,TRUE,TRUE,TRUE,1479-10-10
12.19,43.514,1668,8,22,0,0,0,4.2,10.7,SERA_histv1.1,10001308,nan,TRUE,TRUE,TRUE,TRUE,TRUE,1668-08-22
14.861,41.147,1885,9,17,9,35,0,4.27,10.7,SERA_histv1.1,10004788,nan,TRUE,TRUE,TRUE,TRUE,TRUE,1885-09-17
14.32,45.58,1960,2,17,15,32,50,4.4,10.7,EMECv20191114,10015025,nan,TRUE,TRUE,TRUE,TRUE,TRUE,2/17/60
14.228,41.592,1807,1,28,17,0,0,4.43,10.7,SERA_histv1.1,10002770,nan,TRUE,TRUE,TRUE,TRUE,TRUE,1807-01-28
16.179,38.594,1886,2,6,6,30,0,4.44,10.7,SERA_histv1.1,10004811,nan,TRUE,TRUE,TRUE,TRUE,TRUE,1886-02-06
13.09,46.367,1976,10,13,2,48,39.33,4.47,10.7,EMECv20191114,10021394,10.7,FALSE,FALSE,TRUE,FALSE,FALSE,10/13/76
15.654,40.555,1899,10,2,14,17,0,4.62,10.7,SERA_histv1.1,10005688,nan,TRUE,TRUE,TRUE,TRUE,TRUE,1899-10-02
11.942,43.937,1957,4,17,2,22,0,4.68,10.7,EMECv20191114,10014368,nan,FALSE,FALSE,TRUE,TRUE,TRUE,4/17/57
13.019,46.283,1977,9,16,23,48,7.64,5.26,10.7,EMECv20191114,10021816,10.7,FALSE,FALSE,TRUE,TRUE,FALSE,9/16/77
17.842,42.766,1996,9,28,16,12,45.3,3.53,10.6,EMECv20191114,10034156,10.6,FALSE,FALSE,FALSE,FALSE,FALSE,9/28/96
13.741,38.399,1986,6,19,19,56,5.71,3.65,10.6,EMECv20191114,10026756,10.6,TRUE,TRUE,TRUE,TRUE,TRUE,6/19/86
13.2725,42.3957,2012,10,30,1,52,31.08,3.67,10.6,EMECv20191114,10058476,10.6,TRUE,TRUE,TRUE,TRUE,FALSE,10/30/12
8.675,43.985,2009,2,1,14,52,0.64,3.99,10.6,EMECv20191114,10053018,10.6,TRUE,TRUE,TRUE,TRUE,TRUE,2/1/09
13.431,46.093,1301,6,11,4,0,0,4.2,10.6,SERA_histv1.1,10000172,nan,TRUE,TRUE,TRUE,TRUE,TRUE,1301-06-11
14.17,46.12,1973,12,21,8,17,51,4.2,10.6,EMECv20191114,10020168,nan,TRUE,TRUE,TRUE,TRUE,TRUE,12/21/73
14.276,37.854,1976,9,17,1,23,55,4.55,10.6,EMECv20191114,10021369,nan,TRUE,TRUE,TRUE,TRUE,TRUE,9/17/76
15.217,45.767,1915,2,22,0,37,7,4.74,10.6,EMECv20191114,10007921,10.6,FALSE,FALSE,TRUE,TRUE,TRUE,2/22/15
14.5,46.05,1898,4,17,22,49,0,4.93,10.6,SERA_histv1.1,10005575,10.6,TRUE,TRUE,TRUE,TRUE,TRUE,1898-04-17
13.358,42.358,2009,4,30,13,1,1.87,3.5,10.5,EMECv20191114,10053336,10.5,FALSE,FALSE,FALSE,FALSE,FALSE,4/30/09
13.199,42.564,2009,6,25,21,0,8.31,3.5,10.5,EMECv20191114,10053580,10.5,FALSE,FALSE,FALSE,FALSE,FALSE,6/25/09
10.2638,43.6807,2013,10,19,12,29,35.29,3.5,10.5,EMECv20191114,10059689,10.5,FALSE,TRUE,TRUE,TRUE,FALSE,10/19/13
17.206,38.541,2003,4,24,6,52,20.9,3.51,10.5,EMECv20191114,10041921,10.5,TRUE,TRUE,TRUE,TRUE,TRUE,4/24/03
14.23,45.78,1858,5,14,16,35,0,3.87,10.5,SERA_histv1.1,10003825,10.5,TRUE,TRUE,TRUE,TRUE,TRUE,1858-05-14
14.5,46.05,1873,6,28,21,15,0,3.87,10.5,SERA_histv1.1,10004275,10.5,TRUE,TRUE,TRUE,TRUE,TRUE,1873-06-28
14.75,46.17,1897,12,23,17,17,0,3.87,10.5,SERA_histv1.1,10005545,10.5,TRUE,TRUE,TRUE,TRUE,TRUE,1897-12-23
14.88,45.63,1898,3,23,19,30,0,3.87,10.5,SERA_histv1.1,10005572,10.5,TRUE,TRUE,TRUE,TRUE,TRUE,1898-03-23
8.099,44.56,1943,10,16,19,18,0,3.93,10.5,EMECv20191114,10012131,nan,TRUE,TRUE,TRUE,TRUE,TRUE,10/16/43
11.939,45.024,1895,5,25,12,42,0,4.04,10.5,SERA_histv1.1,10005286,nan,TRUE,TRUE,TRUE,TRUE,TRUE,1895-05-25
14.18,45.98,1898,1,24,0,0,0,4.09,10.5,SERA_histv1.1,10005552,10.5,TRUE,TRUE,TRUE,TRUE,TRUE,1898-01-24
12.882,46.399,2004,8,29,0,4,42.92,4.1,10.5,EMECv20191114,10043990,10.5,FALSE,TRUE,TRUE,TRUE,TRUE,8/29/04
15.034,36.671,2013,12,15,3,57,34.01,4.12,10.5,EMECv20191114,10059817,10.5,TRUE,TRUE,TRUE,TRUE,FALSE,12/15/13
13.429,42.3,2009,4,6,1,42,49.97,4.19,10.5,EMECv20191114,10053225,10.5,FALSE,FALSE,FALSE,FALSE,FALSE,4/6/09
8.615,44.913,1513,2,10,0,0,0,4.2,10.5,SERA_histv1.1,10000572,nan,TRUE,TRUE,TRUE,TRUE,TRUE,1513-02-10
11.195,45.78,1899,10,30,15,12,0,4.26,10.5,SERA_histv1.1,10005693,nan,TRUE,TRUE,TRUE,TRUE,TRUE,1899-10-30
12.815,43.016,1997,9,26,9,33,48.59,4.39,10.5,EMECv20191114,10035533,10.5,FALSE,FALSE,FALSE,FALSE,FALSE,9/26/97
13.579,42.878,1950,9,3,22,41,20,4.4,10.5,EMECv20191114,10012940,nan,FALSE,FALSE,TRUE,TRUE,TRUE,9/3/50
13.546,42.084,1742,1,1,0,0,0,4.43,10.5,SERA_histv1.1,10001884,nan,TRUE,TRUE,TRUE,TRUE,TRUE,1742-01-01
12.619,46.401,1954,4,25,22,17,19,4.54,10.5,EMECv20191114,10013672,nan,TRUE,TRUE,TRUE,TRUE,TRUE,4/25/54
9.77,45.547,1884,9,12,7,23,0,4.74,10.5,SERA_histv1.1,10004719,nan,TRUE,TRUE,TRUE,TRUE,TRUE,1884-09-12
11.955,44.272,1881,2,2,0,0,0,4.76,10.5,SERA_histv1.1,10004562,nan,TRUE,TRUE,TRUE,TRUE,TRUE,1881-02-02
13.543,41.68,1915,2,27,23,23,5,4.77,10.5,EMECv20191114,10007925,nan,FALSE,FALSE,TRUE,FALSE,FALSE,2/27/15
10.797,45.737,1866,8,11,23,0,0,4.95,10.5,SERA_histv1.1,10004051,nan,TRUE,TRUE,TRUE,TRUE,TRUE,1866-08-11
13.613,41.718,1771,1,1,0,0,0,5.11,10.5,SERA_histv1.1,10002241,nan,TRUE,TRUE,TRUE,TRUE,TRUE,1771-01-01
7.36,45.05,1914,10,26,3,43,22,5.24,10.5,EMECv20191114,10007851,nan,TRUE,TRUE,TRUE,TRUE,TRUE,10/26/14
11.429,43.987,1597,8,3,23,40,0,5.26,10.5,SERA_histv1.1,10000907,nan,TRUE,TRUE,TRUE,TRUE,TRUE,1597-08-03
15.673,41.469,2001,11,20,18,29,27.55,3.51,10.4,EMECv20191114,10040413,10.4,TRUE,TRUE,TRUE,TRUE,TRUE,11/20/01
19.815,38.409,2011,9,4,11,9,38.5,3.55,10.4,EMECv20191114,10056457,10.4,TRUE,TRUE,TRUE,FALSE,FALSE,9/4/11
13.358,42.346,2009,5,9,9,9,40.03,3.57,10.4,EMECv20191114,10053376,10.4,FALSE,FALSE,FALSE,FALSE,FALSE,5/9/09
15.934,40.048,2010,11,9,8,43,19.89,3.6,10.4,EMECv20191114,10055436,10.4,TRUE,TRUE,TRUE,TRUE,TRUE,11/9/10
10.9785,44.8787,2012,5,31,18,55,13.76,3.67,10.4,EMECv20191114,10057967,10.4,FALSE,FALSE,FALSE,FALSE,FALSE,5/31/12
15.715,41.752,1908,9,16,20,15,0,3.72,10.4,EMECv20191114,10006828,nan,TRUE,TRUE,TRUE,TRUE,TRUE,9/16/08
14.834,41.761,2002,11,4,3,49,27.59,3.86,10.4,EMECv20191114,10041449,10.4,FALSE,FALSE,FALSE,FALSE,FALSE,11/4/02
10.668,43.915,1891,4,24,6,45,0,3.97,10.4,SERA_histv1.1,10005036,nan,TRUE,TRUE,TRUE,TRUE,TRUE,1891-04-24
15.742,40.617,1981,9,24,12,20,22,4.07,10.4,EMECv20191114,10024060,nan,FALSE,FALSE,TRUE,TRUE,FALSE,9/24/81
13.226,42.516,2010,8,31,7,12,52.44,4.12,10.4,EMECv20191114,10055213,10.4,FALSE,FALSE,TRUE,TRUE,FALSE,8/31/10
13.054,42.756,1702,10,18,0,0,0,4.2,10.4,SERA_histv1.1,10001564,nan,TRUE,TRUE,TRUE,TRUE,TRUE,1702-10-18
15.898,41.264,1925,7,28,3,33,0,4.2,10.4,EMECv20191114,10009511,nan,TRUE,TRUE,TRUE,TRUE,TRUE,7/28/25
12.555,43.554,1897,6,24,19,4,0,4.34,10.4,SERA_histv1.1,10005476,nan,TRUE,TRUE,TRUE,TRUE,TRUE,1897-06-24
10.671,44.731,1950,5,6,3,43,0,4.41,10.4,EMECv20191114,10012899,nan,TRUE,TRUE,TRUE,TRUE,TRUE,5/6/50
13.548,41.754,1915,12,4,1,2,0,4.47,10.4,EMECv20191114,10008095,nan,FALSE,FALSE,TRUE,FALSE,FALSE,12/4/15
18.4,42.7,1906,9,5,18,40,38,4.54,10.4,EMECv20191114,10006549,nan,FALSE,FALSE,TRUE,TRUE,FALSE,9/5/06
16.635,39.574,1836,5,15,8,0,0,5.14,10.4,SERA_histv1.1,10003234,nan,TRUE,TRUE,TRUE,TRUE,TRUE,1836-05-15
10.934,44.365,1536,8,17,0,5,0,5.16,10.4,SERA_histv1.1,10000644,nan,TRUE,TRUE,TRUE,TRUE,TRUE,1536-08-17
16.239,39.531,1913,6,28,8,53,2,5.64,10.4,EMECv20191114,10007659,nan,TRUE,TRUE,TRUE,TRUE,TRUE,6/28/13
13.12,42.753,1730,5,12,5,0,0,6.03,10.4,SERA_histv1.1,10001765,nan,TRUE,TRUE,TRUE,TRUE,TRUE,1730-05-12
15.362,44.103,1986,11,28,20,16,38.7,3.62,10.3,EMECv20191114,10026998,10.3,TRUE,TRUE,TRUE,TRUE,FALSE,11/28/86
7.327,44.545,2005,3,25,23,19,28.37,3.66,10.3,EMECv20191114,10044891,10.3,TRUE,TRUE,TRUE,TRUE,TRUE,3/25/05
11.361,44.8337,2012,5,20,2,40,58.14,3.67,10.3,EMECv20191114,10057852,10.3,FALSE,FALSE,FALSE,FALSE,FALSE,5/20/12
16.068,38.608,1910,12,12,6,7,0,3.7,10.3,EMECv20191114,10007240,nan,FALSE,FALSE,TRUE,TRUE,TRUE,12/12/10
17.737,42.758,1996,9,6,1,14,21,3.72,10.3,EMECv20191114,10034068,10.3,FALSE,FALSE,TRUE,TRUE,FALSE,9/6/96
7.318,44.869,1995,1,4,0,47,2.28,3.73,10.3,EMECv20191114,10031639,10.3,TRUE,TRUE,TRUE,TRUE,TRUE,1/4/95
10.809,44.774,1932,7,13,3,42,0,3.86,10.3,EMECv20191114,10010710,nan,TRUE,TRUE,TRUE,TRUE,FALSE,7/13/32
15.5687,38.2152,2013,12,23,4,20,38.46,3.89,10.3,EMECv20191114,10059836,10.3,TRUE,TRUE,TRUE,TRUE,FALSE,12/23/13
10.995,44.821,1174,8,17,18,0,0,3.97,10.3,SERA_histv1.1,10000084,nan,TRUE,TRUE,TRUE,TRUE,TRUE,1174-08-17
13.814,41.491,1718,7,14,0,0,0,4.09,10.3,SERA_histv1.1,10001675,nan,TRUE,TRUE,TRUE,TRUE,TRUE,1718-07-14
13.484,42.247,2009,4,23,15,14,8.31,4.11,10.3,EMECv20191114,10053312,10.3,FALSE,FALSE,FALSE,FALSE,FALSE,4/23/09
6.625,44.659,1785,4,29,10,45,0,4.15,10.3,SERA_histv1.1,10002496,nan,TRUE,TRUE,TRUE,TRUE,TRUE,1785-04-29
11.875,45.407,1662,12,29,0,0,0,4.2,10.3,SERA_histv1.1,10001287,nan,TRUE,TRUE,TRUE,TRUE,TRUE,1662-12-29
15.436,40.719,2004,2,24,5,21,26.53,4.21,10.3,EMECv20191114,10043164,10.3,TRUE,TRUE,TRUE,TRUE,FALSE,2/24/04
13.86,41.552,1973,11,5,8,41,0,4.29,10.3,EMECv20191114,10020119,nan,TRUE,TRUE,TRUE,TRUE,TRUE,11/5/73
7.341,44.324,1858,8,30,14,30,0,4.39,10.3,SERA_histv1.1,10003833,nan,TRUE,TRUE,TRUE,TRUE,TRUE,1858-08-30
14.92,41.176,2012,9,27,1,8,22.65,4.42,10.3,EMECv20191114,10058377,10.3,TRUE,TRUE,TRUE,TRUE,FALSE,9/27/12
15.647,38.108,1230,4,5,0,0,0,4.43,10.3,SERA_histv1.1,10000109,nan,TRUE,TRUE,TRUE,TRUE,TRUE,1230-04-05
15.381,41.685,1628,7,12,0,0,0,4.43,10.3,SERA_histv1.1,10001059,nan,TRUE,TRUE,TRUE,TRUE,TRUE,1628-07-12
13.451,38.035,1843,12,7,0,0,0,4.43,10.3,SERA_histv1.1,10003385,nan,TRUE,TRUE,TRUE,TRUE,TRUE,1843-12-07
15.532,40.848,1981,11,29,5,6,45,4.51,10.3,EMECv20191114,10024130,nan,FALSE,FALSE,TRUE,TRUE,FALSE,11/29/81
7.528,44.094,1861,12,20,8,30,0,4.59,10.3,SERA_histv1.1,10003923,nan,TRUE,TRUE,TRUE,TRUE,TRUE,1861-12-20
7.917,43.85,1831,5,28,12,45,0,4.7,10.3,SERA_histv1.1,10003147,nan,TRUE,TRUE,TRUE,TRUE,TRUE,1831-05-28
7.551,44.33,1835,5,23,8,30,0,4.82,10.3,SERA_histv1.1,10003217,nan,TRUE,TRUE,TRUE,TRUE,TRUE,1835-05-23
7.359,44.442,1878,6,7,22,25,0,4.83,10.3,SERA_histv1.1,10004443,nan,TRUE,TRUE,TRUE,TRUE,TRUE,1878-06-07
15.275,41.169,1971,5,6,3,45,5,4.83,10.3,EMECv20191114,10019165,nan,TRUE,TRUE,TRUE,TRUE,TRUE,5/6/71
11.875,45.407,1491,1,24,23,50,0,4.88,10.3,SERA_histv1.1,10000491,nan,TRUE,TRUE,TRUE,TRUE,TRUE,1491-01-24
14.175,38.01,1736,8,16,0,0,0,4.88,10.3,SERA_histv1.1,10001821,nan,TRUE,TRUE,TRUE,TRUE,TRUE,1736-08-16
15.647,38.108,1836,5,4,0,0,0,4.88,10.3,SERA_histv1.1,10003231,nan,TRUE,TRUE,TRUE,TRUE,TRUE,1836-05-04
6.6,44.667,1938,7,18,0,57,0,4.9,10.3,EMECv20191114,10011452,nan,TRUE,TRUE,TRUE,TRUE,TRUE,7/18/38
8.037,44.051,1968,4,18,19,38,15,4.93,10.3,EMECv20191114,10017544,nan,TRUE,TRUE,TRUE,TRUE,TRUE,4/18/68
16.036,39.995,1894,5,28,20,15,0,5.02,10.3,SERA_histv1.1,10005205,nan,TRUE,TRUE,TRUE,TRUE,TRUE,1894-05-28
6.817,44.533,1959,4,5,10,48,0,5.1,10.3,EMECv20191114,10014837,nan,TRUE,TRUE,TRUE,TRUE,TRUE,4/5/59
15.875,38.391,1789,2,7,0,0,0,5.11,10.3,SERA_histv1.1,10002561,nan,TRUE,TRUE,TRUE,TRUE,TRUE,1789-02-07
14.57,42.119,1895,8,9,17,38,0,5.15,10.3,SERA_histv1.1,10005300,nan,TRUE,TRUE,TRUE,TRUE,TRUE,1895-08-09
15.747,39.841,1982,3,21,9,44,1.59,5.23,10.3,EMECv20191114,10024301,nan,TRUE,TRUE,TRUE,TRUE,FALSE,3/21/82
7.644,43.809,1818,2,23,18,10,0,5.36,10.3,SERA_histv1.1,10002927,nan,TRUE,TRUE,TRUE,TRUE,TRUE,1818-02-23
16.009,40.231,1917,10,13,16,4,0,5.46,10.3,EMECv20191114,10008383,nan,TRUE,TRUE,TRUE,TRUE,TRUE,10/13/17
7.311,43.961,1618,1,18,0,0,0,5.52,10.3,SERA_histv1.1,10001003,nan,TRUE,TRUE,TRUE,TRUE,TRUE,1618-01-18
16.456,38.851,1626,4,4,12,45,0,6.06,10.3,SERA_histv1.1,10001047,nan,TRUE,TRUE,TRUE,TRUE,TRUE,1626-04-04
13.303,42.326,2009,4,6,22,47,14.26,3.6,10.2,EMECv20191114,10053237,10.2,FALSE,FALSE,FALSE,FALSE,FALSE,4/6/09
11.1627,44.8255,2012,5,26,21,7,31.85,3.89,10.2,EMECv20191114,10057907,10.2,FALSE,FALSE,FALSE,FALSE,FALSE,5/26/12
13.05,42.833,1962,6,25,16,35,50,4.07,10.2,EMECv20191114,10015507,nan,FALSE,TRUE,TRUE,TRUE,TRUE,6/25/62
11.332,43.318,1787,10,21,23,0,0,4.14,10.2,SERA_histv1.1,10002541,nan,TRUE,TRUE,TRUE,TRUE,TRUE,1787-10-21
13.887,41.727,1984,5,12,0,8,43.43,4.15,10.2,EMECv20191114,10025722,10.2,FALSE,FALSE,FALSE,FALSE,FALSE,5/12/84
11.602,42.867,1925,9,3,18,55,0,4.16,10.2,EMECv20191114,10009528,nan,TRUE,TRUE,TRUE,TRUE,TRUE,9/3/25
13.094,43.366,1929,1,22,10,6,50,4.4,10.2,EMECv20191114,10010130,nan,TRUE,TRUE,TRUE,TRUE,TRUE,1/22/29
14.31,45.53,1976,9,19,14,52,21.1,4.4,10.2,EMECv20191114,10021370,nan,TRUE,TRUE,TRUE,FALSE,FALSE,9/19/76
11.257,43.773,1426,1,1,0,0,0,4.43,10.2,SERA_histv1.1,10000355,nan,TRUE,TRUE,TRUE,TRUE,TRUE,1426-01-01
11.332,43.318,1467,8,22,20,20,0,4.43,10.2,SERA_histv1.1,10000433,nan,TRUE,TRUE,TRUE,TRUE,TRUE,1467-08-22
17.804,43.015,1990,7,31,23,15,16.2,4.5,10.2,EMECv20191114,10028931,10.2,FALSE,FALSE,FALSE,FALSE,FALSE,7/31/90
15.48,44.95,1894,8,19,10,30,0,4.51,10.2,SERA_histv1.1,10005218,nan,TRUE,TRUE,TRUE,TRUE,TRUE,1894-08-19
10.566,44.422,1995,12,31,21,29,47.6,4.51,10.2,EMECv20191114,10033024,10.2,TRUE,TRUE,TRUE,TRUE,TRUE,12/31/95
13.325,46.275,1976,5,6,19,59,5.77,4.58,10.2,EMECv20191114,10021166,10.2,FALSE,FALSE,FALSE,FALSE,FALSE,5/6/76
11.714,44.353,1854,6,16,13,25,0,4.62,10.2,SERA_histv1.1,10003619,nan,TRUE,TRUE,TRUE,TRUE,TRUE,1854-06-16
11.332,43.318,1697,10,28,1,0,0,4.65,10.2,SERA_histv1.1,10001509,nan,TRUE,TRUE,TRUE,TRUE,TRUE,1697-10-28
11.512,44.404,1878,4,5,9,46,0,4.65,10.2,SERA_histv1.1,10004436,nan,TRUE,TRUE,TRUE,TRUE,TRUE,1878-04-05
10.727,44.049,1969,1,6,22,3,28,4.67,10.2,EMECv20191114,10017833,nan,TRUE,TRUE,TRUE,TRUE,TRUE,1/6/69
12.227,43.036,1969,8,11,13,55,0,4.7,10.2,EMECv20191114,10018183,nan,TRUE,TRUE,TRUE,TRUE,TRUE,8/11/69
13.835,42.919,1480,1,1,0,0,0,4.88,10.2,SERA_histv1.1,10000464,nan,TRUE,TRUE,TRUE,TRUE,TRUE,1480-01-01
13.334,41.568,1161,1,16,6,0,0,5.11,10.2,SERA_histv1.1,10000073,nan,TRUE,TRUE,TRUE,TRUE,TRUE,1161-01-16
11.332,43.318,1496,6,4,8,30,0,5.11,10.2,SERA_histv1.1,10000502,nan,TRUE,TRUE,TRUE,TRUE,TRUE,1496-06-04
12.737,42.736,1667,1,1,0,0,0,5.11,10.2,SERA_histv1.1,10001304,nan,TRUE,TRUE,TRUE,TRUE,TRUE,1667-01-01
13.62,46.08,1716,2,3,0,0,0,5.14,10.2,SERA_histv1.1,10001658,10.2,TRUE,TRUE,TRUE,TRUE,TRUE,1716-02-03
9.55,45.267,1786,4,7,0,15,0,5.27,10.2,SERA_histv1.1,10002521,nan,TRUE,TRUE,TRUE,TRUE,TRUE,1786-04-07
14.9,45,1878,9,23,20,20,0,5.57,10.2,SERA_histv1.1,10004452,nan,TRUE,TRUE,TRUE,TRUE,TRUE,1878-09-23
13.047,42.877,1719,6,27,6,30,0,5.58,10.2,SERA_histv1.1,10001683,nan,TRUE,TRUE,TRUE,TRUE,TRUE,1719-06-27
13.245,42.391,2009,10,20,5,7,30.52,3.5,10.1,EMECv20191114,10054071,10.1,FALSE,FALSE,TRUE,FALSE,FALSE,10/20/09
11.1277,44.8842,2012,5,29,7,14,29.28,3.57,10.1,EMECv20191114,10057929,10.1,FALSE,FALSE,FALSE,FALSE,FALSE,5/29/12
15.5,44.248,2000,2,16,23,42,36.4,3.62,10.1,EMECv20191114,10038370,10.1,TRUE,TRUE,TRUE,TRUE,FALSE,2/16/00
13.281,42.517,2005,3,13,17,48,15.46,3.66,10.1,EMECv20191114,10044812,10.1,TRUE,TRUE,TRUE,TRUE,FALSE,3/13/05
8.442,44.616,1901,1,10,7,58,0,3.7,10.1,EMECv20191114,10005794,nan,FALSE,FALSE,TRUE,TRUE,TRUE,1/10/01
14.833,45.867,1933,2,19,23,15,0,3.73,10.1,EMECv20191114,10010800,10.1,TRUE,TRUE,TRUE,TRUE,FALSE,2/19/33
14.2,46.1,1966,6,19,4,12,11,3.73,10.1,EMECv20191114,10016640,10.1,TRUE,TRUE,TRUE,TRUE,TRUE,6/19/66
17.782,42.801,1996,9,9,8,4,47.6,3.91,10.1,EMECv20191114,10034086,10.1,FALSE,FALSE,FALSE,FALSE,FALSE,9/9/96
14.71,45.84,1990,3,14,1,27,55,4,10.1,EMECv20191114,10028733,nan,TRUE,TRUE,TRUE,TRUE,TRUE,3/14/90
13.05,46.295,1998,5,28,9,32,19.5,4.01,10.1,EMECv20191114,10036401,10.1,FALSE,TRUE,TRUE,TRUE,TRUE,5/28/98
10.985,45.528,2012,1,24,23,54,46.03,4.07,10.1,EMECv20191114,10057383,10.1,FALSE,TRUE,TRUE,TRUE,FALSE,1/24/12
17.868,42.755,1996,10,20,15,0,2.9,4.3,10.1,EMECv20191114,10034413,10.1,FALSE,FALSE,TRUE,FALSE,FALSE,10/20/96
13.379,42.328,2009,7,12,8,38,51.37,4.35,10.1,EMECv20191114,10053685,10.1,FALSE,FALSE,FALSE,FALSE,FALSE,7/12/09
12.265,46.18,1893,10,27,16,31,0,4.46,10.1,SERA_histv1.1,10005170,nan,TRUE,TRUE,TRUE,TRUE,TRUE,1893-10-27
14.33,45.95,1670,1,1,1,0,0,4.51,10.1,SERA_histv1.1,10001322,10.1,TRUE,TRUE,TRUE,TRUE,TRUE,1670-01-01
15.2,45.8,1829,11,25,19,30,0,4.51,10.1,SERA_histv1.1,10003117,10.1,TRUE,TRUE,TRUE,TRUE,TRUE,1829-11-25
14.22,45.98,1878,1,13,2,15,0,4.51,10.1,SERA_histv1.1,10004425,10.1,TRUE,TRUE,TRUE,TRUE,TRUE,1878-01-13
15.16,45.42,1880,2,12,16,15,0,4.51,10.1,SERA_histv1.1,10004514,nan,TRUE,TRUE,TRUE,TRUE,TRUE,1880-02-12
8.48,44.307,1537,11,1,0,0,0,4.65,10.1,SERA_histv1.1,10000648,nan,TRUE,TRUE,TRUE,TRUE,TRUE,1537-11-01
11.878,44.288,1732,8,9,0,0,0,4.65,10.1,SERA_histv1.1,10001787,nan,TRUE,TRUE,TRUE,TRUE,TRUE,1732-08-09
14.5,46.1,1895,4,14,22,20,0,4.93,10.1,SERA_histv1.1,10005265,10.1,TRUE,TRUE,TRUE,TRUE,TRUE,1895-04-14
11.883,45.986,1943,7,24,1,44,0,5.07,10.1,EMECv20191114,10012103,nan,TRUE,TRUE,TRUE,TRUE,TRUE,7/24/43
11.458,45.046,1504,12,31,4,0,0,5.08,10.1,SERA_histv1.1,10000530,nan,TRUE,TRUE,TRUE,TRUE,TRUE,1504-12-31
14.1,45.4,1574,8,14,0,0,0,5.57,10.1,SERA_histv1.1,10000797,nan,TRUE,TRUE,TRUE,TRUE,TRUE,1574-08-14
14.9,44.98,1648,1,1,0,0,0,5.57,10.1,SERA_histv1.1,10001165,nan,TRUE,TRUE,TRUE,TRUE,TRUE,1648-01-01
13.097,42.825,1859,8,22,0,0,0,5.67,10.1,SERA_histv1.1,10003872,nan,TRUE,TRUE,TRUE,TRUE,TRUE,1859-08-22
12.547,44.063,1875,3,17,23,51,0,5.75,10.1,SERA_histv1.1,10004331,nan,TRUE,TRUE,TRUE,TRUE,TRUE,1875-03-17
9.533,46.867,1852,3,11,3,30,0,3.5,10,SERA_histv1.1,10003554,nan,TRUE,TRUE,TRUE,TRUE,TRUE,1852-03-11
7.683,46.333,1855,4,1,3,0,0,3.5,10,SERA_histv1.1,10003641,nan,TRUE,TRUE,TRUE,TRUE,TRUE,1855-04-01
10.1,46.7,1882,2,1,1,15,0,3.5,10,SERA_histv1.1,10004615,nan,TRUE,TRUE,TRUE,TRUE,TRUE,1882-02-01
9.85,46.9,1884,6,4,20,22,0,3.5,10,SERA_histv1.1,10004713,nan,TRUE,TRUE,TRUE,TRUE,TRUE,1884-06-04
7.512,46.5,1891,2,28,19,58,0,3.5,10,SERA_histv1.1,10005030,nan,TRUE,TRUE,TRUE,TRUE,TRUE,1891-02-28
7.35,46.233,1895,11,1,4,5,0,3.5,10,SERA_histv1.1,10005313,nan,TRUE,TRUE,TRUE,TRUE,TRUE,1895-11-01
5.783,43.833,1913,7,29,8,50,0,3.5,10,EMECv20191114,10007673,nan,FALSE,FALSE,TRUE,TRUE,TRUE,7/29/13
9.4,46.75,1914,5,22,13,37,15,3.5,10,EMECv20191114,10007779,nan,FALSE,FALSE,TRUE,TRUE,TRUE,5/22/14
8.617,46.95,1915,7,4,17,56,47,3.5,10,EMECv20191114,10007972,nan,FALSE,FALSE,TRUE,TRUE,TRUE,7/4/15
7.033,46.117,1916,3,10,0,55,0,3.5,10,EMECv20191114,10008136,nan,TRUE,TRUE,TRUE,TRUE,TRUE,3/10/16
8.233,46.883,1917,6,14,5,21,0,3.5,10,EMECv20191114,10008338,nan,FALSE,TRUE,FALSE,FALSE,FALSE,6/14/17
8.233,46.883,1917,6,22,18,38,0,3.5,10,EMECv20191114,10008342,nan,TRUE,TRUE,TRUE,TRUE,TRUE,6/22/17
8.233,46.883,1917,8,9,7,37,0,3.5,10,EMECv20191114,10008360,nan,FALSE,TRUE,TRUE,TRUE,TRUE,8/9/17
10.35,46.81,1917,12,7,12,15,0,3.5,10,EMECv20191114,10008397,nan,TRUE,TRUE,TRUE,TRUE,TRUE,12/7/17
9.76,46.43,1918,8,7,19,14,5,3.5,10,EMECv20191114,10008492,nan,TRUE,TRUE,TRUE,TRUE,TRUE,8/7/18
8.35,46.75,1919,8,13,4,27,0,3.5,10,EMECv20191114,10008595,nan,TRUE,TRUE,TRUE,TRUE,TRUE,8/13/19
10.15,46.783,1921,5,1,1,16,15,3.5,10,EMECv20191114,10008880,nan,TRUE,TRUE,FALSE,FALSE,FALSE,5/1/21
10.183,46.783,1923,12,23,12,34,0,3.5,10,EMECv20191114,10009269,nan,TRUE,TRUE,TRUE,TRUE,TRUE,12/23/23
10.217,46.667,1929,10,12,8,34,0,3.5,10,EMECv20191114,10010241,nan,FALSE,FALSE,TRUE,TRUE,TRUE,10/12/29
9.85,46.383,1931,11,27,18,21,0,3.5,10,EMECv20191114,10010616,nan,TRUE,TRUE,TRUE,TRUE,TRUE,11/27/31
9.8,46.5,1931,11,28,1,6,0,3.5,10,EMECv20191114,10010618,nan,FALSE,FALSE,TRUE,TRUE,TRUE,11/28/31
9.433,46.517,1939,12,7,20,30,0,3.5,10,EMECv20191114,10011586,nan,TRUE,TRUE,TRUE,TRUE,TRUE,12/7/39
9.9,46.567,1945,10,13,0,8,0,3.5,10,EMECv20191114,10012327,nan,TRUE,TRUE,TRUE,TRUE,TRUE,10/13/45
7.9,46.183,1949,7,17,11,21,0,3.5,10,EMECv20191114,10012779,nan,FALSE,FALSE,TRUE,TRUE,TRUE,7/17/49
7.417,46.333,1953,5,21,17,40,0,3.5,10,EMECv20191114,10013401,nan,TRUE,FALSE,TRUE,TRUE,TRUE,5/21/53
7.417,46.35,1953,6,24,12,7,0,3.5,10,EMECv20191114,10013420,nan,FALSE,TRUE,TRUE,TRUE,TRUE,6/24/53
9.717,46.55,1954,1,30,4,56,0,3.5,10,EMECv20191114,10013640,nan,TRUE,TRUE,TRUE,TRUE,TRUE,1/30/54
7.3,46.25,1954,6,14,13,21,57,3.5,10,EMECv20191114,10013725,nan,FALSE,FALSE,TRUE,TRUE,TRUE,6/14/54
6.717,44.533,1959,7,17,13,16,0,3.5,10,EMECv20191114,10014905,nan,FALSE,FALSE,TRUE,TRUE,TRUE,7/17/59
8.217,46.367,1965,8,25,11,33,0,3.5,10,EMECv20191114,10016348,nan,TRUE,TRUE,TRUE,TRUE,TRUE,8/25/65
9,46.75,1966,9,2,10,15,4,3.5,10,EMECv20191114,10016767,10,TRUE,TRUE,TRUE,TRUE,TRUE,9/2/66
6.45,45.29,1984,11,5,7,56,0.9,3.5,10,EMECv20191114,10025972,nan,TRUE,TRUE,TRUE,TRUE,TRUE,11/5/84
13.385,42.329,2009,4,5,22,39,41.89,3.5,10,EMECv20191114,10053218,10,FALSE,FALSE,FALSE,FALSE,FALSE,4/5/09
13.371,42.324,2009,4,21,15,44,36.34,3.5,10,EMECv20191114,10053308,10,FALSE,FALSE,FALSE,FALSE,FALSE,4/21/09
14.863,41.739,2002,11,1,22,30,1.96,3.51,10,EMECv20191114,10041426,10,FALSE,FALSE,FALSE,FALSE,FALSE,11/1/02
14.807,41.74,2002,11,2,19,19,10.58,3.51,10,EMECv20191114,10041437,10,FALSE,FALSE,FALSE,FALSE,FALSE,11/2/02
14.809,41.629,2002,11,3,1,3,42.75,3.51,10,EMECv20191114,10041442,10,FALSE,FALSE,FALSE,FALSE,FALSE,11/3/02
14.873,41.663,2002,11,11,18,32,15.48,3.51,10,EMECv20191114,10041472,10,FALSE,FALSE,FALSE,FALSE,FALSE,11/11/02
14.775,41.667,2002,12,2,16,29,0.73,3.51,10,EMECv20191114,10041533,10,FALSE,FALSE,TRUE,FALSE,FALSE,12/2/02
15.64,43.3,2003,3,29,19,20,34.01,3.51,10,EMECv20191114,10041828,10,FALSE,FALSE,TRUE,TRUE,FALSE,3/29/03
15.554,43.303,2003,3,29,22,51,25.98,3.51,10,EMECv20191114,10041830,10,FALSE,FALSE,FALSE,FALSE,FALSE,3/29/03
15.459,43.187,2003,3,30,2,6,28.7,3.51,10,EMECv20191114,10041833,10,FALSE,FALSE,FALSE,FALSE,FALSE,3/30/03
15.435,43.152,2003,3,30,12,16,1.96,3.51,10,EMECv20191114,10041839,10,FALSE,FALSE,FALSE,FALSE,FALSE,3/30/03
15.352,43.184,2003,3,30,14,8,8.58,3.51,10,EMECv20191114,10041840,10,FALSE,FALSE,FALSE,FALSE,FALSE,3/30/03
15.398,43.16,2003,3,31,15,8,29.42,3.51,10,EMECv20191114,10041844,10,FALSE,FALSE,FALSE,FALSE,FALSE,3/31/03
15.373,43.173,2003,4,2,16,11,7.95,3.51,10,EMECv20191114,10041853,10,FALSE,FALSE,FALSE,FALSE,FALSE,4/2/03
15.494,43.175,2003,4,3,5,9,53.97,3.51,10,EMECv20191114,10041855,10,FALSE,FALSE,FALSE,FALSE,FALSE,4/3/03
18.954,39.868,2003,4,6,19,7,56.18,3.51,10,EMECv20191114,10041867,10,TRUE,TRUE,TRUE,FALSE,FALSE,4/6/03
15.47,43.194,2003,4,17,5,58,11.13,3.51,10,EMECv20191114,10041902,10,FALSE,FALSE,FALSE,FALSE,FALSE,4/17/03
15.344,43.175,2003,4,17,9,58,5.19,3.51,10,EMECv20191114,10041904,10,FALSE,FALSE,FALSE,FALSE,FALSE,4/17/03
15.302,43.145,2003,4,17,22,50,39.58,3.51,10,EMECv20191114,10041906,10,FALSE,FALSE,FALSE,FALSE,FALSE,4/17/03
15.497,43.183,2003,4,17,23,17,7.21,3.51,10,EMECv20191114,10041907,10,FALSE,FALSE,FALSE,FALSE,FALSE,4/17/03
15.41,43.18,2003,4,24,0,15,39.71,3.51,10,EMECv20191114,10041920,10,FALSE,FALSE,FALSE,FALSE,FALSE,4/24/03
15.112,43.181,2003,4,27,12,55,51.23,3.51,10,EMECv20191114,10041936,10,FALSE,FALSE,FALSE,FALSE,FALSE,4/27/03
15.093,43.15,2003,4,28,14,13,11.71,3.51,10,EMECv20191114,10041942,10,FALSE,FALSE,FALSE,FALSE,FALSE,4/28/03
15.416,43.165,2003,4,30,18,57,28.15,3.51,10,EMECv20191114,10041961,10,FALSE,FALSE,FALSE,FALSE,FALSE,4/30/03
15.306,43.089,2003,5,1,16,47,37.59,3.51,10,EMECv20191114,10041969,10,FALSE,FALSE,FALSE,FALSE,FALSE,5/1/03
15.751,43.335,2003,5,2,15,27,35.57,3.51,10,EMECv20191114,10041974,10,FALSE,FALSE,FALSE,FALSE,FALSE,5/2/03
15.417,43.155,2003,6,11,20,20,40.25,3.51,10,EMECv20191114,10042268,10,FALSE,FALSE,TRUE,FALSE,FALSE,6/11/03
7.141,44.462,2003,12,20,3,29,40.95,3.51,10,EMECv20191114,10042948,10,TRUE,TRUE,TRUE,TRUE,TRUE,12/20/03
15.376,43.166,2005,1,8,23,45,37.59,3.51,10,EMECv20191114,10044515,10,FALSE,FALSE,TRUE,TRUE,FALSE,1/8/05
7.57,46.341,2003,4,29,4,55,9.1,3.52,10,EMECv20191114,10041949,10,TRUE,TRUE,TRUE,TRUE,TRUE,4/29/03
17.01,43.3,1946,10,18,18,37,0,3.53,10,EMECv20191114,10012417,nan,FALSE,TRUE,TRUE,TRUE,TRUE,10/18/46
18.39,42.98,1968,6,15,14,31,32.5,3.53,10,EMECv20191114,10017597,10,TRUE,TRUE,TRUE,TRUE,FALSE,6/15/68
19.08,41.84,1979,5,30,5,38,0.7,3.53,10,EMECv20191114,10022632,10,FALSE,FALSE,FALSE,FALSE,FALSE,5/30/79
18.77,42.29,1979,6,1,9,29,0.5,3.53,10,EMECv20191114,10022637,10,FALSE,FALSE,FALSE,FALSE,FALSE,6/1/79
18.87,42.77,1980,10,21,18,17,16.8,3.53,10,EMECv20191114,10023353,10,FALSE,TRUE,TRUE,TRUE,FALSE,10/21/80
18.24,43.07,1981,12,21,14,29,40,3.53,10,EMECv20191114,10024165,10,TRUE,TRUE,TRUE,TRUE,FALSE,12/21/81
19.19,41.96,1983,1,5,4,3,30.5,3.53,10,EMECv20191114,10024709,10,TRUE,TRUE,TRUE,TRUE,FALSE,1/5/83
17.825,42.784,1996,9,11,20,39,31.6,3.53,10,EMECv20191114,10034095,10,FALSE,FALSE,FALSE,FALSE,FALSE,9/11/96
6.67,44.48,2012,2,27,16,31,21.13,3.54,10,EMECv20191114,10057527,10,FALSE,FALSE,TRUE,TRUE,TRUE,2/27/12
15.02,45.97,1978,1,2,15,10,56.1,3.55,10,EMECv20191114,10021919,10,TRUE,TRUE,TRUE,TRUE,FALSE,1/2/78
19.135,41.973,1979,4,11,10,2,31.1,3.55,10,EMECv20191114,10022456,10,FALSE,FALSE,TRUE,TRUE,FALSE,4/11/79
19.168,42.005,1979,4,15,11,21,55.4,3.55,10,EMECv20191114,10022476,10,FALSE,FALSE,FALSE,FALSE,FALSE,4/15/79
19.247,42.017,1979,4,16,14,38,37.8,3.55,10,EMECv20191114,10022502,10,FALSE,FALSE,FALSE,FALSE,FALSE,4/16/79
19.237,41.943,1979,4,21,1,49,2.9,3.55,10,EMECv20191114,10022529,10,FALSE,FALSE,FALSE,FALSE,FALSE,4/21/79
19.129,41.93,1979,5,29,5,35,27.8,3.55,10,EMECv20191114,10022629,10,FALSE,FALSE,FALSE,FALSE,FALSE,5/29/79
19.143,42.028,1979,6,11,20,8,18.2,3.55,10,EMECv20191114,10022661,10,FALSE,FALSE,FALSE,FALSE,FALSE,6/11/79
18.801,42.144,1979,7,5,9,39,6.5,3.55,10,EMECv20191114,10022727,10,FALSE,FALSE,FALSE,FALSE,FALSE,7/5/79
14.2,45.97,1979,9,3,6,15,58.8,3.55,10,EMECv20191114,10022800,10,TRUE,TRUE,TRUE,TRUE,FALSE,9/3/79
15.3,45.52,1980,7,12,22,56,17.6,3.55,10,EMECv20191114,10023204,10,TRUE,TRUE,TRUE,TRUE,TRUE,7/12/80
18.969,42.373,1982,5,11,4,26,24.3,3.55,10,EMECv20191114,10024399,10,FALSE,TRUE,TRUE,TRUE,FALSE,5/11/82
17.7,43.08,1990,8,1,1,29,44.7,3.55,10,EMECv20191114,10028932,10,FALSE,FALSE,FALSE,FALSE,FALSE,8/1/90
19.179,41.97,1994,5,27,3,1,28.8,3.55,10,EMECv20191114,10031254,10,FALSE,FALSE,TRUE,TRUE,FALSE,5/27/94
20.522,40.979,2001,7,1,6,27,53,3.55,10,EMECv20191114,10039928,10,FALSE,FALSE,TRUE,TRUE,FALSE,7/1/01
19.671,39.968,2002,11,17,5,24,36.87,3.55,10,EMECv20191114,10041490,10,FALSE,FALSE,TRUE,FALSE,FALSE,11/17/02
20.333,39.329,2003,3,3,22,49,18.91,3.55,10,EMECv20191114,10041766,10,FALSE,FALSE,TRUE,FALSE,FALSE,3/3/03
17.8192,43.0828,2004,4,25,5,43,46.4,3.55,10,EMECv20191114,10043410,10,FALSE,TRUE,TRUE,TRUE,FALSE,4/25/04
19.8836,40.1575,2004,5,12,3,8,11.4,3.55,10,EMECv20191114,10043467,10,FALSE,TRUE,TRUE,FALSE,FALSE,5/12/04
20.384,39.672,2004,10,26,3,42,36.02,3.55,10,EMECv20191114,10044226,10,FALSE,FALSE,FALSE,FALSE,FALSE,10/26/04
20.352,39.712,2004,10,26,4,37,10.36,3.55,10,EMECv20191114,10044227,10,FALSE,FALSE,FALSE,FALSE,FALSE,10/26/04
20.3221,40.6665,2004,12,28,2,2,12.1,3.55,10,EMECv20191114,10044468,10,FALSE,TRUE,TRUE,FALSE,FALSE,12/28/04
19.9148,40.7659,2005,3,13,3,50,15.6,3.55,10,EMECv20191114,10044807,10,FALSE,TRUE,TRUE,FALSE,FALSE,3/13/05
19.8893,40.7308,2006,1,30,14,44,51.6,3.55,10,EMECv20191114,10046475,10,TRUE,TRUE,TRUE,FALSE,FALSE,1/30/06
20.199,39.06,2006,2,11,13,37,13.32,3.55,10,EMECv20191114,10046543,10,TRUE,FALSE,TRUE,FALSE,FALSE,2/11/06
19.534,39.952,2006,5,3,20,30,1.32,3.55,10,EMECv20191114,10046985,10,FALSE,FALSE,TRUE,FALSE,FALSE,5/3/06
20.0078,41.2747,2006,5,8,13,1,6.5,3.55,10,EMECv20191114,10047007,10,FALSE,TRUE,TRUE,FALSE,FALSE,5/8/06
19.918,39.542,2006,6,3,4,9,4.05,3.55,10,EMECv20191114,10047110,10,FALSE,FALSE,TRUE,FALSE,FALSE,6/3/06
14.0384,46.3584,2006,11,24,0,55,55.2,3.55,10,EMECv20191114,10047834,10,TRUE,TRUE,TRUE,TRUE,FALSE,11/24/06
14.46,45.28,2008,10,6,9,19,47.3,3.55,10,EMECv20191114,10052529,10,TRUE,TRUE,TRUE,TRUE,FALSE,10/6/08
7.592,43.832,2006,9,2,1,21,29.28,3.57,10,EMECv20191114,10047521,10,TRUE,TRUE,TRUE,TRUE,TRUE,9/2/06
14.9232,41.1607,2012,9,27,3,47,58.7,3.57,10,EMECv20191114,10058378,10,FALSE,FALSE,FALSE,FALSE,FALSE,9/27/12
18.8043,39.2387,2013,3,11,20,55,23.55,3.57,10,EMECv20191114,10058894,10,TRUE,TRUE,TRUE,TRUE,FALSE,3/11/13
10.1067,44.2017,2013,7,12,3,34,6.9,3.57,10,EMECv20191114,10059337,10,FALSE,FALSE,TRUE,TRUE,FALSE,7/12/13
6.467,44.417,1933,9,19,3,46,0,3.6,10,EMECv20191114,10010887,nan,TRUE,TRUE,TRUE,TRUE,TRUE,9/19/33
13.176,42.793,2007,2,8,1,32,56.59,3.6,10,EMECv20191114,10048126,10,TRUE,TRUE,TRUE,TRUE,FALSE,2/8/07
10.1463,44.1593,2013,6,21,13,58,26,3.6,10,EMECv20191114,10059279,10,FALSE,FALSE,FALSE,FALSE,FALSE,6/21/13
5.433,44.217,1756,2,13,0,0,0,3.61,10,SERA_histv1.1,10002033,nan,TRUE,TRUE,TRUE,TRUE,TRUE,1756-02-13
7.65,43.792,1781,6,2,10,30,0,3.61,10,SERA_histv1.1,10002427,nan,TRUE,TRUE,TRUE,TRUE,TRUE,1781-06-02
15.2,44,1914,10,16,15,52,0,3.62,10,EMECv20191114,10007834,nan,TRUE,TRUE,TRUE,TRUE,TRUE,10/16/14
17.8,42.5,1918,6,29,12,51,10,3.62,10,EMECv20191114,10008481,nan,TRUE,TRUE,TRUE,TRUE,TRUE,6/29/18
17.95,43.04,1953,11,18,10,13,10,3.62,10,EMECv20191114,10013602,10,FALSE,TRUE,TRUE,TRUE,TRUE,11/18/53
18.91,42.28,1980,1,16,12,50,23.8,3.62,10,EMECv20191114,10022966,10,FALSE,FALSE,TRUE,FALSE,FALSE,1/16/80
18.92,42.24,1980,1,23,3,48,5.9,3.62,10,EMECv20191114,10022973,10,FALSE,FALSE,TRUE,FALSE,FALSE,1/23/80
15.14,45.16,1980,7,22,19,35,13,3.62,10,EMECv20191114,10023223,10,TRUE,TRUE,TRUE,TRUE,TRUE,7/22/80
19.16,41.99,1984,1,21,14,33,25.3,3.62,10,EMECv20191114,10025533,10,FALSE,FALSE,TRUE,TRUE,FALSE,1/21/84
19.36,42.09,1984,2,27,0,27,36.3,3.62,10,EMECv20191114,10025580,10,FALSE,FALSE,TRUE,TRUE,FALSE,2/27/84
7.952,45.534,1873,8,3,21,53,0,3.64,10,SERA_histv1.1,10004281,nan,TRUE,TRUE,TRUE,TRUE,TRUE,1873-08-03
19.413,39.168,1998,11,10,13,22,29.07,3.64,10,EMECv20191114,10036808,10,TRUE,TRUE,TRUE,TRUE,FALSE,11/10/98
19.599,41.448,1999,4,24,7,23,21.35,3.64,10,EMECv20191114,10037221,10,TRUE,TRUE,TRUE,TRUE,FALSE,4/24/99
20.257,39.308,1999,11,6,15,38,7.89,3.64,10,EMECv20191114,10037995,10,FALSE,TRUE,TRUE,FALSE,FALSE,11/6/99
20.35,39.288,2000,6,21,2,9,1.14,3.64,10,EMECv20191114,10038776,10,FALSE,FALSE,TRUE,FALSE,FALSE,6/21/00
20.601,39.838,2004,3,6,15,9,35.83,3.64,10,EMECv20191114,10043225,10,FALSE,TRUE,TRUE,FALSE,FALSE,3/6/04
20.359,39.689,2004,12,15,16,32,15.26,3.64,10,EMECv20191114,10044417,10,FALSE,TRUE,TRUE,FALSE,FALSE,12/15/04
20.318,39.714,2004,12,15,16,35,29.41,3.64,10,EMECv20191114,10044418,10,FALSE,FALSE,TRUE,FALSE,FALSE,12/15/04
19.919,39.867,2005,3,29,12,34,13.94,3.64,10,EMECv20191114,10044904,10,FALSE,FALSE,TRUE,FALSE,FALSE,3/29/05
20.058,39.495,2006,5,23,8,35,6.78,3.64,10,EMECv20191114,10047070,10,FALSE,TRUE,TRUE,FALSE,FALSE,5/23/06
5.783,43.9,1708,3,21,23,0,0,3.65,10,SERA_histv1.1,10001611,nan,TRUE,TRUE,TRUE,TRUE,TRUE,1708-03-21
5.783,43.833,1897,3,21,6,30,0,3.65,10,SERA_histv1.1,10005450,nan,TRUE,TRUE,TRUE,TRUE,TRUE,1897-03-21
18.68,42.24,1979,5,7,5,44,7.6,3.65,10,EMECv20191114,10022574,10,FALSE,FALSE,FALSE,FALSE,FALSE,5/7/79
16.78,43.32,1982,12,31,18,11,3.1,3.65,10,EMECv20191114,10024698,10,TRUE,TRUE,TRUE,TRUE,FALSE,12/31/82
19.13,41.89,1983,10,17,16,17,18,3.65,10,EMECv20191114,10025330,10,FALSE,TRUE,TRUE,TRUE,FALSE,10/17/83
17.746,42.933,1996,9,9,19,2,40.1,3.65,10,EMECv20191114,10034090,10,FALSE,FALSE,FALSE,FALSE,FALSE,9/9/96
19.6046,40.3387,2000,3,31,18,12,6.1,3.65,10,EMECv20191114,10038470,10,FALSE,TRUE,TRUE,FALSE,FALSE,3/31/00
20.06,40.07,2000,12,6,13,32,37.3,3.65,10,EMECv20191114,10039288,10,TRUE,TRUE,TRUE,TRUE,FALSE,12/6/00
19.8456,40.2415,2001,5,24,22,2,30.3,3.65,10,EMECv20191114,10039793,10,FALSE,FALSE,TRUE,TRUE,FALSE,5/24/01
20.729,40.975,2001,7,1,6,46,47,3.65,10,EMECv20191114,10039929,10,FALSE,TRUE,TRUE,TRUE,FALSE,7/1/01
19.7089,40.3143,2004,3,24,15,17,18.3,3.65,10,EMECv20191114,10043292,10,FALSE,FALSE,TRUE,FALSE,FALSE,3/24/04
19.8454,40.1003,2006,5,3,18,28,29.9,3.65,10,EMECv20191114,10046981,10,FALSE,FALSE,TRUE,FALSE,FALSE,5/3/06
20.2397,40.7873,2007,11,16,18,50,55.3,3.65,10,EMECv20191114,10050199,10,TRUE,TRUE,TRUE,FALSE,FALSE,11/16/07
14.11,45.68,2008,10,21,8,12,40.1,3.65,10,EMECv20191114,10052627,10,TRUE,TRUE,TRUE,TRUE,FALSE,10/21/08
20.4009,41.389,2009,9,14,21,59,14.6,3.65,10,EMECv20191114,10053907,10,FALSE,FALSE,FALSE,FALSE,FALSE,9/14/09
7.628,43.789,1818,3,2,4,0,0,3.66,10,SERA_histv1.1,10002931,nan,TRUE,TRUE,TRUE,TRUE,TRUE,1818-03-02
14.5,46.08,1830,3,8,5,0,0,3.66,10,SERA_histv1.1,10003123,10,TRUE,TRUE,TRUE,TRUE,TRUE,1830-03-08
10.279,40.957,2002,2,10,16,21,36.65,3.66,10,EMECv20191114,10040665,10,TRUE,TRUE,TRUE,TRUE,TRUE,2/10/02
17.871,41.51,2002,4,2,15,40,13.54,3.66,10,EMECv20191114,10040783,10,TRUE,TRUE,TRUE,TRUE,TRUE,4/2/02
8.059,43.284,2002,8,17,13,42,7.39,3.66,10,EMECv20191114,10041147,10,TRUE,TRUE,TRUE,TRUE,TRUE,8/17/02
14.938,41.708,2002,10,31,11,56,38.64,3.66,10,EMECv20191114,10041410,10,FALSE,FALSE,FALSE,FALSE,FALSE,10/31/02
14.916,41.708,2002,10,31,21,33,15.88,3.66,10,EMECv20191114,10041415,10,FALSE,FALSE,FALSE,FALSE,FALSE,10/31/02
14.911,41.669,2002,10,31,22,56,56.38,3.66,10,EMECv20191114,10041416,10,FALSE,FALSE,FALSE,FALSE,FALSE,10/31/02
14.875,41.654,2002,11,1,9,27,25.71,3.66,10,EMECv20191114,10041419,10,FALSE,FALSE,FALSE,FALSE,FALSE,11/1/02
14.802,41.725,2002,11,2,17,20,36.79,3.66,10,EMECv20191114,10041436,10,FALSE,FALSE,FALSE,FALSE,FALSE,11/2/02
15.335,43.175,2003,3,29,19,56,17.8,3.66,10,EMECv20191114,10041829,10,FALSE,FALSE,FALSE,FALSE,FALSE,3/29/03
15.542,43.281,2003,3,30,3,52,38.11,3.66,10,EMECv20191114,10041834,10,FALSE,FALSE,FALSE,FALSE,FALSE,3/30/03
15.483,43.22,2003,3,30,4,34,40.42,3.66,10,EMECv20191114,10041835,10,FALSE,FALSE,FALSE,FALSE,FALSE,3/30/03
15.45,43.199,2003,3,30,6,55,44.01,3.66,10,EMECv20191114,10041836,10,FALSE,FALSE,FALSE,FALSE,FALSE,3/30/03
15.557,43.268,2003,3,30,17,22,41.35,3.66,10,EMECv20191114,10041843,10,FALSE,FALSE,FALSE,FALSE,FALSE,3/30/03
15.345,43.138,2003,3,31,16,4,33.43,3.66,10,EMECv20191114,10041845,10,FALSE,FALSE,FALSE,FALSE,FALSE,3/31/03
15.471,43.087,2003,3,31,19,51,16.2,3.66,10,EMECv20191114,10041847,10,FALSE,FALSE,FALSE,FALSE,FALSE,3/31/03
15.394,43.133,2003,4,6,13,5,0.79,3.66,10,EMECv20191114,10041866,10,FALSE,FALSE,FALSE,FALSE,FALSE,4/6/03
15.416,43.109,2003,4,14,22,31,39.55,3.66,10,EMECv20191114,10041897,10,FALSE,FALSE,FALSE,FALSE,FALSE,4/14/03
15.387,43.135,2003,4,15,3,54,23.18,3.66,10,EMECv20191114,10041898,10,FALSE,FALSE,FALSE,FALSE,FALSE,4/15/03
14.963,41.61,2003,4,29,10,47,32.58,3.66,10,EMECv20191114,10041950,10,FALSE,FALSE,TRUE,FALSE,FALSE,4/29/03
15.491,43.185,2003,4,29,18,30,15.15,3.66,10,EMECv20191114,10041954,10,FALSE,FALSE,FALSE,FALSE,FALSE,4/29/03
15.397,43.151,2003,4,29,21,47,52.13,3.66,10,EMECv20191114,10041956,10,FALSE,FALSE,FALSE,FALSE,FALSE,4/29/03
15.438,43.143,2003,4,30,6,24,41.96,3.66,10,EMECv20191114,10041957,10,FALSE,FALSE,FALSE,FALSE,FALSE,4/30/03
15.427,43.148,2003,5,1,22,59,27.32,3.66,10,EMECv20191114,10041972,10,FALSE,FALSE,FALSE,FALSE,FALSE,5/1/03
15.326,43.194,2003,6,5,0,37,55.23,3.66,10,EMECv20191114,10042237,10,FALSE,FALSE,TRUE,FALSE,FALSE,6/5/03
15.344,43.215,2004,11,25,17,37,2.73,3.66,10,EMECv20191114,10044325,10,FALSE,FALSE,FALSE,FALSE,FALSE,11/25/04
15.509,43.137,2005,1,9,3,49,12.05,3.66,10,EMECv20191114,10044516,10,FALSE,FALSE,TRUE,TRUE,FALSE,1/9/05
12.732,43.24,2005,4,27,13,8,8.64,3.67,10,EMECv20191114,10044995,10,TRUE,TRUE,TRUE,TRUE,FALSE,4/27/05
17.214,39.179,2008,9,27,8,28,27.17,3.67,10,EMECv20191114,10052485,10,TRUE,TRUE,TRUE,TRUE,FALSE,9/27/08
15.296,36.517,2010,5,8,22,23,29.39,3.67,10,EMECv20191114,10054809,10,TRUE,TRUE,TRUE,TRUE,FALSE,5/8/10
7.317,44.784,1808,4,21,5,15,0,3.68,10,SERA_histv1.1,10002790,nan,TRUE,TRUE,TRUE,TRUE,TRUE,1808-04-21
7.81,46.144,1862,5,4,21,15,0,3.68,10,SERA_histv1.1,10003934,nan,TRUE,TRUE,TRUE,TRUE,TRUE,1862-05-04
6.71,44.49,2012,3,2,7,15,50.83,3.69,10,EMECv20191114,10057535,10,FALSE,FALSE,TRUE,TRUE,TRUE,3/2/12
5.483,44.367,1719,6,11,0,0,0,3.7,10,SERA_histv1.1,10001682,nan,TRUE,TRUE,TRUE,TRUE,TRUE,1719-06-11
7.872,43.849,1900,4,22,0,0,0,3.7,10,EMECv20191114,10005733,nan,TRUE,TRUE,TRUE,TRUE,TRUE,4/22/00
7.215,45.136,1918,3,5,0,55,0,3.7,10,EMECv20191114,10008443,nan,TRUE,TRUE,TRUE,TRUE,TRUE,3/5/18
11.24,47.05,1976,8,27,23,8,59.9,3.7,10,EMECv20191114,10021341,10,TRUE,TRUE,TRUE,TRUE,TRUE,8/27/76
9.59,42.26,1978,4,3,6,26,43,3.7,10,EMECv20191114,10022044,nan,TRUE,TRUE,TRUE,TRUE,TRUE,4/3/78
10.323,46.688,1984,6,8,2,43,34.9,3.7,10,EMECv20191114,10025761,10,FALSE,FALSE,TRUE,TRUE,TRUE,6/8/84
13.342,42.384,2009,4,6,21,56,53.93,3.7,10,EMECv20191114,10053236,10,FALSE,FALSE,FALSE,FALSE,FALSE,4/6/09
13.2062,42.631,2013,11,30,20,13,38.28,3.7,10,EMECv20191114,10059792,10,FALSE,TRUE,TRUE,TRUE,FALSE,11/30/13
5.555,44.006,1588,1,1,0,0,0,3.71,10,SERA_histv1.1,10000860,nan,TRUE,TRUE,TRUE,TRUE,TRUE,1588-01-01
18.34,42.49,1918,6,24,1,57,14,3.72,10,EMECv20191114,10008479,10,FALSE,FALSE,TRUE,TRUE,TRUE,6/24/18
15.76,43.6,1923,10,1,3,7,22,3.72,10,EMECv20191114,10009227,10,FALSE,FALSE,TRUE,TRUE,TRUE,10/1/23
15.72,43.63,1933,2,18,5,29,42,3.72,10,EMECv20191114,10010799,10,TRUE,TRUE,TRUE,TRUE,TRUE,2/18/33
18.74,42.41,1979,4,15,13,24,33.6,3.72,10,EMECv20191114,10022479,10,FALSE,FALSE,TRUE,FALSE,FALSE,4/15/79
18.7,42.81,1982,11,23,3,27,57.5,3.72,10,EMECv20191114,10024655,nan,FALSE,TRUE,TRUE,TRUE,FALSE,11/23/82
19.22,41.97,1983,8,25,11,52,48.2,3.72,10,EMECv20191114,10025257,10,TRUE,TRUE,TRUE,TRUE,FALSE,8/25/83
14.8,46.1,1963,5,19,13,3,36,3.73,10,EMECv20191114,10015703,10,FALSE,FALSE,FALSE,FALSE,FALSE,5/19/63
14.8,46.1,1963,5,19,21,12,4,3.73,10,EMECv20191114,10015704,10,FALSE,FALSE,FALSE,FALSE,FALSE,5/19/63
14.9,46.1,1965,7,17,8,41,45,3.73,10,EMECv20191114,10016324,10,TRUE,TRUE,TRUE,TRUE,TRUE,7/17/65
20.5,39.68,1995,9,25,23,13,20.6,3.73,10,EMECv20191114,10032494,10,FALSE,FALSE,TRUE,FALSE,FALSE,9/25/95
20.264,39.398,2004,4,4,1,9,43.84,3.73,10,EMECv20191114,10043326,10,FALSE,FALSE,TRUE,FALSE,FALSE,4/4/04
20.458,39.63,2004,10,26,10,1,46.24,3.73,10,EMECv20191114,10044228,10,FALSE,FALSE,FALSE,FALSE,FALSE,10/26/04
20.417,39.659,2004,10,26,10,10,4.6,3.73,10,EMECv20191114,10044229,10,FALSE,FALSE,FALSE,FALSE,FALSE,10/26/04
20.762,40.233,2004,12,14,21,35,30.53,3.73,10,EMECv20191114,10044409,10,FALSE,FALSE,TRUE,FALSE,FALSE,12/14/04
19.564,39.958,2005,3,9,8,34,49.49,3.73,10,EMECv20191114,10044789,10,FALSE,FALSE,TRUE,FALSE,FALSE,3/9/05
19.565,39.769,2006,6,7,22,44,51.7,3.73,10,EMECv20191114,10047120,10,FALSE,TRUE,TRUE,FALSE,FALSE,6/7/06
8.529,44.542,1703,12,21,21,0,0,3.74,10,SERA_histv1.1,10001577,nan,TRUE,TRUE,TRUE,TRUE,TRUE,1703-12-21
11.546,45.548,1711,5,21,0,0,0,3.74,10,SERA_histv1.1,10001632,nan,TRUE,TRUE,TRUE,TRUE,TRUE,1711-05-21
12.658,45.959,1755,8,28,0,0,0,3.74,10,SERA_histv1.1,10001999,nan,TRUE,TRUE,TRUE,TRUE,TRUE,1755-08-28
12.992,46.512,1775,8,26,0,0,0,3.74,10,SERA_histv1.1,10002316,nan,TRUE,TRUE,TRUE,TRUE,TRUE,1775-08-26
11.332,43.318,1787,10,20,13,30,0,3.74,10,SERA_histv1.1,10002539,nan,TRUE,TRUE,TRUE,TRUE,TRUE,1787-10-20
12.992,46.512,1799,10,26,4,0,0,3.74,10,SERA_histv1.1,10002661,nan,TRUE,TRUE,TRUE,TRUE,TRUE,1799-10-26
15.199,40.357,1858,3,7,19,0,0,3.74,10,SERA_histv1.1,10003817,nan,TRUE,TRUE,TRUE,TRUE,TRUE,1858-03-07
10.788,45.734,1896,1,6,17,40,0,3.74,10,SERA_histv1.1,10005331,nan,TRUE,TRUE,TRUE,TRUE,TRUE,1896-01-06
18,43.1,1901,10,23,2,30,0,3.74,10,EMECv20191114,10005878,10,FALSE,FALSE,TRUE,TRUE,TRUE,10/23/01
18.5,42.5,1903,7,3,10,40,0,3.74,10,EMECv20191114,10006086,10,TRUE,TRUE,TRUE,TRUE,TRUE,7/3/03
18.5,42.5,1905,11,20,10,42,0,3.74,10,EMECv20191114,10006437,10,TRUE,TRUE,TRUE,FALSE,FALSE,11/20/05
19.097,41.934,1979,3,31,23,37,51.1,3.74,10,EMECv20191114,10022441,10,FALSE,FALSE,TRUE,TRUE,FALSE,3/31/79
19.266,41.963,1979,4,19,12,8,43.1,3.74,10,EMECv20191114,10022523,10,FALSE,FALSE,FALSE,FALSE,FALSE,4/19/79
19.259,41.943,1979,4,28,14,31,8.2,3.74,10,EMECv20191114,10022557,10,FALSE,FALSE,FALSE,FALSE,FALSE,4/28/79
18.828,42.286,1979,5,6,21,15,26.9,3.74,10,EMECv20191114,10022573,10,FALSE,FALSE,FALSE,FALSE,FALSE,5/6/79
19.269,41.922,1979,9,26,23,44,14.9,3.74,10,EMECv20191114,10022846,10,FALSE,FALSE,TRUE,FALSE,FALSE,9/26/79
19.848,41.795,2000,11,30,19,26,40.6,3.74,10,EMECv20191114,10039270,10,TRUE,TRUE,TRUE,TRUE,FALSE,11/30/00
20.22,40.04,2001,11,30,10,46,23.9,3.74,10,EMECv20191114,10040446,10,TRUE,TRUE,TRUE,FALSE,FALSE,11/30/01
15.4664,43.2053,2003,3,29,18,2,21,3.74,10,EMECv20191114,10041826,10,FALSE,FALSE,FALSE,FALSE,FALSE,3/29/03
19.4999,40.4658,2004,4,1,19,47,47.7,3.74,10,EMECv20191114,10043319,10,FALSE,TRUE,TRUE,FALSE,FALSE,4/1/04
19.974,40.1398,2005,10,11,2,19,44.9,3.74,10,EMECv20191114,10045826,10,FALSE,FALSE,TRUE,FALSE,FALSE,10/11/05
19.8024,40.4643,2005,12,12,8,9,18.8,3.74,10,EMECv20191114,10046297,10,FALSE,FALSE,TRUE,FALSE,FALSE,12/12/05
19.898,40.1045,2006,8,11,23,55,43.7,3.74,10,EMECv20191114,10047433,10,FALSE,FALSE,FALSE,FALSE,FALSE,8/11/06
19.7747,40.1237,2006,9,2,12,49,46.2,3.74,10,EMECv20191114,10047523,10,FALSE,FALSE,FALSE,FALSE,FALSE,9/2/06
8.228,44.096,1917,5,1,8,30,0,3.75,10,EMECv20191114,10008319,nan,FALSE,TRUE,TRUE,TRUE,TRUE,5/1/17
6.8,44.75,1590,12,28,0,0,0,3.79,10,SERA_histv1.1,10000876,nan,TRUE,TRUE,TRUE,TRUE,TRUE,1590-12-28
10.052,46.651,1651,8,3,0,0,0,3.79,10,SERA_histv1.1,10001211,nan,TRUE,TRUE,TRUE,TRUE,TRUE,1651-08-03
8.999,46.921,1701,9,2,8,30,0,3.79,10,SERA_histv1.1,10001544,nan,TRUE,TRUE,TRUE,TRUE,TRUE,1701-09-02
7.376,46.278,1755,12,27,13,30,0,3.79,10,SERA_histv1.1,10002017,nan,TRUE,TRUE,TRUE,TRUE,TRUE,1755-12-27
7.991,46.316,1756,7,1,0,0,0,3.79,10,SERA_histv1.1,10002063,nan,TRUE,TRUE,TRUE,TRUE,TRUE,1756-07-01
8.248,46.899,1779,5,10,6,0,0,3.79,10,SERA_histv1.1,10002377,nan,TRUE,TRUE,TRUE,TRUE,TRUE,1779-05-10
7.303,46.206,1802,10,1,0,0,0,3.79,10,SERA_histv1.1,10002682,nan,TRUE,TRUE,TRUE,TRUE,TRUE,1802-10-01
9.858,46.512,1805,6,1,0,0,0,3.79,10,SERA_histv1.1,10002740,nan,TRUE,TRUE,TRUE,TRUE,TRUE,1805-06-01
9.579,46.855,1811,6,6,22,45,0,3.79,10,SERA_histv1.1,10002823,nan,TRUE,TRUE,TRUE,TRUE,TRUE,1811-06-06
7.881,46.292,1855,8,12,18,0,0,3.79,10,SERA_histv1.1,10003665,nan,TRUE,TRUE,TRUE,TRUE,TRUE,1855-08-12
7.881,46.292,1855,9,26,14,0,0,3.79,10,SERA_histv1.1,10003687,nan,TRUE,TRUE,TRUE,TRUE,TRUE,1855-09-26
7.852,46.237,1855,10,24,0,0,0,3.79,10,SERA_histv1.1,10003695,nan,TRUE,TRUE,TRUE,TRUE,TRUE,1855-10-24
7.852,46.237,1855,11,22,0,0,0,3.79,10,SERA_histv1.1,10003713,nan,TRUE,TRUE,TRUE,TRUE,TRUE,1855-11-22
7.852,46.237,1855,11,25,0,0,0,3.79,10,SERA_histv1.1,10003716,nan,TRUE,TRUE,TRUE,TRUE,TRUE,1855-11-25
7.84,46.279,1857,1,29,4,0,0,3.79,10,SERA_histv1.1,10003772,nan,TRUE,TRUE,TRUE,TRUE,TRUE,1857-01-29
9.528,46.855,1872,2,3,20,0,0,3.79,10,SERA_histv1.1,10004233,nan,TRUE,TRUE,TRUE,TRUE,TRUE,1872-02-03
9.871,46.536,1872,9,21,0,0,0,3.79,10,SERA_histv1.1,10004250,nan,TRUE,TRUE,TRUE,TRUE,TRUE,1872-09-21
9.529,46.726,1992,2,17,19,23,13.3,3.79,10,EMECv20191114,10029872,10,FALSE,FALSE,TRUE,TRUE,TRUE,2/17/92
19.01,42.63,2010,1,16,5,43,58.2,3.79,10,EMECv20191114,10054376,10,FALSE,FALSE,TRUE,FALSE,FALSE,1/16/10
15.0637,44.9521,2012,5,18,20,38,54.2,3.79,10,EMECv20191114,10057832,10,TRUE,TRUE,TRUE,TRUE,TRUE,5/18/12
8.557,46.913,1943,10,6,20,42,0,3.8,10,EMECv20191114,10012123,10,TRUE,TRUE,TRUE,TRUE,TRUE,10/6/43
7.39,46.418,1977,3,5,13,31,22.5,3.8,10,EMECv20191114,10021588,10,TRUE,TRUE,TRUE,TRUE,TRUE,3/5/77
20.49,41.06,2006,3,8,4,18,58,3.8,10,EMECv20191114,10046657,10,FALSE,FALSE,TRUE,FALSE,FALSE,3/8/06
15.54,43.73,1923,5,22,10,9,32,3.81,10,EMECv20191114,10009168,10,FALSE,FALSE,TRUE,TRUE,TRUE,5/22/23
14.84,45.03,1925,9,6,0,38,43,3.81,10,EMECv20191114,10009530,10,FALSE,FALSE,TRUE,TRUE,TRUE,9/6/25
17.85,42.93,1945,11,13,21,28,16,3.81,10,EMECv20191114,10012339,10,TRUE,TRUE,TRUE,TRUE,TRUE,11/13/45
17.73,42.91,1984,5,14,2,30,3.9,3.81,10,EMECv20191114,10025730,10,FALSE,FALSE,FALSE,FALSE,FALSE,5/14/84
16.63,41.434,2002,4,9,13,2,50.14,3.81,10,EMECv20191114,10040815,10,TRUE,TRUE,TRUE,TRUE,TRUE,4/9/02
14.849,41.686,2002,11,1,16,28,0.38,3.81,10,EMECv20191114,10041423,10,FALSE,FALSE,FALSE,FALSE,FALSE,11/1/02
14.79,41.659,2002,11,12,13,46,8.76,3.81,10,EMECv20191114,10041474,10,FALSE,FALSE,FALSE,FALSE,FALSE,11/12/02
15.431,43.114,2003,3,27,16,20,35.62,3.81,10,EMECv20191114,10041819,10,FALSE,FALSE,TRUE,TRUE,FALSE,3/27/03
15.448,43.167,2003,4,3,21,11,4.99,3.81,10,EMECv20191114,10041857,10,FALSE,FALSE,FALSE,FALSE,FALSE,4/3/03
15.495,43.124,2003,4,8,14,40,42.29,3.81,10,EMECv20191114,10041871,10,FALSE,FALSE,FALSE,FALSE,FALSE,4/8/03
15.335,43.139,2003,4,26,11,7,2.53,3.81,10,EMECv20191114,10041931,10,FALSE,FALSE,FALSE,FALSE,FALSE,4/26/03
15.284,43.229,2004,11,25,17,41,40.93,3.81,10,EMECv20191114,10044326,10,FALSE,FALSE,FALSE,FALSE,FALSE,11/25/04
15.08,46.02,1978,12,21,11,41,54.1,3.82,10,EMECv20191114,10022332,10,TRUE,TRUE,TRUE,TRUE,FALSE,12/21/78
17.82,38.506,1999,2,3,9,40,45.66,3.82,10,EMECv20191114,10037033,10,TRUE,TRUE,TRUE,TRUE,TRUE,2/3/99
19.786,40.7,1999,6,6,23,6,57.8,3.82,10,EMECv20191114,10037324,10,FALSE,FALSE,TRUE,TRUE,FALSE,6/6/99
19.843,39.776,2005,2,23,7,58,38.8,3.82,10,EMECv20191114,10044743,10,FALSE,FALSE,TRUE,FALSE,FALSE,2/23/05
14.2,45.1,1972,8,18,6,20,0,3.83,10,EMECv20191114,10019684,nan,TRUE,TRUE,TRUE,TRUE,TRUE,8/18/72
19.02,41.99,1974,1,9,13,9,51,3.83,10,EMECv20191114,10020186,10,FALSE,FALSE,TRUE,TRUE,FALSE,1/9/74
19.31,41.85,1979,5,9,7,22,3.4,3.83,10,EMECv20191114,10022575,10,FALSE,FALSE,FALSE,FALSE,FALSE,5/9/79
20.5024,41.2781,2001,5,12,22,55,44.5,3.83,10,EMECv20191114,10039755,10,TRUE,TRUE,TRUE,TRUE,FALSE,5/12/01
20.03,41.409,2001,6,3,15,48,30.4,3.83,10,EMECv20191114,10039813,10,TRUE,TRUE,TRUE,TRUE,FALSE,6/3/01
17.9422,43.0846,2003,1,25,1,23,40.6,3.83,10,EMECv20191114,10041654,10,TRUE,TRUE,TRUE,TRUE,FALSE,1/25/03
20.13,39.9,2003,4,5,19,0,44.5,3.83,10,EMECv20191114,10041863,10,FALSE,TRUE,TRUE,FALSE,FALSE,4/5/03
20.02,41.552,2004,9,20,10,46,59.3,3.83,10,EMECv20191114,10044103,10,TRUE,TRUE,TRUE,FALSE,FALSE,9/20/04
15.2876,43.2186,2005,1,13,7,15,39.2,3.83,10,EMECv20191114,10044553,10,FALSE,FALSE,TRUE,TRUE,FALSE,1/13/05
19.9828,40.1481,2007,5,13,15,16,20.4,3.83,10,EMECv20191114,10048968,10,TRUE,TRUE,TRUE,FALSE,FALSE,5/13/07
13.387,45.2723,2007,8,13,13,58,31,3.83,10,EMECv20191114,10049615,10,TRUE,TRUE,TRUE,TRUE,FALSE,8/13/07
19.9978,41.2094,2007,11,24,8,46,7.1,3.83,10,EMECv20191114,10050236,10,TRUE,FALSE,TRUE,FALSE,FALSE,11/24/07
19.84,40.31,2008,6,6,3,27,30.2,3.83,10,EMECv20191114,10051579,10,TRUE,TRUE,TRUE,FALSE,FALSE,6/6/08
14.5,46,1698,10,3,19,30,0,3.87,10,SERA_histv1.1,10001514,10,TRUE,TRUE,TRUE,TRUE,TRUE,1698-10-03
15.03,46.13,1852,11,17,1,0,0,3.87,10,SERA_histv1.1,10003574,10,TRUE,TRUE,TRUE,TRUE,TRUE,1852-11-17
7.317,45.736,1869,11,29,17,38,0,3.87,10,SERA_histv1.1,10004159,nan,TRUE,TRUE,TRUE,TRUE,TRUE,1869-11-29
14.07,45.67,1888,7,10,7,0,0,3.87,10,SERA_histv1.1,10004930,10,TRUE,TRUE,TRUE,TRUE,TRUE,1888-07-10
14.8,46.1,1897,2,22,14,45,0,3.87,10,SERA_histv1.1,10005438,10,TRUE,TRUE,TRUE,TRUE,TRUE,1897-02-22
5.51,43.577,1825,1,21,23,50,0,3.88,10,SERA_histv1.1,10003026,nan,TRUE,TRUE,TRUE,TRUE,TRUE,1825-01-21
14.83,45.78,2013,6,16,20,5,0,3.88,10,EMECv20191114,10059228,10,TRUE,TRUE,TRUE,TRUE,TRUE,6/16/13
7.117,43.583,1740,8,29,0,30,0,3.89,10,SERA_histv1.1,10001867,nan,TRUE,TRUE,TRUE,TRUE,TRUE,1740-08-29
9.4,46.667,1574,1,28,15,0,0,3.9,10,SERA_histv1.1,10000794,nan,TRUE,TRUE,TRUE,TRUE,TRUE,1574-01-28
8.68,46.76,1781,4,20,0,0,0,3.9,10,SERA_histv1.1,10002422,nan,TRUE,TRUE,TRUE,TRUE,TRUE,1781-04-20
10.1,46.6,1785,11,16,0,0,0,3.9,10,SERA_histv1.1,10002507,nan,TRUE,TRUE,TRUE,TRUE,TRUE,1785-11-16
7.233,46.483,1817,8,13,0,0,0,3.9,10,SERA_histv1.1,10002916,nan,TRUE,TRUE,TRUE,TRUE,TRUE,1817-08-13
9.567,46.767,1903,7,11,3,45,0,3.9,10,EMECv20191114,10006091,nan,TRUE,TRUE,TRUE,TRUE,TRUE,7/11/03
9.833,46.8,1906,11,24,13,26,52,3.9,10,EMECv20191114,10006577,nan,TRUE,TRUE,TRUE,TRUE,TRUE,11/24/06
9.433,46.767,1913,12,22,11,38,0,3.9,10,EMECv20191114,10007714,nan,TRUE,TRUE,TRUE,TRUE,TRUE,12/22/13
6.583,45.317,1930,7,4,21,6,43,3.9,10,EMECv20191114,10010357,nan,TRUE,TRUE,TRUE,TRUE,TRUE,7/4/30
6.783,44.667,1932,1,19,21,29,0,3.9,10,EMECv20191114,10010638,nan,TRUE,TRUE,TRUE,TRUE,TRUE,1/19/32
6.717,44.667,1937,12,17,3,11,20,3.9,10,EMECv20191114,10011369,nan,TRUE,TRUE,TRUE,TRUE,TRUE,12/17/37
6.55,44.617,1938,2,15,2,32,0,3.9,10,EMECv20191114,10011399,nan,FALSE,TRUE,TRUE,TRUE,TRUE,2/15/38
7.5,46.3,1946,1,25,20,40,0,3.9,10,EMECv20191114,10012357,nan,FALSE,FALSE,FALSE,FALSE,FALSE,1/25/46
9.717,47,1961,2,14,20,34,58,3.9,10,EMECv20191114,10015234,nan,TRUE,TRUE,TRUE,TRUE,TRUE,2/14/61
9.583,46.767,1973,7,9,0,27,4,3.9,10,EMECv20191114,10019998,nan,TRUE,TRUE,TRUE,TRUE,TRUE,7/9/73
6.3,45.78,1980,12,2,5,58,14.4,3.9,10,EMECv20191114,10023454,nan,TRUE,TRUE,TRUE,TRUE,TRUE,12/2/80
7.85,46.69,1835,4,18,17,25,0,3.91,10,SERA_histv1.1,10003212,nan,TRUE,TRUE,TRUE,TRUE,TRUE,1835-04-18
19.09,41.89,1983,12,25,2,56,13.6,3.91,10,EMECv20191114,10025486,10,FALSE,TRUE,TRUE,TRUE,FALSE,12/25/83
18.85,42.27,1985,11,24,13,45,5.9,3.91,10,EMECv20191114,10026427,10,FALSE,FALSE,FALSE,FALSE,FALSE,11/24/85
17.616,43.112,1995,9,16,7,55,1.8,3.91,10,EMECv20191114,10032463,10,FALSE,TRUE,TRUE,TRUE,FALSE,9/16/95
14.68,47.21,1995,11,10,0,32,51.2,3.91,10,EMECv20191114,10032674,10,TRUE,TRUE,TRUE,TRUE,TRUE,11/10/95
20.509,40.184,1997,2,19,4,3,27.13,3.91,10,EMECv20191114,10034820,10,FALSE,FALSE,TRUE,FALSE,FALSE,2/19/97
19.295,39.242,1998,3,2,6,25,40.75,3.91,10,EMECv20191114,10036183,10,FALSE,FALSE,TRUE,FALSE,FALSE,3/2/98
20.443,39.718,2006,12,26,7,49,39.36,3.91,10,EMECv20191114,10047936,10,FALSE,TRUE,TRUE,FALSE,FALSE,12/26/06
13.42,42.49,2009,4,10,3,22,23,3.91,10,EMECv20191114,10053265,10,FALSE,FALSE,FALSE,FALSE,FALSE,4/10/09
15.485,38.178,1923,8,16,12,50,0,3.93,10,EMECv20191114,10009206,nan,TRUE,TRUE,TRUE,TRUE,TRUE,8/16/23
19.263,41.853,2000,10,29,5,4,2.8,3.93,10,EMECv20191114,10039156,10,TRUE,TRUE,TRUE,TRUE,FALSE,10/29/00
20.2575,41.217,2002,9,25,18,46,6.1,3.93,10,EMECv20191114,10041280,10,FALSE,FALSE,TRUE,FALSE,FALSE,9/25/02
15.375,43.138,2003,4,29,14,53,23.47,3.93,10,EMECv20191114,10041952,10,FALSE,FALSE,FALSE,FALSE,FALSE,4/29/03
20.4393,41.436,2009,9,7,0,11,13.1,3.93,10,EMECv20191114,10053861,10,FALSE,FALSE,FALSE,FALSE,FALSE,9/7/09
5.683,43.733,1835,3,7,6,0,0,3.94,10,SERA_histv1.1,10003211,nan,TRUE,TRUE,TRUE,TRUE,TRUE,1835-03-07
5.633,43.3,1846,12,12,10,15,0,3.94,10,SERA_histv1.1,10003442,nan,TRUE,TRUE,TRUE,TRUE,TRUE,1846-12-12
17.04,39.26,2007,3,26,13,55,25,3.94,10,EMECv20191114,10048393,10,TRUE,TRUE,TRUE,TRUE,FALSE,3/26/07
13.28,42.53,2009,4,14,20,17,27,3.95,10,EMECv20191114,10053286,10,FALSE,FALSE,FALSE,FALSE,FALSE,4/14/09
10.83,45.782,2001,9,26,20,14,39.69,3.96,10,EMECv20191114,10040287,10,TRUE,TRUE,TRUE,TRUE,TRUE,9/26/01
14.893,41.684,2002,10,31,16,56,43.22,3.96,10,EMECv20191114,10041413,10,FALSE,FALSE,FALSE,FALSE,FALSE,10/31/02
14.808,41.754,2002,11,1,22,44,0,3.96,10,EMECv20191114,10041428,10,FALSE,FALSE,FALSE,FALSE,FALSE,11/1/02
14.928,41.693,2002,11,2,23,59,10.83,3.96,10,EMECv20191114,10041441,10,FALSE,FALSE,FALSE,FALSE,FALSE,11/2/02
15.552,43.198,2003,3,30,12,2,13.99,3.96,10,EMECv20191114,10041838,10,FALSE,FALSE,FALSE,FALSE,FALSE,3/30/03
15.38,43.145,2003,3,30,15,33,55.89,3.96,10,EMECv20191114,10041842,10,FALSE,FALSE,FALSE,FALSE,FALSE,3/30/03
15.459,43.082,2004,12,4,2,16,11.33,3.96,10,EMECv20191114,10044358,10,FALSE,FALSE,TRUE,TRUE,TRUE,12/4/04
10.16,40.83,2004,12,12,11,52,32.62,3.96,10,EMECv20191114,10044391,10,FALSE,FALSE,TRUE,TRUE,TRUE,12/12/04
20.16,40.92,2012,7,22,14,27,30.43,3.96,10,EMECv20191114,10058168,10,FALSE,TRUE,TRUE,FALSE,FALSE,7/22/12
12.062,46.079,1405,6,26,13,45,0,3.97,10,SERA_histv1.1,10000327,nan,TRUE,TRUE,TRUE,TRUE,TRUE,1405-06-26
15.367,41.775,1829,7,3,13,0,0,3.97,10,SERA_histv1.1,10003109,nan,TRUE,TRUE,TRUE,TRUE,TRUE,1829-07-03
15.95,38.706,1855,9,17,8,0,0,3.97,10,SERA_histv1.1,10003684,nan,TRUE,TRUE,TRUE,TRUE,TRUE,1855-09-17
6.809,46.217,1879,12,30,20,10,0,3.97,10,SERA_histv1.1,10004504,nan,TRUE,TRUE,TRUE,TRUE,TRUE,1879-12-30
10.7,45.67,2014,8,28,17,49,20,3.97,10,EMECv20191114,10060978,10,TRUE,TRUE,TRUE,TRUE,TRUE,8/28/14
7.742,43.878,1892,5,8,0,0,0,3.98,10,SERA_histv1.1,10005075,nan,TRUE,TRUE,TRUE,TRUE,TRUE,1892-05-08
16.679,42.191,2009,3,28,9,4,3.66,3.99,10,EMECv20191114,10053184,10,TRUE,TRUE,TRUE,TRUE,TRUE,3/28/09
9,44.91,2013,11,21,10,36,49,3.99,10,EMECv20191114,10059763,10,TRUE,TRUE,TRUE,TRUE,FALSE,11/21/13
6.18,43.98,1984,6,19,11,40,37.7,4,10,EMECv20191114,10025778,nan,TRUE,TRUE,TRUE,TRUE,TRUE,6/19/84
10.86,42.64,1993,11,17,0,29,5.22,4,10,EMECv20191114,10030901,10,TRUE,TRUE,TRUE,TRUE,TRUE,11/17/93
14.28,45.63,1995,5,22,11,16,54.1,4,10,EMECv20191114,10032102,nan,FALSE,FALSE,TRUE,TRUE,TRUE,5/22/95
15.239,43.157,2003,6,1,1,46,9.62,4,10,EMECv20191114,10042211,10,FALSE,FALSE,TRUE,FALSE,FALSE,6/1/03
20.379,39.531,2004,9,14,21,37,21.81,4,10,EMECv20191114,10044064,10,FALSE,FALSE,TRUE,FALSE,FALSE,9/14/04
15.308,43.23,2004,11,25,7,26,14.94,4,10,EMECv20191114,10044324,10,FALSE,FALSE,FALSE,FALSE,FALSE,11/25/04
15.54,43.84,1924,2,9,8,18,36,4.01,10,EMECv20191114,10009294,10,FALSE,FALSE,TRUE,TRUE,TRUE,2/9/24
18.65,42.24,1979,4,15,8,8,41.9,4.01,10,EMECv20191114,10022469,10,FALSE,FALSE,TRUE,TRUE,FALSE,4/15/79
15.242,43.115,2004,11,29,1,8,8.54,4.01,10,EMECv20191114,10044335,10,FALSE,FALSE,FALSE,FALSE,FALSE,11/29/04
16.367,39.535,2007,4,26,0,49,36.34,4.01,10,EMECv20191114,10048847,10,TRUE,TRUE,TRUE,TRUE,FALSE,4/26/07
18.8,42.5,1901,4,26,7,29,0,4.02,10,EMECv20191114,10005836,10,TRUE,TRUE,TRUE,TRUE,TRUE,4/26/01
12.323,45.947,1966,1,23,1,31,29,4.02,10,EMECv20191114,10016476,nan,TRUE,TRUE,TRUE,TRUE,TRUE,1/23/66
20.7,41.1,1972,9,26,14,22,58,4.02,10,EMECv20191114,10019730,10,FALSE,FALSE,TRUE,TRUE,FALSE,9/26/72
13.166,46.319,1976,5,8,20,40,32.29,4.02,10,EMECv20191114,10021176,10,FALSE,FALSE,FALSE,FALSE,FALSE,5/8/76
18.915,42.286,1979,4,15,19,8,1.8,4.02,10,EMECv20191114,10022488,10,FALSE,FALSE,FALSE,FALSE,FALSE,4/15/79
19.704,40.0688,2006,8,6,11,40,47.2,4.02,10,EMECv20191114,10047379,10,FALSE,FALSE,TRUE,FALSE,FALSE,8/6/06
13.393,42.442,1909,3,16,15,53,0,4.03,10,EMECv20191114,10006943,nan,TRUE,TRUE,TRUE,TRUE,TRUE,3/16/09
16.571,42.382,1988,3,28,7,16,29.49,4.04,10,EMECv20191114,10027586,10,FALSE,FALSE,TRUE,TRUE,FALSE,3/28/88
14.857,36.947,1896,7,2,0,30,0,4.05,10,SERA_histv1.1,10005366,nan,TRUE,TRUE,TRUE,TRUE,TRUE,1896-07-02
14.25,45.583,1933,2,19,23,16,0,4.05,10,EMECv20191114,10010801,nan,TRUE,TRUE,TRUE,TRUE,FALSE,2/19/33
14.8,46.1,1963,5,19,11,19,0,4.05,10,EMECv20191114,10015702,10,FALSE,FALSE,FALSE,FALSE,FALSE,5/19/63
14.51,46.27,1975,8,16,0,31,58.8,4.05,10,EMECv20191114,10020848,10,FALSE,FALSE,TRUE,TRUE,TRUE,8/16/75
13.24,46.308,1976,5,7,6,2,5.08,4.05,10,EMECv20191114,10021171,10,FALSE,FALSE,FALSE,FALSE,FALSE,5/7/76
13.869,41.67,1984,5,12,4,56,25.92,4.05,10,EMECv20191114,10025723,10,FALSE,FALSE,FALSE,FALSE,FALSE,5/12/84
14.786,41.341,1924,3,26,20,50,0,4.06,10,EMECv20191114,10009314,nan,TRUE,TRUE,TRUE,TRUE,TRUE,3/26/24
18.831,39.63,1977,6,5,23,19,47.64,4.07,10,EMECv20191114,10021700,10,TRUE,TRUE,TRUE,TRUE,FALSE,6/5/77
6.233,44.1,1684,8,31,23,55,0,4.08,10,SERA_histv1.1,10001390,nan,TRUE,TRUE,TRUE,TRUE,TRUE,1684-08-31
6.3,45.25,1736,4,23,0,0,0,4.08,10,SERA_histv1.1,10001817,nan,TRUE,TRUE,TRUE,TRUE,TRUE,1736-04-23
6.117,43.508,1885,5,4,7,5,0,4.08,10,SERA_histv1.1,10004771,nan,TRUE,TRUE,TRUE,TRUE,TRUE,1885-05-04
9.854,44.475,1988,8,16,7,35,2.59,4.08,10,EMECv20191114,10027757,10,TRUE,TRUE,TRUE,TRUE,TRUE,8/16/88
15.209,43.215,2003,3,27,16,13,35.33,4.08,10,EMECv20191114,10041818,10,FALSE,FALSE,TRUE,TRUE,FALSE,3/27/03
15.2,43.106,2004,11,29,6,21,49.39,4.08,10,EMECv20191114,10044337,10,FALSE,FALSE,TRUE,TRUE,TRUE,11/29/04
15.093,43.091,2005,2,2,2,9,15.95,4.08,10,EMECv20191114,10044666,10,FALSE,FALSE,TRUE,TRUE,FALSE,2/2/05
14,46,1511,6,6,0,0,0,4.09,10,SERA_histv1.1,10000561,10,TRUE,TRUE,TRUE,TRUE,TRUE,1511-06-06
14,46,1511,6,7,0,0,0,4.09,10,SERA_histv1.1,10000562,10,TRUE,TRUE,TRUE,TRUE,TRUE,1511-06-07
15.621,41.928,1871,8,1,22,0,0,4.09,10,SERA_histv1.1,10004220,nan,TRUE,TRUE,TRUE,TRUE,TRUE,1871-08-01
12.033,43.76,2002,2,21,14,36,0,4.09,10,EMECv20191114,10040692,nan,FALSE,FALSE,TRUE,TRUE,FALSE,2/21/02
7.192,44.413,1900,5,10,8,0,0,4.1,10,EMECv20191114,10005736,nan,FALSE,FALSE,TRUE,TRUE,TRUE,5/10/00
18.3,42.7,1918,6,29,11,2,2,4.1,10,EMECv20191114,10008480,10,TRUE,TRUE,TRUE,TRUE,TRUE,6/29/18
15.67,43.73,1923,4,29,9,33,49,4.1,10,EMECv20191114,10009154,10,FALSE,FALSE,TRUE,TRUE,TRUE,4/29/23
15.08,46.12,1934,4,19,18,50,0,4.1,10,EMECv20191114,10010936,nan,TRUE,TRUE,TRUE,TRUE,FALSE,4/19/34
19.33,42.04,1979,4,15,9,10,54.7,4.1,10,EMECv20191114,10022472,10,FALSE,FALSE,FALSE,FALSE,FALSE,4/15/79
19.08,41.97,1984,1,13,19,41,42.3,4.1,10,EMECv20191114,10025517,10,TRUE,TRUE,TRUE,TRUE,FALSE,1/13/84
18.87,42.35,1985,11,24,12,55,54.1,4.1,10,EMECv20191114,10026426,10,FALSE,FALSE,TRUE,TRUE,FALSE,11/24/85
16.43,42.46,2007,12,1,12,48,36.7,4.1,10,EMECv20191114,10050265,10,TRUE,TRUE,TRUE,TRUE,FALSE,12/1/07
14.845,45.746,2014,3,13,17,31,59.1,4.1,10,EMECv20191114,10060416,nan,FALSE,FALSE,FALSE,FALSE,FALSE,3/13/14
7.561,44.229,1849,6,18,6,25,0,4.11,10,SERA_histv1.1,10003486,nan,TRUE,TRUE,TRUE,TRUE,TRUE,1849-06-18
7.566,44.175,1849,6,23,0,0,0,4.11,10,SERA_histv1.1,10003487,nan,TRUE,TRUE,TRUE,TRUE,TRUE,1849-06-23
12.188,45.726,1857,3,10,3,0,0,4.11,10,SERA_histv1.1,10003781,nan,TRUE,TRUE,TRUE,TRUE,TRUE,1857-03-10
18.5,42.6,1928,7,18,10,48,0,4.11,10,EMECv20191114,10010044,10,FALSE,TRUE,TRUE,TRUE,TRUE,7/18/28
19.2,42.3,1961,6,22,1,13,0,4.11,10,EMECv20191114,10015286,10,FALSE,FALSE,TRUE,TRUE,TRUE,6/22/61
18.09,42.88,1996,9,9,1,14,19.6,4.11,10,EMECv20191114,10034084,10,FALSE,FALSE,FALSE,FALSE,FALSE,9/9/96
20.0627,41.2067,2007,4,20,22,34,12.5,4.11,10,EMECv20191114,10048804,10,FALSE,FALSE,TRUE,FALSE,FALSE,4/20/07
14.96,46.11,2008,4,19,1,49,53.7,4.11,10,EMECv20191114,10051227,10,TRUE,TRUE,TRUE,TRUE,FALSE,4/19/08
12.964,45.836,1910,4,5,19,20,0,4.12,10,EMECv20191114,10007138,nan,TRUE,TRUE,TRUE,TRUE,TRUE,4/5/10
14.33,47.16,2003,7,21,13,15,57,4.12,10,EMECv20191114,10042477,10,TRUE,TRUE,TRUE,TRUE,FALSE,7/21/03
6.209,44,1863,6,9,21,58,0,4.14,10,SERA_histv1.1,10003962,nan,TRUE,TRUE,TRUE,TRUE,TRUE,1863-06-09
7.215,45.137,1927,6,21,15,13,30,4.14,10,EMECv20191114,10009841,nan,TRUE,TRUE,TRUE,TRUE,TRUE,6/21/27
15.421,42.68,1986,1,6,19,22,2.3,4.14,10,EMECv20191114,10026479,10,FALSE,FALSE,TRUE,TRUE,TRUE,1/6/86
19.73,41.13,2012,12,13,21,39,27,4.14,10,EMECv20191114,10058632,10,FALSE,TRUE,TRUE,FALSE,FALSE,12/13/12
16.282,38.966,1913,6,27,17,0,0,4.15,10,EMECv20191114,10007657,nan,FALSE,TRUE,TRUE,TRUE,TRUE,6/27/13
9.703,44.634,1921,11,29,12,4,0,4.15,10,EMECv20191114,10008971,nan,FALSE,TRUE,TRUE,TRUE,FALSE,11/29/21
15.849,40.475,1935,12,3,8,0,0,4.15,10,EMECv20191114,10011130,nan,TRUE,TRUE,TRUE,TRUE,TRUE,12/3/35
15.26,43.154,2003,5,5,6,16,38.37,4.15,10,EMECv20191114,10041995,10,FALSE,FALSE,FALSE,FALSE,FALSE,5/5/03
13.63,45.82,1902,10,11,18,30,36,4.16,10,EMECv20191114,10005990,nan,TRUE,TRUE,TRUE,TRUE,TRUE,10/11/02
7.073,44.289,1903,3,21,21,35,0,4.16,10,EMECv20191114,10006049,nan,TRUE,TRUE,TRUE,TRUE,TRUE,3/21/03
7.718,43.881,1904,11,15,19,16,0,4.16,10,EMECv20191114,10006285,nan,TRUE,TRUE,TRUE,TRUE,TRUE,11/15/04
15.018,40.842,1906,1,25,1,45,0,4.16,10,EMECv20191114,10006466,nan,FALSE,FALSE,TRUE,TRUE,TRUE,1/25/06
13.363,42.092,1910,2,22,15,35,0,4.16,10,EMECv20191114,10007123,nan,TRUE,TRUE,TRUE,TRUE,TRUE,2/22/10
12.704,42.955,1935,6,6,11,5,0,4.16,10,EMECv20191114,10011072,nan,TRUE,TRUE,TRUE,TRUE,TRUE,6/6/35
13.62,46,1946,1,6,11,25,0,4.16,10,EMECv20191114,10012351,nan,TRUE,TRUE,TRUE,TRUE,TRUE,1/6/46
10.802,45.684,1958,1,9,11,58,30,4.16,10,EMECv20191114,10014555,nan,TRUE,TRUE,TRUE,TRUE,TRUE,1/9/58
11.688,42.85,1975,4,16,21,23,0,4.16,10,EMECv20191114,10020697,nan,TRUE,TRUE,TRUE,TRUE,TRUE,4/16/75
15.311,42.698,1987,6,29,13,7,24.58,4.16,10,EMECv20191114,10027243,10,TRUE,TRUE,TRUE,TRUE,TRUE,6/29/87
16.562,42.344,1988,4,27,17,58,11.8,4.16,10,EMECv20191114,10027623,10,FALSE,FALSE,FALSE,FALSE,FALSE,4/27/88
13.057,42.963,1997,10,12,11,14,14.12,4.16,10,EMECv20191114,10035610,nan,FALSE,FALSE,FALSE,FALSE,FALSE,10/12/97
7.401,44.604,1883,3,7,21,15,0,4.17,10,SERA_histv1.1,10004658,nan,TRUE,TRUE,TRUE,TRUE,TRUE,1883-03-07
15.277,41.075,1980,11,26,6,56,56.3,4.17,10,EMECv20191114,10023438,10,FALSE,FALSE,FALSE,FALSE,FALSE,11/26/80
18.163,41.391,1988,4,26,1,10,11.89,4.17,10,EMECv20191114,10027618,10,TRUE,TRUE,TRUE,TRUE,FALSE,4/26/88
15.4,44.3,1903,4,18,17,33,46,4.18,10,EMECv20191114,10006062,10,TRUE,TRUE,TRUE,TRUE,TRUE,4/18/03
17.4,43.1,1905,2,8,6,50,0,4.18,10,EMECv20191114,10006317,10,TRUE,TRUE,TRUE,TRUE,TRUE,2/8/05
17.1,43,1906,10,3,8,55,0,4.18,10,EMECv20191114,10006561,nan,TRUE,TRUE,TRUE,TRUE,FALSE,10/3/06
13.8,44.4,1908,8,21,7,24,0,4.18,10,EMECv20191114,10006826,nan,TRUE,TRUE,TRUE,TRUE,TRUE,8/21/08
20.343,39.68,2004,10,26,2,33,38.57,4.18,10,EMECv20191114,10044225,10,FALSE,FALSE,TRUE,FALSE,FALSE,10/26/04
7.08,44.768,1885,1,5,6,0,0,4.19,10,SERA_histv1.1,10004736,nan,TRUE,TRUE,TRUE,TRUE,TRUE,1885-01-05
15.004,40.294,1969,5,21,9,3,58,4.19,10,EMECv20191114,10018082,nan,TRUE,TRUE,TRUE,TRUE,TRUE,5/21/69
13.399,42.351,1462,1,3,20,25,0,4.2,10,SERA_histv1.1,10000421,nan,TRUE,TRUE,TRUE,TRUE,TRUE,1462-01-03
10.22,45.539,1471,8,15,16,40,0,4.2,10,SERA_histv1.1,10000442,nan,TRUE,TRUE,TRUE,TRUE,TRUE,1471-08-15
11.721,45.355,1485,9,1,0,0,0,4.2,10,SERA_histv1.1,10000482,nan,TRUE,TRUE,TRUE,TRUE,TRUE,1485-09-01
13.018,43.837,1692,10,23,20,10,0,4.2,10,SERA_histv1.1,10001458,nan,TRUE,TRUE,TRUE,TRUE,TRUE,1692-10-23
15.743,40.059,1708,4,15,3,10,0,4.2,10,SERA_histv1.1,10001612,nan,TRUE,TRUE,TRUE,TRUE,TRUE,1708-04-15
11.166,43.564,1737,6,11,0,30,0,4.2,10,SERA_histv1.1,10001830,nan,TRUE,TRUE,TRUE,TRUE,TRUE,1737-06-11
10.946,43.565,1768,11,30,11,30,0,4.2,10,SERA_histv1.1,10002212,nan,TRUE,TRUE,TRUE,TRUE,TRUE,1768-11-30
16.103,38.673,1786,2,23,7,40,0,4.2,10,SERA_histv1.1,10002517,nan,TRUE,TRUE,TRUE,TRUE,TRUE,1786-02-23
10.779,44.771,1799,2,22,5,45,0,4.2,10,SERA_histv1.1,10002653,nan,TRUE,TRUE,TRUE,TRUE,TRUE,1799-02-22
7.104,44.771,1808,4,15,14,0,0,4.2,10,SERA_histv1.1,10002785,nan,TRUE,TRUE,TRUE,TRUE,TRUE,1808-04-15
16.292,38.77,1832,4,12,0,0,0,4.2,10,SERA_histv1.1,10003170,nan,TRUE,TRUE,TRUE,TRUE,TRUE,1832-04-12
15.776,41.826,1850,11,2,2,30,0,4.2,10,SERA_histv1.1,10003512,nan,TRUE,TRUE,TRUE,TRUE,TRUE,1850-11-02
16.594,38.905,1851,2,15,17,0,0,4.2,10,SERA_histv1.1,10003519,nan,TRUE,TRUE,TRUE,TRUE,TRUE,1851-02-15
16.509,38.947,1889,1,10,19,10,0,4.2,10,SERA_histv1.1,10004945,nan,TRUE,TRUE,TRUE,TRUE,TRUE,1889-01-10
15.235,38.806,1893,1,29,1,10,0,4.2,10,SERA_histv1.1,10005119,nan,TRUE,TRUE,TRUE,TRUE,TRUE,1893-01-29
15.25,45.5,1917,2,26,1,9,45,4.2,10,EMECv20191114,10008292,nan,FALSE,TRUE,TRUE,FALSE,FALSE,2/26/17
18.32,42.78,1927,1,15,15,53,51,4.2,10,EMECv20191114,10009759,10,FALSE,FALSE,TRUE,TRUE,FALSE,1/15/27
12.947,46.308,1938,7,14,19,57,48,4.2,10,EMECv20191114,10011451,nan,FALSE,FALSE,TRUE,TRUE,TRUE,7/14/38
17.91,42.27,1940,8,31,1,31,0,4.2,10,EMECv20191114,10011684,10,TRUE,TRUE,TRUE,TRUE,TRUE,8/31/40
19,42.2,1966,8,9,1,5,35,4.2,10,EMECv20191114,10016704,10,FALSE,FALSE,TRUE,TRUE,TRUE,8/9/66
18.38,42.37,1973,6,6,21,11,22,4.2,10,EMECv20191114,10019969,10,TRUE,TRUE,TRUE,TRUE,TRUE,6/6/73
15.575,42.195,1990,2,13,9,15,28.64,4.2,10,EMECv20191114,10028688,10,FALSE,FALSE,TRUE,TRUE,FALSE,2/13/90
14.58,45.33,2004,9,14,18,9,26,4.2,10,EMECv20191114,10044062,10,TRUE,TRUE,TRUE,TRUE,TRUE,9/14/04
6.453,46.133,1881,9,21,21,20,0,4.21,10,SERA_histv1.1,10004595,nan,TRUE,TRUE,TRUE,TRUE,TRUE,1881-09-21
15.316,40.842,1980,11,23,20,6,17.78,4.21,10,EMECv20191114,10023414,10,FALSE,FALSE,FALSE,FALSE,FALSE,11/23/80
15.204,40.871,1980,11,24,10,16,21.1,4.21,10,EMECv20191114,10023426,10,FALSE,FALSE,FALSE,FALSE,FALSE,11/24/80
15.376,40.877,1980,11,26,7,3,6.9,4.21,10,EMECv20191114,10023439,10,FALSE,FALSE,FALSE,FALSE,FALSE,11/26/80
18.848,42.536,1981,7,17,1,5,2.5,4.21,10,EMECv20191114,10023956,10,FALSE,FALSE,TRUE,TRUE,FALSE,7/17/81
10.141,45.65,2002,11,13,10,48,3.19,4.21,10,EMECv20191114,10041482,10,TRUE,TRUE,TRUE,TRUE,TRUE,11/13/02
19.6,40.18,2003,1,19,19,10,57.5,4.21,10,EMECv20191114,10041644,10,FALSE,FALSE,TRUE,FALSE,FALSE,1/19/03
16.93,38.952,2004,4,17,5,14,14.53,4.21,10,EMECv20191114,10043371,10,TRUE,TRUE,TRUE,TRUE,TRUE,4/17/04
19.7316,40.0849,2006,5,19,4,33,32.8,4.21,10,EMECv20191114,10047056,10,FALSE,FALSE,TRUE,FALSE,FALSE,5/19/06
7.227,44.354,1913,7,24,5,15,0,4.22,10,EMECv20191114,10007669,nan,TRUE,TRUE,TRUE,TRUE,TRUE,7/24/13
12.794,40.53,1989,7,3,14,54,5.58,4.22,10,EMECv20191114,10028315,10,TRUE,TRUE,TRUE,TRUE,TRUE,7/3/89
19.44,41.51,2014,3,8,15,6,32,4.22,10,EMECv20191114,10060401,10,FALSE,FALSE,FALSE,FALSE,FALSE,3/8/14
15.535,42.139,2000,8,30,13,45,16.53,4.23,10,EMECv20191114,10039006,10,TRUE,TRUE,TRUE,TRUE,TRUE,8/30/00
19.47,40.64,2001,4,17,0,42,36,4.23,10,EMECv20191114,10039719,10,TRUE,TRUE,TRUE,TRUE,FALSE,4/17/01
16.457,42.171,1990,2,18,20,10,48.71,4.24,10,EMECv20191114,10028697,10,TRUE,TRUE,TRUE,TRUE,FALSE,2/18/90
15.913,40.297,1895,7,19,9,45,0,4.25,10,SERA_histv1.1,10005294,nan,TRUE,TRUE,TRUE,TRUE,TRUE,1895-07-19
16.449,38.828,1929,1,6,14,13,40,4.25,10,EMECv20191114,10010125,nan,FALSE,FALSE,TRUE,TRUE,TRUE,1/6/29
15.012,41.021,1980,11,25,9,59,31.8,4.25,10,EMECv20191114,10023430,10,FALSE,FALSE,FALSE,FALSE,FALSE,11/25/80
15.58,40.814,1980,12,8,17,29,3.21,4.26,10,EMECv20191114,10023471,10,FALSE,FALSE,FALSE,FALSE,FALSE,12/8/80
14.2,45.59,1998,3,13,15,15,56,4.26,10,EMECv20191114,10036206,10,FALSE,TRUE,TRUE,TRUE,TRUE,3/13/98
19.93,41.1,2012,9,4,22,43,43,4.26,10,EMECv20191114,10058300,10,FALSE,TRUE,TRUE,FALSE,FALSE,9/4/12
13.821,41.68,1984,5,14,14,35,24.47,4.27,10,EMECv20191114,10025736,10,FALSE,FALSE,FALSE,FALSE,FALSE,5/14/84
18.35,43.06,2014,9,30,15,12,41,4.27,10,EMECv20191114,10061112,10,TRUE,TRUE,TRUE,TRUE,FALSE,9/30/14
5.483,43.289,1870,1,18,2,50,0,4.28,10,SERA_histv1.1,10004170,nan,TRUE,TRUE,TRUE,TRUE,TRUE,1870-01-18
12.972,42.878,1980,3,1,1,26,50.39,4.28,10,EMECv20191114,10023018,10,FALSE,FALSE,TRUE,TRUE,TRUE,3/1/80
15.706,41.536,1980,11,23,21,53,14,4.28,10,EMECv20191114,10023417,10,TRUE,TRUE,FALSE,FALSE,FALSE,11/23/80
16.514,42.328,1988,4,26,2,31,27.74,4.28,10,EMECv20191114,10027620,10,FALSE,FALSE,FALSE,FALSE,FALSE,4/26/88
7.954,44.706,1995,12,9,23,14,36.68,4.28,10,EMECv20191114,10032921,10,TRUE,TRUE,TRUE,TRUE,TRUE,12/9/95
14.32,41.685,1976,10,11,19,27,0,4.29,10,EMECv20191114,10021392,nan,TRUE,TRUE,TRUE,TRUE,TRUE,10/11/76
10.715,44.787,1996,11,25,19,47,53.85,4.29,10,EMECv20191114,10034545,10,FALSE,FALSE,TRUE,TRUE,TRUE,11/25/96
15.242,43.16,2003,4,3,22,30,10.27,4.29,10,EMECv20191114,10041858,10,FALSE,FALSE,FALSE,FALSE,FALSE,4/3/03
19.43,41.48,2014,3,8,15,12,32,4.29,10,EMECv20191114,10060402,10,FALSE,FALSE,TRUE,FALSE,FALSE,3/8/14
14,46,1511,3,27,0,0,0,4.3,10,SERA_histv1.1,10000553,10,TRUE,TRUE,TRUE,TRUE,TRUE,1511-03-27
14,46,1511,4,1,23,0,0,4.3,10,SERA_histv1.1,10000556,10,TRUE,TRUE,TRUE,TRUE,TRUE,1511-04-01
14,46,1511,6,24,22,30,0,4.3,10,SERA_histv1.1,10000563,10,TRUE,TRUE,TRUE,TRUE,TRUE,1511-06-24
14,46,1511,6,25,22,30,0,4.3,10,SERA_histv1.1,10000564,10,TRUE,TRUE,TRUE,TRUE,TRUE,1511-06-25
14,46,1511,6,27,3,0,0,4.3,10,SERA_histv1.1,10000567,10,TRUE,TRUE,TRUE,TRUE,TRUE,1511-06-27
14.5,46,1599,12,29,2,30,0,4.3,10,SERA_histv1.1,10000922,10,TRUE,TRUE,TRUE,TRUE,TRUE,1599-12-29
14.8,46.05,1661,1,3,0,0,0,4.3,10,SERA_histv1.1,10001266,10,TRUE,TRUE,TRUE,TRUE,TRUE,1661-01-03
14.5,46.08,1669,12,29,0,0,0,4.3,10,SERA_histv1.1,10001321,10,TRUE,TRUE,TRUE,TRUE,TRUE,1669-12-29
14.75,46,1783,2,18,0,0,0,4.3,10,SERA_histv1.1,10002449,10,TRUE,TRUE,TRUE,TRUE,TRUE,1783-02-18
7.9,46.583,1827,11,21,2,0,0,4.3,10,SERA_histv1.1,10003063,nan,TRUE,TRUE,TRUE,TRUE,TRUE,1827-11-21
14.57,45.98,1833,1,11,0,50,0,4.3,10,SERA_histv1.1,10003181,10,TRUE,TRUE,TRUE,TRUE,TRUE,1833-01-11
14.6,46.25,1840,9,1,5,40,0,4.3,10,SERA_histv1.1,10003314,10,TRUE,TRUE,TRUE,TRUE,TRUE,1840-09-01
7.49,44.275,1892,11,27,0,40,0,4.3,10,SERA_histv1.1,10005109,nan,TRUE,TRUE,TRUE,TRUE,TRUE,1892-11-27
14.5,46.1,1895,4,15,2,45,0,4.3,10,SERA_histv1.1,10005271,10,TRUE,TRUE,TRUE,TRUE,TRUE,1895-04-15
9,46.22,1923,11,9,13,22,0,4.3,10,EMECv20191114,10009247,nan,TRUE,TRUE,TRUE,TRUE,TRUE,11/9/23
17.07,43.17,1942,12,30,14,59,51,4.3,10,EMECv20191114,10012023,10,FALSE,FALSE,TRUE,TRUE,TRUE,12/30/42
8.6,46.32,1951,5,16,2,27,0,4.3,10,EMECv20191114,10013045,nan,TRUE,TRUE,TRUE,TRUE,TRUE,5/16/51
19.23,41.93,1979,4,15,9,46,30.7,4.3,10,EMECv20191114,10022473,10,FALSE,FALSE,FALSE,FALSE,FALSE,4/15/79
18.69,42.77,1980,11,7,11,8,40,4.3,10,EMECv20191114,10023382,10,TRUE,FALSE,TRUE,TRUE,FALSE,11/7/80
15.388,40.907,1980,11,24,4,47,30.3,4.3,10,EMECv20191114,10023425,10,FALSE,FALSE,FALSE,FALSE,FALSE,11/24/80
18.84,42.27,1985,11,24,12,53,49.4,4.3,10,EMECv20191114,10026425,10,FALSE,FALSE,TRUE,TRUE,FALSE,11/24/85
6.55,44.27,1997,10,31,4,23,42.8,4.3,10,EMECv20191114,10035683,nan,TRUE,TRUE,TRUE,TRUE,TRUE,10/31/97
10.077,40.929,2000,4,26,13,28,41.08,4.3,10,EMECv20191114,10038546,10,FALSE,FALSE,TRUE,TRUE,TRUE,4/26/00
20.3664,41.3584,2002,9,2,18,56,1.2,4.3,10,EMECv20191114,10041192,10,TRUE,TRUE,TRUE,FALSE,FALSE,9/2/02
15.242,43.189,2003,4,27,19,12,38.68,4.3,10,EMECv20191114,10041938,10,FALSE,FALSE,FALSE,FALSE,FALSE,4/27/03
17.3,43.12,2013,12,29,6,54,58,4.3,10,EMECv20191114,10059854,10,TRUE,TRUE,TRUE,TRUE,FALSE,12/29/13
5.683,43.733,1812,6,1,15,0,0,4.31,10,SERA_histv1.1,10002844,nan,TRUE,TRUE,TRUE,TRUE,TRUE,1812-06-01
16.419,40.498,1908,3,26,13,49,0,4.31,10,EMECv20191114,10006763,nan,TRUE,TRUE,TRUE,TRUE,TRUE,3/26/08
15.403,40.799,1980,11,24,2,19,23.84,4.31,10,EMECv20191114,10023421,10,FALSE,FALSE,FALSE,FALSE,FALSE,11/24/80
16.74,38.076,1981,6,19,16,51,27.91,4.31,10,EMECv20191114,10023859,10,TRUE,TRUE,TRUE,TRUE,TRUE,6/19/81
13.71,46.24,1998,5,6,2,51,59,4.31,10,EMECv20191114,10036356,10,FALSE,FALSE,TRUE,TRUE,TRUE,5/6/98
14.78,45.95,1998,8,31,2,31,4,4.31,10,EMECv20191114,10036635,10,TRUE,TRUE,TRUE,TRUE,TRUE,8/31/98
10.114,40.914,2000,6,27,4,7,55.38,4.31,10,EMECv20191114,10038796,10,FALSE,FALSE,TRUE,TRUE,TRUE,6/27/00
19.63,40.34,2009,3,25,12,23,25,4.31,10,EMECv20191114,10053180,10,TRUE,TRUE,TRUE,FALSE,FALSE,3/25/09
18.814,41.397,2009,7,28,23,34,55.13,4.31,10,EMECv20191114,10053739,10,TRUE,TRUE,TRUE,FALSE,FALSE,7/28/09
8.994,44.366,1924,9,21,20,18,0,4.32,10,EMECv20191114,10009369,nan,TRUE,TRUE,TRUE,TRUE,TRUE,9/21/24
7.085,44.466,1936,7,9,1,10,0,4.32,10,EMECv20191114,10011232,nan,TRUE,TRUE,TRUE,TRUE,TRUE,7/9/36
15.24,40.864,1980,11,25,11,28,19.9,4.32,10,EMECv20191114,10023431,10,FALSE,FALSE,FALSE,FALSE,FALSE,11/25/80
15.01,38.322,1981,4,5,10,12,46.99,4.32,10,EMECv20191114,10023746,10,TRUE,TRUE,TRUE,TRUE,TRUE,4/5/81
9.84,46.501,1852,7,29,12,30,0,4.33,10,SERA_histv1.1,10003564,nan,TRUE,TRUE,TRUE,TRUE,TRUE,1852-07-29
18.007,38.146,1992,11,24,3,47,59.81,4.33,10,EMECv20191114,10030285,10,TRUE,TRUE,TRUE,TRUE,FALSE,11/24/92
6.634,44.659,1773,12,31,1,15,0,4.34,10,SERA_histv1.1,10002291,nan,TRUE,TRUE,TRUE,TRUE,TRUE,1773-12-31
7.414,44.298,1935,2,19,0,1,6,4.34,10,EMECv20191114,10011034,nan,TRUE,TRUE,TRUE,TRUE,TRUE,2/19/35
15.861,41.835,1970,1,21,18,36,25,4.34,10,EMECv20191114,10018343,nan,TRUE,TRUE,TRUE,TRUE,TRUE,1/21/70
15.272,40.935,1980,11,24,4,23,16.82,4.35,10,EMECv20191114,10023424,10,FALSE,FALSE,FALSE,FALSE,FALSE,11/24/80
15.507,40.806,1981,1,15,11,12,42.56,4.35,10,EMECv20191114,10023539,nan,FALSE,FALSE,TRUE,FALSE,FALSE,1/15/81
15.341,43.127,2003,6,21,9,0,21.18,4.35,10,EMECv20191114,10042326,10,FALSE,FALSE,TRUE,FALSE,FALSE,6/21/03
15.478,40.709,1980,11,25,17,26,41,4.36,10,EMECv20191114,10023434,10,FALSE,FALSE,FALSE,FALSE,FALSE,11/25/80
15.636,40.699,1981,1,9,0,12,49,4.36,10,EMECv20191114,10023529,nan,FALSE,FALSE,TRUE,FALSE,FALSE,1/9/81
8.8,42.167,1775,10,6,7,35,0,4.38,10,SERA_histv1.1,10002318,nan,TRUE,TRUE,TRUE,TRUE,TRUE,1775-10-06
13.02,46.464,1906,6,3,19,39,0,4.38,10,EMECv20191114,10006515,nan,TRUE,TRUE,TRUE,TRUE,TRUE,6/3/06
7.456,44.403,1971,2,1,12,26,55,4.39,10,EMECv20191114,10019077,nan,TRUE,TRUE,TRUE,TRUE,TRUE,2/1/71
19.7846,40.149,2005,8,12,18,53,21.8,4.39,10,EMECv20191114,10045620,10,TRUE,TRUE,TRUE,FALSE,FALSE,8/12/05
19.75,40.69,2011,6,9,16,16,36,4.39,10,EMECv20191114,10056133,10,TRUE,TRUE,TRUE,FALSE,FALSE,6/9/11
13.983,41.405,1873,12,13,0,0,0,4.4,10,SERA_histv1.1,10004297,nan,TRUE,TRUE,TRUE,TRUE,TRUE,1873-12-13
9.9,46.5,1927,8,13,1,0,51,4.4,10,EMECv20191114,10009872,nan,TRUE,TRUE,TRUE,TRUE,TRUE,8/13/27
13.019,46.398,1928,8,2,8,42,0,4.4,10,EMECv20191114,10010054,nan,FALSE,FALSE,TRUE,TRUE,TRUE,8/2/28
12.218,46.139,1937,2,18,8,29,0,4.4,10,EMECv20191114,10011312,nan,FALSE,FALSE,TRUE,TRUE,TRUE,2/18/37
13.93,45.88,1949,12,7,1,43,59,4.4,10,EMECv20191114,10012829,nan,TRUE,TRUE,TRUE,TRUE,TRUE,12/7/49
14.78,46.06,1963,11,15,5,15,46,4.4,10,EMECv20191114,10015799,nan,FALSE,TRUE,TRUE,TRUE,TRUE,11/15/63
15.265,45.565,1985,1,20,1,51,42.5,4.4,10,EMECv20191114,10026043,nan,TRUE,TRUE,TRUE,TRUE,FALSE,1/20/85
18.75,42.16,1991,9,8,19,45,22,4.4,10,EMECv20191114,10029682,10,TRUE,TRUE,TRUE,TRUE,FALSE,9/8/91
15.291,43.162,2003,4,26,8,20,42.96,4.4,10,EMECv20191114,10041930,10,FALSE,FALSE,FALSE,FALSE,FALSE,4/26/03
14.93,45.11,2007,2,5,8,30,5,4.4,10,EMECv20191114,10048108,10,TRUE,TRUE,TRUE,TRUE,FALSE,2/5/07
10.869,45.888,1868,5,22,21,15,0,4.41,10,SERA_histv1.1,10004099,nan,TRUE,TRUE,TRUE,TRUE,TRUE,1868-05-22
16.147,42.42,1998,1,26,23,17,13.34,4.41,10,EMECv20191114,10036074,10,TRUE,TRUE,TRUE,TRUE,FALSE,1/26/98
17.176,39.003,2007,8,1,0,7,54.92,4.41,10,EMECv20191114,10049518,10,TRUE,TRUE,TRUE,TRUE,FALSE,8/1/07
12.917,44.167,1916,8,15,8,30,0,4.42,10,EMECv20191114,10008184,nan,FALSE,FALSE,FALSE,FALSE,FALSE,8/15/16
15.33,40.816,1980,11,23,20,55,26.9,4.42,10,EMECv20191114,10023415,10,FALSE,FALSE,FALSE,FALSE,FALSE,11/23/80
15.643,40.694,1980,11,26,6,6,9.9,4.42,10,EMECv20191114,10023436,10,FALSE,FALSE,FALSE,FALSE,FALSE,11/26/80
16.607,42.327,1988,4,26,19,17,56.73,4.42,10,EMECv20191114,10027621,10,FALSE,FALSE,FALSE,FALSE,FALSE,4/26/88
16.834,39.658,2007,5,25,9,39,46.28,4.42,10,EMECv20191114,10049039,10,FALSE,TRUE,TRUE,TRUE,FALSE,5/25/07
10.564,44.81,1345,1,31,0,0,0,4.43,10,SERA_histv1.1,10000216,nan,TRUE,TRUE,TRUE,TRUE,TRUE,1345-01-31
11.546,45.548,1376,3,15,0,0,0,4.43,10,SERA_histv1.1,10000278,nan,TRUE,TRUE,TRUE,TRUE,TRUE,1376-03-15
10.682,44.943,1465,4,7,15,30,0,4.43,10,SERA_histv1.1,10000428,nan,TRUE,TRUE,TRUE,TRUE,TRUE,1465-04-07
13.399,42.351,1498,4,10,0,0,0,4.43,10,SERA_histv1.1,10000509,nan,TRUE,TRUE,TRUE,TRUE,TRUE,1498-04-10
11.559,43.208,1530,11,11,16,30,0,4.43,10,SERA_histv1.1,10000627,nan,TRUE,TRUE,TRUE,TRUE,TRUE,1530-11-11
9.671,45.694,1576,9,26,5,10,0,4.43,10,SERA_histv1.1,10000807,nan,TRUE,TRUE,TRUE,TRUE,TRUE,1576-09-26
11.332,43.318,1638,4,1,0,0,0,4.43,10,SERA_histv1.1,10001098,nan,TRUE,TRUE,TRUE,TRUE,TRUE,1638-04-01
16.064,38.202,1712,7,16,0,0,0,4.43,10,SERA_histv1.1,10001641,nan,TRUE,TRUE,TRUE,TRUE,TRUE,1712-07-16
16.349,41.3,1731,5,10,5,20,0,4.43,10,SERA_histv1.1,10001775,nan,TRUE,TRUE,TRUE,TRUE,TRUE,1731-05-10
15.917,41.63,1756,10,22,0,0,0,4.43,10,SERA_histv1.1,10002068,nan,TRUE,TRUE,TRUE,TRUE,TRUE,1756-10-22
16.252,39.303,1855,1,28,19,45,0,4.43,10,SERA_histv1.1,10003634,nan,TRUE,TRUE,TRUE,TRUE,TRUE,1855-01-28
15.802,40.638,1861,11,19,0,0,0,4.43,10,SERA_histv1.1,10003917,nan,TRUE,TRUE,TRUE,TRUE,TRUE,1861-11-19
11.333,43.336,1869,2,7,4,52,0,4.43,10,SERA_histv1.1,10004123,nan,TRUE,TRUE,TRUE,TRUE,TRUE,1869-02-07
15.271,43.168,2003,4,29,15,13,6.24,4.43,10,EMECv20191114,10041953,10,FALSE,FALSE,FALSE,FALSE,FALSE,4/29/03
14.66,46.51,2013,2,2,13,35,34,4.43,10,EMECv20191114,10058787,10,FALSE,TRUE,TRUE,TRUE,TRUE,2/2/13
7.472,43.467,2001,2,25,18,34,40.69,4.44,10,EMECv20191114,10039536,10,TRUE,TRUE,TRUE,TRUE,TRUE,2/25/01
13.339,42.363,2009,4,6,16,38,9.73,4.44,10,EMECv20191114,10053235,10,FALSE,FALSE,FALSE,FALSE,FALSE,4/6/09
19.58,40.21,2013,6,22,8,41,8,4.44,10,EMECv20191114,10059284,10,TRUE,TRUE,TRUE,FALSE,FALSE,6/22/13
10.961,44.133,1995,8,24,17,27,33,4.45,10,EMECv20191114,10032420,nan,FALSE,TRUE,TRUE,TRUE,TRUE,8/24/95
7.251,45.116,1914,10,26,16,22,0,4.46,10,EMECv20191114,10007852,nan,FALSE,FALSE,TRUE,TRUE,TRUE,10/26/14
15.455,40.913,1980,11,26,10,47,52.4,4.46,10,EMECv20191114,10023441,10,FALSE,FALSE,FALSE,FALSE,FALSE,11/26/80
16.448,37.566,1998,8,28,10,41,54.75,4.46,10,EMECv20191114,10036633,10,TRUE,TRUE,TRUE,TRUE,TRUE,8/28/98
10.809,45.761,1877,10,1,7,20,0,4.47,10,SERA_histv1.1,10004412,nan,TRUE,TRUE,TRUE,TRUE,TRUE,1877-10-01
10.153,44.812,1961,8,14,1,3,2,4.47,10,EMECv20191114,10015310,nan,TRUE,TRUE,TRUE,TRUE,TRUE,8/14/61
15.236,41.017,1980,11,26,14,55,40.7,4.47,10,EMECv20191114,10023442,10,FALSE,FALSE,FALSE,FALSE,FALSE,11/26/80
14.8,45.06,1986,12,16,6,22,51,4.47,10,EMECv20191114,10027021,10,TRUE,TRUE,TRUE,TRUE,FALSE,12/16/86
15.272,43.124,2003,3,31,19,36,27.49,4.47,10,EMECv20191114,10041846,10,FALSE,FALSE,FALSE,FALSE,FALSE,3/31/03
14.355,45.407,1870,4,28,2,25,0,4.49,10,SERA_histv1.1,10004189,nan,TRUE,TRUE,TRUE,TRUE,TRUE,1870-04-28
19.115,42.206,1981,7,15,0,50,36.9,4.49,10,EMECv20191114,10023954,10,FALSE,FALSE,TRUE,TRUE,FALSE,7/15/81
15.064,38.446,2002,4,5,4,52,20.52,4.49,10,EMECv20191114,10040794,10,TRUE,TRUE,TRUE,TRUE,FALSE,4/5/02
16.611,40.667,1845,8,10,0,0,0,4.5,10,SERA_histv1.1,10003408,nan,TRUE,TRUE,TRUE,TRUE,TRUE,1845-08-10
15.13,45.97,1902,12,17,15,20,0,4.5,10,EMECv20191114,10006014,nan,TRUE,TRUE,TRUE,TRUE,TRUE,12/17/02
14.83,46.12,1931,12,23,5,26,30,4.5,10,EMECv20191114,10010630,nan,TRUE,TRUE,TRUE,TRUE,TRUE,12/23/31
7.528,46.365,1948,5,30,4,41,0,4.5,10,EMECv20191114,10012613,10,TRUE,TRUE,TRUE,TRUE,TRUE,5/30/48
14.83,46.12,1949,1,6,19,29,8,4.5,10,EMECv20191114,10012705,nan,FALSE,TRUE,TRUE,TRUE,TRUE,1/6/49
20.66,41.17,1967,12,4,0,48,51,4.5,10,EMECv20191114,10017310,10,FALSE,FALSE,FALSE,FALSE,FALSE,12/4/67
19.8562,39.2628,1974,7,14,11,39,13.04,4.5,10,EMECv20191114,10020391,10,FALSE,TRUE,TRUE,TRUE,FALSE,7/14/74
19.8934,40.1517,1977,8,16,9,1,36.69,4.5,10,EMECv20191114,10021771,10,TRUE,TRUE,TRUE,TRUE,FALSE,8/16/77
20.0291,41.1844,1979,11,2,21,7,22.86,4.5,10,EMECv20191114,10022885,10,FALSE,FALSE,TRUE,TRUE,FALSE,11/2/79
20.3407,40.2105,1980,3,13,11,54,13,4.5,10,EMECv20191114,10023038,10,FALSE,TRUE,TRUE,TRUE,FALSE,3/13/80
20.1193,39.6231,1981,1,9,14,17,8.03,4.5,10,EMECv20191114,10023532,10,TRUE,TRUE,TRUE,TRUE,FALSE,1/9/81
20.0745,41.0241,1981,4,23,22,13,30.08,4.5,10,EMECv20191114,10023770,10,FALSE,FALSE,TRUE,TRUE,FALSE,4/23/81
19.9278,40.0228,1981,12,9,22,44,41.52,4.5,10,EMECv20191114,10024143,10,TRUE,TRUE,TRUE,TRUE,FALSE,12/9/81
19.8799,38.4207,1983,1,17,19,39,14.03,4.5,10,EMECv20191114,10024751,10,FALSE,FALSE,FALSE,FALSE,FALSE,1/17/83
14.06,45.87,1983,8,5,15,50,51.2,4.5,10,EMECv20191114,10025220,nan,TRUE,TRUE,TRUE,TRUE,FALSE,8/5/83
20.3616,39.5679,1983,9,19,20,20,48.86,4.5,10,EMECv20191114,10025289,10,TRUE,TRUE,TRUE,TRUE,FALSE,9/19/83
19.426,41.2324,1986,6,7,20,7,30.56,4.5,10,EMECv20191114,10026730,10,FALSE,FALSE,TRUE,TRUE,FALSE,6/7/86
20.7279,40.911,1989,5,26,12,8,17.35,4.5,10,EMECv20191114,10028250,10,TRUE,TRUE,TRUE,TRUE,FALSE,5/26/89
20.0574,39.6758,1989,6,4,19,13,10.53,4.5,10,EMECv20191114,10028261,10,FALSE,FALSE,TRUE,TRUE,FALSE,6/4/89
14.65,45.86,1990,5,24,8,23,5,4.5,10,EMECv20191114,10028826,nan,FALSE,TRUE,TRUE,TRUE,TRUE,5/24/90
20.1756,41.042,1997,5,19,20,16,12.05,4.5,10,EMECv20191114,10035089,10,FALSE,FALSE,TRUE,TRUE,FALSE,5/19/97
20.651,40.229,1999,5,8,7,21,28.52,4.5,10,EMECv20191114,10037259,10,TRUE,TRUE,TRUE,TRUE,FALSE,5/8/99
20.3332,40.9778,2005,7,28,14,38,19.67,4.5,10,EMECv20191114,10045558,10,TRUE,TRUE,TRUE,FALSE,FALSE,7/28/05
20.1839,39.2686,2007,8,12,12,26,9.2,4.5,10,EMECv20191114,10049604,10,FALSE,FALSE,FALSE,FALSE,FALSE,8/12/07
18.136,42.675,1544,3,6,8,30,0,4.51,10,SERA_histv1.1,10000681,nan,TRUE,TRUE,TRUE,TRUE,TRUE,1544-03-06
15.29,45.41,1876,9,18,23,0,0,4.51,10,SERA_histv1.1,10004382,nan,TRUE,TRUE,TRUE,TRUE,TRUE,1876-09-18
12.715,42.814,1881,3,11,22,50,0,4.51,10,SERA_histv1.1,10004571,nan,TRUE,TRUE,TRUE,TRUE,TRUE,1881-03-11
18.031,40.178,1909,1,20,19,58,0,4.51,10,EMECv20191114,10006896,nan,TRUE,TRUE,TRUE,TRUE,TRUE,1/20/09
15.476,40.922,1980,11,26,8,31,7.86,4.51,10,EMECv20191114,10023440,10,FALSE,FALSE,FALSE,FALSE,FALSE,11/26/80
15.287,40.883,1980,12,8,2,49,40.06,4.51,10,EMECv20191114,10023464,10,FALSE,FALSE,FALSE,FALSE,FALSE,12/8/80
17.339,39.263,2008,11,20,14,9,19.51,4.51,10,EMECv20191114,10052787,10,FALSE,TRUE,TRUE,TRUE,FALSE,11/20/08
15.341,43.136,2004,12,3,8,13,13.68,4.53,10,EMECv20191114,10044355,10,FALSE,FALSE,TRUE,TRUE,TRUE,12/3/04
15.592,40.718,1980,11,23,19,6,44.9,4.54,10,EMECv20191114,10023412,10,FALSE,FALSE,TRUE,TRUE,TRUE,11/23/80
11.558,42.862,1905,2,12,8,28,0,4.55,10,EMECv20191114,10006322,nan,TRUE,TRUE,TRUE,TRUE,TRUE,2/12/05
15.88,41.476,1912,7,2,7,34,0,4.55,10,EMECv20191114,10007542,nan,TRUE,TRUE,TRUE,TRUE,TRUE,7/2/12
14.811,43.337,1951,5,25,20,42,0,4.55,10,EMECv20191114,10013051,nan,TRUE,TRUE,TRUE,TRUE,TRUE,5/25/51
15.717,40.678,1981,9,21,16,12,29.76,4.55,10,EMECv20191114,10024056,nan,FALSE,FALSE,TRUE,TRUE,FALSE,9/21/81
8.673,44.856,1989,9,13,21,54,35.3,4.55,10,EMECv20191114,10028410,10,TRUE,TRUE,TRUE,TRUE,TRUE,9/13/89
15.235,39.85,2004,3,3,2,13,25.39,4.55,10,EMECv20191114,10043212,10,TRUE,TRUE,TRUE,TRUE,FALSE,3/3/04
20.66,40.18,2013,4,12,1,26,54.13,4.55,10,EMECv20191114,10058998,10,TRUE,TRUE,TRUE,FALSE,FALSE,4/12/13
12.417,43.417,1927,12,1,9,55,37,4.56,10,EMECv20191114,10009920,nan,TRUE,TRUE,TRUE,TRUE,TRUE,12/1/27
16.61,39.005,1958,7,13,20,48,0,4.56,10,EMECv20191114,10014680,nan,TRUE,TRUE,TRUE,TRUE,TRUE,7/13/58
19.5,42,1905,6,1,14,47,25,4.57,10,EMECv20191114,10006362,10,FALSE,FALSE,FALSE,FALSE,FALSE,6/1/05
15.382,41.188,1971,5,9,23,2,59.82,4.57,10,EMECv20191114,10019168,nan,FALSE,FALSE,TRUE,TRUE,TRUE,5/9/71
18.772,39.606,1976,11,6,20,57,4.36,4.57,10,EMECv20191114,10021415,10,FALSE,FALSE,TRUE,TRUE,FALSE,11/6/76
12.927,42.813,1974,12,2,1,55,15,4.58,10,EMECv20191114,10020521,nan,TRUE,TRUE,TRUE,TRUE,TRUE,12/2/74
18.708,42.306,1979,8,6,7,48,12,4.58,10,EMECv20191114,10022759,10,FALSE,FALSE,TRUE,FALSE,FALSE,8/6/79
17.42,43.1,1980,6,22,19,14,33,4.58,10,EMECv20191114,10023161,10,TRUE,TRUE,TRUE,TRUE,FALSE,6/22/80
7.327,44.885,1311,1,1,0,0,0,4.59,10,SERA_histv1.1,10000183,nan,TRUE,TRUE,TRUE,TRUE,TRUE,1311-01-01
9.402,46.322,1512,2,8,0,0,0,4.59,10,SERA_histv1.1,10000570,nan,TRUE,TRUE,TRUE,TRUE,TRUE,1512-02-08
11.8,47.39,1934,9,4,1,26,0,4.59,10,EMECv20191114,10010975,10,TRUE,TRUE,TRUE,TRUE,TRUE,9/4/34
12.975,45.926,1525,2,19,21,0,0,4.6,10,SERA_histv1.1,10000613,nan,TRUE,TRUE,TRUE,TRUE,TRUE,1525-02-19
18.7,42,1966,8,20,13,8,13,4.6,10,EMECv20191114,10016734,10,FALSE,FALSE,TRUE,TRUE,TRUE,8/20/66
14.24,46.31,1977,7,16,13,13,30.6,4.6,10,EMECv20191114,10021748,nan,TRUE,TRUE,TRUE,TRUE,FALSE,7/16/77
19.7744,40.1317,1977,10,4,13,56,24.04,4.6,10,EMECv20191114,10021833,10,FALSE,FALSE,TRUE,TRUE,FALSE,10/4/77
19.8496,40.0467,1977,12,5,18,10,45.7,4.6,10,EMECv20191114,10021888,10,FALSE,FALSE,TRUE,TRUE,FALSE,12/5/77
18.74,42.16,1979,4,15,6,31,9.4,4.6,10,EMECv20191114,10022464,10,FALSE,FALSE,TRUE,TRUE,FALSE,4/15/79
19.4418,41.9654,1979,4,15,7,25,31.98,4.6,10,EMECv20191114,10022467,10,FALSE,FALSE,TRUE,TRUE,FALSE,4/15/79
20.1588,40.2841,1979,11,21,2,20,52.88,4.6,10,EMECv20191114,10022916,10,TRUE,TRUE,TRUE,TRUE,FALSE,11/21/79
19.9186,40.7073,1980,4,7,3,47,12.7,4.6,10,EMECv20191114,10023058,10,FALSE,TRUE,TRUE,TRUE,FALSE,4/7/80
19.5982,40.6279,1980,10,10,7,13,1.99,4.6,10,EMECv20191114,10023301,10,FALSE,TRUE,TRUE,TRUE,FALSE,10/10/80
20.1247,41.6103,1986,8,18,1,48,48.54,4.6,10,EMECv20191114,10026829,10,FALSE,TRUE,TRUE,TRUE,FALSE,8/18/86
17.81,43.02,1990,7,31,15,50,52,4.6,10,EMECv20191114,10028930,10,TRUE,TRUE,TRUE,TRUE,FALSE,7/31/90
15.379,41.649,1905,8,18,4,7,0,4.61,10,EMECv20191114,10006399,nan,TRUE,TRUE,TRUE,TRUE,TRUE,8/18/05
12.449,43.436,1973,4,19,17,41,35,4.61,10,EMECv20191114,10019930,nan,TRUE,TRUE,TRUE,TRUE,TRUE,4/19/73
17.026,42.143,1979,7,7,13,40,21.44,4.61,10,EMECv20191114,10022731,10,TRUE,TRUE,TRUE,TRUE,FALSE,7/7/79
10.229,43.558,1984,4,22,17,39,21,4.61,10,EMECv20191114,10025675,nan,TRUE,TRUE,TRUE,TRUE,TRUE,4/22/84
7.749,43.844,1806,3,31,0,0,0,4.62,10,SERA_histv1.1,10002752,nan,TRUE,TRUE,TRUE,TRUE,TRUE,1806-03-31
13.953,42.665,1884,1,10,0,0,0,4.62,10,SERA_histv1.1,10004700,nan,TRUE,TRUE,TRUE,TRUE,TRUE,1884-01-10
7.428,44.322,1958,5,4,10,52,45,4.62,10,EMECv20191114,10014631,nan,TRUE,TRUE,TRUE,TRUE,TRUE,5/4/58
17,42,1910,8,31,18,57,23,4.63,10,EMECv20191114,10007215,nan,TRUE,TRUE,TRUE,TRUE,TRUE,8/31/10
16.83,42.15,1938,5,27,21,23,53,4.63,10,EMECv20191114,10011427,nan,TRUE,TRUE,TRUE,TRUE,TRUE,5/27/38
13.19,46.35,1976,5,8,3,10,2,4.64,10,EMECv20191114,10021175,nan,FALSE,FALSE,FALSE,FALSE,FALSE,5/8/76
11.9,44.3,2000,5,8,12,30,0,4.64,10,EMECv20191114,10038578,10,FALSE,FALSE,TRUE,TRUE,FALSE,5/8/00
19.48,41.39,2014,1,20,6,0,15,4.64,10,EMECv20191114,10059904,10,TRUE,TRUE,TRUE,FALSE,FALSE,1/20/14
10.994,45.439,1402,1,1,0,0,0,4.65,10,SERA_histv1.1,10000322,nan,TRUE,TRUE,TRUE,TRUE,TRUE,1402-01-01
8.898,44.419,1536,8,10,23,0,0,4.65,10,SERA_histv1.1,10000643,nan,TRUE,TRUE,TRUE,TRUE,TRUE,1536-08-10
10.423,44.851,1572,6,4,22,0,0,4.65,10,SERA_histv1.1,10000785,nan,TRUE,TRUE,TRUE,TRUE,TRUE,1572-06-04
11.294,44.833,1574,3,17,3,40,0,4.65,10,SERA_histv1.1,10000795,nan,TRUE,TRUE,TRUE,TRUE,TRUE,1574-03-17
12.141,43.57,1778,8,3,0,0,0,4.65,10,SERA_histv1.1,10002369,nan,TRUE,TRUE,TRUE,TRUE,TRUE,1778-08-03
14.145,45.534,1870,2,28,11,22,0,4.65,10,SERA_histv1.1,10004177,nan,TRUE,TRUE,TRUE,TRUE,TRUE,1870-02-28
11.349,43.421,1871,10,22,13,0,0,4.65,10,SERA_histv1.1,10004225,nan,TRUE,TRUE,TRUE,TRUE,TRUE,1871-10-22
13.431,40.797,1880,7,24,5,40,0,4.65,10,SERA_histv1.1,10004532,nan,TRUE,TRUE,TRUE,TRUE,TRUE,1880-07-24
15.959,41.706,1896,4,17,11,53,0,4.65,10,SERA_histv1.1,10005354,nan,TRUE,TRUE,TRUE,TRUE,TRUE,1896-04-17
13.253,43.12,1921,8,28,10,45,0,4.66,10,EMECv20191114,10008928,nan,TRUE,TRUE,TRUE,TRUE,FALSE,8/28/21
7.154,44.53,1955,5,12,14,15,0,4.66,10,EMECv20191114,10013956,nan,TRUE,TRUE,TRUE,TRUE,TRUE,5/12/55
15.229,44.112,1390,12,5,1,0,0,4.67,10,SERA_histv1.1,10000296,nan,TRUE,TRUE,TRUE,TRUE,TRUE,1390-12-05
13.087,42.082,1917,7,8,2,0,0,4.68,10,EMECv20191114,10008347,nan,FALSE,FALSE,TRUE,TRUE,FALSE,7/8/17
7.558,44.918,1990,2,11,7,0,38,4.69,10,EMECv20191114,10028685,nan,TRUE,TRUE,TRUE,TRUE,TRUE,2/11/90
19.96,40.27,2006,6,13,14,15,38,4.69,10,EMECv20191114,10047149,10,FALSE,FALSE,TRUE,FALSE,FALSE,6/13/06
14.88,45.18,1925,9,11,6,58,47,4.7,10,EMECv20191114,10009533,10,FALSE,FALSE,TRUE,TRUE,TRUE,9/11/25
20.3579,40.5367,1979,4,6,6,21,50.47,4.7,10,EMECv20191114,10022448,10,TRUE,TRUE,TRUE,TRUE,FALSE,4/6/79
19.1168,41.7919,1979,4,21,4,33,2.02,4.7,10,EMECv20191114,10022532,10,FALSE,FALSE,FALSE,FALSE,FALSE,4/21/79
19.9652,39.4839,1987,12,21,20,55,43.96,4.7,10,EMECv20191114,10027463,10,TRUE,TRUE,TRUE,TRUE,FALSE,12/21/87
16.623,39.709,2006,6,22,19,34,58.34,4.7,10,EMECv20191114,10047204,10,FALSE,TRUE,TRUE,TRUE,FALSE,6/22/06
10.333,43.533,1950,4,7,4,16,50,4.71,10,EMECv20191114,10012880,nan,FALSE,FALSE,TRUE,TRUE,TRUE,4/7/50
15.376,41.967,1972,2,29,20,54,17.74,4.71,10,EMECv20191114,10019498,nan,TRUE,TRUE,TRUE,TRUE,TRUE,2/29/72
19.67,40.82,1997,1,19,19,42,38,4.71,10,EMECv20191114,10034720,10,FALSE,FALSE,TRUE,TRUE,FALSE,1/19/97
14.5,46.08,1626,1,7,4,0,0,4.72,10,SERA_histv1.1,10001045,10,TRUE,TRUE,TRUE,TRUE,TRUE,1626-01-07
15.08,45.75,1634,5,1,4,30,0,4.72,10,SERA_histv1.1,10001080,10,TRUE,TRUE,TRUE,TRUE,TRUE,1634-05-01
14.5,46.08,1641,1,13,6,0,0,4.72,10,SERA_histv1.1,10001119,10,TRUE,TRUE,TRUE,TRUE,TRUE,1641-01-13
15,46,1643,7,9,0,0,0,4.72,10,SERA_histv1.1,10001133,10,TRUE,TRUE,TRUE,TRUE,TRUE,1643-07-09
14.53,46.08,1669,9,1,3,0,0,4.72,10,SERA_histv1.1,10001318,10,TRUE,TRUE,TRUE,TRUE,TRUE,1669-09-01
14.5,46,1686,1,1,0,0,0,4.72,10,SERA_histv1.1,10001402,10,TRUE,TRUE,TRUE,TRUE,TRUE,1686-01-01
14.5,46.08,1703,11,23,13,0,0,4.72,10,SERA_histv1.1,10001576,10,TRUE,TRUE,TRUE,TRUE,TRUE,1703-11-23
14.5,46.05,1822,8,12,2,30,0,4.72,10,SERA_histv1.1,10002985,10,TRUE,TRUE,TRUE,TRUE,TRUE,1822-08-12
14.52,46.08,1845,12,22,1,0,0,4.72,10,SERA_histv1.1,10003416,10,TRUE,TRUE,TRUE,TRUE,TRUE,1845-12-22
15.866,41.62,1954,10,26,2,25,0,4.72,10,EMECv20191114,10013813,nan,TRUE,TRUE,TRUE,TRUE,TRUE,10/26/54
11.175,44.486,1929,4,28,19,40,0,4.73,10,EMECv20191114,10010177,nan,FALSE,FALSE,FALSE,FALSE,FALSE,4/28/29
15.282,41.11,1980,11,23,18,52,6.3,4.73,10,EMECv20191114,10023410,10,FALSE,FALSE,TRUE,TRUE,TRUE,11/23/80
17.7,43.01,2003,8,2,10,18,38,4.73,10,EMECv20191114,10042536,10,TRUE,TRUE,TRUE,TRUE,FALSE,8/2/03
17.84,42.83,1996,9,5,21,43,31,4.74,10,EMECv20191114,10034064,10,FALSE,FALSE,FALSE,FALSE,FALSE,9/5/96
11.141,45.584,1894,2,9,12,48,0,4.75,10,SERA_histv1.1,10005183,nan,TRUE,TRUE,TRUE,TRUE,TRUE,1894-02-09
12.144,43.877,1962,8,30,6,27,7,4.76,10,EMECv20191114,10015555,nan,TRUE,TRUE,TRUE,TRUE,TRUE,8/30/62
17.119,39.613,2006,4,17,2,44,6.43,4.76,10,EMECv20191114,10046875,10,TRUE,TRUE,TRUE,TRUE,FALSE,4/17/06
12.566,43.304,1861,3,10,0,0,0,4.77,10,SERA_histv1.1,10003905,nan,TRUE,TRUE,TRUE,TRUE,TRUE,1861-03-10
12.917,44.167,1916,8,15,14,56,0,4.77,10,EMECv20191114,10008188,nan,FALSE,FALSE,FALSE,FALSE,FALSE,8/15/16
18.037,39.143,1930,10,9,4,33,40,4.78,10,EMECv20191114,10010407,nan,TRUE,TRUE,TRUE,TRUE,TRUE,10/9/30
15.841,40.3,1807,11,11,0,0,0,4.79,10,SERA_histv1.1,10002778,nan,TRUE,TRUE,TRUE,TRUE,TRUE,1807-11-11
13.958,46.367,1850,7,10,2,30,0,4.8,10,SERA_histv1.1,10003503,nan,TRUE,TRUE,TRUE,TRUE,TRUE,1850-07-10
20.4441,41.2842,1982,2,28,13,1,21.25,4.8,10,EMECv20191114,10024269,10,TRUE,TRUE,TRUE,TRUE,FALSE,2/28/82
19.5292,40.8204,1982,11,19,22,45,22.02,4.8,10,EMECv20191114,10024651,10,FALSE,FALSE,TRUE,TRUE,FALSE,11/19/82
19.5729,40.1836,1989,1,26,15,15,13.55,4.8,10,EMECv20191114,10028019,10,TRUE,TRUE,TRUE,TRUE,FALSE,1/26/89
19.6725,40.1387,1994,5,30,23,24,13.09,4.8,10,EMECv20191114,10031263,10,FALSE,TRUE,TRUE,TRUE,FALSE,5/30/94
20.4154,39.4735,1996,5,2,18,8,54.32,4.8,10,EMECv20191114,10033619,10,TRUE,TRUE,TRUE,FALSE,FALSE,5/2/96
19.34,39,1997,11,26,9,10,48.2,4.8,10,EMECv20191114,10035871,10,TRUE,TRUE,TRUE,FALSE,FALSE,11/26/97
8.731,45.098,1987,7,21,15,16,47.69,4.82,10,EMECv20191114,10027274,10,TRUE,TRUE,TRUE,TRUE,TRUE,7/21/87
12.338,43.382,1996,7,10,10,25,16.64,4.82,10,EMECv20191114,10033826,10,TRUE,TRUE,TRUE,TRUE,TRUE,7/10/96
15.325,43.134,2003,3,27,16,10,36.25,4.82,10,EMECv20191114,10041817,10,FALSE,FALSE,TRUE,TRUE,FALSE,3/27/03
13.167,46.417,1908,7,10,6,40,39,4.84,10,EMECv20191114,10006816,nan,FALSE,FALSE,FALSE,FALSE,FALSE,7/10/08
18.76,42.33,1979,5,12,3,30,34,4.84,10,EMECv20191114,10022580,10,FALSE,FALSE,FALSE,FALSE,FALSE,5/12/79
19.78,40.18,1993,12,24,21,53,19,4.84,10,EMECv20191114,10030949,10,TRUE,TRUE,TRUE,TRUE,FALSE,12/24/93
19.67,40.96,1997,1,12,12,10,51,4.85,10,EMECv20191114,10034695,10,TRUE,TRUE,TRUE,TRUE,FALSE,1/12/97
12.619,43.282,1730,10,23,0,0,0,4.86,10,SERA_histv1.1,10001768,nan,TRUE,TRUE,TRUE,TRUE,TRUE,1730-10-23
19.28,41.88,1979,4,15,10,25,24,4.86,10,EMECv20191114,10022474,10,FALSE,FALSE,FALSE,FALSE,FALSE,4/15/79
18.58,42.52,1979,4,17,5,39,57,4.86,10,EMECv20191114,10022507,10,FALSE,TRUE,FALSE,FALSE,FALSE,4/17/79
11.417,43.343,1798,5,26,0,0,0,4.87,10,SERA_histv1.1,10002644,nan,TRUE,TRUE,TRUE,TRUE,TRUE,1798-05-26
15.323,41.867,1894,3,25,0,0,0,4.87,10,SERA_histv1.1,10005196,nan,TRUE,TRUE,TRUE,TRUE,TRUE,1894-03-25
10.47,44.733,1915,10,10,23,10,0,4.87,10,EMECv20191114,10008070,nan,TRUE,TRUE,TRUE,TRUE,TRUE,10/10/15
16.869,41.129,1087,9,10,0,0,0,4.88,10,SERA_histv1.1,10000038,nan,TRUE,TRUE,TRUE,TRUE,TRUE,1087-09-10
10.926,44.647,1249,9,16,23,59,59.99,4.88,10,SERA_histv1.1,10000125,nan,TRUE,TRUE,TRUE,TRUE,TRUE,1249-09-16
15.229,44.112,1399,11,6,15,0,0,4.88,10,SERA_histv1.1,10000315,nan,TRUE,TRUE,TRUE,TRUE,TRUE,1399-11-06
14.532,36.95,1717,4,4,0,0,0,4.88,10,SERA_histv1.1,10001665,nan,TRUE,TRUE,TRUE,TRUE,TRUE,1717-04-04
15.292,41.689,1783,11,15,0,0,0,4.88,10,SERA_histv1.1,10002469,nan,TRUE,TRUE,TRUE,TRUE,TRUE,1783-11-15
17.41,42.75,1995,7,15,6,45,22,4.88,10,EMECv20191114,10032305,10,TRUE,TRUE,TRUE,TRUE,FALSE,7/15/95
15.01,46.18,1901,2,16,20,6,15,4.9,10,EMECv20191114,10005807,nan,TRUE,TRUE,TRUE,TRUE,TRUE,2/16/01
14.8,46.1,1963,5,19,10,0,5,4.9,10,EMECv20191114,10015701,nan,TRUE,TRUE,TRUE,TRUE,TRUE,5/19/63
15.298,40.816,1980,11,30,7,42,20.77,4.9,10,EMECv20191114,10023451,10,FALSE,FALSE,FALSE,FALSE,FALSE,11/30/80
19.5303,38.518,1983,1,18,8,33,29.39,4.9,10,EMECv20191114,10024761,10,FALSE,TRUE,FALSE,FALSE,FALSE,1/18/83
19.5448,41.2825,1986,1,13,13,48,3.6,4.9,10,EMECv20191114,10026495,10,FALSE,TRUE,TRUE,TRUE,FALSE,1/13/86
19.7584,40.1632,2006,5,8,18,22,17.68,4.9,10,EMECv20191114,10047010,10,TRUE,TRUE,TRUE,FALSE,FALSE,5/8/06
6.62,44.59,2014,4,7,19,27,1,4.9,10,EMECv20191114,10060502,10,TRUE,TRUE,TRUE,TRUE,TRUE,4/7/14
20.597,40.073,2001,4,9,17,38,40.86,4.91,10,EMECv20191114,10039689,10,FALSE,FALSE,TRUE,TRUE,FALSE,4/9/01
6.517,43.85,1855,11,23,15,15,0,4.92,10,SERA_histv1.1,10003714,nan,TRUE,TRUE,TRUE,TRUE,TRUE,1855-11-23
14.5,46.08,1784,3,24,0,0,0,4.93,10,SERA_histv1.1,10002477,10,TRUE,TRUE,TRUE,TRUE,TRUE,1784-03-24
11.182,43.663,1995,2,1,20,24,6.96,4.93,10,EMECv20191114,10031712,10,TRUE,TRUE,TRUE,TRUE,TRUE,2/1/95
9.667,45.437,1642,6,13,0,0,0,4.95,10,SERA_histv1.1,10001125,nan,TRUE,TRUE,TRUE,TRUE,TRUE,1642-06-13
16.245,39.41,1915,1,18,23,30,0,4.97,10,EMECv20191114,10007903,nan,TRUE,TRUE,TRUE,TRUE,TRUE,1/18/15
7.68,46.285,1855,11,6,3,0,0,4.99,10,SERA_histv1.1,10003702,nan,TRUE,TRUE,TRUE,TRUE,TRUE,1855-11-06
15.374,40.861,1980,11,24,3,3,55.64,4.99,10,EMECv20191114,10023423,nan,FALSE,FALSE,FALSE,FALSE,FALSE,11/24/80
19.894,40.7537,1980,12,1,10,26,59.4,5,10,EMECv20191114,10023452,10,TRUE,TRUE,TRUE,TRUE,FALSE,12/1/80
20.558,39.668,1999,11,24,3,38,51.24,5,10,EMECv20191114,10038159,10,TRUE,TRUE,TRUE,FALSE,FALSE,11/24/99
7.54,42.04,2011,7,7,19,21,48,5,10,EMECv20191114,10056235,10,TRUE,TRUE,TRUE,TRUE,TRUE,7/7/11
14.83,45.76,2014,3,13,17,32,0,5,10,EMECv20191114,10060417,10,TRUE,TRUE,TRUE,TRUE,TRUE,3/13/14
12.32,45.997,1885,12,29,0,0,0,5.02,10,SERA_histv1.1,10004803,nan,TRUE,TRUE,TRUE,TRUE,TRUE,1885-12-29
19.16,41.86,2009,8,21,13,39,57,5.03,10,EMECv20191114,10053804,10,TRUE,TRUE,TRUE,FALSE,FALSE,8/21/09
12.912,46.409,1924,5,12,8,46,0,5.04,10,EMECv20191114,10009327,nan,TRUE,TRUE,TRUE,TRUE,TRUE,5/12/24
10.169,45.209,1885,2,26,20,48,0,5.06,10,SERA_histv1.1,10004751,nan,TRUE,TRUE,TRUE,TRUE,TRUE,1885-02-26
19.6,41.8,1913,2,24,11,53,0,5.07,10,EMECv20191114,10007620,nan,TRUE,TRUE,TRUE,TRUE,TRUE,2/24/13
13.076,42.415,1915,9,23,18,7,0,5.07,10,EMECv20191114,10008062,nan,FALSE,FALSE,TRUE,FALSE,FALSE,9/23/15
20.61,40.44,1987,1,7,0,39,28,5.07,10,EMECv20191114,10027049,10,TRUE,TRUE,TRUE,TRUE,FALSE,1/7/87
19.87,40.22,1987,2,13,13,58,6,5.07,10,EMECv20191114,10027099,10,FALSE,TRUE,TRUE,TRUE,FALSE,2/13/87
12.193,44.189,1911,3,20,15,47,0,5.09,10,EMECv20191114,10007299,nan,FALSE,FALSE,TRUE,TRUE,TRUE,3/20/11
14.686,36.915,1949,10,8,3,8,0,5.1,10,EMECv20191114,10012806,nan,TRUE,TRUE,TRUE,TRUE,TRUE,10/8/49
10.22,45.539,1065,3,27,0,0,0,5.11,10,SERA_histv1.1,10000030,nan,TRUE,TRUE,TRUE,TRUE,TRUE,1065-03-27
12.949,42.386,1502,3,10,0,0,0,5.11,10,SERA_histv1.1,10000520,nan,TRUE,TRUE,TRUE,TRUE,TRUE,1502-03-10
13.453,43.3,1626,5,12,0,0,0,5.11,10,SERA_histv1.1,10001048,nan,TRUE,TRUE,TRUE,TRUE,TRUE,1626-05-12
8.809,42.175,1775,10,22,2,12,0,5.11,10,SERA_histv1.1,10002320,nan,TRUE,TRUE,TRUE,TRUE,TRUE,1775-10-22
16.21,38.293,1784,10,14,0,0,0,5.11,10,SERA_histv1.1,10002486,nan,TRUE,TRUE,TRUE,TRUE,TRUE,1784-10-14
7.192,44.875,1808,4,18,3,0,0,5.11,10,SERA_histv1.1,10002788,nan,TRUE,TRUE,TRUE,TRUE,TRUE,1808-04-18
10.719,44.9,1810,12,25,0,45,0,5.11,10,SERA_histv1.1,10002819,nan,TRUE,TRUE,TRUE,TRUE,TRUE,1810-12-25
5.756,43.789,1708,8,14,0,0,0,5.12,10,SERA_histv1.1,10001613,nan,TRUE,TRUE,TRUE,TRUE,TRUE,1708-08-14
14.5,46,1508,1,1,0,0,0,5.14,10,SERA_histv1.1,10000539,10,TRUE,TRUE,TRUE,TRUE,TRUE,1508-01-01
14.5,46.08,1590,4,22,12,30,0,5.14,10,SERA_histv1.1,10000862,10,TRUE,TRUE,TRUE,TRUE,TRUE,1590-04-22
14.5,46.17,1621,1,1,0,0,0,5.14,10,SERA_histv1.1,10001026,10,TRUE,TRUE,TRUE,TRUE,TRUE,1621-01-01
14.5,46,1625,1,1,0,0,0,5.14,10,SERA_histv1.1,10001044,10,TRUE,TRUE,TRUE,TRUE,TRUE,1625-01-01
15.2,44.1,1699,2,6,0,0,0,5.14,10,SERA_histv1.1,10001518,nan,TRUE,TRUE,TRUE,TRUE,TRUE,1699-02-06
15.2,44.1,1717,7,28,0,0,0,5.14,10,SERA_histv1.1,10001669,nan,TRUE,TRUE,TRUE,TRUE,TRUE,1717-07-28
17.5,43,1827,4,17,13,30,0,5.14,10,SERA_histv1.1,10003056,nan,TRUE,TRUE,TRUE,TRUE,TRUE,1827-04-17
15.3,45.4,1876,7,19,0,0,0,5.14,10,SERA_histv1.1,10004379,nan,TRUE,TRUE,TRUE,TRUE,TRUE,1876-07-19
14.9,46.1,1878,1,27,10,6,0,5.14,10,SERA_histv1.1,10004428,nan,TRUE,TRUE,TRUE,TRUE,TRUE,1878-01-27
17.4,42.9,1881,5,23,18,20,0,5.14,10,SERA_histv1.1,10004584,nan,TRUE,TRUE,TRUE,TRUE,TRUE,1881-05-23
16.3,43.2,1899,6,26,21,45,0,5.14,10,SERA_histv1.1,10005662,nan,TRUE,TRUE,TRUE,TRUE,TRUE,1899-06-26
19.61,41.26,1986,6,26,20,44,24,5.16,10,EMECv20191114,10026766,10,FALSE,TRUE,TRUE,TRUE,FALSE,6/26/86
13.63,46.34,2004,7,12,13,4,5,5.16,10,EMECv20191114,10043744,10,TRUE,TRUE,TRUE,TRUE,TRUE,7/12/04
18.09,42.65,1995,9,28,23,44,41,5.17,10,EMECv20191114,10032523,10,TRUE,TRUE,TRUE,TRUE,FALSE,9/28/95
19.7623,40.9926,1990,4,26,11,27,40.47,5.2,10,EMECv20191114,10028778,10,TRUE,TRUE,TRUE,TRUE,FALSE,4/26/90
13.021,46.484,1959,4,26,14,45,0,5.21,10,EMECv20191114,10014850,nan,TRUE,TRUE,TRUE,TRUE,TRUE,4/26/59
14.202,41.557,1882,6,6,5,40,0,5.22,10,SERA_histv1.1,10004630,nan,TRUE,TRUE,TRUE,TRUE,TRUE,1882-06-06
17.679,40.452,1826,10,26,18,0,0,5.25,10,SERA_histv1.1,10003047,nan,TRUE,TRUE,TRUE,TRUE,TRUE,1826-10-26
15.277,38.736,1986,9,27,18,8,17.03,5.25,10,EMECv20191114,10026908,10,TRUE,TRUE,TRUE,TRUE,TRUE,9/27/86
11.867,42.885,1940,10,16,13,17,0,5.29,10,EMECv20191114,10011697,nan,FALSE,TRUE,TRUE,TRUE,TRUE,10/16/40
8.32,46.87,1964,3,14,2,39,0,5.3,10,EMECv20191114,10015880,nan,TRUE,TRUE,TRUE,TRUE,TRUE,3/14/64
17.87,42.77,1996,9,9,15,57,5,5.3,10,EMECv20191114,10034087,10,FALSE,FALSE,FALSE,FALSE,FALSE,9/9/96
15.899,38.675,1377,11,14,0,0,0,5.34,10,SERA_histv1.1,10000279,nan,TRUE,TRUE,TRUE,TRUE,TRUE,1377-11-14
18.442,42.534,1563,6,13,12,0,0,5.35,10,SERA_histv1.1,10000748,nan,TRUE,TRUE,TRUE,TRUE,TRUE,1563-06-13
19.85,40.13,1972,9,16,3,53,26,5.36,10,EMECv20191114,10019710,10,TRUE,TRUE,TRUE,TRUE,FALSE,9/16/72
19.02,41.96,1979,4,9,2,10,20,5.38,10,EMECv20191114,10022449,10,FALSE,FALSE,TRUE,TRUE,FALSE,4/9/79
20.17,41.05,1997,5,16,7,0,48.3,5.38,10,EMECv20191114,10035080,10,TRUE,TRUE,TRUE,TRUE,FALSE,5/16/97
17.87,37.96,1968,2,12,10,18,50,5.4,10,EMECv20191114,10017406,10,TRUE,TRUE,TRUE,TRUE,TRUE,2/12/68
18.702,42.506,1985,8,17,2,13,4.1,5.42,10,EMECv20191114,10026307,10,TRUE,TRUE,TRUE,TRUE,FALSE,8/17/85
14.97,41.049,1741,8,6,13,30,0,5.44,10,SERA_histv1.1,10001874,nan,TRUE,TRUE,TRUE,TRUE,TRUE,1741-08-06
20.26,39.27,2007,6,29,18,9,11.2,5.46,10,EMECv20191114,10049245,10,TRUE,TRUE,TRUE,FALSE,FALSE,6/29/07
13.843,41.651,1984,5,11,10,41,49.27,5.47,10,EMECv20191114,10025713,10,FALSE,FALSE,TRUE,TRUE,FALSE,5/11/84
20,41,1869,4,14,9,0,0,5.53,10,SERA_histv1.1,10004130,nan,TRUE,TRUE,TRUE,TRUE,TRUE,1869-04-14
14.92,45.14,1916,3,12,3,23,56,5.55,10,EMECv20191114,10008137,10,TRUE,TRUE,TRUE,TRUE,TRUE,3/12/16
15.748,41.575,1948,8,18,21,12,20,5.55,10,EMECv20191114,10012650,nan,TRUE,TRUE,TRUE,TRUE,TRUE,8/18/48
14.742,37.27,1624,10,3,17,0,0,5.56,10,SERA_histv1.1,10001036,nan,TRUE,TRUE,TRUE,TRUE,TRUE,1624-10-03
17,42,1844,2,7,22,16,0,5.57,10,SERA_histv1.1,10003390,nan,TRUE,TRUE,TRUE,TRUE,TRUE,1844-02-07
19.5,42,1855,7,16,0,0,0,5.57,10,SERA_histv1.1,10003649,nan,TRUE,TRUE,TRUE,TRUE,TRUE,1855-07-16
19.5,42,1855,8,14,0,0,0,5.57,10,SERA_histv1.1,10003672,nan,TRUE,TRUE,TRUE,TRUE,TRUE,1855-08-14
16.191,39.338,1886,3,6,0,0,0,5.57,10,SERA_histv1.1,10004813,nan,TRUE,TRUE,TRUE,TRUE,TRUE,1886-03-06
9.839,45.424,1802,5,12,9,30,0,5.58,10,SERA_histv1.1,10002677,nan,TRUE,TRUE,TRUE,TRUE,TRUE,1802-05-12
19.54,40.98,1982,11,16,23,41,20,5.61,10,EMECv20191114,10024647,10,TRUE,TRUE,TRUE,TRUE,FALSE,11/16/82
15.429,37.306,1990,12,13,0,24,25.68,5.61,10,EMECv20191114,10029138,10,TRUE,TRUE,TRUE,TRUE,TRUE,12/13/90
16.485,41.249,1560,5,11,4,40,0,5.64,10,SERA_histv1.1,10000736,nan,TRUE,TRUE,TRUE,TRUE,TRUE,1560-05-11
19.92,40.48,1969,4,3,22,12,22,5.66,10,EMECv20191114,10017981,10,TRUE,TRUE,TRUE,TRUE,FALSE,4/3/69
19.2292,41.379,1976,12,29,20,23,49.48,5.7,10,EMECv20191114,10021518,10,TRUE,TRUE,TRUE,TRUE,FALSE,12/29/76
19.5,40.5,1897,3,5,18,10,0,5.71,10,SERA_histv1.1,10005443,nan,TRUE,TRUE,TRUE,TRUE,TRUE,1897-03-05
10.699,45.312,1222,12,25,12,30,0,5.74,10,SERA_histv1.1,10000105,nan,TRUE,TRUE,TRUE,TRUE,TRUE,1222-12-25
15.558,41.732,1647,5,5,12,30,0,5.74,10,SERA_histv1.1,10001158,nan,TRUE,TRUE,TRUE,TRUE,TRUE,1647-05-05
16.781,39.04,1744,3,21,20,0,0,5.74,10,SERA_histv1.1,10001897,nan,TRUE,TRUE,TRUE,TRUE,TRUE,1744-03-21
20.7,40.9,1906,9,28,2,30,0,5.76,10,EMECv20191114,10006556,nan,FALSE,TRUE,TRUE,TRUE,FALSE,9/28/06
7.228,43.978,1644,2,15,4,30,0,5.77,10,SERA_histv1.1,10001135,nan,TRUE,TRUE,TRUE,TRUE,TRUE,1644-02-15
15.741,40.738,1990,5,5,7,21,29.61,5.77,10,EMECv20191114,10028792,10,TRUE,TRUE,TRUE,TRUE,FALSE,5/5/90
18.68,42.32,1979,4,15,14,43,6,5.79,10,EMECv20191114,10022482,10,FALSE,FALSE,TRUE,FALSE,FALSE,4/15/79
14.549,41.304,1293,9,4,0,0,0,5.8,10,SERA_histv1.1,10000160,nan,TRUE,TRUE,TRUE,TRUE,TRUE,1293-09-04
11.165,45.564,1891,6,7,1,6,0,5.86,10,SERA_histv1.1,10005040,nan,TRUE,TRUE,TRUE,TRUE,TRUE,1891-06-07
20,40.2,1859,8,13,11,30,0,5.89,10,SERA_histv1.1,10003870,nan,TRUE,TRUE,TRUE,TRUE,TRUE,1859-08-13
19.5,40.5,1866,3,2,0,0,0,5.89,10,SERA_histv1.1,10004039,nan,TRUE,TRUE,TRUE,TRUE,TRUE,1866-03-02
19.5,40.5,1869,3,18,0,0,0,5.89,10,SERA_histv1.1,10004128,nan,TRUE,TRUE,TRUE,TRUE,TRUE,1869-03-18
19.5,41.3,1894,4,6,0,0,0,5.89,10,SERA_histv1.1,10005198,nan,TRUE,TRUE,TRUE,TRUE,TRUE,1894-04-06
14.514,46.125,1895,4,14,20,17,0,5.94,10,SERA_histv1.1,10005264,nan,TRUE,TRUE,TRUE,TRUE,TRUE,1895-04-14
12.38,46.089,1936,10,18,3,10,0,6.06,10,EMECv20191114,10011278,nan,TRUE,TRUE,TRUE,TRUE,TRUE,10/18/36
15.035,37.141,1693,1,9,21,0,0,6.11,10,SERA_histv1.1,10001461,nan,TRUE,TRUE,TRUE,TRUE,TRUE,1693-01-09
15.87,38.288,1894,11,16,17,52,0,6.11,10,SERA_histv1.1,10005228,nan,TRUE,TRUE,TRUE,TRUE,TRUE,1894-11-16
20.7,40.9,1896,2,11,18,20,0,6.24,10,SERA_histv1.1,10005340,nan,TRUE,TRUE,TRUE,TRUE,TRUE,1896-02-11
13.881,46.635,1690,12,4,14,0,0,6.26,10,SERA_histv1.1,10001443,nan,TRUE,TRUE,TRUE,TRUE,TRUE,1690-12-04
13.51,42.309,2009,4,6,1,32,40.4,6.29,10,EMECv20191114,10053219,nan,TRUE,TRUE,TRUE,TRUE,FALSE,4/6/09
13.216,46.209,1511,3,26,15,30,0,6.35,10,SERA_histv1.1,10000552,nan,TRUE,TRUE,TRUE,TRUE,TRUE,1511-03-26
20.25,40.176,1860,4,10,0,0,0,6.44,10,SERA_histv1.1,10003888,nan,TRUE,TRUE,TRUE,TRUE,TRUE,1860-04-10
13.018,42.857,1328,12,1,0,0,0,6.47,10,SERA_histv1.1,10000202,nan,TRUE,TRUE,TRUE,TRUE,TRUE,1328-12-01
14.474,41.5,1805,7,26,21,0,0,6.67,10,SERA_histv1.1,10002743,nan,TRUE,TRUE,TRUE,TRUE,TRUE,1805-07-26
15.283,40.842,1980,11,23,18,34,52,6.81,10,EMECv20191114,10023409,nan,TRUE,TRUE,TRUE,TRUE,TRUE,11/23/80
16,38.811,1905,9,8,1,43,0,6.95,10,EMECv20191114,10006406,nan,TRUE,TRUE,TRUE,TRUE,TRUE,9/8/05
16.289,39.048,1638,3,27,15,5,0,7.08,10,SERA_histv1.1,10001096,nan,TRUE,TRUE,TRUE,TRUE,TRUE,1638-03-27
11.955,43.879,2003,2,7,2,17,19.53,3.51,9.9,EMECv20191114,10041718,9.9,FALSE,FALSE,TRUE,TRUE,FALSE,2/7/03
13.402,42.338,2009,4,6,10,36,18.1,3.57,9.9,EMECv20191114,10053234,9.9,FALSE,FALSE,FALSE,FALSE,FALSE,4/6/09
13.36,42.356,2009,4,7,21,39,6.78,3.6,9.9,EMECv20191114,10053249,9.9,FALSE,FALSE,FALSE,FALSE,FALSE,4/7/09
17.782,43.002,1984,5,14,5,38,42.2,3.62,9.9,EMECv20191114,10025733,9.9,FALSE,FALSE,FALSE,FALSE,FALSE,5/14/84
14.847,41.691,2003,4,28,20,12,36.29,3.64,9.9,EMECv20191114,10041945,9.9,FALSE,FALSE,TRUE,FALSE,FALSE,4/28/03
14.634,38.537,2004,5,29,12,36,0.55,3.66,9.9,EMECv20191114,10043524,9.9,TRUE,TRUE,TRUE,TRUE,FALSE,5/29/04
17.061,39.197,2005,12,3,8,33,1.78,3.67,9.9,EMECv20191114,10046267,9.9,FALSE,FALSE,TRUE,TRUE,FALSE,12/3/05
11.1018,44.8697,2012,5,29,10,27,10.81,3.67,9.9,EMECv20191114,10057950,9.9,FALSE,FALSE,FALSE,FALSE,FALSE,5/29/12
14.867,41.666,2005,3,1,5,41,37.38,3.68,9.9,EMECv20191114,10044759,9.9,TRUE,TRUE,TRUE,TRUE,FALSE,3/1/05
15.601,38.147,1929,2,22,8,17,0,3.7,9.9,EMECv20191114,10010141,nan,FALSE,TRUE,TRUE,TRUE,TRUE,2/22/29
16.515,39.164,2008,4,13,10,10,1.6,3.78,9.9,EMECv20191114,10051197,9.9,FALSE,FALSE,TRUE,TRUE,FALSE,4/13/08
15.683,38.206,1985,5,14,5,44,36.14,3.84,9.9,EMECv20191114,10026186,9.9,TRUE,TRUE,TRUE,TRUE,TRUE,5/14/85
8.243,44.213,1993,7,17,5,46,4.15,3.88,9.9,EMECv20191114,10030604,9.9,FALSE,FALSE,FALSE,FALSE,FALSE,7/17/93
13.358,43.1,1948,1,10,0,0,0,3.93,9.9,EMECv20191114,10012551,nan,TRUE,TRUE,TRUE,TRUE,TRUE,1/10/48
15.177,40.792,1983,9,20,16,28,48,3.96,9.9,EMECv20191114,10025292,nan,FALSE,FALSE,TRUE,TRUE,FALSE,9/20/83
12.38,42.655,1740,6,1,0,0,0,3.97,9.9,SERA_histv1.1,10001865,nan,TRUE,TRUE,TRUE,TRUE,TRUE,1740-06-01
13.32,42.542,2009,4,14,13,56,21.21,4,9.9,EMECv20191114,10053283,9.9,FALSE,FALSE,FALSE,FALSE,FALSE,4/14/09
13.311,43.118,1989,9,11,2,46,23.93,4.04,9.9,EMECv20191114,10028406,9.9,TRUE,TRUE,TRUE,TRUE,TRUE,9/11/89
11.822,44.01,1899,7,8,22,56,0,4.1,9.9,SERA_histv1.1,10005670,nan,TRUE,TRUE,TRUE,TRUE,TRUE,1899-07-08
16.777,39.312,1909,5,17,10,28,0,4.16,9.9,EMECv20191114,10006976,nan,TRUE,TRUE,TRUE,TRUE,TRUE,5/17/09
13.878,41.746,1984,5,13,11,21,45.75,4.16,9.9,EMECv20191114,10025724,9.9,FALSE,FALSE,FALSE,FALSE,FALSE,5/13/84
13.399,42.351,1462,1,4,22,25,0,4.2,9.9,SERA_histv1.1,10000422,nan,TRUE,TRUE,TRUE,TRUE,TRUE,1462-01-04
11.135,44.571,1505,1,27,2,40,0,4.2,9.9,SERA_histv1.1,10000533,nan,TRUE,TRUE,TRUE,TRUE,TRUE,1505-01-27
13.815,41.759,1984,5,7,18,26,49.98,4.22,9.9,EMECv20191114,10025705,nan,FALSE,FALSE,TRUE,TRUE,FALSE,5/7/84
13.347,41.993,1994,8,7,6,31,12.68,4.25,9.9,EMECv20191114,10031351,9.9,TRUE,TRUE,TRUE,TRUE,TRUE,8/7/94
13.001,46.246,1976,6,11,17,16,40.3,4.26,9.9,EMECv20191114,10021233,9.9,FALSE,FALSE,TRUE,FALSE,FALSE,6/11/76
9.997,44.939,1991,10,31,9,31,18.63,4.33,9.9,EMECv20191114,10029750,9.9,TRUE,TRUE,TRUE,TRUE,TRUE,10/31/91
11.71,44.194,1931,4,5,13,34,0,4.4,9.9,EMECv20191114,10010506,nan,FALSE,FALSE,TRUE,TRUE,FALSE,4/5/31
14.228,41.591,1349,1,22,18,0,0,4.43,9.9,SERA_histv1.1,10000224,nan,TRUE,TRUE,TRUE,TRUE,TRUE,1349-01-22
13.513,43.619,1733,10,20,0,0,0,4.43,9.9,SERA_histv1.1,10001798,nan,TRUE,TRUE,TRUE,TRUE,TRUE,1733-10-20
16.772,39.046,1973,4,13,8,12,57,4.62,9.9,EMECv20191114,10019924,nan,TRUE,TRUE,TRUE,TRUE,TRUE,4/13/73
13.87,41.648,1984,5,11,16,39,18.06,4.62,9.9,EMECv20191114,10025719,9.9,FALSE,FALSE,FALSE,FALSE,FALSE,5/11/84
10.41,45.665,1898,11,16,0,0,0,4.63,9.9,SERA_histv1.1,10005614,nan,TRUE,TRUE,TRUE,TRUE,TRUE,1898-11-16
15.647,38.108,1747,9,1,0,0,0,4.65,9.9,SERA_histv1.1,10001916,nan,TRUE,TRUE,TRUE,TRUE,TRUE,1747-09-01
16.185,38.779,1980,12,9,5,50,11,4.67,9.9,EMECv20191114,10023472,nan,TRUE,TRUE,TRUE,TRUE,TRUE,12/9/80
15.617,38.206,1912,12,22,8,5,0,4.68,9.9,EMECv20191114,10007602,nan,TRUE,TRUE,TRUE,TRUE,TRUE,12/22/12
11.86,45.822,1887,4,14,2,15,0,4.81,9.9,SERA_histv1.1,10004868,nan,TRUE,TRUE,TRUE,TRUE,TRUE,1887-04-14
13.074,42.794,1903,11,2,21,52,0,4.81,9.9,EMECv20191114,10006130,nan,TRUE,TRUE,TRUE,TRUE,TRUE,11/2/03
12.04,44.222,1492,1,1,0,0,0,4.88,9.9,SERA_histv1.1,10000492,nan,TRUE,TRUE,TRUE,TRUE,TRUE,1492-01-01
13.024,43.426,1503,11,14,0,0,0,4.88,9.9,SERA_histv1.1,10000523,nan,TRUE,TRUE,TRUE,TRUE,TRUE,1503-11-14
11.207,45.623,1908,3,15,7,38,38,4.91,9.9,EMECv20191114,10006760,nan,FALSE,FALSE,TRUE,TRUE,TRUE,3/15/08
13.292,42.718,1943,1,29,0,0,0,4.94,9.9,EMECv20191114,10012036,nan,FALSE,FALSE,TRUE,TRUE,TRUE,1/29/43
11.873,43.534,1796,2,5,2,0,0,4.97,9.9,SERA_histv1.1,10002627,nan,TRUE,TRUE,TRUE,TRUE,TRUE,1796-02-05
10.701,44.612,1873,5,16,19,35,0,5.02,9.9,SERA_histv1.1,10004271,nan,TRUE,TRUE,TRUE,TRUE,TRUE,1873-05-16
11.716,43.774,1599,11,16,0,0,0,5.11,9.9,SERA_histv1.1,10000920,nan,TRUE,TRUE,TRUE,TRUE,TRUE,1599-11-16
12.121,44.233,1861,10,16,0,0,0,5.13,9.9,SERA_histv1.1,10003914,nan,TRUE,TRUE,TRUE,TRUE,TRUE,1861-10-16
16.13,40.523,1846,8,8,0,0,0,5.2,9.9,SERA_histv1.1,10003431,nan,TRUE,TRUE,TRUE,TRUE,TRUE,1846-08-08
13.544,42.308,1461,11,27,0,0,0,6.48,9.9,SERA_histv1.1,10000420,nan,TRUE,TRUE,TRUE,TRUE,TRUE,1461-11-27
16.919,39.079,1832,3,8,18,30,0,6.64,9.9,SERA_histv1.1,10003162,nan,TRUE,TRUE,TRUE,TRUE,TRUE,1832-03-08
7.767,43.834,1887,5,20,7,57,0,3.51,9.8,SERA_histv1.1,10004873,nan,TRUE,TRUE,TRUE,TRUE,TRUE,1887-05-20
12.753,42.738,2005,12,18,8,6,48.3,3.57,9.8,EMECv20191114,10046313,9.8,FALSE,FALSE,TRUE,TRUE,FALSE,12/18/05
13.329,42.372,2009,5,14,20,30,54.99,3.57,9.8,EMECv20191114,10053394,9.8,FALSE,FALSE,FALSE,FALSE,FALSE,5/14/09
13.191,42.563,2009,6,26,7,14,30.19,3.57,9.8,EMECv20191114,10053582,9.8,FALSE,FALSE,FALSE,FALSE,FALSE,6/26/09
6.834,44.9,1784,9,11,10,0,0,3.59,9.8,SERA_histv1.1,10002485,nan,TRUE,TRUE,TRUE,TRUE,TRUE,1784-09-11
14.792,38.591,2007,9,23,7,12,46.16,3.6,9.8,EMECv20191114,10049871,9.8,FALSE,TRUE,TRUE,TRUE,FALSE,9/23/07
14.167,45.633,1958,6,10,12,40,48,3.73,9.8,EMECv20191114,10014666,nan,TRUE,TRUE,TRUE,TRUE,TRUE,6/10/58
12.992,46.512,1770,10,7,0,0,0,3.74,9.8,SERA_histv1.1,10002233,nan,TRUE,TRUE,TRUE,TRUE,TRUE,1770-10-07
11.1755,44.8413,2012,5,20,2,42,16.35,3.78,9.8,EMECv20191114,10057853,9.8,FALSE,FALSE,FALSE,FALSE,FALSE,5/20/12
14.2,46.03,1897,12,24,17,30,0,3.87,9.8,SERA_histv1.1,10005546,9.8,TRUE,TRUE,TRUE,TRUE,TRUE,1897-12-24
15.307,39.589,2005,6,2,3,5,50.58,3.89,9.8,EMECv20191114,10045295,9.8,FALSE,TRUE,TRUE,TRUE,FALSE,6/2/05
13.371,42.332,2009,4,7,9,30,56.57,3.89,9.8,EMECv20191114,10053242,9.8,FALSE,FALSE,FALSE,FALSE,FALSE,4/7/09
11.404,44.273,2003,9,15,0,2,34.52,4.01,9.8,EMECv20191114,10042679,9.8,FALSE,FALSE,FALSE,FALSE,FALSE,9/15/03
7.234,44.583,2012,10,3,9,20,43.62,4.01,9.8,EMECv20191114,10058390,9.8,TRUE,TRUE,TRUE,TRUE,TRUE,10/3/12
14.817,46.3,1916,10,29,0,36,0,4.04,9.8,EMECv20191114,10008225,9.8,FALSE,FALSE,FALSE,FALSE,FALSE,10/29/16
14.283,45.55,1956,1,31,3,1,6,4.04,9.8,EMECv20191114,10014099,9.8,FALSE,FALSE,FALSE,FALSE,FALSE,1/31/56
14.283,45.55,1956,1,31,3,58,17,4.04,9.8,EMECv20191114,10014100,9.8,FALSE,FALSE,FALSE,FALSE,FALSE,1/31/56
15.1,45.8,1974,12,12,1,35,23,4.04,9.8,EMECv20191114,10020536,9.8,TRUE,TRUE,TRUE,TRUE,TRUE,12/12/74
13.33,42.515,2009,4,15,22,53,7.56,4.12,9.8,EMECv20191114,10053289,9.8,FALSE,FALSE,FALSE,FALSE,FALSE,4/15/09
13.419,41.692,1897,6,17,11,15,0,4.2,9.8,SERA_histv1.1,10005475,nan,TRUE,TRUE,TRUE,TRUE,TRUE,1897-06-17
12.669,42.291,1889,4,6,14,30,0,4.21,9.8,SERA_histv1.1,10004959,nan,TRUE,TRUE,TRUE,TRUE,TRUE,1889-04-06
13.039,46.261,1976,5,17,16,13,16.32,4.26,9.8,EMECv20191114,10021204,9.8,FALSE,FALSE,FALSE,FALSE,FALSE,5/17/76
10.378,44.358,1927,11,20,10,24,12,4.29,9.8,EMECv20191114,10009917,nan,TRUE,TRUE,TRUE,TRUE,TRUE,11/20/27
7.413,44.391,1900,4,5,22,27,30,4.3,9.8,EMECv20191114,10005729,nan,TRUE,TRUE,TRUE,TRUE,TRUE,4/5/00
13.434,42.445,2009,4,9,4,32,45.05,4.3,9.8,EMECv20191114,10053257,9.8,FALSE,FALSE,FALSE,FALSE,FALSE,4/9/09
11.45,43.322,1908,6,26,13,15,0,4.36,9.8,EMECv20191114,10006807,nan,TRUE,TRUE,TRUE,TRUE,TRUE,6/26/08
13.376,42.321,2009,3,30,13,38,38.96,4.36,9.8,EMECv20191114,10053191,9.8,FALSE,FALSE,TRUE,TRUE,TRUE,3/30/09
10.229,44.739,1961,8,13,22,34,18,4.37,9.8,EMECv20191114,10015309,nan,FALSE,FALSE,TRUE,TRUE,TRUE,8/13/61
16.525,39.158,2008,4,8,17,20,1.06,4.37,9.8,EMECv20191114,10051167,9.8,TRUE,TRUE,TRUE,TRUE,FALSE,4/8/08
9.587,44.508,1928,7,20,19,53,0,4.39,9.8,EMECv20191114,10010046,nan,TRUE,TRUE,TRUE,TRUE,TRUE,7/20/28
11.506,43.197,1498,4,11,8,50,0,4.43,9.8,SERA_histv1.1,10000510,nan,TRUE,TRUE,TRUE,TRUE,TRUE,1498-04-11
13.978,42.58,1563,9,17,9,30,0,4.43,9.8,SERA_histv1.1,10000749,nan,TRUE,TRUE,TRUE,TRUE,TRUE,1563-09-17
12.737,42.736,1876,5,22,0,30,0,4.53,9.8,SERA_histv1.1,10004368,nan,TRUE,TRUE,TRUE,TRUE,TRUE,1876-05-22
10.667,43.79,1897,9,6,3,10,0,4.62,9.8,SERA_histv1.1,10005499,nan,TRUE,TRUE,TRUE,TRUE,TRUE,1897-09-06
12.917,44.167,1916,8,18,11,54,0,4.81,9.8,EMECv20191114,10008199,nan,FALSE,FALSE,FALSE,FALSE,FALSE,8/18/16
11.718,44.28,1931,4,11,1,26,0,4.81,9.8,EMECv20191114,10010508,nan,TRUE,TRUE,TRUE,TRUE,FALSE,4/11/31
7.362,44.466,1584,3,1,0,0,0,4.82,9.8,SERA_histv1.1,10000845,nan,TRUE,TRUE,TRUE,TRUE,TRUE,1584-03-01
12.734,43.513,1712,3,28,0,0,0,4.88,9.8,SERA_histv1.1,10001638,nan,TRUE,TRUE,TRUE,TRUE,TRUE,1712-03-28
12.605,43.15,1971,2,12,4,54,56,4.89,9.8,EMECv20191114,10019088,nan,TRUE,TRUE,TRUE,TRUE,TRUE,2/12/71
10.463,43.392,1950,4,1,0,0,0,4.99,9.8,EMECv20191114,10012873,nan,TRUE,TRUE,TRUE,TRUE,TRUE,4/1/50
11.31,44.567,1780,2,6,4,0,0,5.1,9.8,SERA_histv1.1,10002394,nan,TRUE,TRUE,TRUE,TRUE,TRUE,1780-02-06
11.536,43.088,1802,10,30,18,30,0,5.12,9.8,SERA_histv1.1,10002681,nan,TRUE,TRUE,TRUE,TRUE,TRUE,1802-10-30
12.565,43.992,1786,12,25,1,0,0,5.65,9.8,SERA_histv1.1,10002528,nan,TRUE,TRUE,TRUE,TRUE,TRUE,1786-12-25
12.853,43.014,1997,9,26,9,40,26.6,5.97,9.8,EMECv20191114,10035534,9.8,TRUE,TRUE,TRUE,TRUE,FALSE,9/26/97
16.737,39.567,1836,4,25,0,20,0,6.19,9.8,SERA_histv1.1,10003230,nan,TRUE,TRUE,TRUE,TRUE,TRUE,1836-04-25
13.378,42.315,2009,3,30,13,43,26.97,3.5,9.7,EMECv20191114,10053192,9.7,FALSE,FALSE,FALSE,FALSE,FALSE,3/30/09
14.9,45.1,1916,3,12,3,29,0,3.53,9.7,EMECv20191114,10008139,nan,FALSE,FALSE,FALSE,FALSE,FALSE,3/12/16
13.377,42.489,2009,5,11,16,59,4.05,3.57,9.7,EMECv20191114,10053381,9.7,FALSE,FALSE,FALSE,FALSE,FALSE,5/11/09
13.384,42.317,2009,4,6,10,12,35.79,3.6,9.7,EMECv20191114,10053233,9.7,FALSE,FALSE,FALSE,FALSE,FALSE,4/6/09
13.331,42.279,2011,10,30,14,40,32.66,3.67,9.7,EMECv20191114,10056951,9.7,TRUE,TRUE,TRUE,TRUE,FALSE,10/30/11
17.662,42.794,1996,9,11,0,52,1.5,3.91,9.7,EMECv20191114,10034093,9.7,FALSE,FALSE,FALSE,FALSE,FALSE,9/11/96
13.352,42.078,1904,3,20,5,50,4,3.93,9.7,EMECv20191114,10006170,nan,FALSE,FALSE,TRUE,TRUE,TRUE,3/20/04
13.259,42.341,2009,4,9,13,19,33.83,4,9.7,EMECv20191114,10053261,9.7,FALSE,FALSE,FALSE,FALSE,FALSE,4/9/09
13.113,43.722,1931,6,25,5,1,0,4.02,9.7,EMECv20191114,10010548,nan,FALSE,FALSE,TRUE,TRUE,FALSE,6/25/31
13.65,46.2,1900,12,9,4,30,0,4.04,9.7,EMECv20191114,10005783,9.7,TRUE,TRUE,TRUE,TRUE,TRUE,12/9/00
10.438,45.326,1918,7,19,19,3,0,4.06,9.7,EMECv20191114,10008491,nan,TRUE,TRUE,TRUE,TRUE,FALSE,7/19/18
11.926,43.898,2003,1,29,23,50,16.38,4.06,9.7,EMECv20191114,10041675,9.7,FALSE,FALSE,TRUE,TRUE,FALSE,1/29/03
12.643,43.003,1897,9,12,0,55,0,4.16,9.7,SERA_histv1.1,10005502,nan,TRUE,TRUE,TRUE,TRUE,TRUE,1897-09-12
12.47,43.088,1943,4,19,0,12,0,4.16,9.7,EMECv20191114,10012057,nan,TRUE,TRUE,TRUE,TRUE,TRUE,4/19/43
15.595,40.093,1955,7,3,23,55,34,4.19,9.7,EMECv20191114,10013992,nan,TRUE,TRUE,TRUE,TRUE,TRUE,7/3/55
10.862,44.764,1971,9,11,23,18,12,4.19,9.7,EMECv20191114,10019357,nan,FALSE,FALSE,TRUE,TRUE,TRUE,9/11/71
14.1,46.3,1968,8,16,21,33,47,4.2,9.7,EMECv20191114,10017673,nan,TRUE,TRUE,TRUE,TRUE,TRUE,8/16/68
10.478,44.801,2007,5,9,6,3,49.66,4.21,9.7,EMECv20191114,10048945,9.7,TRUE,TRUE,TRUE,TRUE,TRUE,5/9/07
9.624,44.422,1959,1,26,5,35,40,4.27,9.7,EMECv20191114,10014795,nan,TRUE,TRUE,TRUE,TRUE,TRUE,1/26/59
14.67,46,1840,9,2,3,5,0,4.3,9.7,SERA_histv1.1,10003315,9.7,TRUE,TRUE,TRUE,TRUE,TRUE,1840-09-02
13.486,42.228,2009,4,23,21,49,0.84,4.31,9.7,EMECv20191114,10053313,9.7,FALSE,FALSE,FALSE,FALSE,FALSE,4/23/09
16.482,38.965,1980,3,1,19,0,0,4.36,9.7,EMECv20191114,10023021,nan,FALSE,TRUE,TRUE,TRUE,TRUE,3/1/80
15.555,38.185,1635,8,12,0,0,0,4.43,9.7,SERA_histv1.1,10001084,nan,TRUE,TRUE,TRUE,TRUE,TRUE,1635-08-12
10.864,46.025,1683,5,25,0,0,0,4.43,9.7,SERA_histv1.1,10001387,nan,TRUE,TRUE,TRUE,TRUE,TRUE,1683-05-25
12.568,43.791,1841,4,14,4,0,0,4.43,9.7,SERA_histv1.1,10003331,nan,TRUE,TRUE,TRUE,TRUE,TRUE,1841-04-14
12.777,42.82,1866,2,15,0,0,0,4.43,9.7,SERA_histv1.1,10004034,nan,TRUE,TRUE,TRUE,TRUE,TRUE,1866-02-15
13.486,41.804,1891,5,9,0,16,0,4.44,9.7,SERA_histv1.1,10005037,nan,TRUE,TRUE,TRUE,TRUE,TRUE,1891-05-09
13.083,42.919,1979,1,25,23,53,1,4.44,9.7,EMECv20191114,10022369,nan,FALSE,FALSE,TRUE,TRUE,TRUE,1/25/79
14.92,46.15,1904,3,31,8,41,48,4.5,9.7,EMECv20191114,10006175,nan,TRUE,TRUE,TRUE,TRUE,TRUE,3/31/04
13.103,46.423,1907,7,2,2,32,0,4.53,9.7,EMECv20191114,10006666,nan,TRUE,TRUE,TRUE,TRUE,TRUE,7/2/07
12.141,43.57,1772,10,12,0,0,0,4.65,9.7,SERA_histv1.1,10002264,nan,TRUE,TRUE,TRUE,TRUE,TRUE,1772-10-12
12.575,43.684,1752,7,13,21,40,0,4.66,9.7,SERA_histv1.1,10001969,nan,TRUE,TRUE,TRUE,TRUE,TRUE,1752-07-13
10.995,44.395,1957,8,27,11,54,0,4.73,9.7,EMECv20191114,10014460,nan,TRUE,TRUE,TRUE,TRUE,TRUE,8/27/57
13.346,42.352,2009,4,6,1,36,29.19,4.76,9.7,EMECv20191114,10053220,9.7,FALSE,FALSE,FALSE,FALSE,FALSE,4/6/09
13.399,42.351,1750,2,1,0,0,0,4.88,9.7,SERA_histv1.1,10001927,nan,TRUE,TRUE,TRUE,TRUE,TRUE,1750-02-01
8.682,44.548,1767,2,7,3,45,0,5.02,9.7,SERA_histv1.1,10002184,nan,TRUE,TRUE,TRUE,TRUE,TRUE,1767-02-07
13.385,42.463,2009,4,6,23,15,36.76,5.09,9.7,EMECv20191114,10053238,9.7,FALSE,FALSE,FALSE,FALSE,FALSE,4/6/09
13.019,46.398,1788,10,20,21,10,0,5.19,9.7,SERA_histv1.1,10002558,nan,TRUE,TRUE,TRUE,TRUE,TRUE,1788-10-20
14.347,42.291,1882,2,12,0,0,0,5.25,9.7,SERA_histv1.1,10004617,nan,TRUE,TRUE,TRUE,TRUE,TRUE,1882-02-12
13.288,43.029,1951,9,1,0,0,0,5.25,9.7,EMECv20191114,10013095,nan,FALSE,TRUE,TRUE,TRUE,TRUE,9/1/51
13.198,46.275,1976,9,11,16,31,11.52,5.25,9.7,EMECv20191114,10021354,9.7,FALSE,FALSE,FALSE,FALSE,FALSE,9/11/76
16.015,39.874,2012,10,25,23,5,24.73,5.31,9.7,EMECv20191114,10058461,9.7,TRUE,TRUE,TRUE,TRUE,FALSE,10/25/12
12.568,44.059,1308,1,25,17,15,0,5.34,9.7,SERA_histv1.1,10000180,nan,TRUE,TRUE,TRUE,TRUE,TRUE,1308-01-25
13.462,42.287,2009,5,1,5,12,51.59,3.6,9.6,EMECv20191114,10053339,9.6,FALSE,FALSE,FALSE,FALSE,FALSE,5/1/09
13.373,42.502,2009,4,9,4,43,9.6,3.7,9.6,EMECv20191114,10053258,9.6,FALSE,FALSE,FALSE,FALSE,FALSE,4/9/09
13.346,42.351,2009,4,13,19,9,49.49,3.7,9.6,EMECv20191114,10053278,9.6,FALSE,FALSE,FALSE,FALSE,FALSE,4/13/09
14.667,46.033,1906,2,12,18,3,0,3.71,9.6,EMECv20191114,10006473,9.6,FALSE,FALSE,TRUE,TRUE,TRUE,2/12/06
14.468,45.513,1998,2,4,14,7,7.7,3.72,9.6,EMECv20191114,10036095,9.6,TRUE,TRUE,TRUE,TRUE,TRUE,2/4/98
11.909,43.946,1761,6,10,0,10,0,3.74,9.6,SERA_histv1.1,10002126,nan,TRUE,TRUE,TRUE,TRUE,TRUE,1761-06-10
14.162,37.87,1910,6,8,11,49,0,3.9,9.6,EMECv20191114,10007163,nan,TRUE,TRUE,TRUE,TRUE,TRUE,6/8/10
12.609,43.58,1912,5,11,5,14,0,3.96,9.6,EMECv20191114,10007519,nan,TRUE,TRUE,TRUE,TRUE,TRUE,5/11/12
13.382,42.391,2009,7,3,11,3,7.59,4.05,9.6,EMECv20191114,10053636,9.6,FALSE,FALSE,FALSE,FALSE,FALSE,7/3/09
13.495,42.248,2009,7,31,11,5,39.99,4.08,9.6,EMECv20191114,10053743,9.6,FALSE,FALSE,TRUE,FALSE,FALSE,7/31/09
15.08,46.5,1869,3,1,2,0,0,4.09,9.6,SERA_histv1.1,10004126,9.6,TRUE,TRUE,TRUE,TRUE,TRUE,1869-03-01
15.08,46.5,1869,3,3,2,0,0,4.09,9.6,SERA_histv1.1,10004127,9.6,TRUE,TRUE,TRUE,TRUE,TRUE,1869-03-03
14.5,46.05,1883,12,31,3,20,0,4.09,9.6,SERA_histv1.1,10004698,9.6,TRUE,TRUE,TRUE,TRUE,TRUE,1883-12-31
10.33,44.801,1344,11,11,0,0,0,4.2,9.6,SERA_histv1.1,10000214,nan,TRUE,TRUE,TRUE,TRUE,TRUE,1344-11-11
14.18,45.7,1898,6,18,2,30,0,4.21,9.6,SERA_histv1.1,10005590,9.6,TRUE,TRUE,TRUE,TRUE,TRUE,1898-06-18
12.577,43.351,1595,10,30,0,0,0,4.43,9.6,SERA_histv1.1,10000901,nan,TRUE,TRUE,TRUE,TRUE,TRUE,1595-10-30
12.693,42.929,1965,5,31,9,22,17,4.48,9.6,EMECv20191114,10016279,nan,FALSE,TRUE,TRUE,TRUE,TRUE,5/31/65
13.365,42.364,2009,4,7,21,34,29.77,4.53,9.6,EMECv20191114,10053248,9.6,FALSE,FALSE,FALSE,FALSE,FALSE,4/7/09
13.223,43.145,1936,12,9,7,34,0,4.76,9.6,EMECv20191114,10011292,nan,TRUE,TRUE,TRUE,TRUE,TRUE,12/9/36
14.02,46,1819,5,2,14,0,0,4.93,9.6,SERA_histv1.1,10002945,9.6,TRUE,TRUE,TRUE,TRUE,TRUE,1819-05-02
14.08,45.75,1881,2,4,1,26,0,4.93,9.6,SERA_histv1.1,10004563,9.6,TRUE,TRUE,TRUE,TRUE,TRUE,1881-02-04
14.5,46.1,1895,4,15,3,19,0,4.93,9.6,SERA_histv1.1,10005273,9.6,TRUE,TRUE,TRUE,TRUE,TRUE,1895-04-15
13.387,42.336,2009,4,7,9,26,28.61,5.08,9.6,EMECv20191114,10053241,9.6,FALSE,FALSE,FALSE,FALSE,FALSE,4/7/09
13.513,43.619,1474,8,18,0,0,0,5.11,9.6,SERA_histv1.1,10000454,nan,TRUE,TRUE,TRUE,TRUE,TRUE,1474-08-18
12.141,43.57,1489,1,1,0,0,0,5.11,9.6,SERA_histv1.1,10000488,nan,TRUE,TRUE,TRUE,TRUE,TRUE,1489-01-01
12.035,44.401,1591,7,10,0,0,0,5.14,9.6,SERA_histv1.1,10000881,nan,TRUE,TRUE,TRUE,TRUE,TRUE,1591-07-10
10.028,44.906,1738,11,5,0,30,0,5.18,9.6,SERA_histv1.1,10001840,nan,TRUE,TRUE,TRUE,TRUE,TRUE,1738-11-05
12.737,44.019,1916,8,16,7,6,14,5.82,9.6,EMECv20191114,10008194,nan,FALSE,FALSE,TRUE,TRUE,FALSE,8/16/16
13.687,38.364,2002,9,6,1,21,27.25,5.92,9.6,EMECv20191114,10041202,9.6,TRUE,TRUE,TRUE,TRUE,FALSE,9/6/02
13.292,42.434,1703,2,2,11,5,0,6.68,9.6,SERA_histv1.1,10001569,nan,TRUE,TRUE,TRUE,TRUE,TRUE,1703-02-02
14.85,45.066,1994,4,22,20,3,55.8,3.72,9.5,EMECv20191114,10031165,9.5,TRUE,TRUE,TRUE,TRUE,TRUE,4/22/94
9.328,45.321,1473,5,7,7,45,0,3.74,9.5,SERA_histv1.1,10000452,nan,TRUE,TRUE,TRUE,TRUE,TRUE,1473-05-07
11.307,45.137,1487,1,11,15,40,0,3.74,9.5,SERA_histv1.1,10000485,nan,TRUE,TRUE,TRUE,TRUE,TRUE,1487-01-11
8.48,44.307,1610,5,14,0,0,0,3.74,9.5,SERA_histv1.1,10000971,nan,TRUE,TRUE,TRUE,TRUE,TRUE,1610-05-14
12.992,46.512,1787,12,9,4,30,0,3.74,9.5,SERA_histv1.1,10002544,nan,TRUE,TRUE,TRUE,TRUE,TRUE,1787-12-09
13.391,42.343,2009,4,7,9,24,56.67,3.78,9.5,EMECv20191114,10053240,9.5,FALSE,FALSE,FALSE,FALSE,FALSE,4/7/09
15.18,46.23,1861,8,14,3,15,0,3.87,9.5,SERA_histv1.1,10003912,9.5,TRUE,TRUE,TRUE,TRUE,TRUE,1861-08-14
14.3,46.07,1891,11,2,9,3,0,3.87,9.5,SERA_histv1.1,10005055,9.5,TRUE,TRUE,TRUE,TRUE,TRUE,1891-11-02
14.62,46.15,1897,1,17,3,57,0,3.87,9.5,SERA_histv1.1,10005416,nan,TRUE,TRUE,TRUE,TRUE,TRUE,1897-01-17
14.45,46.12,1897,2,20,21,15,0,3.87,9.5,SERA_histv1.1,10005436,9.5,TRUE,TRUE,TRUE,TRUE,TRUE,1897-02-20
14.35,46.23,1897,2,24,10,0,0,3.87,9.5,SERA_histv1.1,10005439,9.5,TRUE,TRUE,TRUE,TRUE,TRUE,1897-02-24
14.5,46.05,1897,9,1,2,15,0,3.87,9.5,SERA_histv1.1,10005496,9.5,TRUE,TRUE,TRUE,TRUE,TRUE,1897-09-01
10.185,43.617,2005,5,17,0,32,13.57,3.89,9.5,EMECv20191114,10045208,9.5,TRUE,TRUE,TRUE,TRUE,TRUE,5/17/05
12.389,43.112,1941,11,3,20,44,0,3.93,9.5,EMECv20191114,10011881,nan,TRUE,TRUE,TRUE,TRUE,TRUE,11/3/41
8.461,44.428,1854,12,28,23,45,0,3.96,9.5,SERA_histv1.1,10003628,nan,TRUE,TRUE,TRUE,TRUE,TRUE,1854-12-28
7.981,45.627,1880,8,2,2,15,0,3.98,9.5,SERA_histv1.1,10004535,nan,TRUE,TRUE,TRUE,TRUE,TRUE,1880-08-02
10.911,45.712,2011,10,29,4,13,34.35,4.07,9.5,EMECv20191114,10056936,9.5,TRUE,TRUE,TRUE,TRUE,FALSE,10/29/11
13.382,42.325,2009,4,5,20,48,54.49,4.14,9.5,EMECv20191114,10053216,9.5,FALSE,FALSE,FALSE,FALSE,FALSE,4/5/09
12.515,46.267,1904,10,9,6,41,0,4.16,9.5,EMECv20191114,10006272,nan,TRUE,TRUE,TRUE,TRUE,TRUE,10/9/04
7.376,45.239,1927,12,10,2,0,0,4.16,9.5,EMECv20191114,10009921,nan,FALSE,FALSE,TRUE,TRUE,TRUE,12/10/27
10.631,44.698,1485,1,1,0,0,0,4.2,9.5,SERA_histv1.1,10000483,nan,TRUE,TRUE,TRUE,TRUE,TRUE,1485-01-01
15.658,40.661,1981,9,21,1,40,25,4.2,9.5,EMECv20191114,10024055,nan,FALSE,FALSE,TRUE,TRUE,FALSE,9/21/81
8.998,45.034,1901,1,23,0,17,10,4.23,9.5,EMECv20191114,10005800,nan,TRUE,TRUE,TRUE,TRUE,TRUE,1/23/01
9.786,44.313,1926,11,18,22,57,0,4.25,9.5,EMECv20191114,10009722,nan,TRUE,TRUE,TRUE,TRUE,TRUE,11/18/26
12.981,42.729,1958,5,8,0,13,23,4.25,9.5,EMECv20191114,10014633,nan,TRUE,TRUE,TRUE,TRUE,TRUE,5/8/58
12.577,46.309,1996,2,27,11,13,45.9,4.27,9.5,EMECv20191114,10033217,9.5,TRUE,TRUE,TRUE,TRUE,TRUE,2/27/96
14.55,46.15,1898,2,5,13,51,0,4.3,9.5,SERA_histv1.1,10005557,9.5,TRUE,TRUE,TRUE,TRUE,TRUE,1898-02-05
15.642,41.762,1989,3,11,21,5,0,4.34,9.5,EMECv20191114,10028095,nan,TRUE,TRUE,TRUE,TRUE,FALSE,3/11/89
8.447,44.651,1900,12,30,23,36,20,4.35,9.5,EMECv20191114,10005791,nan,TRUE,TRUE,TRUE,TRUE,TRUE,12/30/00
8.375,44.367,1917,1,7,3,39,0,4.35,9.5,EMECv20191114,10008246,nan,TRUE,TRUE,TRUE,TRUE,TRUE,1/7/17
10.994,45.439,1365,9,21,5,45,0,4.43,9.5,SERA_histv1.1,10000258,nan,TRUE,TRUE,TRUE,TRUE,TRUE,1365-09-21
11.546,45.548,1373,4,1,0,0,0,4.43,9.5,SERA_histv1.1,10000272,nan,TRUE,TRUE,TRUE,TRUE,TRUE,1373-04-01
10.023,45.135,1829,9,6,19,30,0,4.43,9.5,SERA_histv1.1,10003114,nan,TRUE,TRUE,TRUE,TRUE,TRUE,1829-09-06
8.842,45.455,1918,1,13,12,0,0,4.62,9.5,EMECv20191114,10008416,nan,TRUE,TRUE,TRUE,TRUE,TRUE,1/13/18
15.2,45.8,1829,12,10,19,55,0,4.72,9.5,SERA_histv1.1,10003121,9.5,TRUE,TRUE,TRUE,TRUE,TRUE,1829-12-10
15.71,40.661,1980,11,23,19,4,3.3,4.72,9.5,EMECv20191114,10023411,9.5,FALSE,FALSE,TRUE,TRUE,TRUE,11/23/80
12.674,44.089,1916,6,16,1,27,0,4.82,9.5,EMECv20191114,10008162,nan,FALSE,FALSE,TRUE,TRUE,TRUE,6/16/16
8.38,44.911,2000,8,21,17,14,0,4.94,9.5,EMECv20191114,10038971,nan,TRUE,TRUE,TRUE,TRUE,TRUE,8/21/00
11.982,44.621,1956,2,20,1,29,41,4.96,9.5,EMECv20191114,10014110,nan,TRUE,TRUE,TRUE,TRUE,TRUE,2/20/56
11.431,44.002,1939,2,11,11,17,0,5.01,9.5,EMECv20191114,10011502,nan,TRUE,TRUE,TRUE,TRUE,TRUE,2/11/39
11.912,43.996,1393,6,15,0,0,0,5.11,9.5,SERA_histv1.1,10000298,nan,TRUE,TRUE,TRUE,TRUE,TRUE,1393-06-15
12.891,46.15,1976,6,17,14,28,48.6,5.17,9.5,EMECv20191114,10021247,9.5,FALSE,FALSE,TRUE,FALSE,FALSE,6/17/76
9.953,44.329,1903,7,27,3,46,0,5.19,9.5,EMECv20191114,10006097,nan,TRUE,TRUE,TRUE,TRUE,TRUE,7/27/03
12.956,42.73,1979,9,19,21,35,37,5.83,9.5,EMECv20191114,10022832,nan,TRUE,TRUE,TRUE,TRUE,TRUE,9/19/79
12.821,46.306,1794,6,7,0,45,0,5.98,9.5,SERA_histv1.1,10002607,nan,TRUE,TRUE,TRUE,TRUE,TRUE,1794-06-07
13.021,42.724,1599,11,6,1,25,0,6.04,9.5,SERA_histv1.1,10000919,nan,TRUE,TRUE,TRUE,TRUE,TRUE,1599-11-06
11.263,44.895,2012,5,20,2,3,50.17,6.09,9.5,EMECv20191114,10057836,9.5,TRUE,TRUE,TRUE,TRUE,FALSE,5/20/12
10.1478,44.1557,2013,6,21,14,23,22.47,3.5,9.4,EMECv20191114,10059280,9.4,FALSE,FALSE,FALSE,FALSE,FALSE,6/21/13
13.838,41.527,1699,1,1,0,0,0,3.51,9.4,SERA_histv1.1,10001527,nan,TRUE,TRUE,TRUE,TRUE,TRUE,1699-01-01
13.523,43.425,2002,8,22,5,25,21.65,3.51,9.4,EMECv20191114,10041162,9.4,TRUE,TRUE,TRUE,TRUE,FALSE,8/22/02
17.6,43.2,1911,9,24,6,5,23,3.62,9.4,EMECv20191114,10007413,nan,TRUE,TRUE,TRUE,TRUE,FALSE,9/24/11
17.397,43.052,1972,5,19,10,58,11.9,3.62,9.4,EMECv20191114,10019596,9.4,FALSE,FALSE,TRUE,TRUE,TRUE,5/19/72
12.585,46.251,2007,2,26,5,50,45.75,3.78,9.4,EMECv20191114,10048208,9.4,TRUE,TRUE,TRUE,TRUE,TRUE,2/26/07
7.357,45.098,1930,8,30,20,35,0,3.93,9.4,EMECv20191114,10010388,nan,TRUE,TRUE,TRUE,TRUE,TRUE,8/30/30
12.358,46.121,1892,6,24,2,4,0,3.97,9.4,SERA_histv1.1,10005083,nan,TRUE,TRUE,TRUE,TRUE,TRUE,1892-06-24
17.144,43.139,1962,1,12,21,38,0.1,4.01,9.4,EMECv20191114,10015386,9.4,FALSE,FALSE,FALSE,FALSE,FALSE,1/12/62
10.023,45.135,1529,7,3,0,0,0,4.09,9.4,SERA_histv1.1,10000625,nan,TRUE,TRUE,TRUE,TRUE,TRUE,1529-07-03
17.766,42.808,1996,9,12,3,32,30.1,4.1,9.4,EMECv20191114,10034097,9.4,FALSE,FALSE,FALSE,FALSE,FALSE,9/12/96
10.22,45.539,1540,9,1,8,10,0,4.2,9.4,SERA_histv1.1,10000666,nan,TRUE,TRUE,TRUE,TRUE,TRUE,1540-09-01
10.22,45.539,1839,8,9,8,45,0,4.2,9.4,SERA_histv1.1,10003298,nan,TRUE,TRUE,TRUE,TRUE,TRUE,1839-08-09
8.189,44.257,2000,8,3,9,56,40.85,4.28,9.4,EMECv20191114,10038907,9.4,TRUE,TRUE,TRUE,TRUE,TRUE,8/3/00
17.613,42.961,1980,10,8,5,32,9.6,4.3,9.4,EMECv20191114,10023297,9.4,FALSE,TRUE,TRUE,TRUE,FALSE,10/8/80
7.307,44.888,1858,10,25,1,42,0,4.59,9.4,SERA_histv1.1,10003844,nan,TRUE,TRUE,TRUE,TRUE,TRUE,1858-10-25
13.087,43.462,1502,9,6,0,0,0,4.65,9.4,SERA_histv1.1,10000522,nan,TRUE,TRUE,TRUE,TRUE,TRUE,1502-09-06
13.97,37.841,2001,11,25,19,34,19.95,4.69,9.4,EMECv20191114,10040426,9.4,TRUE,TRUE,TRUE,TRUE,FALSE,11/25/01
10.27,45.404,1799,5,29,19,0,0,5.03,9.4,SERA_histv1.1,10002656,nan,TRUE,TRUE,TRUE,TRUE,TRUE,1799-05-29
11.62,44.835,1411,1,9,2,0,0,5.11,9.4,SERA_histv1.1,10000338,nan,TRUE,TRUE,TRUE,TRUE,TRUE,1411-01-09
12.421,43.31,1593,4,23,0,0,0,5.44,9.4,SERA_histv1.1,10000891,nan,TRUE,TRUE,TRUE,TRUE,TRUE,1593-04-23
12.737,42.736,1277,1,1,0,0,0,5.56,9.4,SERA_histv1.1,10000141,nan,TRUE,TRUE,TRUE,TRUE,TRUE,1277-01-01
10.1903,44.1758,2013,8,14,22,18,55.1,3.5,9.3,EMECv20191114,10059477,9.3,FALSE,FALSE,TRUE,TRUE,FALSE,8/14/13
13.462,42.293,2009,4,8,3,0,34.61,3.6,9.3,EMECv20191114,10053251,9.3,FALSE,FALSE,FALSE,FALSE,FALSE,4/8/09
11.4543,43.1562,2013,3,18,2,40,51.04,3.6,9.3,EMECv20191114,10058907,9.3,TRUE,TRUE,TRUE,TRUE,FALSE,3/18/13
17.842,42.815,1996,9,6,5,11,58.8,3.62,9.3,EMECv20191114,10034072,9.3,FALSE,FALSE,FALSE,FALSE,FALSE,9/6/96
20.222,38.884,2011,10,10,13,22,32,3.64,9.3,EMECv20191114,10056607,9.3,TRUE,TRUE,TRUE,FALSE,FALSE,10/10/11
11.189,44.8113,2012,5,29,7,8,42.2,3.67,9.3,EMECv20191114,10057924,9.3,FALSE,FALSE,FALSE,FALSE,FALSE,5/29/12
11.408,44.821,1922,5,24,21,17,25,3.7,9.3,EMECv20191114,10009015,nan,TRUE,TRUE,TRUE,TRUE,TRUE,5/24/22
17.806,42.796,1996,9,15,10,53,3.4,3.72,9.3,EMECv20191114,10034110,9.3,FALSE,FALSE,FALSE,FALSE,FALSE,9/15/96
12.107,42.416,1699,5,7,0,0,0,3.74,9.3,SERA_histv1.1,10001523,nan,TRUE,TRUE,TRUE,TRUE,TRUE,1699-05-07
16.559,38.737,1740,3,26,17,0,0,3.74,9.3,SERA_histv1.1,10001860,nan,TRUE,TRUE,TRUE,TRUE,TRUE,1740-03-26
15.43,40.697,2004,2,23,19,48,45.19,3.82,9.3,EMECv20191114,10043144,9.3,FALSE,FALSE,FALSE,FALSE,FALSE,2/23/04
11.219,43.457,1906,12,20,2,38,0,3.96,9.3,EMECv20191114,10006586,nan,TRUE,TRUE,TRUE,TRUE,TRUE,12/20/06
12.968,46.282,1977,9,28,1,43,14.15,4.1,9.3,EMECv20191114,10021827,9.3,FALSE,FALSE,TRUE,TRUE,FALSE,9/28/77
10.173,44.798,1955,3,12,6,57,4,4.15,9.3,EMECv20191114,10013919,nan,TRUE,TRUE,TRUE,TRUE,TRUE,3/12/55
13.434,42.343,1887,1,27,2,45,0,4.17,9.3,SERA_histv1.1,10004855,nan,TRUE,TRUE,TRUE,TRUE,TRUE,1887-01-27
13.636,41.688,1912,7,7,4,45,0,4.18,9.3,EMECv20191114,10007546,nan,TRUE,TRUE,TRUE,TRUE,TRUE,7/7/12
16.041,39.36,1881,4,23,4,12,0,4.2,9.3,SERA_histv1.1,10004580,nan,TRUE,TRUE,TRUE,TRUE,TRUE,1881-04-23
11.389,43.36,1940,1,31,11,0,0,4.23,9.3,EMECv20191114,10011610,nan,TRUE,TRUE,TRUE,TRUE,TRUE,1/31/40
12.703,42.943,1904,9,24,9,30,0,4.24,9.3,EMECv20191114,10006271,nan,FALSE,TRUE,TRUE,TRUE,TRUE,9/24/04
11.682,43.273,1908,11,7,15,23,0,4.25,9.3,EMECv20191114,10006853,nan,TRUE,TRUE,TRUE,TRUE,TRUE,11/7/08
11.247,44.91,2012,5,19,23,13,25.62,4.25,9.3,EMECv20191114,10057835,9.3,FALSE,FALSE,FALSE,FALSE,FALSE,5/19/12
13.281,41.703,1980,10,1,0,57,38,4.26,9.3,EMECv20191114,10023287,nan,FALSE,TRUE,TRUE,TRUE,TRUE,10/1/80
13.793,41.517,1889,6,29,0,10,0,4.3,9.3,SERA_histv1.1,10004968,nan,TRUE,TRUE,TRUE,TRUE,TRUE,1889-06-29
11.239,43.394,1911,9,13,22,35,10,4.35,9.3,EMECv20191114,10007409,nan,FALSE,FALSE,TRUE,TRUE,TRUE,9/13/11
12.965,40.892,1907,3,3,10,48,0,4.4,9.3,EMECv20191114,10006622,nan,TRUE,TRUE,TRUE,TRUE,TRUE,3/3/07
13.26,46.316,1976,6,8,12,14,37.59,4.41,9.3,EMECv20191114,10021227,9.3,FALSE,FALSE,TRUE,FALSE,FALSE,6/8/76
13.863,41.644,1984,5,7,18,7,15.88,4.47,9.3,EMECv20191114,10025704,9.3,FALSE,FALSE,TRUE,TRUE,FALSE,5/7/84
13.386,42.335,2009,4,6,3,56,45.7,4.53,9.3,EMECv20191114,10053230,9.3,FALSE,FALSE,FALSE,FALSE,FALSE,4/6/09
13.29,46.343,1979,4,18,15,19,19.28,4.66,9.3,EMECv20191114,10022514,9.3,TRUE,TRUE,TRUE,TRUE,FALSE,4/18/79
11.332,43.318,1697,9,20,16,50,0,4.88,9.3,SERA_histv1.1,10001506,nan,TRUE,TRUE,TRUE,TRUE,TRUE,1697-09-20
12.544,43.362,1961,3,23,1,1,0,4.96,9.3,EMECv20191114,10015251,nan,TRUE,TRUE,TRUE,TRUE,TRUE,3/23/61
11.105,43.453,1804,10,18,20,0,0,5.11,9.3,SERA_histv1.1,10002734,nan,TRUE,TRUE,TRUE,TRUE,TRUE,1804-10-18
11.757,42.88,1777,10,5,15,45,0,5.12,9.3,SERA_histv1.1,10002347,nan,TRUE,TRUE,TRUE,TRUE,TRUE,1777-10-05
14.5,46.08,1684,10,21,5,30,0,5.14,9.3,SERA_histv1.1,10001391,9.3,TRUE,TRUE,TRUE,TRUE,TRUE,1684-10-21
13.35,42.504,2009,4,9,19,38,16.96,5.21,9.3,EMECv20191114,10053262,9.3,FALSE,FALSE,FALSE,FALSE,FALSE,4/9/09
13.646,42.529,1804,5,22,19,15,0,5.35,9.3,SERA_histv1.1,10002698,nan,TRUE,TRUE,TRUE,TRUE,TRUE,1804-05-22
12.676,42.845,1878,9,15,7,20,0,5.45,9.3,SERA_histv1.1,10004451,nan,TRUE,TRUE,TRUE,TRUE,TRUE,1878-09-15
10.278,44.185,1920,9,7,5,55,40,6.53,9.3,EMECv20191114,10008774,nan,TRUE,TRUE,TRUE,TRUE,FALSE,9/7/20
14.89,41.696,2004,6,28,10,51,31.89,3.51,9.2,EMECv20191114,10043667,9.2,TRUE,TRUE,TRUE,TRUE,FALSE,6/28/04
16.016,39.9007,2012,10,1,20,28,27.97,3.7,9.2,EMECv20191114,10058388,9.2,FALSE,FALSE,TRUE,TRUE,FALSE,10/1/12
15.51,37.96,1991,9,7,5,39,18.55,4.02,9.2,EMECv20191114,10029678,9.2,TRUE,TRUE,TRUE,TRUE,TRUE,9/7/91
13.58,45.93,1886,5,6,7,30,0,4.09,9.2,SERA_histv1.1,10004819,9.2,TRUE,TRUE,TRUE,TRUE,TRUE,1886-05-06
12.18,44.162,2003,12,7,10,20,33.04,4.18,9.2,EMECv20191114,10042908,9.2,TRUE,TRUE,TRUE,TRUE,FALSE,12/7/03
13.467,42.725,1889,11,28,19,10,0,4.26,9.2,SERA_histv1.1,10004982,nan,TRUE,TRUE,TRUE,TRUE,TRUE,1889-11-28
13.261,46.32,1976,7,14,5,39,34.17,4.28,9.2,EMECv20191114,10021275,9.2,FALSE,FALSE,TRUE,FALSE,FALSE,7/14/76
12.055,44.216,1653,8,15,0,0,0,4.43,9.2,SERA_histv1.1,10001223,nan,TRUE,TRUE,TRUE,TRUE,TRUE,1653-08-15
15.79,41.594,1967,6,17,15,42,58,4.46,9.2,EMECv20191114,10017051,nan,TRUE,TRUE,TRUE,TRUE,TRUE,6/17/67
10.2,44.168,2013,6,23,15,1,33.86,4.63,9.2,EMECv20191114,10059288,9.2,FALSE,FALSE,TRUE,TRUE,FALSE,6/23/13
16.309,39.412,1872,10,8,13,25,0,4.77,9.2,SERA_histv1.1,10004251,nan,TRUE,TRUE,TRUE,TRUE,TRUE,1872-10-08
12.999,46.278,1965,8,19,19,14,25,4.83,9.2,EMECv20191114,10016342,nan,TRUE,TRUE,TRUE,TRUE,TRUE,8/19/65
9.62,45.226,1951,5,15,22,54,0,5.17,9.2,EMECv20191114,10013044,nan,TRUE,TRUE,TRUE,TRUE,TRUE,5/15/51
12.982,46.462,1924,12,12,3,29,0,5.42,9.2,EMECv20191114,10009409,nan,FALSE,TRUE,TRUE,TRUE,TRUE,12/12/24
15.786,40.082,1831,1,2,14,7,0,5.52,9.2,SERA_histv1.1,10003140,nan,TRUE,TRUE,TRUE,TRUE,TRUE,1831-01-02
13.2,46.329,2002,7,6,8,30,10.59,3.51,9.1,EMECv20191114,10041057,9.1,FALSE,TRUE,TRUE,TRUE,FALSE,7/6/02
13.405,42.488,2009,5,14,6,32,33.76,3.57,9.1,EMECv20191114,10053391,9.1,FALSE,FALSE,FALSE,FALSE,FALSE,5/14/09
13.52,42.239,2010,1,22,12,30,50.78,3.57,9.1,EMECv20191114,10054440,9.1,FALSE,FALSE,TRUE,FALSE,FALSE,1/22/10
15.487,40.579,2010,7,13,3,36,18.78,3.57,9.1,EMECv20191114,10055044,9.1,TRUE,TRUE,TRUE,TRUE,TRUE,7/13/10
13.455,42.445,2009,4,13,13,36,5.09,3.6,9.1,EMECv20191114,10053277,9.1,FALSE,FALSE,FALSE,FALSE,FALSE,4/13/09
8.428,46.045,2002,4,29,15,14,9.67,3.66,9.1,EMECv20191114,10040875,9.1,TRUE,TRUE,TRUE,TRUE,TRUE,4/29/02
14.967,45.8,1933,2,24,19,30,0,3.68,9.1,EMECv20191114,10010804,9.1,FALSE,FALSE,TRUE,TRUE,FALSE,2/24/33
14.967,45.8,1933,2,25,0,0,0,3.68,9.1,EMECv20191114,10010805,9.1,FALSE,FALSE,FALSE,FALSE,FALSE,2/25/33
14.8,46.1,1963,11,20,2,16,49,3.68,9.1,EMECv20191114,10015801,9.1,FALSE,FALSE,TRUE,TRUE,TRUE,11/20/63
14.2,45.6,1967,9,5,15,20,57,3.68,9.1,EMECv20191114,10017189,9.1,FALSE,TRUE,TRUE,TRUE,TRUE,9/5/67
14.817,45.883,1967,12,13,10,42,28,3.68,9.1,EMECv20191114,10017319,9.1,FALSE,TRUE,TRUE,TRUE,TRUE,12/13/67
14.167,45.833,1969,10,9,7,38,38,3.68,9.1,EMECv20191114,10018240,9.1,TRUE,TRUE,TRUE,TRUE,TRUE,10/9/69
10.1323,44.1767,2013,6,21,12,19,59.01,3.7,9.1,EMECv20191114,10059277,9.1,FALSE,FALSE,FALSE,FALSE,FALSE,6/21/13
17.675,42.797,1996,9,6,3,46,54,3.72,9.1,EMECv20191114,10034071,9.1,FALSE,FALSE,FALSE,FALSE,FALSE,9/6/96
14.224,41.614,1990,4,16,19,9,32.98,3.78,9.1,EMECv20191114,10028762,9.1,TRUE,TRUE,TRUE,TRUE,FALSE,4/16/90
13.356,42.356,2009,4,6,4,47,53.65,4.02,9.1,EMECv20191114,10053231,9.1,FALSE,FALSE,FALSE,FALSE,FALSE,4/6/09
11.017,43.922,1967,10,1,22,45,45,4.04,9.1,EMECv20191114,10017222,nan,TRUE,TRUE,TRUE,TRUE,TRUE,10/1/67
14.635,41.401,1997,4,22,3,12,3.61,4.06,9.1,EMECv20191114,10035006,9.1,FALSE,FALSE,TRUE,TRUE,TRUE,4/22/97
17.067,43.163,1962,1,12,10,54,53.2,4.1,9.1,EMECv20191114,10015383,9.1,FALSE,FALSE,FALSE,FALSE,FALSE,1/12/62
16.525,39.14,2008,1,18,13,1,0.03,4.1,9.1,EMECv20191114,10050570,9.1,FALSE,TRUE,TRUE,TRUE,FALSE,1/18/08
15.599,40.525,1905,6,29,19,49,0,4.14,9.1,EMECv20191114,10006379,nan,TRUE,TRUE,TRUE,TRUE,TRUE,6/29/05
10.213,43.621,2006,4,17,21,42,58.25,4.16,9.1,EMECv20191114,10046890,9.1,TRUE,TRUE,TRUE,TRUE,FALSE,4/17/06
11.379,44.119,1771,7,27,23,0,0,4.2,9.1,SERA_histv1.1,10002245,nan,TRUE,TRUE,TRUE,TRUE,TRUE,1771-07-27
12.586,42.516,2000,12,16,7,31,7.66,4.29,9.1,EMECv20191114,10039332,9.1,TRUE,TRUE,TRUE,TRUE,FALSE,12/16/00
12.546,42.442,1931,7,28,8,46,38,4.38,9.1,EMECv20191114,10010565,nan,FALSE,TRUE,TRUE,TRUE,FALSE,7/28/31
12.99,46.25,1976,5,13,13,4,50,4.42,9.1,EMECv20191114,10021194,nan,FALSE,FALSE,FALSE,FALSE,FALSE,5/13/76
16.318,38.974,1728,5,1,0,0,0,4.43,9.1,SERA_histv1.1,10001753,nan,TRUE,TRUE,TRUE,TRUE,TRUE,1728-05-01
16.087,39.973,1792,4,1,12,0,0,4.43,9.1,SERA_histv1.1,10002588,nan,TRUE,TRUE,TRUE,TRUE,TRUE,1792-04-01
11.374,43.486,1907,12,20,10,29,15,4.44,9.1,EMECv20191114,10006727,nan,TRUE,TRUE,TRUE,TRUE,TRUE,12/20/07
10.823,44.264,1908,6,2,22,30,0,4.5,9.1,EMECv20191114,10006788,nan,TRUE,TRUE,TRUE,TRUE,TRUE,6/2/08
14.42,45.999,1845,12,21,20,40,0,4.56,9.1,SERA_histv1.1,10003415,nan,TRUE,TRUE,TRUE,TRUE,TRUE,1845-12-21
11.311,44.325,1889,3,8,2,57,0,4.58,9.1,SERA_histv1.1,10004953,nan,TRUE,TRUE,TRUE,TRUE,TRUE,1889-03-08
12.017,44.721,1895,3,23,0,0,0,4.68,9.1,SERA_histv1.1,10005258,nan,TRUE,TRUE,TRUE,TRUE,TRUE,1895-03-23
16.313,39.128,1908,3,1,5,23,0,4.77,9.1,EMECv20191114,10006750,nan,FALSE,FALSE,TRUE,TRUE,TRUE,3/1/08
11.112,43.605,1804,1,1,0,0,0,4.88,9.1,SERA_histv1.1,10002737,nan,TRUE,TRUE,TRUE,TRUE,TRUE,1804-01-01
14.23,46.03,1903,2,16,19,59,0,4.9,9.1,EMECv20191114,10006028,nan,TRUE,TRUE,TRUE,TRUE,TRUE,2/16/03
15.686,38.178,1724,8,3,0,0,0,4.96,9.1,SERA_histv1.1,10001720,nan,TRUE,TRUE,TRUE,TRUE,TRUE,1724-08-03
10.559,45.941,1851,8,3,0,0,0,4.97,9.1,SERA_histv1.1,10003531,nan,TRUE,TRUE,TRUE,TRUE,TRUE,1851-08-03
12.41,43.326,1828,4,11,22,25,0,4.99,9.1,SERA_histv1.1,10003073,nan,TRUE,TRUE,TRUE,TRUE,TRUE,1828-04-11
11.152,44.859,2012,5,20,3,2,47.09,5.04,9.1,EMECv20191114,10057854,9.1,FALSE,FALSE,FALSE,FALSE,FALSE,5/20/12
9.131,44.83,1945,6,29,15,37,13,5.1,9.1,EMECv20191114,10012300,nan,TRUE,TRUE,TRUE,TRUE,TRUE,6/29/45
12.826,43.255,1747,9,22,0,0,0,5.39,9.1,SERA_histv1.1,10001915,nan,TRUE,TRUE,TRUE,TRUE,TRUE,1747-09-22
15.684,38.1,1509,2,25,22,20,0,5.56,9.1,SERA_histv1.1,10000545,nan,TRUE,TRUE,TRUE,TRUE,TRUE,1509-02-25
13.247,42.615,1646,4,28,7,0,0,5.85,9.1,SERA_histv1.1,10001149,nan,TRUE,TRUE,TRUE,TRUE,TRUE,1646-04-28
16.293,39.33,1835,10,12,22,35,0,5.88,9.1,SERA_histv1.1,10003224,nan,TRUE,TRUE,TRUE,TRUE,TRUE,1835-10-12
12.513,43.596,1781,6,3,0,0,0,6.48,9.1,SERA_histv1.1,10002429,nan,TRUE,TRUE,TRUE,TRUE,TRUE,1781-06-03
13.071,42.708,1703,1,14,18,0,0,6.87,9.1,SERA_histv1.1,10001567,nan,TRUE,TRUE,TRUE,TRUE,TRUE,1703-01-14
7.8,46.183,1848,6,2,17,30,0,3.5,9,SERA_histv1.1,10003467,nan,TRUE,TRUE,TRUE,TRUE,TRUE,1848-06-02
7,46.1,1905,12,6,0,8,0,3.5,9,EMECv20191114,10006447,nan,FALSE,FALSE,TRUE,TRUE,TRUE,12/6/05
9.45,46.767,1917,2,11,5,20,0,3.5,9,EMECv20191114,10008279,nan,TRUE,TRUE,TRUE,TRUE,TRUE,2/11/17
9.45,46.75,1918,2,3,19,14,0,3.5,9,EMECv20191114,10008431,nan,FALSE,TRUE,TRUE,TRUE,TRUE,2/3/18
9.533,46.87,1924,12,20,17,54,0,3.5,9,EMECv20191114,10009412,nan,TRUE,TRUE,TRUE,TRUE,TRUE,12/20/24
10.317,46.733,1926,4,23,2,2,0,3.5,9,EMECv20191114,10009624,nan,TRUE,TRUE,TRUE,TRUE,TRUE,4/23/26
9.65,46.667,1947,10,7,12,21,0,3.5,9,EMECv20191114,10012515,nan,TRUE,TRUE,TRUE,TRUE,TRUE,10/7/47
9.617,46.733,1948,11,18,4,18,0,3.5,9,EMECv20191114,10012688,nan,TRUE,TRUE,TRUE,TRUE,TRUE,11/18/48
7.433,46.333,1951,6,20,0,24,0,3.5,9,EMECv20191114,10013062,nan,FALSE,FALSE,TRUE,TRUE,TRUE,6/20/51
7.367,46.333,1954,9,24,5,8,0,3.5,9,EMECv20191114,10013796,nan,FALSE,FALSE,TRUE,TRUE,TRUE,9/24/54
8.233,46.767,1969,11,5,5,25,52,3.5,9,EMECv20191114,10018274,nan,TRUE,TRUE,TRUE,TRUE,TRUE,11/5/69
15.4,44.6,1912,6,8,15,18,0,3.53,9,EMECv20191114,10007538,9,TRUE,TRUE,TRUE,TRUE,TRUE,6/8/12
19.35,41.91,1979,4,16,4,38,32.2,3.53,9,EMECv20191114,10022494,9,FALSE,FALSE,FALSE,FALSE,FALSE,4/16/79
18.71,42.18,1979,5,24,19,42,41.1,3.53,9,EMECv20191114,10022606,9,FALSE,FALSE,FALSE,FALSE,FALSE,5/24/79
18.96,42.01,1979,11,20,18,32,59.3,3.53,9,EMECv20191114,10022915,9,FALSE,FALSE,TRUE,FALSE,FALSE,11/20/79
13.74,47.48,2008,7,18,22,54,3.3,3.53,9,EMECv20191114,10052151,9,TRUE,TRUE,TRUE,TRUE,TRUE,7/18/08
19.122,42.001,1979,4,16,2,55,5.8,3.55,9,EMECv20191114,10022493,9,FALSE,FALSE,FALSE,FALSE,FALSE,4/16/79
18.891,42.706,1979,6,14,15,37,27.9,3.55,9,EMECv20191114,10022667,9,FALSE,FALSE,TRUE,FALSE,FALSE,6/14/79
9.512,46.741,1992,3,28,19,24,16.2,3.55,9,EMECv20191114,10029947,9,FALSE,TRUE,TRUE,TRUE,TRUE,3/28/92
8.44,46.952,1774,9,10,5,30,0,3.6,9,SERA_histv1.1,10002300,nan,TRUE,TRUE,TRUE,TRUE,TRUE,1774-09-10
18.55,42.55,1979,4,15,17,52,56.2,3.62,9,EMECv20191114,10022487,9,FALSE,FALSE,FALSE,FALSE,FALSE,4/15/79
19.28,41.9,1979,6,2,2,52,49.9,3.62,9,EMECv20191114,10022639,9,FALSE,FALSE,FALSE,FALSE,FALSE,6/2/79
17.702,42.794,1996,9,21,22,27,41.5,3.62,9,EMECv20191114,10034138,9,FALSE,FALSE,FALSE,FALSE,FALSE,9/21/96
18.839,41.888,1985,5,8,3,46,38,3.65,9,EMECv20191114,10026176,9,TRUE,TRUE,TRUE,TRUE,FALSE,5/8/85
19.99,40.23,2008,4,20,6,41,9.4,3.65,9,EMECv20191114,10051233,9,FALSE,TRUE,TRUE,FALSE,FALSE,4/20/08
19.962,40.138,2009,11,1,1,46,10.5,3.65,9,EMECv20191114,10054103,9,FALSE,FALSE,TRUE,FALSE,FALSE,11/1/09
20.0071,40.4817,2009,11,21,1,49,52.8,3.65,9,EMECv20191114,10054174,9,TRUE,FALSE,TRUE,FALSE,FALSE,11/21/09
19.879,40.847,2011,8,4,4,15,3.6,3.65,9,EMECv20191114,10056341,9,FALSE,FALSE,TRUE,FALSE,FALSE,8/4/11
19.96,41.12,2012,9,16,10,50,59.42,3.66,9,EMECv20191114,10058334,9,FALSE,FALSE,TRUE,FALSE,FALSE,9/16/12
19.83,40.09,2014,3,7,10,3,44.6,3.66,9,EMECv20191114,10060394,9,FALSE,TRUE,TRUE,FALSE,FALSE,3/7/14
13.75,46.167,1902,7,7,3,57,0,3.67,9,EMECv20191114,10005962,9,TRUE,TRUE,TRUE,TRUE,TRUE,7/7/02
11.287,43.469,1900,8,28,16,38,0,3.7,9,EMECv20191114,10005767,nan,TRUE,TRUE,TRUE,TRUE,TRUE,8/28/00
18.09,43.04,2010,5,7,2,19,19.3,3.7,9,EMECv20191114,10054803,9,TRUE,TRUE,TRUE,TRUE,FALSE,5/7/10
15.75,43.65,1924,2,7,12,43,0,3.72,9,EMECv20191114,10009290,nan,FALSE,FALSE,TRUE,TRUE,TRUE,2/7/24
19.17,41.95,1979,5,11,15,10,48.4,3.72,9,EMECv20191114,10022578,9,FALSE,FALSE,FALSE,FALSE,FALSE,5/11/79
12.992,46.512,1801,7,18,18,0,0,3.74,9,SERA_histv1.1,10002667,nan,TRUE,TRUE,TRUE,TRUE,TRUE,1801-07-18
19.277,41.97,1979,4,20,14,20,15.4,3.74,9,EMECv20191114,10022526,9,FALSE,FALSE,FALSE,FALSE,FALSE,4/20/79
18.773,42.356,1980,9,29,19,20,15,3.74,9,EMECv20191114,10023285,9,FALSE,FALSE,TRUE,TRUE,FALSE,9/29/80
20.4323,41.4177,2009,9,6,22,36,4,3.74,9,EMECv20191114,10053859,9,FALSE,FALSE,FALSE,FALSE,FALSE,9/6/09
13.4,42.177,2010,7,4,11,38,58.26,3.78,9,EMECv20191114,10055019,9,FALSE,FALSE,TRUE,TRUE,FALSE,7/4/10
11.0703,44.8585,2012,5,22,6,11,15.28,3.78,9,EMECv20191114,10057882,9,FALSE,FALSE,FALSE,FALSE,FALSE,5/22/12
10.275,46.796,1783,2,5,3,0,0,3.79,9,SERA_histv1.1,10002445,nan,TRUE,TRUE,TRUE,TRUE,TRUE,1783-02-05
7.391,46.629,1816,5,15,0,0,0,3.79,9,SERA_histv1.1,10002895,nan,TRUE,TRUE,TRUE,TRUE,TRUE,1816-05-15
7.867,46.265,1855,10,17,18,0,0,3.79,9,SERA_histv1.1,10003692,nan,TRUE,TRUE,TRUE,TRUE,TRUE,1855-10-17
7.852,46.237,1855,11,21,0,0,0,3.79,9,SERA_histv1.1,10003712,nan,TRUE,TRUE,TRUE,TRUE,TRUE,1855-11-21
7.852,46.237,1855,11,27,0,0,0,3.79,9,SERA_histv1.1,10003718,nan,TRUE,TRUE,TRUE,TRUE,TRUE,1855-11-27
18.73,42.2,1979,6,18,9,56,47.2,3.81,9,EMECv20191114,10022679,9,FALSE,FALSE,FALSE,FALSE,FALSE,6/18/79
17.825,42.811,1996,9,7,4,37,17.9,3.81,9,EMECv20191114,10034078,9,FALSE,FALSE,FALSE,FALSE,FALSE,9/7/96
19.136,41.957,1994,5,27,2,24,1.3,3.83,9,EMECv20191114,10031253,9,TRUE,TRUE,TRUE,TRUE,FALSE,5/27/94
19.82,40.127,2011,8,16,9,57,13.5,3.83,9,EMECv20191114,10056382,9,TRUE,TRUE,TRUE,FALSE,FALSE,8/16/11
15.5877,39.898,2014,6,29,4,24,28.04,3.89,9,EMECv20191114,10060811,9,FALSE,TRUE,TRUE,TRUE,TRUE,6/29/14
9.6,46.667,1880,1,7,2,40,0,3.9,9,SERA_histv1.1,10004506,nan,TRUE,TRUE,TRUE,TRUE,TRUE,1880-01-07
10.183,46.783,1882,2,1,2,45,0,3.9,9,SERA_histv1.1,10004616,nan,TRUE,TRUE,TRUE,TRUE,TRUE,1882-02-01
9.8,46.833,1904,1,11,10,23,0,3.9,9,EMECv20191114,10006150,nan,TRUE,TRUE,TRUE,TRUE,TRUE,1/11/04
7.95,46.2,1924,4,21,22,24,0,3.9,9,EMECv20191114,10009323,9,FALSE,FALSE,TRUE,TRUE,TRUE,4/21/24
7.3,46.2,1962,8,6,4,24,19,3.9,9,EMECv20191114,10015538,nan,TRUE,TRUE,TRUE,TRUE,TRUE,8/6/62
9.69,46.682,1976,7,17,9,13,34.5,3.9,9,EMECv20191114,10021282,9,TRUE,TRUE,TRUE,TRUE,TRUE,7/17/76
20.509,40,2005,3,17,17,12,24.74,3.91,9,EMECv20191114,10044837,9,FALSE,FALSE,TRUE,FALSE,FALSE,3/17/05
20.4115,41.3947,2009,9,7,15,20,29,3.93,9,EMECv20191114,10053867,9,FALSE,FALSE,FALSE,FALSE,FALSE,9/7/09
20.4163,41.4039,2009,9,7,20,24,34.5,3.93,9,EMECv20191114,10053869,9,FALSE,FALSE,FALSE,FALSE,FALSE,9/7/09
5.7,44.967,1791,7,7,6,0,0,3.95,9,SERA_histv1.1,10002581,nan,TRUE,TRUE,TRUE,TRUE,TRUE,1791-07-07
16.559,38.737,1739,3,6,2,30,0,3.97,9,SERA_histv1.1,10001845,nan,TRUE,TRUE,TRUE,TRUE,TRUE,1739-03-06
11.209,44.498,1930,10,24,0,52,0,3.97,9,EMECv20191114,10010411,nan,TRUE,FALSE,TRUE,TRUE,FALSE,10/24/30
13.462,42.29,2009,4,8,4,27,41.21,4,9,EMECv20191114,10053253,9,FALSE,FALSE,FALSE,FALSE,FALSE,4/8/09
18.861,42.302,1979,5,25,23,44,12.1,4.02,9,EMECv20191114,10022618,9,FALSE,FALSE,FALSE,FALSE,FALSE,5/25/79
11.267,44.082,2008,3,1,8,8,5.33,4.04,9,EMECv20191114,10050908,9,FALSE,FALSE,FALSE,FALSE,FALSE,3/1/08
17.703,42.782,1996,9,16,2,43,3.4,4.1,9,EMECv20191114,10034113,9,FALSE,FALSE,FALSE,FALSE,FALSE,9/16/96
19.81,40.1,2012,10,3,18,45,32.21,4.1,9,EMECv20191114,10058393,9,FALSE,TRUE,TRUE,FALSE,FALSE,10/3/12
15.179,38.312,1995,8,27,19,42,13.49,4.11,9,EMECv20191114,10032426,9,TRUE,TRUE,TRUE,TRUE,FALSE,8/27/95
18.4,42.7,1906,8,29,8,15,36,4.12,9,EMECv20191114,10006546,9,FALSE,FALSE,TRUE,TRUE,FALSE,8/29/06
12.47,45.83,1946,12,25,7,22,37.05,4.13,9,EMECv20191114,10012428,9,TRUE,TRUE,TRUE,TRUE,TRUE,12/25/46
12.566,43.753,1960,12,8,5,38,9,4.16,9,EMECv20191114,10015210,nan,TRUE,TRUE,TRUE,TRUE,TRUE,12/8/60
6.224,45.757,1881,7,22,0,5,0,4.23,9,SERA_histv1.1,10004589,nan,TRUE,TRUE,TRUE,TRUE,TRUE,1881-07-22
13.383,42.356,2009,4,6,7,17,10.14,4.25,9,EMECv20191114,10053232,9,FALSE,FALSE,FALSE,FALSE,FALSE,4/6/09
20.26,39.029,2005,2,5,22,4,29.22,4.27,9,EMECv20191114,10044685,9,FALSE,FALSE,TRUE,FALSE,FALSE,2/5/05
18.111,42.641,1349,1,6,0,0,0,4.3,9,SERA_histv1.1,10000223,nan,TRUE,TRUE,TRUE,TRUE,TRUE,1349-01-06
9.564,46.773,1897,9,18,9,15,0,4.3,9,SERA_histv1.1,10005505,nan,TRUE,TRUE,TRUE,TRUE,TRUE,1897-09-18
13.263,42.559,1996,10,20,19,6,55.57,4.36,9,EMECv20191114,10034415,9,TRUE,TRUE,TRUE,TRUE,TRUE,10/20/96
7.906,46.268,1880,7,4,19,50,0,4.38,9,SERA_histv1.1,10004528,nan,TRUE,TRUE,TRUE,TRUE,TRUE,1880-07-04
11.502,44.127,1892,12,29,13,47,0,4.38,9,SERA_histv1.1,10005114,nan,TRUE,TRUE,TRUE,TRUE,TRUE,1892-12-29
19.376,41.939,1979,4,16,23,0,27.4,4.39,9,EMECv20191114,10022504,9,FALSE,FALSE,FALSE,FALSE,FALSE,4/16/79
19.49,41.29,1989,9,24,21,27,54,4.42,9,EMECv20191114,10028436,9,TRUE,TRUE,TRUE,TRUE,FALSE,9/24/89
10.505,43.843,1481,2,7,6,20,0,4.43,9,SERA_histv1.1,10000466,nan,TRUE,TRUE,TRUE,TRUE,TRUE,1481-02-07
15.888,38.228,1720,9,12,0,0,0,4.43,9,SERA_histv1.1,10001691,nan,TRUE,TRUE,TRUE,TRUE,TRUE,1720-09-12
12.96,46.32,1955,7,23,19,28,54.49,4.44,9,EMECv20191114,10014010,9,FALSE,FALSE,TRUE,TRUE,TRUE,7/23/55
14.2,45.7,1909,11,2,18,50,0,4.5,9,EMECv20191114,10007077,nan,TRUE,TRUE,TRUE,TRUE,TRUE,11/2/09
20.2515,39.7587,1983,3,8,15,31,22.04,4.5,9,EMECv20191114,10024979,9,FALSE,TRUE,TRUE,TRUE,FALSE,3/8/83
19.7965,40.1155,1984,1,7,2,57,50.11,4.5,9,EMECv20191114,10025507,9,TRUE,TRUE,TRUE,TRUE,FALSE,1/7/84
20.6198,40.0622,1996,7,10,4,51,48.84,4.5,9,EMECv20191114,10033825,9,FALSE,FALSE,TRUE,FALSE,FALSE,7/10/96
10.66,47.36,1933,11,8,0,51,0,4.53,9,EMECv20191114,10010907,9,TRUE,TRUE,TRUE,TRUE,TRUE,11/8/33
19.72,40.69,2013,11,21,19,45,30.49,4.55,9,EMECv20191114,10059764,9,TRUE,TRUE,TRUE,FALSE,FALSE,11/21/13
19.6,40.3,1930,12,4,2,20,0,4.57,9,EMECv20191114,10010431,9,FALSE,FALSE,TRUE,TRUE,TRUE,12/4/30
19.3703,41.8356,1979,4,17,3,53,32.96,4.6,9,EMECv20191114,10022506,9,FALSE,FALSE,FALSE,FALSE,FALSE,4/17/79
20.3429,39.6897,1986,10,18,15,13,46.47,4.6,9,EMECv20191114,10026933,9,TRUE,TRUE,TRUE,TRUE,FALSE,10/18/86
19.7797,40.1649,1990,8,19,11,7,0.64,4.6,9,EMECv20191114,10028967,9,FALSE,FALSE,FALSE,FALSE,FALSE,8/19/90
6.096,45.892,1839,8,11,20,0,0,4.7,9,SERA_histv1.1,10003299,nan,TRUE,TRUE,TRUE,TRUE,TRUE,1839-08-11
9.929,45.785,1879,2,14,0,0,0,4.7,9,SERA_histv1.1,10004464,nan,TRUE,TRUE,TRUE,TRUE,TRUE,1879-02-14
20.2037,41.0489,1997,5,18,3,2,9.1,4.7,9,EMECv20191114,10035083,9,FALSE,FALSE,TRUE,TRUE,FALSE,5/18/97
13.267,42.037,1960,3,14,4,44,0,4.72,9,EMECv20191114,10015054,nan,TRUE,TRUE,TRUE,TRUE,TRUE,3/14/60
10.818,43.967,1895,8,7,19,49,0,4.73,9,SERA_histv1.1,10005298,nan,TRUE,TRUE,TRUE,TRUE,TRUE,1895-08-07
13.3,42.633,1950,3,7,4,5,49,4.74,9,EMECv20191114,10012859,nan,TRUE,TRUE,TRUE,TRUE,TRUE,3/7/50
19.47,41.35,2007,9,5,5,8,15,4.79,9,EMECv20191114,10049770,9,FALSE,TRUE,TRUE,FALSE,FALSE,9/5/07
20.5,40.13,1966,9,12,9,37,38,4.8,9,EMECv20191114,10016776,9,FALSE,TRUE,TRUE,TRUE,FALSE,9/12/66
11.35,43.342,1869,2,7,0,0,0,4.82,9,SERA_histv1.1,10004124,nan,TRUE,TRUE,TRUE,TRUE,TRUE,1869-02-07
13.163,46.278,1976,9,15,11,11,11.3,4.84,9,EMECv20191114,10021364,9,FALSE,FALSE,FALSE,FALSE,FALSE,9/15/76
11.264,45.882,1989,9,13,21,54,1.5,4.85,9,EMECv20191114,10028409,9,TRUE,TRUE,TRUE,TRUE,TRUE,9/13/89
9.635,46.9,1695,9,11,0,0,0,4.86,9,SERA_histv1.1,10001497,nan,TRUE,TRUE,TRUE,TRUE,TRUE,1695-09-11
10.35,46.81,1961,8,9,13,0,0,4.9,9,EMECv20191114,10015308,nan,TRUE,TRUE,TRUE,TRUE,TRUE,8/9/61
15.66,43.8,1924,1,29,8,39,15,4.91,9,EMECv20191114,10009285,9,FALSE,FALSE,TRUE,TRUE,TRUE,1/29/24
12.029,42.707,1957,12,6,4,54,0,4.97,9,EMECv20191114,10014526,nan,TRUE,TRUE,TRUE,TRUE,TRUE,12/6/57
7.737,46.304,1855,8,24,0,0,0,4.98,9,SERA_histv1.1,10003675,nan,TRUE,TRUE,TRUE,TRUE,TRUE,1855-08-24
12.917,44.167,1916,8,15,7,48,0,5,9,EMECv20191114,10008183,nan,FALSE,FALSE,FALSE,FALSE,FALSE,8/15/16
19.8187,40.6697,1990,5,14,17,4,21.79,5,9,EMECv20191114,10028812,9,FALSE,FALSE,TRUE,TRUE,FALSE,5/14/90
14.77,45.13,1925,9,11,4,40,50,5.01,9,EMECv20191114,10009532,9,TRUE,TRUE,TRUE,TRUE,TRUE,9/11/25
13.377,42.498,2009,4,13,21,14,24.47,5.02,9,EMECv20191114,10053279,9,FALSE,FALSE,FALSE,FALSE,FALSE,4/13/09
19.6,40.4,1931,9,23,13,28,0,5.07,9,EMECv20191114,10010589,9,FALSE,FALSE,TRUE,TRUE,FALSE,9/23/31
11.282,44.042,1864,12,11,17,40,0,5.09,9,SERA_histv1.1,10004004,nan,TRUE,TRUE,TRUE,TRUE,TRUE,1864-12-11
20.4272,39.3937,1972,11,24,3,48,34.2,5.3,9,EMECv20191114,10019782,9,TRUE,TRUE,TRUE,TRUE,FALSE,11/24/72
10.66,47.36,1930,10,7,23,27,0,5.35,9,EMECv20191114,10010406,9,TRUE,TRUE,TRUE,TRUE,TRUE,10/7/30
20.6256,40.0851,1996,8,5,22,46,42.49,5.4,9,EMECv20191114,10033962,9,TRUE,TRUE,TRUE,FALSE,FALSE,8/5/96
7.848,46.275,1855,7,26,9,15,0,5.43,9,SERA_histv1.1,10003652,nan,TRUE,TRUE,TRUE,TRUE,TRUE,1855-07-26
20.35,41.25,1967,12,2,12,44,43,5.56,9,EMECv20191114,10017301,9,FALSE,FALSE,FALSE,FALSE,FALSE,12/2/67
12.236,43.463,1458,4,26,12,15,0,5.8,9,SERA_histv1.1,10000416,nan,TRUE,TRUE,TRUE,TRUE,TRUE,1458-04-26
7.4,46.35,1946,1,25,17,32,0,5.8,9,EMECv20191114,10012356,nan,TRUE,TRUE,TRUE,TRUE,TRUE,1/25/46
19.5,42,1905,6,3,5,10,43,6.06,9,EMECv20191114,10006367,9,FALSE,FALSE,FALSE,FALSE,FALSE,6/3/05
20.44,41.41,1967,11,30,7,23,50,6.2,9,EMECv20191114,10017283,9,TRUE,TRUE,TRUE,TRUE,FALSE,11/30/67
17.8,42.827,1996,9,6,8,0,4.3,3.62,8.9,EMECv20191114,10034073,8.9,FALSE,FALSE,FALSE,FALSE,FALSE,9/6/96
13.327,42.365,2009,4,6,1,38,47.45,3.67,8.9,EMECv20191114,10053221,8.9,FALSE,FALSE,FALSE,FALSE,FALSE,4/6/09
12.833,42.576,2009,4,22,12,32,25.31,3.67,8.9,EMECv20191114,10053310,8.9,FALSE,TRUE,FALSE,FALSE,FALSE,4/22/09
10.22,45.539,1947,12,25,20,42,34,3.7,8.9,EMECv20191114,10012545,nan,TRUE,TRUE,TRUE,TRUE,TRUE,12/25/47
13.728,38.45,2002,10,19,16,38,44.34,3.81,8.9,EMECv20191114,10041357,8.9,FALSE,FALSE,TRUE,FALSE,FALSE,10/19/02
7.905,45.534,1875,2,14,4,40,0,3.87,8.9,SERA_histv1.1,10004327,nan,TRUE,TRUE,TRUE,TRUE,TRUE,1875-02-14
11.222,44.841,2012,5,25,10,31,22.7,4.03,8.9,EMECv20191114,10057897,8.9,FALSE,FALSE,FALSE,FALSE,FALSE,5/25/12
12.538,46.338,1994,4,20,21,25,25.7,4.12,8.9,EMECv20191114,10031164,8.9,TRUE,TRUE,TRUE,TRUE,TRUE,4/20/94
11.24,43.603,2014,12,19,9,39,41.29,4.16,8.9,EMECv20191114,10061387,8.9,FALSE,FALSE,FALSE,FALSE,FALSE,12/19/14
8.648,44.893,1759,5,26,22,15,0,4.2,8.9,SERA_histv1.1,10002099,nan,TRUE,TRUE,TRUE,TRUE,TRUE,1759-05-26
14.108,41.783,1936,7,31,5,46,0,4.21,8.9,EMECv20191114,10011235,nan,TRUE,TRUE,TRUE,TRUE,TRUE,7/31/36
12.453,43.451,1927,11,30,2,58,24,4.29,8.9,EMECv20191114,10009919,nan,FALSE,FALSE,TRUE,TRUE,TRUE,11/30/27
13.823,41.49,1891,10,1,17,57,0,4.43,8.9,SERA_histv1.1,10005051,nan,TRUE,TRUE,TRUE,TRUE,TRUE,1891-10-01
13.723,43.539,2013,8,22,6,44,51.58,4.45,8.9,EMECv20191114,10059505,8.9,FALSE,FALSE,TRUE,TRUE,FALSE,8/22/13
11.816,43.811,1911,3,26,20,20,50,4.54,8.9,EMECv20191114,10007305,nan,FALSE,FALSE,TRUE,TRUE,TRUE,3/26/11
10.449,44.085,1985,1,23,10,10,16.55,4.6,8.9,EMECv20191114,10026046,8.9,TRUE,TRUE,TRUE,TRUE,TRUE,1/23/85
12.886,43.11,2000,6,22,13,57,52.44,4.68,8.9,EMECv20191114,10038786,8.9,TRUE,TRUE,TRUE,TRUE,FALSE,6/22/00
10.64,44.49,1904,2,25,18,47,50,4.81,8.9,EMECv20191114,10006164,nan,FALSE,TRUE,TRUE,TRUE,TRUE,2/25/04
10.073,44.114,1939,10,31,6,47,0,4.85,8.9,EMECv20191114,10011581,nan,FALSE,FALSE,TRUE,TRUE,TRUE,10/31/39
11.62,44.835,1787,7,26,7,15,0,4.88,8.9,SERA_histv1.1,10002535,nan,TRUE,TRUE,TRUE,TRUE,TRUE,1787-07-26
12.521,42.517,1843,11,18,0,0,0,4.88,8.9,SERA_histv1.1,10003384,nan,TRUE,TRUE,TRUE,TRUE,TRUE,1843-11-18
13.298,46.244,1976,5,7,0,23,49.52,4.9,8.9,EMECv20191114,10021170,8.9,FALSE,FALSE,FALSE,FALSE,FALSE,5/7/76
12.539,46.287,1934,6,8,3,16,0,4.93,8.9,EMECv20191114,10010959,nan,FALSE,TRUE,TRUE,TRUE,TRUE,6/8/34
11.883,43.98,1952,7,4,20,35,12,4.94,8.9,EMECv20191114,10013218,nan,TRUE,TRUE,TRUE,TRUE,TRUE,7/4/52
11.48,44.443,1779,6,4,7,0,0,5.23,8.9,SERA_histv1.1,10002381,nan,TRUE,TRUE,TRUE,TRUE,TRUE,1779-06-04
12.917,44.167,1916,8,15,9,17,0,5.34,8.9,EMECv20191114,10008185,nan,FALSE,FALSE,FALSE,FALSE,FALSE,8/15/16
10.13,44.274,1481,5,7,14,15,0,5.59,8.9,SERA_histv1.1,10000470,nan,TRUE,TRUE,TRUE,TRUE,TRUE,1481-05-07
12.788,42.536,1785,10,9,3,15,0,5.73,8.9,SERA_histv1.1,10002504,nan,TRUE,TRUE,TRUE,TRUE,TRUE,1785-10-09
13.678,38.461,2002,10,2,10,8,39.57,3.51,8.8,EMECv20191114,10041298,8.8,FALSE,FALSE,FALSE,FALSE,FALSE,10/2/02
16.587,39.429,1991,5,9,8,57,13.17,3.54,8.8,EMECv20191114,10029482,8.8,FALSE,FALSE,TRUE,TRUE,FALSE,5/9/91
16.24,38.962,2008,7,10,12,50,19.63,3.57,8.8,EMECv20191114,10052090,8.8,FALSE,TRUE,TRUE,TRUE,FALSE,7/10/08
13.325,42.37,2009,4,6,3,17,29.92,3.57,8.8,EMECv20191114,10053229,8.8,FALSE,FALSE,FALSE,FALSE,FALSE,4/6/09
11.1527,44.8473,2012,5,20,7,42,30.96,3.57,8.8,EMECv20191114,10057858,8.8,FALSE,FALSE,FALSE,FALSE,FALSE,5/20/12
12.336,44.205,1468,6,6,10,30,0,3.74,8.8,SERA_histv1.1,10000435,nan,TRUE,TRUE,TRUE,TRUE,TRUE,1468-06-06
14.52,46.08,1885,12,25,22,45,0,3.87,8.8,SERA_histv1.1,10004801,8.8,TRUE,TRUE,TRUE,TRUE,TRUE,1885-12-25
14.704,44.974,2003,1,17,3,18,19,4.02,8.8,EMECv20191114,10041637,8.8,TRUE,TRUE,TRUE,TRUE,FALSE,1/17/03
10.299,44.707,1970,5,3,4,17,41,4.08,8.8,EMECv20191114,10018635,nan,TRUE,TRUE,TRUE,TRUE,TRUE,5/3/70
13.6,45.97,1896,4,20,18,3,0,4.09,8.8,SERA_histv1.1,10005356,8.8,TRUE,TRUE,TRUE,TRUE,TRUE,1896-04-20
17.838,43.02,2002,4,16,7,42,58.3,4.1,8.8,EMECv20191114,10040831,8.8,TRUE,TRUE,TRUE,TRUE,TRUE,4/16/02
15.601,38.147,1839,8,27,0,0,0,4.2,8.8,SERA_histv1.1,10003301,nan,TRUE,TRUE,TRUE,TRUE,TRUE,1839-08-27
12.271,43.007,2009,12,15,13,11,58.98,4.23,8.8,EMECv20191114,10054275,8.8,TRUE,TRUE,TRUE,TRUE,FALSE,12/15/09
14.5,46.03,1872,5,17,23,30,0,4.3,8.8,SERA_histv1.1,10004244,8.8,TRUE,TRUE,TRUE,TRUE,TRUE,1872-05-17
11.62,44.835,1695,2,28,0,0,0,4.43,8.8,SERA_histv1.1,10001493,nan,TRUE,TRUE,TRUE,TRUE,TRUE,1695-02-28
15.955,38.321,1921,6,19,12,52,40,4.43,8.8,EMECv20191114,10008902,nan,TRUE,TRUE,TRUE,TRUE,TRUE,6/19/21
13.002,42.608,1893,8,2,0,59,0,4.58,8.8,SERA_histv1.1,10005161,nan,TRUE,TRUE,TRUE,TRUE,TRUE,1893-08-02
13.986,41.363,1970,9,27,19,18,0,4.6,8.8,EMECv20191114,10018921,nan,TRUE,TRUE,TRUE,TRUE,TRUE,9/27/70
14.65,46.07,1836,6,29,1,28,0,4.72,8.8,SERA_histv1.1,10003239,8.8,TRUE,TRUE,TRUE,TRUE,TRUE,1836-06-29
15.804,39.941,1708,3,3,0,0,0,4.88,8.8,SERA_histv1.1,10001609,nan,TRUE,TRUE,TRUE,TRUE,TRUE,1708-03-03
17.7,42.8,1850,4,29,0,0,0,5.14,8.8,SERA_histv1.1,10003500,nan,TRUE,TRUE,TRUE,TRUE,TRUE,1850-04-29
9.725,44.438,1934,6,13,9,6,0,5.14,8.8,EMECv20191114,10010960,nan,TRUE,TRUE,TRUE,TRUE,TRUE,6/13/34
15.452,40.655,1980,11,25,18,28,21.4,5.39,8.8,EMECv20191114,10023435,8.8,FALSE,FALSE,FALSE,FALSE,FALSE,11/25/80
14.565,45.28,1750,12,17,15,45,0,5.45,8.8,SERA_histv1.1,10001945,nan,TRUE,TRUE,TRUE,TRUE,TRUE,1750-12-17
16.354,38.704,1743,12,7,7,45,0,5.87,8.8,SERA_histv1.1,10001894,nan,TRUE,TRUE,TRUE,TRUE,TRUE,1743-12-07
15.389,40.65,1561,7,31,19,45,0,6.43,8.8,SERA_histv1.1,10000742,nan,TRUE,TRUE,TRUE,TRUE,TRUE,1561-07-31
12.73,46.167,2005,3,23,0,33,52.58,3.51,8.7,EMECv20191114,10044870,8.7,TRUE,TRUE,TRUE,TRUE,TRUE,3/23/05
9.317,44.694,2005,4,30,8,10,25.12,3.57,8.7,EMECv20191114,10045010,8.7,FALSE,FALSE,TRUE,TRUE,TRUE,4/30/05
16.0258,39.8882,2012,10,18,2,51,57.18,3.57,8.7,EMECv20191114,10058440,8.7,FALSE,FALSE,TRUE,TRUE,FALSE,10/18/12
16.0057,39.9137,2012,11,25,8,28,39.58,3.67,8.7,EMECv20191114,10058562,8.7,FALSE,FALSE,TRUE,TRUE,FALSE,11/25/12
10.942,43.541,1766,5,6,0,0,0,3.74,8.7,SERA_histv1.1,10002167,nan,TRUE,TRUE,TRUE,TRUE,TRUE,1766-05-06
14.5,46.05,1897,7,21,11,15,0,3.87,8.7,SERA_histv1.1,10005485,8.7,TRUE,TRUE,TRUE,TRUE,TRUE,1897-07-21
14.752,41.214,1990,4,22,9,45,4.66,3.98,8.7,EMECv20191114,10028770,nan,TRUE,TRUE,TRUE,TRUE,FALSE,4/22/90
15.552,37.815,1995,3,8,8,55,8.58,4.06,8.7,EMECv20191114,10031809,8.7,TRUE,TRUE,TRUE,TRUE,FALSE,3/8/95
15.077,36.713,2013,8,24,17,18,18.77,4.1,8.7,EMECv20191114,10059511,8.7,TRUE,TRUE,TRUE,TRUE,FALSE,8/24/13
11.243,44.846,2012,5,23,21,41,18.21,4.11,8.7,EMECv20191114,10057888,8.7,FALSE,FALSE,FALSE,FALSE,FALSE,5/23/12
13.008,42.7,1957,3,12,16,20,0,4.16,8.7,EMECv20191114,10014346,nan,FALSE,TRUE,TRUE,TRUE,TRUE,3/12/57
11.62,44.835,1508,10,26,0,0,0,4.2,8.7,SERA_histv1.1,10000544,nan,TRUE,TRUE,TRUE,TRUE,TRUE,1508-10-26
7.909,44.732,1786,11,24,6,45,0,4.23,8.7,SERA_histv1.1,10002526,nan,TRUE,TRUE,TRUE,TRUE,TRUE,1786-11-24
10.128,44.121,1902,12,4,16,35,1,4.35,8.7,EMECv20191114,10006009,nan,TRUE,TRUE,TRUE,TRUE,TRUE,12/4/02
17.128,39.369,1928,9,3,1,40,0,4.4,8.7,EMECv20191114,10010071,nan,TRUE,TRUE,TRUE,TRUE,TRUE,9/3/28
10.989,44.458,1951,10,29,22,48,0,4.4,8.7,EMECv20191114,10013113,nan,TRUE,TRUE,TRUE,TRUE,TRUE,10/29/51
13.456,42.364,2009,4,6,1,41,37.77,4.42,8.7,EMECv20191114,10053224,8.7,FALSE,FALSE,FALSE,FALSE,FALSE,4/6/09
13.657,41.868,1913,1,3,13,39,25,4.53,8.7,EMECv20191114,10007604,nan,TRUE,TRUE,TRUE,TRUE,TRUE,1/3/13
13.184,42.68,1910,12,26,16,30,0,4.56,8.7,EMECv20191114,10007246,nan,FALSE,TRUE,TRUE,TRUE,TRUE,12/26/10
10.469,44.074,1916,7,27,18,38,0,4.56,8.7,EMECv20191114,10008179,nan,TRUE,TRUE,TRUE,TRUE,TRUE,7/27/16
15.654,38.174,1961,3,24,10,36,0,4.62,8.7,EMECv20191114,10015252,nan,TRUE,TRUE,TRUE,TRUE,TRUE,3/24/61
9.882,44.377,1641,6,8,0,0,0,4.65,8.7,SERA_histv1.1,10001123,nan,TRUE,TRUE,TRUE,TRUE,TRUE,1641-06-08
12.899,42.874,1766,12,24,12,24,0,4.65,8.7,SERA_histv1.1,10002179,nan,TRUE,TRUE,TRUE,TRUE,TRUE,1766-12-24
10.309,43.551,1808,10,26,21,0,0,4.65,8.7,SERA_histv1.1,10002791,nan,TRUE,TRUE,TRUE,TRUE,TRUE,1808-10-26
10.788,43.252,1970,8,19,12,19,0,4.68,8.7,EMECv20191114,10018867,nan,TRUE,TRUE,TRUE,TRUE,TRUE,8/19/70
11.803,44.005,1917,1,8,1,45,50,4.74,8.7,EMECv20191114,10008247,nan,TRUE,TRUE,TRUE,TRUE,FALSE,1/8/17
12.002,42.168,1969,7,2,7,55,0,4.77,8.7,EMECv20191114,10018140,nan,TRUE,TRUE,TRUE,TRUE,TRUE,7/2/69
15.647,38.108,1841,1,3,22,0,0,4.88,8.7,SERA_histv1.1,10003323,nan,TRUE,TRUE,TRUE,TRUE,TRUE,1841-01-03
10.95,44.886,2012,6,3,19,20,43.39,4.9,8.7,EMECv20191114,10057983,8.7,FALSE,FALSE,FALSE,FALSE,FALSE,6/3/12
10.941,44.855,2012,5,29,11,0,1.68,4.95,8.7,EMECv20191114,10057952,8.7,FALSE,FALSE,FALSE,FALSE,FALSE,5/29/12
15.235,38.806,1888,2,25,17,21,0,5.06,8.7,SERA_histv1.1,10004909,nan,TRUE,TRUE,TRUE,TRUE,TRUE,1888-02-25
13.328,42.36,2009,4,6,2,37,4.25,5.07,8.7,EMECv20191114,10053228,8.7,FALSE,FALSE,FALSE,FALSE,FALSE,4/6/09
14.188,41.719,1925,9,24,13,33,46,5.26,8.7,EMECv20191114,10009537,nan,TRUE,TRUE,TRUE,TRUE,TRUE,9/24/25
9.851,44.432,1834,2,14,13,15,0,5.93,8.7,SERA_histv1.1,10003195,nan,TRUE,TRUE,TRUE,TRUE,TRUE,1834-02-14
11.2273,44.842,2012,5,31,4,21,55.96,3.67,8.6,EMECv20191114,10057964,8.6,FALSE,FALSE,FALSE,FALSE,FALSE,5/31/12
10.9587,44.8622,2012,6,1,12,22,44.1,3.67,8.6,EMECv20191114,10057972,8.6,FALSE,FALSE,FALSE,FALSE,FALSE,6/1/12
10.9855,44.878,2012,6,14,6,48,30.09,3.67,8.6,EMECv20191114,10058043,8.6,FALSE,FALSE,FALSE,FALSE,FALSE,6/14/12
12.107,44.281,1689,3,19,0,0,0,3.74,8.6,SERA_histv1.1,10001422,nan,TRUE,TRUE,TRUE,TRUE,TRUE,1689-03-19
10.9737,44.8815,2012,6,3,17,57,52.78,3.89,8.6,EMECv20191114,10057982,8.6,FALSE,FALSE,FALSE,FALSE,FALSE,6/3/12
19.2,42.3,1969,8,9,9,51,0,4.1,8.6,EMECv20191114,10018179,nan,FALSE,FALSE,FALSE,FALSE,FALSE,8/9/69
12.737,42.736,1901,8,4,6,52,0,4.16,8.6,EMECv20191114,10005860,nan,FALSE,TRUE,TRUE,TRUE,TRUE,8/4/01
13.715,43.502,2013,7,21,3,7,24.44,4.19,8.6,EMECv20191114,10059366,8.6,FALSE,FALSE,FALSE,FALSE,FALSE,7/21/13
11.135,44.571,1323,2,25,19,0,0,4.2,8.6,SERA_histv1.1,10000195,nan,TRUE,TRUE,TRUE,TRUE,TRUE,1323-02-25
12.239,43.457,1725,4,18,13,0,0,4.2,8.6,SERA_histv1.1,10001727,nan,TRUE,TRUE,TRUE,TRUE,TRUE,1725-04-18
12.519,43.381,2013,12,22,10,6,35.69,4.22,8.6,EMECv20191114,10059833,8.6,TRUE,TRUE,TRUE,TRUE,FALSE,12/22/13
11.24,43.606,2014,12,19,10,36,30.62,4.33,8.6,EMECv20191114,10061388,8.6,TRUE,TRUE,TRUE,TRUE,FALSE,12/19/14
13.805,41.497,1931,5,26,15,24,0,4.36,8.6,EMECv20191114,10010541,nan,TRUE,TRUE,TRUE,TRUE,TRUE,5/26/31
11.35,43.545,1962,9,16,14,49,45,4.54,8.6,EMECv20191114,10015573,nan,TRUE,TRUE,TRUE,TRUE,TRUE,9/16/62
9.882,44.377,1921,5,7,6,15,0,4.64,8.6,EMECv20191114,10008887,nan,FALSE,FALSE,TRUE,TRUE,FALSE,5/7/21
11.62,44.835,1339,11,16,14,10,0,4.65,8.6,SERA_histv1.1,10000209,nan,TRUE,TRUE,TRUE,TRUE,TRUE,1339-11-16
14.045,41.655,1983,8,12,19,36,30,4.76,8.6,EMECv20191114,10025237,nan,TRUE,TRUE,TRUE,TRUE,FALSE,8/12/83
12.893,43.012,1915,3,15,11,23,0,4.97,8.6,EMECv20191114,10007931,nan,TRUE,TRUE,TRUE,TRUE,FALSE,3/15/15
12.593,42.595,1751,6,11,0,0,0,5.11,8.6,SERA_histv1.1,10001948,nan,TRUE,TRUE,TRUE,TRUE,TRUE,1751-06-11
11.573,44.207,1725,10,29,17,40,0,5.64,8.6,SERA_histv1.1,10001730,nan,TRUE,TRUE,TRUE,TRUE,TRUE,1725-10-29
12.748,44.119,1916,5,17,12,50,0,5.82,8.6,EMECv20191114,10008157,nan,TRUE,TRUE,TRUE,TRUE,TRUE,5/17/16
10.182,44.175,1837,4,11,17,0,0,5.91,8.6,SERA_histv1.1,10003258,nan,TRUE,TRUE,TRUE,TRUE,TRUE,1837-04-11
13.315,42.506,2004,10,10,12,37,22.57,3.51,8.5,EMECv20191114,10044183,8.5,TRUE,TRUE,TRUE,TRUE,FALSE,10/10/04
13.188,42.565,2009,6,30,0,38,10.46,3.57,8.5,EMECv20191114,10053607,8.5,FALSE,FALSE,FALSE,FALSE,FALSE,6/30/09
11.2323,44.8388,2012,5,21,16,32,38.29,3.57,8.5,EMECv20191114,10057875,8.5,FALSE,FALSE,FALSE,FALSE,FALSE,5/21/12
14.2,45.783,1903,10,31,23,16,50,3.65,8.5,EMECv20191114,10006129,8.5,TRUE,TRUE,TRUE,TRUE,TRUE,10/31/03
13.369,42.3,2009,4,6,1,44,35.28,3.78,8.5,EMECv20191114,10053226,8.5,FALSE,FALSE,FALSE,FALSE,FALSE,4/6/09
10.9658,44.8812,2012,6,4,6,55,49.5,3.89,8.5,EMECv20191114,10057986,8.5,FALSE,FALSE,FALSE,FALSE,FALSE,6/4/12
14.8,45.2,1916,7,14,22,34,0,3.91,8.5,EMECv20191114,10008170,nan,FALSE,FALSE,TRUE,TRUE,TRUE,7/14/16
13.373,41.589,1886,7,28,6,29,0,3.97,8.5,SERA_histv1.1,10004828,nan,TRUE,TRUE,TRUE,TRUE,TRUE,1886-07-28
11.2985,44.8525,2012,5,20,12,50,24.81,3.99,8.5,EMECv20191114,10057865,8.5,FALSE,FALSE,FALSE,FALSE,FALSE,5/20/12
10.286,44.282,1925,3,15,17,15,0,4.1,8.5,EMECv20191114,10009441,nan,TRUE,TRUE,TRUE,TRUE,TRUE,3/15/25
13.319,42.377,2009,4,6,1,41,32.69,4.1,8.5,EMECv20191114,10053223,8.5,FALSE,FALSE,FALSE,FALSE,FALSE,4/6/09
10.926,44.647,1474,3,11,20,30,0,4.2,8.5,SERA_histv1.1,10000453,nan,TRUE,TRUE,TRUE,TRUE,TRUE,1474-03-11
12.055,43.816,2013,7,11,4,32,20.94,4.21,8.5,EMECv20191114,10059332,8.5,TRUE,TRUE,TRUE,TRUE,FALSE,7/11/13
12.873,42.782,1895,8,25,0,17,0,4.27,8.5,SERA_histv1.1,10005303,nan,TRUE,TRUE,TRUE,TRUE,TRUE,1895-08-25
13.423,42.607,1906,1,29,15,5,0,4.28,8.5,EMECv20191114,10006467,nan,FALSE,TRUE,TRUE,TRUE,TRUE,1/29/06
12.78,42.704,1878,2,13,19,30,0,4.29,8.5,SERA_histv1.1,10004430,nan,TRUE,TRUE,TRUE,TRUE,TRUE,1878-02-13
13.78,41.582,2008,2,20,8,6,19.11,4.29,8.5,EMECv20191114,10050761,8.5,TRUE,TRUE,TRUE,TRUE,FALSE,2/20/08
12.064,43.959,1959,3,11,0,15,0,4.31,8.5,EMECv20191114,10014822,nan,TRUE,TRUE,TRUE,TRUE,TRUE,3/11/59
12.564,42.578,1960,7,18,4,7,0,4.53,8.5,EMECv20191114,10015141,nan,FALSE,FALSE,TRUE,TRUE,TRUE,7/18/60
11.257,43.773,1345,9,12,0,0,0,4.65,8.5,SERA_histv1.1,10000217,nan,TRUE,TRUE,TRUE,TRUE,TRUE,1345-09-12
12.01,43.868,1824,8,12,7,0,0,4.65,8.5,SERA_histv1.1,10003019,nan,TRUE,TRUE,TRUE,TRUE,TRUE,1824-08-12
13.188,43.167,1799,7,28,19,0,0,4.7,8.5,SERA_histv1.1,10002658,nan,TRUE,TRUE,TRUE,TRUE,TRUE,1799-07-28
13.808,41.505,1837,5,14,5,0,0,4.7,8.5,SERA_histv1.1,10003259,nan,TRUE,TRUE,TRUE,TRUE,TRUE,1837-05-14
13.6,41.983,1915,1,13,20,19,0,4.74,8.5,EMECv20191114,10007894,nan,FALSE,FALSE,FALSE,FALSE,FALSE,1/13/15
12.917,44.167,1916,8,15,7,35,0,5,8.5,EMECv20191114,10008182,nan,FALSE,FALSE,FALSE,FALSE,FALSE,8/15/16
12.955,43.073,1785,5,3,2,30,0,5.01,8.5,SERA_histv1.1,10002497,nan,TRUE,TRUE,TRUE,TRUE,TRUE,1785-05-03
14.026,42.019,1905,8,25,20,41,0,5.15,8.5,EMECv20191114,10006400,nan,TRUE,TRUE,TRUE,TRUE,TRUE,8/25/05
13.248,42.695,1627,7,1,0,0,0,5.34,8.5,SERA_histv1.1,10001054,nan,TRUE,TRUE,TRUE,TRUE,TRUE,1627-07-01
11.904,43.943,1768,10,19,23,0,0,5.96,8.5,SERA_histv1.1,10002209,nan,TRUE,TRUE,TRUE,TRUE,TRUE,1768-10-19
15.643,40.753,2003,2,3,11,24,40.95,3.51,8.4,EMECv20191114,10041707,8.4,FALSE,FALSE,FALSE,FALSE,FALSE,2/3/03
11.3315,44.875,2012,5,20,10,59,17.57,3.57,8.4,EMECv20191114,10057864,8.4,FALSE,FALSE,FALSE,FALSE,FALSE,5/20/12
6.667,44.517,1942,3,15,23,30,0,3.6,8.4,EMECv20191114,10011912,nan,TRUE,TRUE,TRUE,TRUE,TRUE,3/15/42
7.65,43.792,1854,12,29,3,30,0,3.61,8.4,SERA_histv1.1,10003630,nan,TRUE,TRUE,TRUE,TRUE,TRUE,1854-12-29
10.932,44.8687,2012,5,29,7,13,42.3,3.67,8.4,EMECv20191114,10057928,8.4,FALSE,FALSE,FALSE,FALSE,FALSE,5/29/12
12.5197,43.3772,2013,12,22,1,37,0.54,3.67,8.4,EMECv20191114,10059832,8.4,FALSE,FALSE,FALSE,FALSE,FALSE,12/22/13
6.517,45.458,1855,2,13,10,27,0,3.68,8.4,SERA_histv1.1,10003636,nan,TRUE,TRUE,TRUE,TRUE,TRUE,1855-02-13
16.0078,39.8783,2012,8,19,17,45,8.33,3.7,8.4,EMECv20191114,10058253,8.4,FALSE,TRUE,TRUE,TRUE,FALSE,8/19/12
15.9903,39.8593,2014,6,4,21,20,41.08,3.7,8.4,EMECv20191114,10060735,8.4,FALSE,FALSE,TRUE,TRUE,TRUE,6/4/14
11.343,44.494,1408,1,3,16,30,0,3.74,8.4,SERA_histv1.1,10000332,nan,TRUE,TRUE,TRUE,TRUE,TRUE,1408-01-03
10.915,43.933,1731,12,9,0,0,0,3.74,8.4,SERA_histv1.1,10001780,nan,TRUE,TRUE,TRUE,TRUE,TRUE,1731-12-09
10.434,44.655,1981,5,26,9,27,56,3.75,8.4,EMECv20191114,10023823,nan,TRUE,TRUE,TRUE,TRUE,TRUE,5/26/81
6.525,45.421,1865,3,27,1,0,0,3.83,8.4,SERA_histv1.1,10004010,nan,TRUE,TRUE,TRUE,TRUE,TRUE,1865-03-27
13.66,42.241,1991,5,5,6,33,35.68,3.86,8.4,EMECv20191114,10029460,8.4,TRUE,TRUE,TRUE,TRUE,FALSE,5/5/91
15.25,45.48,1896,9,26,0,21,0,3.87,8.4,SERA_histv1.1,10005385,8.4,TRUE,TRUE,TRUE,TRUE,TRUE,1896-09-26
13.34,42.11,2011,1,9,10,58,20.44,3.89,8.4,EMECv20191114,10055607,8.4,FALSE,FALSE,TRUE,TRUE,FALSE,1/9/11
11.2418,44.9127,2012,5,20,2,32,25.88,3.89,8.4,EMECv20191114,10057848,8.4,FALSE,FALSE,FALSE,FALSE,FALSE,5/20/12
11.006,44.906,2012,5,29,7,34,57.89,3.89,8.4,EMECv20191114,10057932,8.4,FALSE,FALSE,FALSE,FALSE,FALSE,5/29/12
7.1,45.138,1918,9,28,17,34,0,3.93,8.4,EMECv20191114,10008513,nan,TRUE,TRUE,TRUE,TRUE,TRUE,9/28/18
14.811,41.691,2002,11,2,6,21,44.82,3.96,8.4,EMECv20191114,10041434,8.4,FALSE,FALSE,FALSE,FALSE,FALSE,11/2/02
16.356,39.399,1991,3,30,3,4,58.52,4.01,8.4,EMECv20191114,10029270,8.4,TRUE,TRUE,TRUE,TRUE,TRUE,3/30/91
9.89,44.136,1955,4,11,15,24,0,4.07,8.4,EMECv20191114,10013937,nan,TRUE,TRUE,TRUE,TRUE,TRUE,4/11/55
12.856,42.515,1949,6,3,8,8,0,4.16,8.4,EMECv20191114,10012759,nan,FALSE,FALSE,TRUE,TRUE,TRUE,6/3/49
16.541,42.35,1988,4,26,1,55,34.09,4.17,8.4,EMECv20191114,10027619,8.4,FALSE,FALSE,FALSE,FALSE,FALSE,4/26/88
13.399,42.351,1466,12,20,11,0,0,4.2,8.4,SERA_histv1.1,10000431,nan,TRUE,TRUE,TRUE,TRUE,TRUE,1466-12-20
8.864,44.897,1780,8,1,0,0,0,4.2,8.4,SERA_histv1.1,10002404,nan,TRUE,TRUE,TRUE,TRUE,TRUE,1780-08-01
15.601,38.147,1851,4,11,6,0,0,4.2,8.4,SERA_histv1.1,10003522,nan,TRUE,TRUE,TRUE,TRUE,TRUE,1851-04-11
7.276,44.483,1959,11,4,5,3,25,4.28,8.4,EMECv20191114,10014954,nan,FALSE,TRUE,TRUE,TRUE,TRUE,11/4/59
10.786,43.99,1974,1,28,19,57,22,4.31,8.4,EMECv20191114,10020208,nan,FALSE,TRUE,TRUE,TRUE,TRUE,1/28/74
10.426,44.098,1988,2,8,11,24,46.14,4.34,8.4,EMECv20191114,10027548,8.4,TRUE,TRUE,TRUE,TRUE,TRUE,2/8/88
7.34,44.554,1994,1,20,6,59,13.49,4.34,8.4,EMECv20191114,10030998,8.4,TRUE,TRUE,TRUE,TRUE,TRUE,1/20/94
14.528,41.579,1907,3,20,13,28,0,4.38,8.4,EMECv20191114,10006629,nan,TRUE,TRUE,TRUE,TRUE,TRUE,3/20/07
13.4,43.7,1949,12,6,3,46,7,4.38,8.4,EMECv20191114,10012828,nan,TRUE,TRUE,TRUE,TRUE,TRUE,12/6/49
11.983,44.39,1969,1,10,16,17,32,4.38,8.4,EMECv20191114,10017843,nan,TRUE,TRUE,TRUE,TRUE,TRUE,1/10/69
11.716,43.774,1783,6,29,0,0,0,4.43,8.4,SERA_histv1.1,10002464,nan,TRUE,TRUE,TRUE,TRUE,TRUE,1783-06-29
14.469,41.484,1831,11,23,4,17,0,4.43,8.4,SERA_histv1.1,10003156,nan,TRUE,TRUE,TRUE,TRUE,TRUE,1831-11-23
7.668,43.93,1936,12,11,17,25,0,4.46,8.4,EMECv20191114,10011294,nan,TRUE,TRUE,TRUE,TRUE,TRUE,12/11/36
12.565,43.239,1984,4,30,22,39,52.48,4.48,8.4,EMECv20191114,10025693,8.4,FALSE,FALSE,TRUE,TRUE,TRUE,4/30/84
7.393,43.831,1818,2,24,11,0,0,4.51,8.4,SERA_histv1.1,10002929,nan,TRUE,TRUE,TRUE,TRUE,TRUE,1818-02-24
16.452,39.052,1883,7,25,9,50,0,4.52,8.4,SERA_histv1.1,10004680,nan,TRUE,TRUE,TRUE,TRUE,TRUE,1883-07-25
10.86,44.061,1779,12,24,17,0,0,4.6,8.4,SERA_histv1.1,10002391,nan,TRUE,TRUE,TRUE,TRUE,TRUE,1779-12-24
10.505,43.843,1306,7,1,0,0,0,4.65,8.4,SERA_histv1.1,10000179,nan,TRUE,TRUE,TRUE,TRUE,TRUE,1306-07-01
12.747,42.877,1689,4,1,0,0,0,4.65,8.4,SERA_histv1.1,10001424,nan,TRUE,TRUE,TRUE,TRUE,TRUE,1689-04-01
16.065,38.676,1953,2,25,0,7,46,4.88,8.4,EMECv20191114,10013333,nan,TRUE,TRUE,TRUE,TRUE,TRUE,2/25/53
10.724,44.136,1930,5,24,22,2,0,4.91,8.4,EMECv20191114,10010344,nan,TRUE,TRUE,TRUE,TRUE,FALSE,5/24/30
15.298,41.785,1937,7,17,17,11,0,4.96,8.4,EMECv20191114,10011342,nan,TRUE,TRUE,TRUE,TRUE,TRUE,7/17/37
12.715,42.532,1792,7,20,0,0,0,5.07,8.4,SERA_histv1.1,10002590,nan,TRUE,TRUE,TRUE,TRUE,TRUE,1792-07-20
12.855,43.052,1721,6,18,0,0,0,5.11,8.4,SERA_histv1.1,10001697,nan,TRUE,TRUE,TRUE,TRUE,TRUE,1721-06-18
7.849,43.855,1831,5,26,10,30,0,5.43,8.4,SERA_histv1.1,10003146,nan,TRUE,TRUE,TRUE,TRUE,TRUE,1831-05-26
13.399,42.351,1315,12,3,0,0,0,5.56,8.4,SERA_histv1.1,10000186,nan,TRUE,TRUE,TRUE,TRUE,TRUE,1315-12-03
15.555,38.185,1749,8,1,0,0,0,5.8,8.4,SERA_histv1.1,10001925,nan,TRUE,TRUE,TRUE,TRUE,TRUE,1749-08-01
14.989,41.12,1702,3,14,5,0,0,6.56,8.4,SERA_histv1.1,10001560,nan,TRUE,TRUE,TRUE,TRUE,TRUE,1702-03-14
15.117,46.252,1996,10,3,22,41,0.4,3.53,8.3,EMECv20191114,10034190,8.3,TRUE,TRUE,TRUE,TRUE,FALSE,10/3/96
11.2005,43.6097,2014,12,19,18,37,1.8,3.57,8.3,EMECv20191114,10061394,8.3,FALSE,FALSE,FALSE,FALSE,FALSE,12/19/14
12.1383,43.5435,2014,12,21,15,51,28.87,3.6,8.3,EMECv20191114,10061401,8.3,TRUE,TRUE,TRUE,FALSE,FALSE,12/21/14
12.841,42.517,1924,9,15,2,30,0,3.66,8.3,EMECv20191114,10009365,nan,TRUE,TRUE,TRUE,TRUE,FALSE,9/15/24
9.306,44.403,1934,7,6,17,15,0,3.69,8.3,EMECv20191114,10010964,nan,FALSE,FALSE,TRUE,TRUE,TRUE,7/6/34
11.2775,44.8523,2012,6,15,22,13,48.13,3.78,8.3,EMECv20191114,10058050,8.3,FALSE,FALSE,FALSE,FALSE,FALSE,6/15/12
12.5388,43.3657,2013,8,26,22,9,48.16,3.8,8.3,EMECv20191114,10059515,8.3,TRUE,TRUE,TRUE,TRUE,FALSE,8/26/13
14.283,46.4,1906,5,1,0,30,0,3.96,8.3,EMECv20191114,10006505,8.3,FALSE,FALSE,TRUE,TRUE,TRUE,5/1/06
14.417,46.417,1912,2,27,23,20,0,3.96,8.3,EMECv20191114,10007472,8.3,TRUE,TRUE,TRUE,TRUE,TRUE,2/27/12
12.769,42.982,1998,6,25,0,32,52.55,3.98,8.3,EMECv20191114,10036490,8.3,FALSE,FALSE,TRUE,FALSE,FALSE,6/25/98
13.319,42.366,2009,4,6,2,27,46.33,4.04,8.3,EMECv20191114,10053227,8.3,FALSE,FALSE,FALSE,FALSE,FALSE,4/6/09
13.823,41.49,1885,3,23,19,22,0,4.09,8.3,SERA_histv1.1,10004757,nan,TRUE,TRUE,TRUE,TRUE,TRUE,1885-03-23
15.627,38.126,1915,9,11,8,25,0,4.16,8.3,EMECv20191114,10008052,nan,TRUE,TRUE,TRUE,TRUE,TRUE,9/11/15
13.223,43.714,1943,7,31,4,37,0,4.16,8.3,EMECv20191114,10012105,nan,TRUE,TRUE,TRUE,TRUE,TRUE,7/31/43
10.921,44.89,2012,6,12,1,48,36.14,4.16,8.3,EMECv20191114,10058036,8.3,FALSE,FALSE,FALSE,FALSE,FALSE,6/12/12
12.789,43.057,1997,9,27,6,3,3.48,4.17,8.3,EMECv20191114,10035541,8.3,FALSE,FALSE,FALSE,FALSE,FALSE,9/27/97
11.351,44.833,2012,5,20,13,21,5.31,4.21,8.3,EMECv20191114,10057867,8.3,FALSE,FALSE,FALSE,FALSE,FALSE,5/20/12
15.25,45.63,1838,10,21,0,30,0,4.3,8.3,SERA_histv1.1,10003285,8.3,TRUE,TRUE,TRUE,TRUE,TRUE,1838-10-21
13.426,42.032,1904,3,3,18,55,44,4.32,8.3,EMECv20191114,10006166,nan,FALSE,FALSE,TRUE,TRUE,TRUE,3/3/04
16.102,39.869,2012,5,28,1,6,26.83,4.48,8.3,EMECv20191114,10057917,8.3,TRUE,TRUE,TRUE,TRUE,FALSE,5/28/12
13.444,38.104,1893,5,11,14,10,0,4.55,8.3,SERA_histv1.1,10005148,nan,TRUE,TRUE,TRUE,TRUE,TRUE,1893-05-11
12.581,43.132,1982,10,18,15,29,24,4.56,8.3,EMECv20191114,10024609,nan,FALSE,FALSE,TRUE,TRUE,TRUE,10/18/82
12.577,43.351,1694,1,1,0,0,0,4.65,8.3,SERA_histv1.1,10001478,nan,TRUE,TRUE,TRUE,TRUE,TRUE,1694-01-01
13.323,42.622,1963,7,21,11,9,0,4.71,8.3,EMECv20191114,10015733,nan,FALSE,TRUE,TRUE,TRUE,TRUE,7/21/63
11.833,43.9,1957,4,17,8,40,37,4.72,8.3,EMECv20191114,10014369,nan,TRUE,TRUE,TRUE,TRUE,TRUE,4/17/57
13.498,42.317,1958,6,24,6,7,0,5.04,8.3,EMECv20191114,10014672,nan,TRUE,TRUE,TRUE,TRUE,TRUE,6/24/58
11.62,44.835,1285,12,13,0,0,0,5.11,8.3,SERA_histv1.1,10000152,nan,TRUE,TRUE,TRUE,TRUE,TRUE,1285-12-13
11.506,44.004,1762,4,15,18,0,0,5.13,8.3,SERA_histv1.1,10002129,nan,TRUE,TRUE,TRUE,TRUE,TRUE,1762-04-15
13.466,41.841,1927,10,11,14,45,8,5.2,8.3,EMECv20191114,10009901,nan,TRUE,TRUE,TRUE,TRUE,TRUE,10/11/27
11.38,44.255,2003,9,14,21,42,53.18,5.24,8.3,EMECv20191114,10042678,8.3,TRUE,TRUE,TRUE,TRUE,FALSE,9/14/03
14.605,38.552,1892,3,16,12,38,0,5.25,8.3,SERA_histv1.1,10005073,nan,TRUE,TRUE,TRUE,TRUE,TRUE,1892-03-16
13.04,46.321,1979,8,14,18,58,57.52,3.51,8.2,EMECv20191114,10022773,8.2,FALSE,TRUE,TRUE,TRUE,FALSE,8/14/79
13.117,42.811,2007,8,16,0,29,42.77,3.57,8.2,EMECv20191114,10049644,8.2,TRUE,TRUE,TRUE,TRUE,FALSE,8/16/07
13.1225,42.698,2014,2,13,4,38,16.1,3.57,8.2,EMECv20191114,10060297,8.2,TRUE,TRUE,TRUE,TRUE,FALSE,2/13/14
12.905,43.335,1964,5,21,7,29,42,3.7,8.2,EMECv20191114,10015947,nan,TRUE,TRUE,TRUE,TRUE,TRUE,5/21/64
12.992,46.512,1782,12,10,0,0,0,3.74,8.2,SERA_histv1.1,10002443,nan,TRUE,TRUE,TRUE,TRUE,TRUE,1782-12-10
14,46,1898,2,2,14,0,0,3.87,8.2,SERA_histv1.1,10005556,8.2,TRUE,TRUE,TRUE,TRUE,TRUE,1898-02-02
12.2,46.779,1997,9,29,21,1,34.4,3.95,8.2,EMECv20191114,10035558,8.2,TRUE,TRUE,TRUE,TRUE,TRUE,9/29/97
13.733,43.514,2013,6,13,5,44,54.6,4.1,8.2,EMECv20191114,10059180,8.2,FALSE,TRUE,TRUE,TRUE,FALSE,6/13/13
11.856,43.934,2011,7,12,7,15,8.33,4.18,8.2,EMECv20191114,10056254,8.2,FALSE,FALSE,FALSE,FALSE,FALSE,7/12/11
13.306,46.506,1896,12,1,2,25,0,4.2,8.2,SERA_histv1.1,10005403,nan,TRUE,TRUE,TRUE,TRUE,TRUE,1896-12-01
11.258,44.058,1912,8,15,23,50,0,4.22,8.2,EMECv20191114,10007565,nan,TRUE,TRUE,TRUE,TRUE,TRUE,8/15/12
12.068,43.832,2002,1,3,3,45,29.18,4.25,8.2,EMECv20191114,10040545,8.2,FALSE,FALSE,TRUE,TRUE,FALSE,1/3/02
13.733,42.781,1900,8,10,4,28,13,4.28,8.2,EMECv20191114,10005760,nan,TRUE,TRUE,TRUE,TRUE,TRUE,8/10/00
12.778,43.105,1997,10,2,10,59,56.53,4.28,8.2,EMECv20191114,10035569,8.2,FALSE,FALSE,FALSE,FALSE,FALSE,10/2/97
12.826,43.036,1997,9,27,19,56,43.45,4.31,8.2,EMECv20191114,10035547,8.2,FALSE,FALSE,FALSE,FALSE,FALSE,9/27/97
13.21,46.277,1976,9,13,18,54,46.47,4.36,8.2,EMECv20191114,10021358,8.2,FALSE,FALSE,TRUE,FALSE,FALSE,9/13/76
11.62,44.835,1483,3,3,22,0,0,4.43,8.2,SERA_histv1.1,10000476,nan,TRUE,TRUE,TRUE,TRUE,TRUE,1483-03-03
13.068,43.135,1751,10,3,0,0,0,4.43,8.2,SERA_histv1.1,10001957,nan,TRUE,TRUE,TRUE,TRUE,TRUE,1751-10-03
12.568,44.059,1625,12,5,0,0,0,4.65,8.2,SERA_histv1.1,10001043,nan,TRUE,TRUE,TRUE,TRUE,TRUE,1625-12-05
10.872,44.797,1928,6,13,8,0,0,4.67,8.2,EMECv20191114,10010033,nan,TRUE,TRUE,TRUE,TRUE,TRUE,6/13/28
8.868,44.758,2003,4,11,9,26,57.78,4.81,8.2,EMECv20191114,10041887,8.2,TRUE,TRUE,TRUE,TRUE,TRUE,4/11/03
10.255,44.125,1939,10,15,14,5,0,4.96,8.2,EMECv20191114,10011578,nan,TRUE,TRUE,TRUE,TRUE,TRUE,10/15/39
11.589,44.168,1874,10,7,0,0,0,4.98,8.2,SERA_histv1.1,10004313,nan,TRUE,TRUE,TRUE,TRUE,TRUE,1874-10-07
14.9,45.95,1689,3,10,0,0,0,5.57,8.2,SERA_histv1.1,10001421,nan,TRUE,TRUE,TRUE,TRUE,TRUE,1689-03-10
11.933,43.917,1918,11,10,15,12,28,5.96,8.2,EMECv20191114,10008525,nan,TRUE,TRUE,TRUE,TRUE,FALSE,11/10/18
13.942,41.554,1349,9,9,0,0,0,6.82,8.2,SERA_histv1.1,10000229,nan,TRUE,TRUE,TRUE,TRUE,TRUE,1349-09-09
11.234,44.8613,2012,5,21,18,35,34.01,3.57,8.1,EMECv20191114,10057878,8.1,FALSE,FALSE,FALSE,FALSE,FALSE,5/21/12
14.002,41.985,2009,3,29,8,43,7.94,3.7,8.1,EMECv20191114,10053187,8.1,FALSE,FALSE,TRUE,TRUE,TRUE,3/29/09
14.033,46.208,2005,1,14,8,5,18,3.75,8.1,EMECv20191114,10044565,nan,FALSE,FALSE,FALSE,FALSE,FALSE,1/14/05
13.184,42.68,1910,12,22,17,18,0,3.93,8.1,EMECv20191114,10007245,nan,FALSE,FALSE,TRUE,TRUE,TRUE,12/22/10
13.75,46.5,1957,8,2,22,24,0,3.95,8.1,EMECv20191114,10014448,8.1,TRUE,TRUE,TRUE,TRUE,TRUE,8/2/57
13.73,46.35,1975,6,18,15,38,23.8,3.95,8.1,EMECv20191114,10020791,8.1,FALSE,TRUE,TRUE,TRUE,TRUE,6/18/75
12.425,43.468,2010,4,15,1,47,36.45,4.02,8.1,EMECv20191114,10054738,8.1,TRUE,TRUE,TRUE,TRUE,FALSE,4/15/10
14.3,46.4,1951,6,10,15,38,4,4.05,8.1,EMECv20191114,10013059,nan,TRUE,TRUE,TRUE,TRUE,TRUE,6/10/51
13.801,41.5,1883,4,28,0,0,0,4.2,8.1,SERA_histv1.1,10004672,nan,TRUE,TRUE,TRUE,TRUE,TRUE,1883-04-28
10.139,44.731,1969,6,24,13,25,18,4.21,8.1,EMECv20191114,10018136,nan,TRUE,TRUE,TRUE,TRUE,TRUE,6/24/69
10.136,44.131,2013,6,21,12,12,39.66,4.3,8.1,EMECv20191114,10059276,8.1,FALSE,FALSE,TRUE,TRUE,FALSE,6/21/13
12.994,46.394,1928,11,16,3,17,15,4.36,8.1,EMECv20191114,10010089,nan,FALSE,FALSE,TRUE,TRUE,TRUE,11/16/28
13.191,46.323,1976,9,15,4,58,43.07,4.4,8.1,EMECv20191114,10021361,8.1,FALSE,FALSE,FALSE,FALSE,FALSE,9/15/76
13.245,43.522,1617,3,23,0,0,0,4.43,8.1,SERA_histv1.1,10000999,nan,TRUE,TRUE,TRUE,TRUE,TRUE,1617-03-23
11.074,44.213,1830,1,26,4,30,0,4.54,8.1,SERA_histv1.1,10003122,nan,TRUE,TRUE,TRUE,TRUE,TRUE,1830-01-26
14.84,46.5,1837,6,21,10,0,0,4.72,8.1,SERA_histv1.1,10003261,8.1,TRUE,TRUE,TRUE,TRUE,TRUE,1837-06-21
14.1,38.439,1981,6,22,9,36,17.48,4.77,8.1,EMECv20191114,10023867,8.1,FALSE,TRUE,TRUE,TRUE,TRUE,6/22/81
13.696,41.905,1980,6,14,20,56,50,4.96,8.1,EMECv20191114,10023148,nan,TRUE,TRUE,TRUE,TRUE,TRUE,6/14/80
14.458,46.055,1897,7,15,5,53,0,5.07,8.1,SERA_histv1.1,10005482,nan,TRUE,TRUE,TRUE,TRUE,TRUE,1897-07-15
12.314,43.285,1865,9,21,20,50,0,5.11,8.1,SERA_histv1.1,10004019,nan,TRUE,TRUE,TRUE,TRUE,TRUE,1865-09-21
11.202,44.496,1929,4,19,4,16,0,5.13,8.1,EMECv20191114,10010170,nan,FALSE,FALSE,FALSE,FALSE,FALSE,4/19/29
11.065,44.841,2012,5,29,7,0,2.88,5.9,8.1,EMECv20191114,10057922,8.1,FALSE,FALSE,FALSE,FALSE,FALSE,5/29/12
9.067,47.033,1673,2,13,0,0,0,3.5,8,SERA_histv1.1,10001338,nan,TRUE,TRUE,TRUE,TRUE,TRUE,1673-02-13
9.067,47.033,1682,5,7,0,0,0,3.5,8,SERA_histv1.1,10001385,nan,TRUE,TRUE,TRUE,TRUE,TRUE,1682-05-07
9.4,46.583,1863,11,24,3,35,0,3.5,8,SERA_histv1.1,10003986,nan,TRUE,TRUE,TRUE,TRUE,TRUE,1863-11-24
9.8,46.833,1886,9,8,22,27,0,3.5,8,SERA_histv1.1,10004838,nan,TRUE,TRUE,TRUE,TRUE,TRUE,1886-09-08
7.067,46.283,1896,7,8,1,27,0,3.5,8,SERA_histv1.1,10005367,nan,TRUE,TRUE,TRUE,TRUE,TRUE,1896-07-08
9.167,46.917,1900,10,26,6,0,0,3.5,8,EMECv20191114,10005776,nan,FALSE,TRUE,TRUE,TRUE,TRUE,10/26/00
9.45,46.733,1914,4,8,3,34,0,3.5,8,EMECv20191114,10007762,nan,FALSE,FALSE,TRUE,TRUE,TRUE,4/8/14
7.067,46.117,1914,11,29,3,21,0,3.5,8,EMECv20191114,10007871,nan,TRUE,TRUE,TRUE,TRUE,TRUE,11/29/14
7.5,46.283,1915,10,23,8,31,23,3.5,8,EMECv20191114,10008076,nan,FALSE,FALSE,TRUE,TRUE,TRUE,10/23/15
7.5,46.3,1915,10,24,7,49,0,3.5,8,EMECv20191114,10008077,nan,FALSE,FALSE,FALSE,FALSE,FALSE,10/24/15
8.233,46.883,1917,2,10,18,55,0,3.5,8,EMECv20191114,10008278,nan,FALSE,FALSE,TRUE,TRUE,TRUE,2/10/17
8.25,46.883,1917,6,13,21,14,0,3.5,8,EMECv20191114,10008337,nan,FALSE,FALSE,TRUE,TRUE,TRUE,6/13/17
7.633,46.183,1918,2,2,22,43,51,3.5,8,EMECv20191114,10008430,nan,TRUE,TRUE,TRUE,TRUE,TRUE,2/2/18
7.2,45.95,1918,10,21,20,21,0,3.5,8,EMECv20191114,10008521,nan,TRUE,TRUE,TRUE,TRUE,TRUE,10/21/18
7.917,46.65,1919,2,17,16,50,0,3.5,8,EMECv20191114,10008561,nan,FALSE,FALSE,TRUE,TRUE,TRUE,2/17/19
7.917,46.65,1919,2,19,4,34,0,3.5,8,EMECv20191114,10008562,nan,TRUE,TRUE,TRUE,TRUE,TRUE,2/19/19
9.95,46.45,1919,9,15,2,2,1,3.5,8,EMECv20191114,10008618,nan,FALSE,FALSE,FALSE,FALSE,FALSE,9/15/19
7.067,46.283,1919,11,16,22,0,0,3.5,8,EMECv20191114,10008667,nan,FALSE,FALSE,TRUE,TRUE,TRUE,11/16/19
9.983,46.617,1923,10,30,15,35,0,3.5,8,EMECv20191114,10009238,nan,FALSE,FALSE,TRUE,TRUE,TRUE,10/30/23
10.217,46.667,1929,10,12,9,57,0,3.5,8,EMECv20191114,10010242,nan,FALSE,FALSE,FALSE,FALSE,FALSE,10/12/29
7.417,46.25,1929,12,21,2,25,0,3.5,8,EMECv20191114,10010264,nan,TRUE,TRUE,TRUE,TRUE,TRUE,12/21/29
7.45,46.417,1949,10,5,16,6,0,3.5,8,EMECv20191114,10012804,nan,TRUE,TRUE,TRUE,TRUE,TRUE,10/5/49
7.5,46.45,1951,8,1,9,55,38,3.5,8,EMECv20191114,10013070,8,FALSE,FALSE,TRUE,TRUE,TRUE,8/1/51
7.433,46.283,1952,5,9,8,9,0,3.5,8,EMECv20191114,10013192,nan,FALSE,FALSE,TRUE,TRUE,TRUE,5/9/52
7.583,46.383,1954,8,2,9,58,0,3.5,8,EMECv20191114,10013752,nan,FALSE,FALSE,TRUE,TRUE,TRUE,8/2/54
7.583,46.383,1954,8,3,3,15,0,3.5,8,EMECv20191114,10013754,nan,FALSE,FALSE,FALSE,FALSE,FALSE,8/3/54
7.417,46.367,1954,9,6,7,37,35,3.5,8,EMECv20191114,10013780,nan,FALSE,FALSE,TRUE,TRUE,TRUE,9/6/54
7.367,46.333,1954,9,24,5,13,0,3.5,8,EMECv20191114,10013797,nan,FALSE,FALSE,FALSE,FALSE,FALSE,9/24/54
7.25,46.317,1955,6,26,17,17,0,3.5,8,EMECv20191114,10013985,nan,FALSE,TRUE,TRUE,TRUE,TRUE,6/26/55
7.267,46.367,1955,7,3,7,14,0,3.5,8,EMECv20191114,10013990,nan,FALSE,FALSE,TRUE,TRUE,TRUE,7/3/55
5.833,45.133,1961,3,3,0,52,27,3.5,8,EMECv20191114,10015247,nan,TRUE,TRUE,TRUE,TRUE,TRUE,3/3/61
7.8,46.3,1965,10,13,16,17,56,3.5,8,EMECv20191114,10016387,nan,FALSE,FALSE,TRUE,TRUE,TRUE,10/13/65
8.817,46.95,1966,2,12,23,42,46,3.5,8,EMECv20191114,10016495,nan,TRUE,TRUE,TRUE,TRUE,TRUE,2/12/66
20.73,40.75,2012,6,18,8,16,26.64,3.51,8,EMECv20191114,10058063,8,TRUE,TRUE,TRUE,FALSE,FALSE,6/18/12
19.5,41.49,2014,3,30,0,2,14.18,3.51,8,EMECv20191114,10060481,8,FALSE,FALSE,TRUE,FALSE,FALSE,3/30/14
18.85,42.17,1979,5,25,7,22,3.6,3.53,8,EMECv20191114,10022616,8,FALSE,FALSE,FALSE,FALSE,FALSE,5/25/79
18.86,42.1,1979,5,27,14,47,34,3.53,8,EMECv20191114,10022624,8,FALSE,FALSE,FALSE,FALSE,FALSE,5/27/79
18.73,42.24,1979,6,15,9,41,24,3.53,8,EMECv20191114,10022669,8,FALSE,FALSE,FALSE,FALSE,FALSE,6/15/79
17.808,42.754,1997,1,10,10,24,50.3,3.53,8,EMECv20191114,10034685,nan,FALSE,FALSE,TRUE,FALSE,FALSE,1/10/97
17.851,42.998,1995,1,1,15,6,41.2,3.55,8,EMECv20191114,10031636,8,FALSE,TRUE,TRUE,TRUE,FALSE,1/1/95
17.817,43.007,1997,1,22,2,14,31,3.55,8,EMECv20191114,10034729,8,FALSE,FALSE,TRUE,FALSE,FALSE,1/22/97
19.5935,40.1443,2005,2,11,3,42,57.7,3.55,8,EMECv20191114,10044702,8,FALSE,FALSE,TRUE,FALSE,FALSE,2/11/05
19.8578,40.2647,2005,10,14,5,42,19.7,3.55,8,EMECv20191114,10045833,8,FALSE,FALSE,TRUE,FALSE,FALSE,10/14/05
19.7253,40.7987,2006,2,19,14,58,13.1,3.55,8,EMECv20191114,10046586,8,FALSE,FALSE,TRUE,FALSE,FALSE,2/19/06
19.7391,40.1509,2006,8,8,23,29,26,3.55,8,EMECv20191114,10047408,8,FALSE,FALSE,FALSE,FALSE,FALSE,8/8/06
20.5564,40.163,2007,9,6,14,45,29,3.55,8,EMECv20191114,10049773,8,FALSE,TRUE,TRUE,FALSE,FALSE,9/6/07
19.241,40.4686,2007,9,7,2,29,35.5,3.55,8,EMECv20191114,10049777,8,FALSE,TRUE,TRUE,FALSE,FALSE,9/7/07
17.8498,43.1491,2008,2,9,8,47,53.3,3.55,8,EMECv20191114,10050699,8,FALSE,TRUE,TRUE,TRUE,FALSE,2/9/08
19.597,41.2803,2009,3,6,22,59,28.6,3.55,8,EMECv20191114,10053116,8,FALSE,FALSE,TRUE,FALSE,FALSE,3/6/09
14.3,45.633,1959,5,7,22,44,18,3.62,8,EMECv20191114,10014857,8,TRUE,TRUE,TRUE,TRUE,TRUE,5/7/59
19.25,41.87,1979,5,28,23,17,37.9,3.62,8,EMECv20191114,10022628,8,FALSE,FALSE,FALSE,FALSE,FALSE,5/28/79
7.388,46.328,1989,9,30,4,41,2.1,3.62,8,EMECv20191114,10028452,8,TRUE,TRUE,TRUE,TRUE,TRUE,9/30/89
10.146,47.2,2000,6,3,15,14,11,3.64,8,EMECv20191114,10038678,nan,TRUE,TRUE,TRUE,TRUE,TRUE,6/3/00
18.9662,42.2521,1979,5,25,0,3,6.3,3.65,8,EMECv20191114,10022611,8,FALSE,FALSE,FALSE,FALSE,FALSE,5/25/79
19.8335,40.1138,2004,8,6,14,31,47.6,3.65,8,EMECv20191114,10043900,8,TRUE,TRUE,TRUE,FALSE,FALSE,8/6/04
19.7883,40.1473,2007,11,14,14,30,50,3.65,8,EMECv20191114,10050183,8,FALSE,FALSE,TRUE,FALSE,FALSE,11/14/07
19.1836,41.9141,2008,1,20,21,18,39.6,3.65,8,EMECv20191114,10050583,8,TRUE,TRUE,TRUE,TRUE,FALSE,1/20/08
15.669,40.751,2003,2,3,12,18,45.85,3.66,8,EMECv20191114,10041708,8,TRUE,TRUE,TRUE,TRUE,FALSE,2/3/03
12.01,47.49,2003,10,29,7,15,29,3.67,8,EMECv20191114,10042809,nan,TRUE,TRUE,TRUE,TRUE,TRUE,10/29/03
11.984,43.883,2011,6,4,16,12,4.03,3.67,8,EMECv20191114,10056113,8,FALSE,FALSE,TRUE,TRUE,FALSE,6/4/11
11.2373,44.8487,2012,6,15,8,59,44.09,3.67,8,EMECv20191114,10058049,8,FALSE,FALSE,FALSE,FALSE,FALSE,6/15/12
10.49,47.31,1899,5,30,7,0,0,3.7,8,SERA_histv1.1,10005655,8,TRUE,TRUE,TRUE,TRUE,TRUE,1899-05-30
10.44,47.29,1899,6,3,3,58,0,3.7,8,SERA_histv1.1,10005657,8,TRUE,TRUE,TRUE,TRUE,TRUE,1899-06-03
14.4,47.23,1904,11,30,11,6,0,3.7,8,EMECv20191114,10006290,8,TRUE,TRUE,TRUE,TRUE,TRUE,11/30/04
13.22,47.41,1904,12,8,0,57,0,3.7,8,EMECv20191114,10006296,8,TRUE,TRUE,TRUE,TRUE,TRUE,12/8/04
14.38,46.99,1908,5,12,5,9,0,3.7,8,EMECv20191114,10006774,8,TRUE,TRUE,TRUE,TRUE,TRUE,5/12/08
12.54,47,1908,12,18,5,6,0,3.7,8,EMECv20191114,10006868,8,TRUE,TRUE,TRUE,TRUE,TRUE,12/18/08
13.22,47.41,1909,9,22,16,25,0,3.7,8,EMECv20191114,10007054,8,TRUE,TRUE,TRUE,TRUE,TRUE,9/22/09
9.693,45.052,1912,10,1,18,10,0,3.7,8,EMECv20191114,10007577,nan,TRUE,TRUE,TRUE,TRUE,TRUE,10/1/12
12.57,47.53,1921,7,28,2,35,0,3.7,8,EMECv20191114,10008914,8,TRUE,TRUE,TRUE,TRUE,TRUE,7/28/21
12.53,47.29,1921,12,13,6,30,0,3.7,8,EMECv20191114,10008973,8,FALSE,FALSE,TRUE,TRUE,TRUE,12/13/21
12.76,47.44,1932,10,21,18,43,0,3.7,8,EMECv20191114,10010757,8,TRUE,TRUE,TRUE,TRUE,TRUE,10/21/32
14.45,47.2,1932,11,15,16,28,0,3.7,8,EMECv20191114,10010766,8,TRUE,TRUE,TRUE,TRUE,TRUE,11/15/32
14.71,47.07,1950,10,18,18,20,0,3.7,8,EMECv20191114,10012960,8,FALSE,FALSE,TRUE,TRUE,TRUE,10/18/50
14.71,47.07,1950,10,18,21,35,0,3.7,8,EMECv20191114,10012961,8,FALSE,FALSE,FALSE,FALSE,FALSE,10/18/50
14.7,47.07,1956,6,10,13,49,0,3.7,8,EMECv20191114,10014182,8,TRUE,TRUE,TRUE,TRUE,TRUE,6/10/56
13.31,47.42,1961,7,26,12,1,0,3.7,8,EMECv20191114,10015298,8,TRUE,TRUE,TRUE,TRUE,TRUE,7/26/61
10.56,47.38,1961,8,25,12,22,0,3.7,8,EMECv20191114,10015312,8,TRUE,TRUE,TRUE,TRUE,TRUE,8/25/61
5.77,45.04,1999,1,11,3,36,36.5,3.7,8,EMECv20191114,10036976,nan,TRUE,TRUE,TRUE,TRUE,TRUE,1/11/99
9.447,46.759,2008,1,21,16,40,35,3.7,8,EMECv20191114,10050586,8,TRUE,TRUE,TRUE,TRUE,TRUE,1/21/08
15.1518,40.4413,2014,1,22,22,44,10.92,3.7,8,EMECv20191114,10059915,8,TRUE,TRUE,TRUE,TRUE,TRUE,1/22/14
17.002,43.127,1962,1,12,17,38,53.4,3.72,8,EMECv20191114,10015384,8,FALSE,FALSE,FALSE,FALSE,FALSE,1/12/62
10.16,47.14,1994,3,31,9,41,40.5,3.72,8,EMECv20191114,10031130,8,TRUE,TRUE,TRUE,TRUE,TRUE,3/31/94
19.299,42.083,1982,3,15,12,43,13.1,3.74,8,EMECv20191114,10024291,8,FALSE,FALSE,TRUE,TRUE,FALSE,3/15/82
19.692,40.0872,2000,9,10,15,8,59.7,3.74,8,EMECv20191114,10039044,8,TRUE,TRUE,TRUE,TRUE,FALSE,9/10/00
19.6449,40.5663,2005,6,11,4,20,59.1,3.74,8,EMECv20191114,10045349,8,FALSE,FALSE,TRUE,FALSE,FALSE,6/11/05
19.8966,40.4004,2009,11,11,3,43,33.2,3.74,8,EMECv20191114,10054137,8,FALSE,TRUE,TRUE,FALSE,FALSE,11/11/09
6.967,46.317,1584,3,13,0,0,0,3.79,8,SERA_histv1.1,10000848,nan,TRUE,TRUE,TRUE,TRUE,TRUE,1584-03-13
9.172,46.96,1773,12,8,11,0,0,3.79,8,SERA_histv1.1,10002289,nan,TRUE,TRUE,TRUE,TRUE,TRUE,1773-12-08
9.172,46.96,1773,12,13,0,0,0,3.79,8,SERA_histv1.1,10002290,nan,TRUE,TRUE,TRUE,TRUE,TRUE,1773-12-13
8.64,46.88,1774,9,25,0,0,0,3.79,8,SERA_histv1.1,10002308,nan,TRUE,TRUE,TRUE,TRUE,TRUE,1774-09-25
9.853,46.515,1809,8,14,15,0,0,3.79,8,SERA_histv1.1,10002797,nan,TRUE,TRUE,TRUE,TRUE,TRUE,1809-08-14
9.066,47.042,1823,5,14,0,0,0,3.79,8,SERA_histv1.1,10002996,nan,TRUE,TRUE,TRUE,TRUE,TRUE,1823-05-14
7.852,46.237,1855,8,8,20,0,0,3.79,8,SERA_histv1.1,10003658,nan,TRUE,TRUE,TRUE,TRUE,TRUE,1855-08-08
7.852,46.237,1855,8,10,22,0,0,3.79,8,SERA_histv1.1,10003660,nan,TRUE,TRUE,TRUE,TRUE,TRUE,1855-08-10
7.881,46.292,1855,8,12,6,30,0,3.79,8,SERA_histv1.1,10003664,nan,TRUE,TRUE,TRUE,TRUE,TRUE,1855-08-12
7.867,46.265,1855,8,12,0,0,0,3.79,8,SERA_histv1.1,10003666,nan,TRUE,TRUE,TRUE,TRUE,TRUE,1855-08-12
7.881,46.292,1855,8,14,4,0,0,3.79,8,SERA_histv1.1,10003670,nan,TRUE,TRUE,TRUE,TRUE,TRUE,1855-08-14
7.852,46.237,1855,8,25,10,0,0,3.79,8,SERA_histv1.1,10003676,nan,TRUE,TRUE,TRUE,TRUE,TRUE,1855-08-25
7.852,46.237,1855,10,9,21,0,0,3.79,8,SERA_histv1.1,10003690,nan,TRUE,TRUE,TRUE,TRUE,TRUE,1855-10-09
7.852,46.237,1855,10,21,20,0,0,3.79,8,SERA_histv1.1,10003694,nan,TRUE,TRUE,TRUE,TRUE,TRUE,1855-10-21
7.764,46.101,1855,10,27,20,0,0,3.79,8,SERA_histv1.1,10003697,nan,TRUE,TRUE,TRUE,TRUE,TRUE,1855-10-27
7.867,46.265,1855,10,30,23,0,0,3.79,8,SERA_histv1.1,10003699,nan,TRUE,TRUE,TRUE,TRUE,TRUE,1855-10-30
7.852,46.237,1855,11,23,0,0,0,3.79,8,SERA_histv1.1,10003715,nan,TRUE,TRUE,TRUE,TRUE,TRUE,1855-11-23
7.867,46.265,1855,12,9,0,0,0,3.79,8,SERA_histv1.1,10003723,nan,TRUE,TRUE,TRUE,TRUE,TRUE,1855-12-09
7.852,46.237,1855,12,31,0,0,0,3.79,8,SERA_histv1.1,10003734,nan,TRUE,TRUE,TRUE,TRUE,TRUE,1855-12-31
7.799,46.285,1856,3,15,0,0,0,3.79,8,SERA_histv1.1,10003743,nan,TRUE,TRUE,TRUE,TRUE,TRUE,1856-03-15
7.799,46.285,1856,4,4,11,0,0,3.79,8,SERA_histv1.1,10003746,nan,TRUE,TRUE,TRUE,TRUE,TRUE,1856-04-04
7.083,46.583,1857,2,6,9,10,0,3.79,8,SERA_histv1.1,10003775,nan,TRUE,TRUE,TRUE,TRUE,TRUE,1857-02-06
6.017,45.433,1873,5,1,0,0,0,3.79,8,SERA_histv1.1,10004272,nan,TRUE,TRUE,TRUE,TRUE,TRUE,1873-05-01
10.057,46.326,1874,4,4,0,0,0,3.79,8,SERA_histv1.1,10004304,nan,TRUE,TRUE,TRUE,TRUE,TRUE,1874-04-04
6.53,46.07,1984,5,3,8,56,51.4,3.8,8,EMECv20191114,10025699,nan,TRUE,TRUE,TRUE,TRUE,TRUE,5/3/84
16.78,43.23,1940,7,22,12,30,17,3.81,8,EMECv20191114,10011670,8,FALSE,FALSE,TRUE,TRUE,TRUE,7/22/40
19.3,42.2,1961,12,12,4,36,43,3.81,8,EMECv20191114,10015354,8,TRUE,TRUE,TRUE,TRUE,TRUE,12/12/61
19.012,42.286,1979,8,31,18,6,35.2,3.83,8,EMECv20191114,10022789,8,FALSE,FALSE,TRUE,FALSE,FALSE,8/31/79
19.8994,40.1305,2007,10,12,23,30,44.9,3.83,8,EMECv20191114,10049995,8,TRUE,TRUE,TRUE,FALSE,FALSE,10/12/07
9.717,46.617,1586,10,31,0,0,0,3.9,8,SERA_histv1.1,10000856,nan,TRUE,TRUE,TRUE,TRUE,TRUE,1586-10-31
9.433,46.7,1607,1,27,2,0,0,3.9,8,SERA_histv1.1,10000955,nan,TRUE,TRUE,TRUE,TRUE,TRUE,1607-01-27
8.217,46.417,1746,10,28,0,0,0,3.9,8,SERA_histv1.1,10001909,nan,TRUE,TRUE,TRUE,TRUE,TRUE,1746-10-28
7.433,46.083,1828,5,12,23,30,0,3.9,8,SERA_histv1.1,10003074,nan,TRUE,TRUE,TRUE,TRUE,TRUE,1828-05-12
6.9,46.45,1829,10,15,0,0,0,3.9,8,SERA_histv1.1,10003115,nan,TRUE,TRUE,TRUE,TRUE,TRUE,1829-10-15
6.95,46.383,1880,5,7,20,5,0,3.9,8,SERA_histv1.1,10004521,nan,TRUE,TRUE,TRUE,TRUE,TRUE,1880-05-07
9.1,47,1889,4,26,21,35,0,3.9,8,SERA_histv1.1,10004961,nan,TRUE,TRUE,TRUE,TRUE,TRUE,1889-04-26
8.283,46.367,1895,12,4,2,0,0,3.9,8,SERA_histv1.1,10005322,nan,TRUE,TRUE,TRUE,TRUE,TRUE,1895-12-04
8.55,46.85,1915,2,14,12,43,15,3.9,8,EMECv20191114,10007918,nan,TRUE,TRUE,TRUE,TRUE,TRUE,2/14/15
9.1,47,1917,2,26,19,55,40,3.9,8,EMECv20191114,10008294,nan,FALSE,TRUE,TRUE,TRUE,TRUE,2/26/17
7.5,46.3,1920,3,30,1,4,14,3.9,8,EMECv20191114,10008716,nan,FALSE,FALSE,TRUE,TRUE,TRUE,3/30/20
7.5,46.167,1966,2,23,13,47,6,3.9,8,EMECv20191114,10016502,nan,FALSE,TRUE,TRUE,TRUE,TRUE,2/23/66
7.32,46.32,1966,12,12,7,36,36,3.9,8,EMECv20191114,10016841,nan,TRUE,TRUE,TRUE,TRUE,TRUE,12/12/66
7.37,46.57,1974,1,19,2,50,49,3.9,8,EMECv20191114,10020198,nan,TRUE,TRUE,TRUE,TRUE,TRUE,1/19/74
20.62,40.77,2007,5,25,9,17,37,3.9,8,EMECv20191114,10049038,8,TRUE,TRUE,TRUE,FALSE,FALSE,5/25/07
20.217,41.233,1997,7,20,5,25,27.8,3.91,8,EMECv20191114,10035328,8,FALSE,FALSE,TRUE,TRUE,FALSE,7/20/97
19.7367,40.0942,2006,8,16,22,36,7.3,3.93,8,EMECv20191114,10047458,8,FALSE,FALSE,FALSE,FALSE,FALSE,8/16/06
20.228,41.389,2010,2,12,7,23,36.5,3.93,8,EMECv20191114,10054515,8,FALSE,FALSE,TRUE,FALSE,FALSE,2/12/10
12.9,47.7,1390,10,16,0,0,0,3.95,8,SERA_histv1.1,10000295,nan,TRUE,TRUE,TRUE,TRUE,TRUE,1390-10-16
12.17,47.58,1898,5,12,16,10,0,3.95,8,SERA_histv1.1,10005585,8,TRUE,TRUE,TRUE,TRUE,TRUE,1898-05-12
7.881,46.292,1855,11,7,0,0,0,3.96,8,SERA_histv1.1,10003703,nan,TRUE,TRUE,TRUE,TRUE,TRUE,1855-11-07
19.1,42.3,1969,8,9,17,1,4,4.01,8,EMECv20191114,10018182,8,FALSE,FALSE,TRUE,TRUE,FALSE,8/9/69
19.6766,40.0886,2001,6,14,23,4,8.3,4.02,8,EMECv20191114,10039853,8,TRUE,FALSE,TRUE,TRUE,FALSE,6/14/01
19.6703,40.7745,2004,5,20,17,15,28.1,4.02,8,EMECv20191114,10043488,8,TRUE,TRUE,TRUE,FALSE,FALSE,5/20/04
20.5628,41.2654,2009,3,9,23,58,33.6,4.02,8,EMECv20191114,10053125,8,FALSE,TRUE,TRUE,FALSE,FALSE,3/9/09
14.775,46.193,2012,12,3,4,36,0,4.02,8,EMECv20191114,10058597,8,TRUE,TRUE,TRUE,TRUE,TRUE,12/3/12
11.027,44.89,2012,5,29,14,39,40.28,4.03,8,EMECv20191114,10057957,8,FALSE,FALSE,FALSE,FALSE,FALSE,5/29/12
8.238,46.868,1777,3,25,0,0,0,4.04,8,SERA_histv1.1,10002335,nan,TRUE,TRUE,TRUE,TRUE,TRUE,1777-03-25
13.38,47.46,1930,5,18,4,14,0,4.08,8,EMECv20191114,10010337,8,TRUE,TRUE,TRUE,TRUE,TRUE,5/18/30
12.8,46.7,1933,12,27,4,44,0,4.08,8,EMECv20191114,10010917,8,TRUE,TRUE,TRUE,TRUE,TRUE,12/27/33
14.74,47.01,1950,10,24,11,48,0,4.08,8,EMECv20191114,10012964,8,TRUE,TRUE,TRUE,TRUE,TRUE,10/24/50
14.66,47.12,1981,1,31,12,49,37,4.08,8,EMECv20191114,10023575,8,TRUE,TRUE,TRUE,TRUE,TRUE,1/31/81
15.03,45.87,1898,2,12,18,30,0,4.09,8,SERA_histv1.1,10005561,8,TRUE,TRUE,TRUE,TRUE,TRUE,1898-02-12
14.5,46.2,1898,12,3,16,35,0,4.09,8,SERA_histv1.1,10005621,8,TRUE,TRUE,TRUE,TRUE,TRUE,1898-12-03
14.19,46.29,1898,12,7,0,0,0,4.09,8,SERA_histv1.1,10005622,8,TRUE,TRUE,TRUE,TRUE,TRUE,1898-12-07
18.83,42.1,1979,6,4,2,51,42.7,4.1,8,EMECv20191114,10022646,8,FALSE,FALSE,FALSE,FALSE,FALSE,6/4/79
19.7,40.12,2006,8,18,10,12,35,4.1,8,EMECv20191114,10047470,8,FALSE,FALSE,FALSE,FALSE,FALSE,8/18/06
17.7782,42.7154,2006,4,18,19,19,0,4.11,8,EMECv20191114,10046901,8,TRUE,TRUE,TRUE,TRUE,FALSE,4/18/06
19.7087,40.0891,2006,8,9,12,12,30.4,4.11,8,EMECv20191114,10047415,8,FALSE,FALSE,FALSE,FALSE,FALSE,8/9/06
20.275,41.2515,2008,10,24,20,52,18.7,4.11,8,EMECv20191114,10052655,8,FALSE,FALSE,TRUE,FALSE,FALSE,10/24/08
15.731,40.65,1966,10,4,4,51,51,4.16,8,EMECv20191114,10016800,nan,TRUE,TRUE,TRUE,TRUE,TRUE,10/4/66
18.1,42.9,1927,2,14,8,50,0,4.18,8,EMECv20191114,10009772,nan,FALSE,FALSE,FALSE,FALSE,FALSE,2/14/27
11.033,44.893,2012,5,29,11,7,4.63,4.18,8,EMECv20191114,10057954,8,FALSE,FALSE,FALSE,FALSE,FALSE,5/29/12
12.963,42.401,2007,10,21,3,55,36.43,4.19,8,EMECv20191114,10050028,8,TRUE,TRUE,TRUE,TRUE,FALSE,10/21/07
15.181,41.228,1853,6,9,0,0,0,4.2,8,SERA_histv1.1,10003597,nan,TRUE,TRUE,TRUE,TRUE,TRUE,1853-06-09
11.43333,47.28333,1902,6,19,9,23,56,4.2,8,EMECv20191114,10005954,nan,TRUE,TRUE,TRUE,TRUE,TRUE,6/19/02
8.3,46.87,1964,3,11,19,19,8,4.2,8,EMECv20191114,10015879,nan,FALSE,FALSE,TRUE,TRUE,TRUE,3/11/64
19.2,42.3,1969,8,9,16,25,36,4.2,8,EMECv20191114,10018181,8,TRUE,TRUE,TRUE,TRUE,FALSE,8/9/69
13.823,41.49,1895,3,25,21,15,0,4.25,8,SERA_histv1.1,10005259,nan,TRUE,TRUE,TRUE,TRUE,TRUE,1895-03-25
14.67,47.17,1816,4,1,14,25,0,4.3,8,SERA_histv1.1,10002893,8,TRUE,TRUE,TRUE,TRUE,TRUE,1816-04-01
14.75,45.97,1825,6,22,15,0,0,4.3,8,SERA_histv1.1,10003030,8,TRUE,TRUE,TRUE,TRUE,TRUE,1825-06-22
18.89,42.34,1926,4,26,5,18,1,4.3,8,EMECv20191114,10009625,8,TRUE,TRUE,TRUE,TRUE,FALSE,4/26/26
9.033,46.683,1964,5,28,20,52,3,4.3,8,EMECv20191114,10015953,nan,FALSE,TRUE,TRUE,TRUE,TRUE,5/28/64
19.22,41.93,1979,5,14,9,53,7.3,4.3,8,EMECv20191114,10022592,8,FALSE,FALSE,FALSE,FALSE,FALSE,5/14/79
20.548,40.818,2012,2,8,4,28,20,4.3,8,EMECv20191114,10057464,8,TRUE,TRUE,TRUE,FALSE,FALSE,2/8/12
6.725,46.267,1881,6,9,0,35,0,4.37,8,SERA_histv1.1,10004585,nan,TRUE,TRUE,TRUE,TRUE,TRUE,1881-06-09
13.512,42.312,1967,12,3,21,29,59,4.37,8,EMECv20191114,10017308,nan,FALSE,FALSE,TRUE,TRUE,TRUE,12/3/67
13.019,46.398,1889,10,13,10,10,0,4.39,8,SERA_histv1.1,10004977,nan,TRUE,TRUE,TRUE,TRUE,TRUE,1889-10-13
20.2605,39.7193,2007,8,28,15,5,27.6,4.39,8,EMECv20191114,10049736,8,FALSE,TRUE,TRUE,FALSE,FALSE,8/28/07
10.915,43.933,1648,1,13,18,0,0,4.43,8,SERA_histv1.1,10001161,nan,TRUE,TRUE,TRUE,TRUE,TRUE,1648-01-13
15.674,40.112,1858,3,8,4,0,0,4.43,8,SERA_histv1.1,10003818,nan,TRUE,TRUE,TRUE,TRUE,TRUE,1858-03-08
11.26,47.39,1880,11,14,7,30,0,4.45,8,SERA_histv1.1,10004548,8,TRUE,TRUE,TRUE,TRUE,TRUE,1880-11-14
10.59,47.23,1958,9,30,8,45,0,4.47,8,EMECv20191114,10014724,8,TRUE,TRUE,TRUE,TRUE,TRUE,9/30/58
20.3188,39.4039,1979,11,22,9,28,12.96,4.5,8,EMECv20191114,10022921,8,FALSE,FALSE,TRUE,TRUE,FALSE,11/22/79
20.25,39.438,1980,5,7,11,24,1.85,4.5,8,EMECv20191114,10023089,8,FALSE,FALSE,TRUE,TRUE,FALSE,5/7/80
19.5032,40.3381,1980,12,29,22,5,51.73,4.5,8,EMECv20191114,10023510,8,TRUE,FALSE,TRUE,TRUE,FALSE,12/29/80
19.8211,39.7956,1998,5,12,9,56,42.85,4.5,8,EMECv20191114,10036366,8,FALSE,TRUE,TRUE,FALSE,FALSE,5/12/98
20.2045,41.1645,2008,10,24,19,31,19.4,4.5,8,EMECv20191114,10052654,8,TRUE,TRUE,TRUE,FALSE,FALSE,10/24/08
13.51,46.88,1835,10,31,7,30,0,4.51,8,SERA_histv1.1,10003227,8,TRUE,TRUE,TRUE,TRUE,TRUE,1835-10-31
14.65,47.15,1897,12,11,12,8,0,4.51,8,SERA_histv1.1,10005537,8,TRUE,TRUE,TRUE,TRUE,TRUE,1897-12-11
6.233,45.528,1849,10,1,0,30,0,4.54,8,SERA_histv1.1,10003489,nan,TRUE,TRUE,TRUE,TRUE,TRUE,1849-10-01
17.062,43.084,1962,1,12,20,48,30.8,4.6,8,EMECv20191114,10015385,8,FALSE,FALSE,FALSE,FALSE,FALSE,1/12/62
20.7868,40.7936,1995,5,9,1,41,5.41,4.6,8,EMECv20191114,10031945,8,FALSE,FALSE,TRUE,TRUE,FALSE,5/9/95
11.951,46.803,1850,9,1,9,45,0,4.65,8,SERA_histv1.1,10003509,nan,TRUE,TRUE,TRUE,TRUE,TRUE,1850-09-01
11.909,43.946,1861,1,28,5,30,0,4.65,8,SERA_histv1.1,10003902,nan,TRUE,TRUE,TRUE,TRUE,TRUE,1861-01-28
19.9,41,1959,8,18,22,4,5,4.67,8,EMECv20191114,10014926,8,FALSE,FALSE,TRUE,TRUE,FALSE,8/18/59
19.7,40.1,1965,12,13,17,44,9,4.67,8,EMECv20191114,10016437,8,TRUE,TRUE,TRUE,TRUE,FALSE,12/13/65
20.4961,39.532,1980,1,10,19,36,40.6,4.7,8,EMECv20191114,10022961,8,FALSE,FALSE,TRUE,TRUE,FALSE,1/10/80
14.35,46.77,1825,2,21,2,30,0,4.72,8,SERA_histv1.1,10003027,8,TRUE,TRUE,TRUE,TRUE,TRUE,1825-02-21
15.2,45.8,1829,11,2,9,30,0,4.72,8,SERA_histv1.1,10003116,8,TRUE,TRUE,TRUE,TRUE,TRUE,1829-11-02
15.54,45.49,1853,6,11,3,0,0,4.72,8,SERA_histv1.1,10003598,nan,TRUE,TRUE,TRUE,TRUE,TRUE,1853-06-11
14.43,47.07,1877,12,28,3,32,0,4.72,8,SERA_histv1.1,10004424,8,TRUE,TRUE,TRUE,TRUE,TRUE,1877-12-28
13.54,46.91,1881,11,5,8,42,0,4.72,8,SERA_histv1.1,10004600,8,TRUE,TRUE,TRUE,TRUE,TRUE,1881-11-05
20,40.3,1941,9,15,2,33,38,4.77,8,EMECv20191114,10011867,8,TRUE,TRUE,TRUE,TRUE,TRUE,9/15/41
12.384,46.735,1862,5,27,1,20,0,4.79,8,SERA_histv1.1,10003935,nan,TRUE,TRUE,TRUE,TRUE,TRUE,1862-05-27
8.27,46.88,1964,2,17,12,20,0,4.8,8,EMECv20191114,10015846,nan,FALSE,FALSE,TRUE,TRUE,TRUE,2/17/64
19.6459,39.9592,2004,12,7,14,32,45.3,4.8,8,EMECv20191114,10044375,8,TRUE,TRUE,TRUE,FALSE,FALSE,12/7/04
17.44,42.46,1938,7,2,1,45,10,4.81,8,EMECv20191114,10011439,8,TRUE,TRUE,TRUE,TRUE,TRUE,7/2/38
11.478,44.539,1929,4,12,0,32,0,4.82,8,EMECv20191114,10010164,nan,FALSE,FALSE,TRUE,TRUE,TRUE,4/12/29
19.74,40.16,2006,8,6,7,49,46,4.83,8,EMECv20191114,10047375,8,FALSE,FALSE,TRUE,FALSE,FALSE,8/6/06
11.467,47.283,1572,1,4,18,45,0,4.87,8,SERA_histv1.1,10000783,nan,TRUE,TRUE,TRUE,TRUE,TRUE,1572-01-04
10.84,47.32,1910,7,13,8,32,0,4.87,8,EMECv20191114,10007191,8,TRUE,TRUE,TRUE,TRUE,TRUE,7/13/10
12.737,42.736,1529,1,1,0,0,0,4.88,8,SERA_histv1.1,10000622,nan,TRUE,TRUE,TRUE,TRUE,TRUE,1529-01-01
14.8,46.3,1916,10,30,0,17,0,4.9,8,EMECv20191114,10008226,nan,TRUE,TRUE,TRUE,TRUE,TRUE,10/30/16
19.3992,41.8291,1979,4,16,7,56,0.93,4.9,8,EMECv20191114,10022496,8,FALSE,FALSE,FALSE,FALSE,FALSE,4/16/79
14.88,44.8,1949,6,30,6,50,0,4.91,8,EMECv20191114,10012767,nan,FALSE,TRUE,TRUE,TRUE,TRUE,6/30/49
13.68,47.13,1691,12,1,0,0,0,4.93,8,SERA_histv1.1,10001451,8,TRUE,TRUE,TRUE,TRUE,TRUE,1691-12-01
15.081,37.216,1693,7,8,17,50,0,4.93,8,SERA_histv1.1,10001473,nan,TRUE,TRUE,TRUE,TRUE,TRUE,1693-07-08
14.38,46.15,1899,9,18,5,16,0,4.93,8,SERA_histv1.1,10005679,8,TRUE,TRUE,TRUE,TRUE,TRUE,1899-09-18
7.5,46.3,1954,7,29,4,40,27,5,8,EMECv20191114,10013751,8,FALSE,FALSE,TRUE,TRUE,TRUE,7/29/54
19.5316,41.9747,1986,10,27,22,32,20.47,5,8,EMECv20191114,10026957,8,FALSE,TRUE,TRUE,TRUE,FALSE,10/27/86
6.633,46.095,1879,12,30,12,27,0,5.01,8,SERA_histv1.1,10004503,nan,TRUE,TRUE,TRUE,TRUE,TRUE,1879-12-30
8.263,46.887,1777,2,7,1,0,0,5.02,8,SERA_histv1.1,10002333,nan,TRUE,TRUE,TRUE,TRUE,TRUE,1777-02-07
20.2,40,1933,7,27,1,3,5,5.07,8,EMECv20191114,10010872,8,TRUE,TRUE,TRUE,TRUE,TRUE,7/27/33
14.33,46.89,1767,11,21,0,0,0,5.14,8,SERA_histv1.1,10002196,8,TRUE,TRUE,TRUE,TRUE,TRUE,1767-11-21
19.5,42,1855,7,19,0,0,0,5.14,8,SERA_histv1.1,10003650,nan,TRUE,TRUE,TRUE,TRUE,TRUE,1855-07-19
7.261,46.478,1770,3,20,15,30,0,5.15,8,SERA_histv1.1,10002227,nan,TRUE,TRUE,TRUE,TRUE,TRUE,1770-03-20
13.671,46.831,1201,5,4,0,0,0,5.2,8,SERA_histv1.1,10000096,nan,TRUE,TRUE,TRUE,TRUE,TRUE,1201-05-04
20.34,41.31,1967,12,2,0,24,13,5.2,8,EMECv20191114,10017299,8,FALSE,FALSE,FALSE,FALSE,FALSE,12/2/67
10.84,47.32,1886,11,28,22,30,0,5.21,8,SERA_histv1.1,10004851,8,TRUE,TRUE,TRUE,TRUE,TRUE,1886-11-28
14.7,47.07,1936,10,3,15,48,0,5.29,8,EMECv20191114,10011272,8,TRUE,TRUE,TRUE,TRUE,TRUE,10/3/36
7.31,46.28,1954,5,19,9,35,0,5.3,8,EMECv20191114,10013709,nan,TRUE,TRUE,TRUE,TRUE,TRUE,5/19/54
14.708,46.207,1840,8,27,12,5,0,5.31,8,SERA_histv1.1,10003312,nan,TRUE,TRUE,TRUE,TRUE,TRUE,1840-08-27
9.825,44.473,1545,6,9,15,45,0,5.35,8,SERA_histv1.1,10000686,nan,TRUE,TRUE,TRUE,TRUE,TRUE,1545-06-09
19.201,41.923,1699,1,1,0,0,0,5.41,8,SERA_histv1.1,10001526,nan,TRUE,TRUE,TRUE,TRUE,TRUE,1699-01-01
11.507,47.294,1670,7,17,1,0,0,5.46,8,SERA_histv1.1,10001326,nan,TRUE,TRUE,TRUE,TRUE,TRUE,1670-07-17
6.9,46.09,1905,4,29,1,59,0,5.6,8,EMECv20191114,10006345,nan,TRUE,TRUE,TRUE,TRUE,TRUE,4/29/05
12.525,43.262,1984,4,29,5,2,59,5.62,8,EMECv20191114,10025687,nan,TRUE,TRUE,TRUE,TRUE,TRUE,4/29/84
6.942,46.391,1584,3,11,0,0,0,5.82,8,SERA_histv1.1,10000846,nan,TRUE,TRUE,TRUE,TRUE,TRUE,1584-03-11
19.6,40.2,1930,11,21,2,0,27,6.16,8,EMECv20191114,10010427,8,TRUE,TRUE,TRUE,TRUE,TRUE,11/21/30
19.49,40.474,1862,10,4,5,0,0,6.21,8,SERA_histv1.1,10003944,nan,TRUE,TRUE,TRUE,TRUE,TRUE,1862-10-04
20.7,40.1,1860,4,16,0,0,0,6.24,8,SERA_histv1.1,10003890,nan,TRUE,TRUE,TRUE,TRUE,TRUE,1860-04-16
20.1,41.1,1851,10,20,8,30,0,6.42,8,SERA_histv1.1,10003540,nan,TRUE,TRUE,TRUE,TRUE,TRUE,1851-10-20
20.7,40.6,1960,5,26,5,10,11,6.46,8,EMECv20191114,10015104,8,TRUE,TRUE,TRUE,TRUE,FALSE,5/26/60
12.5217,43.3887,2013,12,27,19,43,24.48,3.5,7.9,EMECv20191114,10059850,7.9,FALSE,FALSE,TRUE,TRUE,FALSE,12/27/13
15.317,45.683,1923,2,27,5,45,0,3.53,7.9,EMECv20191114,10009133,7.9,TRUE,TRUE,TRUE,TRUE,TRUE,2/27/23
13.334,42.109,2011,1,13,18,55,17.67,3.57,7.9,EMECv20191114,10055612,7.9,FALSE,FALSE,TRUE,TRUE,FALSE,1/13/11
11.0078,44.896,2012,5,29,14,31,15.27,3.57,7.9,EMECv20191114,10057956,7.9,FALSE,FALSE,FALSE,FALSE,FALSE,5/29/12
11.2328,44.8567,2012,5,21,18,2,26.38,3.67,7.9,EMECv20191114,10057877,7.9,FALSE,FALSE,FALSE,FALSE,FALSE,5/21/12
12.5337,43.3487,2014,4,19,21,27,53.21,3.7,7.9,EMECv20191114,10060538,7.9,TRUE,TRUE,TRUE,TRUE,FALSE,4/19/14
15.158,45.877,2003,5,31,5,59,14,3.72,7.9,EMECv20191114,10042207,nan,TRUE,TRUE,TRUE,TRUE,FALSE,5/31/03
9.416,44.528,2011,10,20,6,10,51.77,3.78,7.9,EMECv20191114,10056647,7.9,FALSE,FALSE,FALSE,FALSE,FALSE,10/20/11
13.75,46.3,1905,11,15,14,36,0,3.81,7.9,EMECv20191114,10006434,7.9,TRUE,TRUE,TRUE,TRUE,TRUE,11/15/05
9.312,44.344,1908,5,9,4,1,0,3.83,7.9,EMECv20191114,10006772,nan,TRUE,TRUE,TRUE,TRUE,TRUE,5/9/08
15.25,45.63,1850,7,24,8,0,0,3.87,7.9,SERA_histv1.1,10003506,7.9,TRUE,TRUE,TRUE,TRUE,TRUE,1850-07-24
14.82,45.87,1856,4,2,11,0,0,3.87,7.9,SERA_histv1.1,10003745,7.9,TRUE,TRUE,TRUE,TRUE,TRUE,1856-04-02
15.17,45.98,1896,4,18,1,25,0,3.87,7.9,SERA_histv1.1,10005355,7.9,TRUE,TRUE,TRUE,TRUE,TRUE,1896-04-18
14.48,46.12,1896,5,17,0,31,0,3.87,7.9,SERA_histv1.1,10005359,7.9,TRUE,TRUE,TRUE,TRUE,TRUE,1896-05-17
14.73,46.22,1897,1,24,23,0,0,3.87,7.9,SERA_histv1.1,10005424,7.9,TRUE,TRUE,TRUE,TRUE,TRUE,1897-01-24
14.33,45.78,1897,3,1,4,13,0,3.87,7.9,SERA_histv1.1,10005441,7.9,TRUE,TRUE,TRUE,TRUE,TRUE,1897-03-01
14.67,45.9,1897,4,7,21,0,0,3.87,7.9,SERA_histv1.1,10005457,7.9,TRUE,TRUE,TRUE,TRUE,TRUE,1897-04-07
14.2,45.92,1897,7,27,0,0,0,3.87,7.9,SERA_histv1.1,10005488,7.9,TRUE,TRUE,TRUE,TRUE,TRUE,1897-07-27
14.002,46.185,2005,1,14,7,58,12,3.91,7.9,EMECv20191114,10044564,nan,FALSE,TRUE,TRUE,TRUE,TRUE,1/14/05
15.1,46.57,1991,4,27,18,44,53.7,4,7.9,EMECv20191114,10029306,nan,TRUE,TRUE,TRUE,TRUE,TRUE,4/27/91
15.951,37.953,2000,3,17,3,52,44.05,4.05,7.9,EMECv20191114,10038434,7.9,TRUE,TRUE,TRUE,TRUE,TRUE,3/17/00
15.485,42.011,1989,8,22,14,28,57.44,4.08,7.9,EMECv20191114,10028380,7.9,TRUE,TRUE,TRUE,TRUE,FALSE,8/22/89
15.17,45.8,1931,4,17,2,14,0,4.1,7.9,EMECv20191114,10010514,nan,FALSE,FALSE,TRUE,TRUE,TRUE,4/17/31
12.832,42.527,1949,1,14,16,0,0,4.16,7.9,EMECv20191114,10012707,nan,FALSE,FALSE,TRUE,TRUE,TRUE,1/14/49
12.727,42.569,1954,3,23,17,55,0,4.16,7.9,EMECv20191114,10013657,nan,TRUE,TRUE,TRUE,TRUE,TRUE,3/23/54
10.805,44.13,1913,2,13,16,39,0,4.18,7.9,EMECv20191114,10007619,nan,TRUE,TRUE,TRUE,TRUE,TRUE,2/13/13
16.611,40.667,1722,9,1,0,0,0,4.2,7.9,SERA_histv1.1,10001701,nan,TRUE,TRUE,TRUE,TRUE,TRUE,1722-09-01
10.33,44.801,1774,3,4,0,0,0,4.2,7.9,SERA_histv1.1,10002295,nan,TRUE,TRUE,TRUE,TRUE,TRUE,1774-03-04
12.21,43.614,1993,1,17,10,51,23.39,4.26,7.9,EMECv20191114,10030339,7.9,TRUE,TRUE,TRUE,TRUE,TRUE,1/17/93
12.577,43.351,1786,1,17,0,0,0,4.41,7.9,SERA_histv1.1,10002511,nan,TRUE,TRUE,TRUE,TRUE,TRUE,1786-01-17
12.998,46.376,1930,1,10,21,53,36,4.48,7.9,EMECv20191114,10010274,nan,TRUE,TRUE,TRUE,TRUE,TRUE,1/10/30
11.169,43.589,1890,2,15,2,35,0,4.51,7.9,SERA_histv1.1,10004992,nan,TRUE,TRUE,TRUE,TRUE,TRUE,1890-02-15
10.779,44.629,1869,12,13,2,53,0,4.58,7.9,SERA_histv1.1,10004161,nan,TRUE,TRUE,TRUE,TRUE,TRUE,1869-12-13
14.283,45.55,1956,3,8,11,3,30,4.59,7.9,EMECv20191114,10014118,7.9,FALSE,FALSE,TRUE,TRUE,TRUE,3/8/56
12.004,44.115,1828,4,8,0,0,0,4.65,7.9,SERA_histv1.1,10003072,nan,TRUE,TRUE,TRUE,TRUE,TRUE,1828-04-08
10.947,44.864,2012,5,29,8,25,51.48,4.65,7.9,EMECv20191114,10057938,7.9,FALSE,FALSE,FALSE,FALSE,FALSE,5/29/12
10.795,44.787,1953,8,22,5,26,0,4.73,7.9,EMECv20191114,10013506,nan,TRUE,TRUE,TRUE,TRUE,TRUE,8/22/53
12.245,45.666,1756,4,13,0,0,0,4.88,7.9,SERA_histv1.1,10002048,nan,TRUE,TRUE,TRUE,TRUE,TRUE,1756-04-13
13.6,41.983,1915,1,18,20,8,0,4.98,7.9,EMECv20191114,10007901,nan,FALSE,FALSE,FALSE,FALSE,FALSE,1/18/15
13.722,43.508,2013,7,21,1,32,24.24,5.14,7.9,EMECv20191114,10059365,7.9,TRUE,TRUE,TRUE,TRUE,FALSE,7/21/13
13.777,42.333,1874,2,24,6,52,0,5.15,7.9,SERA_histv1.1,10004301,nan,TRUE,TRUE,TRUE,TRUE,TRUE,1874-02-24
13.922,41.652,1693,3,24,0,0,0,5.23,7.9,SERA_histv1.1,10001466,nan,TRUE,TRUE,TRUE,TRUE,TRUE,1693-03-24
16.608,42.366,1988,4,26,0,53,43.83,5.36,7.9,EMECv20191114,10027617,7.9,TRUE,TRUE,TRUE,TRUE,FALSE,4/26/88
12.091,43.62,1694,4,8,0,0,0,5.38,7.9,SERA_histv1.1,10001480,nan,TRUE,TRUE,TRUE,TRUE,TRUE,1694-04-08
15.339,43.135,2003,3,29,17,42,13.74,5.43,7.9,EMECv20191114,10041825,7.9,TRUE,TRUE,TRUE,TRUE,FALSE,3/29/03
15.818,40.961,1625,8,1,0,0,0,5.8,7.9,SERA_histv1.1,10001042,nan,TRUE,TRUE,TRUE,TRUE,TRUE,1625-08-01
16.295,39.256,1854,2,12,17,50,0,6.31,7.9,SERA_histv1.1,10003616,nan,TRUE,TRUE,TRUE,TRUE,TRUE,1854-02-12
13.642,38.44,2002,9,10,8,1,44.89,3.51,7.8,EMECv20191114,10041227,7.8,FALSE,FALSE,FALSE,FALSE,FALSE,9/10/02
17.808,42.998,1984,5,13,21,25,31.5,3.53,7.8,EMECv20191114,10025726,7.8,FALSE,FALSE,FALSE,FALSE,FALSE,5/13/84
13.313,42.528,2009,4,14,17,27,30.6,3.6,7.8,EMECv20191114,10053285,7.8,FALSE,FALSE,FALSE,FALSE,FALSE,4/14/09
17.669,43.034,2003,8,29,20,15,17.3,3.62,7.8,EMECv20191114,10042641,7.8,FALSE,FALSE,TRUE,TRUE,FALSE,8/29/03
17.5,43,1911,3,2,4,58,42,3.83,7.8,EMECv20191114,10007282,nan,TRUE,TRUE,TRUE,TRUE,FALSE,3/2/11
11.0237,44.8807,2012,5,29,8,35,58.53,3.89,7.8,EMECv20191114,10057940,7.8,FALSE,FALSE,FALSE,FALSE,FALSE,5/29/12
16.979,43.215,1962,1,11,6,46,32.4,3.91,7.8,EMECv20191114,10015377,7.8,FALSE,FALSE,FALSE,FALSE,FALSE,1/11/62
9.348,44.724,2005,4,18,10,59,18.56,3.97,7.8,EMECv20191114,10044965,7.8,TRUE,TRUE,TRUE,TRUE,TRUE,4/18/05
13.172,46.312,1978,4,3,10,49,45.92,4,7.8,EMECv20191114,10022045,7.8,FALSE,FALSE,TRUE,TRUE,FALSE,4/3/78
14.25,45.88,1893,12,7,23,35,0,4.09,7.8,SERA_histv1.1,10005173,7.8,TRUE,TRUE,TRUE,TRUE,TRUE,1893-12-07
13.068,42.997,1899,2,7,12,35,0,4.11,7.8,SERA_histv1.1,10005632,nan,TRUE,TRUE,TRUE,TRUE,TRUE,1899-02-07
13.399,42.33,1985,5,23,1,4,16.81,4.11,7.8,EMECv20191114,10026195,7.8,FALSE,FALSE,TRUE,TRUE,FALSE,5/23/85
9.748,44.559,1974,4,15,21,49,12,4.14,7.8,EMECv20191114,10020296,nan,TRUE,TRUE,TRUE,TRUE,TRUE,4/15/74
13.094,42.793,1704,5,20,0,0,0,4.2,7.8,SERA_histv1.1,10001582,nan,TRUE,TRUE,TRUE,TRUE,TRUE,1704-05-20
11.719,44.315,1880,7,23,1,50,0,4.2,7.8,SERA_histv1.1,10004531,nan,TRUE,TRUE,TRUE,TRUE,TRUE,1880-07-23
13.655,41.685,1907,10,7,14,22,0,4.2,7.8,EMECv20191114,10006701,nan,TRUE,TRUE,TRUE,TRUE,TRUE,10/7/07
17.826,42.811,1996,9,7,5,45,33.5,4.2,7.8,EMECv20191114,10034079,7.8,FALSE,FALSE,FALSE,FALSE,FALSE,9/7/96
14.45,46.12,1897,12,10,18,15,0,4.3,7.8,SERA_histv1.1,10005536,7.8,TRUE,TRUE,TRUE,TRUE,TRUE,1897-12-10
15.546,40.584,2002,4,18,20,56,48.67,4.34,7.8,EMECv20191114,10040839,7.8,TRUE,TRUE,TRUE,TRUE,TRUE,4/18/02
13.846,41.632,1984,5,11,23,35,4.14,4.37,7.8,EMECv20191114,10025721,7.8,FALSE,FALSE,FALSE,FALSE,FALSE,5/11/84
14.28,45.55,1956,2,3,13,42,16,4.6,7.8,EMECv20191114,10014101,nan,FALSE,FALSE,TRUE,TRUE,TRUE,2/3/56
12.604,43.121,1971,2,11,18,49,21,4.61,7.8,EMECv20191114,10019086,nan,FALSE,FALSE,FALSE,FALSE,FALSE,2/11/71
15,45.5,1925,9,10,0,39,0,4.7,7.8,EMECv20191114,10009531,nan,FALSE,TRUE,TRUE,TRUE,TRUE,9/10/25
12.737,42.736,1655,2,3,0,0,0,4.88,7.8,SERA_histv1.1,10001230,nan,TRUE,TRUE,TRUE,TRUE,TRUE,1655-02-03
12.966,43.706,1897,9,21,0,0,0,5.42,7.8,SERA_histv1.1,10005506,nan,TRUE,TRUE,TRUE,TRUE,TRUE,1897-09-21
16.518,38.652,1947,5,11,6,32,15,5.7,7.8,EMECv20191114,10012467,nan,TRUE,TRUE,TRUE,TRUE,TRUE,5/11/47
16.1018,39.902,2014,7,31,3,29,28.98,3.5,7.7,EMECv20191114,10060902,7.7,FALSE,FALSE,TRUE,TRUE,TRUE,7/31/14
10.9688,44.9037,2012,5,29,8,47,29.54,3.57,7.7,EMECv20191114,10057944,7.7,FALSE,FALSE,FALSE,FALSE,FALSE,5/29/12
13.75,46.133,1907,12,16,18,15,0,3.6,7.7,EMECv20191114,10006724,7.7,TRUE,TRUE,TRUE,TRUE,TRUE,12/16/07
12.3025,43.4505,2013,5,8,0,52,16.92,3.6,7.7,EMECv20191114,10059080,7.7,TRUE,TRUE,TRUE,TRUE,FALSE,5/8/13
11.1017,44.8638,2012,5,29,7,9,54,3.67,7.7,EMECv20191114,10057925,7.7,FALSE,FALSE,FALSE,FALSE,FALSE,5/29/12
11.1122,44.853,2012,5,29,7,11,22.35,3.67,7.7,EMECv20191114,10057926,7.7,FALSE,FALSE,FALSE,FALSE,FALSE,5/29/12
10.954,44.868,2012,5,29,8,38,6.35,3.67,7.7,EMECv20191114,10057941,7.7,FALSE,FALSE,FALSE,FALSE,FALSE,5/29/12
17.858,42.779,1996,9,9,17,53,0.1,3.81,7.7,EMECv20191114,10034088,7.7,FALSE,FALSE,FALSE,FALSE,FALSE,9/9/96
13.995,41.371,1902,7,20,22,37,0,3.83,7.7,EMECv20191114,10005970,nan,TRUE,TRUE,TRUE,TRUE,TRUE,7/20/02
12.18,44.181,1993,11,7,23,21,11.72,3.95,7.7,EMECv20191114,10030887,7.7,FALSE,FALSE,TRUE,TRUE,FALSE,11/7/93
12.84,43.899,1756,10,6,20,0,0,3.97,7.7,SERA_histv1.1,10002065,nan,TRUE,TRUE,TRUE,TRUE,TRUE,1756-10-06
10.832,44.018,1973,11,7,17,6,17,4.06,7.7,EMECv20191114,10020122,nan,TRUE,TRUE,TRUE,TRUE,TRUE,11/7/73
14.5,46.05,1879,12,30,1,30,0,4.09,7.7,SERA_histv1.1,10004502,7.7,TRUE,TRUE,TRUE,TRUE,TRUE,1879-12-30
14.18,45.75,1903,9,1,20,0,0,4.1,7.7,EMECv20191114,10006111,nan,FALSE,FALSE,TRUE,TRUE,TRUE,9/1/03
11.881,44.288,1688,8,19,5,45,0,4.2,7.7,SERA_histv1.1,10001417,nan,TRUE,TRUE,TRUE,TRUE,TRUE,1688-08-19
16.088,39.901,2014,6,6,13,41,38.39,4.28,7.7,EMECv20191114,10060742,7.7,TRUE,TRUE,TRUE,TRUE,TRUE,6/6/14
15.733,40.542,1989,5,29,11,19,10.75,4.34,7.7,EMECv20191114,10028253,7.7,TRUE,TRUE,TRUE,TRUE,TRUE,5/29/89
15.198,41.675,1996,11,10,23,23,10.77,4.35,7.7,EMECv20191114,10034493,7.7,TRUE,TRUE,TRUE,TRUE,TRUE,11/10/96
14.032,41.17,1720,8,28,0,0,0,4.39,7.7,SERA_histv1.1,10001690,nan,TRUE,TRUE,TRUE,TRUE,TRUE,1720-08-28
13.983,41.288,1723,6,1,0,0,0,4.43,7.7,SERA_histv1.1,10001705,nan,TRUE,TRUE,TRUE,TRUE,TRUE,1723-06-01
15.24,38.224,1831,1,28,18,30,0,4.48,7.7,SERA_histv1.1,10003141,nan,TRUE,TRUE,TRUE,TRUE,TRUE,1831-01-28
16.559,38.737,1740,3,30,17,30,0,4.65,7.7,SERA_histv1.1,10001862,nan,TRUE,TRUE,TRUE,TRUE,TRUE,1740-03-30
12.724,43.121,1993,6,5,19,16,17.02,4.72,7.7,EMECv20191114,10030533,7.7,TRUE,TRUE,TRUE,TRUE,FALSE,6/5/93
13.035,42.786,1963,5,19,22,45,0,4.74,7.7,EMECv20191114,10015705,nan,FALSE,FALSE,TRUE,TRUE,TRUE,5/19/63
13.119,46.211,1954,10,11,16,45,25,4.76,7.7,EMECv20191114,10013803,nan,TRUE,TRUE,TRUE,TRUE,TRUE,10/11/54
9.75,45.116,1522,10,5,0,10,0,4.78,7.7,SERA_histv1.1,10000605,nan,TRUE,TRUE,TRUE,TRUE,TRUE,1522-10-05
9.085,44.66,1882,2,15,5,0,0,4.83,7.7,SERA_histv1.1,10004618,nan,TRUE,TRUE,TRUE,TRUE,TRUE,1882-02-15
12.917,44.167,1916,8,15,21,3,0,5.01,7.7,EMECv20191114,10008192,nan,FALSE,FALSE,FALSE,FALSE,FALSE,8/15/16
12.989,42.734,1962,8,30,12,10,0,5.02,7.7,EMECv20191114,10015557,nan,TRUE,TRUE,TRUE,TRUE,TRUE,8/30/62
14.5,45.87,1856,11,9,22,17,0,5.14,7.7,SERA_histv1.1,10003760,7.7,TRUE,TRUE,TRUE,TRUE,TRUE,1856-11-09
12.737,42.736,1246,1,1,0,0,0,5.34,7.7,SERA_histv1.1,10000120,nan,TRUE,TRUE,TRUE,TRUE,TRUE,1246-01-01
14.335,42.238,1881,9,10,7,0,0,5.4,7.7,SERA_histv1.1,10004594,nan,TRUE,TRUE,TRUE,TRUE,TRUE,1881-09-10
16.105,39.93,1708,1,26,0,0,0,5.56,7.7,SERA_histv1.1,10001608,nan,TRUE,TRUE,TRUE,TRUE,TRUE,1708-01-26
14.711,41.302,1456,12,5,0,0,0,7.2,7.7,SERA_histv1.1,10000410,nan,TRUE,TRUE,TRUE,TRUE,TRUE,1456-12-05
13.772,41.847,2000,10,25,8,42,2.23,3.9,7.6,EMECv20191114,10039150,7.6,TRUE,TRUE,TRUE,TRUE,FALSE,10/25/00
12.254,43.335,1918,3,22,4,43,20,4.13,7.6,EMECv20191114,10008450,nan,FALSE,FALSE,TRUE,TRUE,FALSE,3/22/18
11.855,43.927,2011,7,12,6,53,22.47,4.29,7.6,EMECv20191114,10056253,7.6,TRUE,TRUE,TRUE,TRUE,FALSE,7/12/11
13.849,43.187,1987,9,4,16,42,49.6,4.66,7.6,EMECv20191114,10027320,7.6,FALSE,FALSE,TRUE,TRUE,TRUE,9/4/87
11.507,43.988,1929,7,18,21,2,0,4.96,7.6,EMECv20191114,10010211,nan,TRUE,TRUE,TRUE,FALSE,FALSE,7/18/29
13.831,41.488,1231,6,1,11,0,0,5.11,7.6,SERA_histv1.1,10000112,nan,TRUE,TRUE,TRUE,TRUE,TRUE,1231-06-01
11.0277,44.8903,2012,5,29,9,14,8.28,3.57,7.5,EMECv20191114,10057946,7.5,FALSE,FALSE,FALSE,FALSE,FALSE,5/29/12
14.28,46.3,1977,7,17,9,43,46,3.58,7.5,EMECv20191114,10021750,7.5,FALSE,FALSE,FALSE,FALSE,FALSE,7/17/77
16.019,39.912,2011,11,23,14,12,33.59,3.6,7.5,EMECv20191114,10057166,7.5,TRUE,TRUE,TRUE,TRUE,TRUE,11/23/11
10.584,44.09,1919,9,25,3,15,0,3.7,7.5,EMECv20191114,10008623,nan,FALSE,TRUE,TRUE,TRUE,FALSE,9/25/19
17.626,42.78,1996,9,8,9,32,52.5,3.81,7.5,EMECv20191114,10034080,7.5,FALSE,FALSE,FALSE,FALSE,FALSE,9/8/96
11.2335,44.8588,2012,5,22,9,31,14.34,3.89,7.5,EMECv20191114,10057883,7.5,FALSE,FALSE,FALSE,FALSE,FALSE,5/22/12
16.962,43.252,1962,1,14,16,43,12.5,3.91,7.5,EMECv20191114,10015394,7.5,FALSE,FALSE,FALSE,FALSE,FALSE,1/14/62
14.75,46.5,1887,11,14,21,26,0,4.09,7.5,SERA_histv1.1,10004898,7.5,TRUE,TRUE,TRUE,TRUE,TRUE,1887-11-14
12.424,42.216,1949,6,4,22,30,0,4.16,7.5,EMECv20191114,10012760,nan,FALSE,TRUE,TRUE,TRUE,TRUE,6/4/49
10.81,43.081,1998,5,20,11,7,41.83,4.19,7.5,EMECv20191114,10036388,7.5,TRUE,TRUE,TRUE,TRUE,FALSE,5/20/98
13.399,42.351,1423,11,10,0,0,0,4.2,7.5,SERA_histv1.1,10000352,nan,TRUE,TRUE,TRUE,TRUE,TRUE,1423-11-10
11.379,44.119,1771,7,29,0,0,0,4.2,7.5,SERA_histv1.1,10002246,nan,TRUE,TRUE,TRUE,TRUE,TRUE,1771-07-29
11.852,44.02,1960,4,30,0,52,6,4.28,7.5,EMECv20191114,10015079,nan,FALSE,TRUE,TRUE,TRUE,TRUE,4/30/60
13.75,46.15,1896,4,5,21,20,0,4.3,7.5,SERA_histv1.1,10005351,7.5,TRUE,TRUE,TRUE,TRUE,TRUE,1896-04-05
13.879,43.253,1987,9,10,13,24,23.24,4.38,7.5,EMECv20191114,10027328,7.5,FALSE,FALSE,TRUE,TRUE,TRUE,9/10/87
12.041,42.635,1903,6,21,13,29,0,4.4,7.5,EMECv20191114,10006084,nan,FALSE,TRUE,TRUE,TRUE,TRUE,6/21/03
13.11,42.231,1892,1,21,20,15,0,4.42,7.5,SERA_histv1.1,10005067,nan,TRUE,TRUE,TRUE,TRUE,TRUE,1892-01-21
12.704,42.955,1477,1,30,16,0,0,4.43,7.5,SERA_histv1.1,10000456,nan,TRUE,TRUE,TRUE,TRUE,TRUE,1477-01-30
11.756,42.543,1909,9,20,5,4,0,4.63,7.5,EMECv20191114,10007049,nan,TRUE,TRUE,TRUE,TRUE,TRUE,9/20/09
11.828,42.627,1882,1,13,0,0,0,4.65,7.5,SERA_histv1.1,10004612,nan,TRUE,TRUE,TRUE,TRUE,TRUE,1882-01-13
14.25,45.5,1923,10,18,0,55,0,4.71,7.5,EMECv20191114,10009233,nan,TRUE,TRUE,TRUE,TRUE,TRUE,10/18/23
14.5,46.05,1895,4,15,5,52,0,4.72,7.5,SERA_histv1.1,10005276,7.5,TRUE,TRUE,TRUE,TRUE,TRUE,1895-04-15
13.197,46.406,1389,8,20,13,0,0,4.88,7.5,SERA_histv1.1,10000293,nan,TRUE,TRUE,TRUE,TRUE,TRUE,1389-08-20
10.33,44.801,1628,11,4,15,40,0,4.88,7.5,SERA_histv1.1,10001061,nan,TRUE,TRUE,TRUE,TRUE,TRUE,1628-11-04
16.464,38.785,1783,3,28,18,55,0,7.02,7.5,SERA_histv1.1,10002455,nan,TRUE,TRUE,TRUE,TRUE,TRUE,1783-03-28
11.863,43.921,2011,7,11,15,1,6.69,3.5,7.4,EMECv20191114,10056248,7.4,FALSE,FALSE,FALSE,FALSE,FALSE,7/11/11
15.569,38.902,2002,4,2,22,12,44.95,3.51,7.4,EMECv20191114,10040786,7.4,TRUE,TRUE,TRUE,TRUE,TRUE,4/2/02
11.0283,44.89,2012,5,29,8,12,0.05,3.57,7.4,EMECv20191114,10057934,7.4,FALSE,FALSE,FALSE,FALSE,FALSE,5/29/12
11.2372,43.5977,2014,12,20,4,7,4.83,3.57,7.4,EMECv20191114,10061397,7.4,FALSE,FALSE,FALSE,FALSE,FALSE,12/20/14
11.98,43.871,2011,6,4,18,6,50.27,3.67,7.4,EMECv20191114,10056114,7.4,FALSE,FALSE,FALSE,FALSE,FALSE,6/4/11
17.49,43.07,1975,10,21,23,1,20,3.81,7.4,EMECv20191114,10020917,7.4,TRUE,TRUE,TRUE,TRUE,TRUE,10/21/75
15,45.917,1901,2,20,4,22,0,3.9,7.4,EMECv20191114,10005809,7.4,FALSE,FALSE,TRUE,TRUE,TRUE,2/20/01
15.235,38.806,1906,6,10,1,44,0,3.93,7.4,EMECv20191114,10006520,nan,FALSE,FALSE,TRUE,TRUE,TRUE,6/10/06
15.473,43.913,1996,8,17,15,54,5.2,4.01,7.4,EMECv20191114,10034004,7.4,TRUE,TRUE,TRUE,TRUE,FALSE,8/17/96
15.556,40.687,1987,9,1,0,4,40.51,4.05,7.4,EMECv20191114,10027310,7.4,TRUE,TRUE,TRUE,TRUE,TRUE,9/1/87
11.147,43.489,1804,10,2,21,55,0,4.16,7.4,SERA_histv1.1,10002732,nan,TRUE,TRUE,TRUE,TRUE,TRUE,1804-10-02
11.28,43.298,1968,6,26,3,15,0,4.19,7.4,EMECv20191114,10017619,nan,TRUE,TRUE,TRUE,TRUE,TRUE,6/26/68
9.183,44.776,1784,3,30,11,0,0,4.2,7.4,SERA_histv1.1,10002478,nan,TRUE,TRUE,TRUE,TRUE,TRUE,1784-03-30
15.927,40.727,1990,8,28,19,2,52.35,4.21,7.4,EMECv20191114,10028976,7.4,FALSE,FALSE,TRUE,TRUE,FALSE,8/28/90
16.194,40.956,1966,7,6,4,24,0,4.26,7.4,EMECv20191114,10016658,nan,TRUE,TRUE,TRUE,TRUE,TRUE,7/6/66
12.684,42.554,1970,5,26,12,5,0,4.37,7.4,EMECv20191114,10018744,nan,TRUE,TRUE,TRUE,TRUE,TRUE,5/26/70
10.921,44.059,1896,7,8,1,51,0,4.39,7.4,SERA_histv1.1,10005368,nan,TRUE,TRUE,TRUE,TRUE,TRUE,1896-07-08
16.051,40.995,1930,11,6,21,56,0,4.41,7.4,EMECv20191114,10010419,nan,FALSE,FALSE,TRUE,TRUE,TRUE,11/6/30
11.332,43.318,1486,9,30,0,0,0,4.43,7.4,SERA_histv1.1,10000484,nan,TRUE,TRUE,TRUE,TRUE,TRUE,1486-09-30
11.586,42.831,1774,5,15,0,0,0,4.65,7.4,SERA_histv1.1,10002298,nan,TRUE,TRUE,TRUE,TRUE,TRUE,1774-05-15
9.792,44.454,1849,11,28,18,0,0,4.65,7.4,SERA_histv1.1,10003492,nan,TRUE,TRUE,TRUE,TRUE,TRUE,1849-11-28
12.095,42.626,1738,7,19,1,0,0,4.88,7.4,SERA_histv1.1,10001838,nan,TRUE,TRUE,TRUE,TRUE,TRUE,1738-07-19
11.367,44.057,1727,3,9,11,0,0,4.92,7.4,SERA_histv1.1,10001741,nan,TRUE,TRUE,TRUE,TRUE,TRUE,1727-03-09
11.261,44.003,1843,10,25,3,30,0,5.05,7.4,SERA_histv1.1,10003382,nan,TRUE,TRUE,TRUE,TRUE,TRUE,1843-10-25
11.997,44.604,1967,12,30,4,19,0,5.05,7.4,EMECv20191114,10017331,nan,TRUE,TRUE,TRUE,TRUE,TRUE,12/30/67
19.6,41.8,1896,3,15,11,0,0,5.14,7.4,SERA_histv1.1,10005345,nan,TRUE,TRUE,TRUE,TRUE,TRUE,1896-03-15
11.403,43.15,1909,8,25,0,22,0,5.34,7.4,EMECv20191114,10007037,nan,TRUE,TRUE,TRUE,TRUE,TRUE,8/25/09
15.688,41.83,1889,12,8,0,0,0,5.53,7.4,SERA_histv1.1,10004984,nan,TRUE,TRUE,TRUE,TRUE,TRUE,1889-12-08
14.6,45.25,1929,7,15,23,37,0,3.53,7.3,EMECv20191114,10010208,nan,TRUE,TRUE,TRUE,TRUE,TRUE,7/15/29
17.848,43.076,1984,5,15,15,13,1.9,3.53,7.3,EMECv20191114,10025739,nan,FALSE,FALSE,FALSE,FALSE,FALSE,5/15/84
14.383,46.133,1904,12,6,21,15,47,3.57,7.3,EMECv20191114,10006295,7.3,FALSE,FALSE,TRUE,TRUE,TRUE,12/6/04
14.967,46.5,1934,11,15,5,3,0,3.57,7.3,EMECv20191114,10010993,7.3,TRUE,TRUE,TRUE,TRUE,FALSE,11/15/34
14.25,46.033,1976,6,24,14,40,51.2,3.57,7.3,EMECv20191114,10021254,7.3,FALSE,TRUE,TRUE,FALSE,FALSE,6/24/76
12.569,46.271,2007,2,26,14,16,38.01,3.57,7.3,EMECv20191114,10048209,7.3,FALSE,FALSE,FALSE,FALSE,FALSE,2/26/07
11.3748,44.8755,2012,5,20,2,26,52.69,3.67,7.3,EMECv20191114,10057846,7.3,FALSE,FALSE,FALSE,FALSE,FALSE,5/20/12
11.2323,43.6242,2014,12,19,17,27,16.47,3.67,7.3,EMECv20191114,10061393,7.3,FALSE,FALSE,FALSE,FALSE,FALSE,12/19/14
14.833,45.833,1948,1,9,17,40,0,3.9,7.3,EMECv20191114,10012550,7.3,FALSE,FALSE,TRUE,TRUE,TRUE,1/9/48
15.083,45.883,1963,3,22,15,1,54,3.9,7.3,EMECv20191114,10015662,7.3,FALSE,TRUE,TRUE,TRUE,TRUE,3/22/63
14.8,46.1,1963,12,7,10,18,43,3.9,7.3,EMECv20191114,10015806,7.3,TRUE,FALSE,TRUE,TRUE,TRUE,12/7/63
14.433,45.633,1967,11,3,13,20,33,3.9,7.3,EMECv20191114,10017257,7.3,TRUE,TRUE,TRUE,TRUE,TRUE,11/3/67
14.617,46.117,1968,8,12,13,54,42.6,3.9,7.3,EMECv20191114,10017665,7.3,FALSE,TRUE,TRUE,TRUE,TRUE,8/12/68
8.283,45.964,1993,6,14,12,28,36.1,4.34,7.3,EMECv20191114,10030547,7.3,TRUE,TRUE,TRUE,TRUE,TRUE,6/14/93
11.343,44.494,1505,4,3,12,25,0,4.43,7.3,SERA_histv1.1,10000534,nan,TRUE,TRUE,TRUE,TRUE,TRUE,1505-04-03
13.16,46.296,1977,4,3,3,18,14.07,4.51,7.3,EMECv20191114,10021624,7.3,FALSE,FALSE,TRUE,TRUE,FALSE,4/3/77
14.18,45.483,1870,5,11,1,50,0,4.78,7.3,SERA_histv1.1,10004191,nan,TRUE,TRUE,TRUE,TRUE,TRUE,1870-05-11
11.546,45.548,1376,3,12,1,15,0,4.88,7.3,SERA_histv1.1,10000277,nan,TRUE,TRUE,TRUE,TRUE,TRUE,1376-03-12
10.471,45.592,1892,1,5,0,0,0,4.98,7.3,SERA_histv1.1,10005062,nan,TRUE,TRUE,TRUE,TRUE,TRUE,1892-01-05
11.991,46.123,1719,1,7,0,0,0,5.01,7.3,SERA_histv1.1,10001678,nan,TRUE,TRUE,TRUE,TRUE,TRUE,1719-01-07
10.265,44.755,1983,11,9,16,29,52,5.04,7.3,EMECv20191114,10025419,nan,TRUE,TRUE,TRUE,TRUE,TRUE,11/9/83
10.77,45.71,1882,9,18,19,25,0,5.06,7.3,SERA_histv1.1,10004640,nan,TRUE,TRUE,TRUE,TRUE,TRUE,1882-09-18
11.037,44.162,1470,4,11,0,0,0,5.56,7.3,SERA_histv1.1,10000440,nan,TRUE,TRUE,TRUE,TRUE,TRUE,1470-04-11
12.898,42.898,1997,10,14,15,23,10.64,5.62,7.3,EMECv20191114,10035626,7.3,FALSE,FALSE,FALSE,FALSE,FALSE,10/14/97
12.5485,42.669,2014,6,14,8,52,9.07,3.5,7.2,EMECv20191114,10060768,7.2,TRUE,TRUE,TRUE,TRUE,FALSE,6/14/14
10.63,44.781,1997,5,12,22,13,52.5,3.68,7.2,EMECv20191114,10035071,7.2,FALSE,FALSE,TRUE,TRUE,TRUE,5/12/97
16.982,43.139,1962,1,15,8,36,18.8,3.81,7.2,EMECv20191114,10015395,7.2,FALSE,FALSE,FALSE,FALSE,FALSE,1/15/62
11.708,44.163,1931,4,1,6,1,0,4.14,7.2,EMECv20191114,10010504,nan,FALSE,FALSE,TRUE,TRUE,FALSE,4/1/31
17.31,42.78,1976,11,25,4,11,24,4.2,7.2,EMECv20191114,10021457,7.2,TRUE,TRUE,TRUE,TRUE,TRUE,11/25/76
11.236,44.868,2012,5,20,9,13,18.49,4.22,7.2,EMECv20191114,10057860,7.2,FALSE,FALSE,FALSE,FALSE,FALSE,5/20/12
11.179,44.479,1929,4,19,22,40,0,4.54,7.2,EMECv20191114,10010171,nan,FALSE,FALSE,FALSE,FALSE,FALSE,4/19/29
11.818,44.027,1895,9,4,13,30,0,4.71,7.2,SERA_histv1.1,10005304,nan,TRUE,TRUE,TRUE,TRUE,TRUE,1895-09-04
10.976,44.866,2012,5,29,11,0,22.99,4.88,7.2,EMECv20191114,10057953,7.2,FALSE,FALSE,FALSE,FALSE,FALSE,5/29/12
11.23,44.507,1505,1,3,2,0,0,5.6,7.2,SERA_histv1.1,10000531,nan,TRUE,TRUE,TRUE,TRUE,TRUE,1505-01-03
14.467,45.967,1970,3,10,15,56,5,3.56,7.1,EMECv20191114,10018407,7.1,TRUE,TRUE,TRUE,TRUE,TRUE,3/10/70
15.25,45.667,1970,7,10,10,1,35,3.56,7.1,EMECv20191114,10018825,7.1,TRUE,TRUE,TRUE,TRUE,TRUE,7/10/70
15.954,40.001,1999,3,14,22,1,21.35,3.66,7.1,EMECv20191114,10037125,7.1,FALSE,FALSE,TRUE,TRUE,TRUE,3/14/99
16.559,38.737,1740,2,24,13,0,0,3.74,7.1,SERA_histv1.1,10001857,nan,TRUE,TRUE,TRUE,TRUE,TRUE,1740-02-24
15.25,45.667,1949,3,15,1,44,33,3.88,7.1,EMECv20191114,10012735,7.1,FALSE,FALSE,TRUE,TRUE,TRUE,3/15/49
11.332,43.318,1853,5,17,15,17,0,3.97,7.1,SERA_histv1.1,10003596,nan,TRUE,TRUE,TRUE,TRUE,TRUE,1853-05-17
13.692,43.558,1986,6,22,14,7,51.16,3.98,7.1,EMECv20191114,10026758,7.1,TRUE,TRUE,TRUE,TRUE,TRUE,6/22/86
9.383,42.483,1930,2,8,1,0,0,4.1,7.1,EMECv20191114,10010279,nan,TRUE,TRUE,TRUE,TRUE,TRUE,2/8/30
16.919,43.079,1962,1,11,5,42,16.4,4.1,7.1,EMECv20191114,10015375,7.1,FALSE,FALSE,FALSE,FALSE,FALSE,1/11/62
15.555,38.185,1513,8,25,0,0,0,4.2,7.1,SERA_histv1.1,10000575,nan,TRUE,TRUE,TRUE,TRUE,TRUE,1513-08-25
15.07,45.96,1874,1,23,18,45,0,4.51,7.1,SERA_histv1.1,10004298,7.1,TRUE,TRUE,TRUE,TRUE,TRUE,1874-01-23
14.63,41.392,1997,3,19,23,10,50.02,4.52,7.1,EMECv20191114,10034926,7.1,TRUE,TRUE,TRUE,TRUE,TRUE,3/19/97
14.85,46.13,1918,7,16,11,49,56,4.6,7.1,EMECv20191114,10008488,nan,TRUE,TRUE,TRUE,FALSE,FALSE,7/16/18
11.716,42.85,1940,6,19,14,10,0,4.64,7.1,EMECv20191114,10011654,nan,TRUE,TRUE,TRUE,TRUE,TRUE,6/19/40
13.198,40.845,1793,7,25,0,0,0,4.65,7.1,SERA_histv1.1,10002597,nan,TRUE,TRUE,TRUE,TRUE,TRUE,1793-07-25
11.668,42.871,1700,2,5,0,0,0,4.88,7.1,SERA_histv1.1,10001528,nan,TRUE,TRUE,TRUE,TRUE,TRUE,1700-02-05
12.075,44.218,1871,1,22,21,30,0,4.97,7.1,SERA_histv1.1,10004203,nan,TRUE,TRUE,TRUE,TRUE,TRUE,1871-01-22
15.985,38.086,1907,10,23,20,28,19,5.96,7.1,EMECv20191114,10006707,nan,FALSE,TRUE,TRUE,TRUE,TRUE,10/23/07
9.817,46.8,1875,12,25,22,30,0,3.5,7,SERA_histv1.1,10004351,nan,TRUE,TRUE,TRUE,TRUE,TRUE,1875-12-25
9.233,46.55,1901,4,26,12,0,0,3.5,7,EMECv20191114,10005837,nan,TRUE,TRUE,TRUE,TRUE,TRUE,4/26/01
9.917,46.383,1910,2,3,1,24,0,3.5,7,EMECv20191114,10007115,nan,TRUE,TRUE,TRUE,TRUE,TRUE,2/3/10
8.95,46.983,1917,9,6,21,27,40,3.5,7,EMECv20191114,10008369,nan,TRUE,TRUE,TRUE,TRUE,TRUE,9/6/17
9.783,46.483,1917,12,26,9,20,58,3.5,7,EMECv20191114,10008406,nan,FALSE,FALSE,TRUE,TRUE,TRUE,12/26/17
9.667,46.667,1919,1,22,19,23,49,3.5,7,EMECv20191114,10008554,nan,TRUE,TRUE,TRUE,TRUE,TRUE,1/22/19
9.933,46.433,1919,9,14,21,51,0,3.5,7,EMECv20191114,10008616,nan,TRUE,TRUE,TRUE,TRUE,TRUE,9/14/19
9.85,46.5,1919,9,21,3,20,0,3.5,7,EMECv20191114,10008621,nan,FALSE,FALSE,TRUE,TRUE,TRUE,9/21/19
10.02,46.417,1920,12,5,15,28,0,3.5,7,EMECv20191114,10008820,nan,TRUE,TRUE,TRUE,TRUE,TRUE,12/5/20
9.783,46.483,1925,12,29,6,35,0,3.5,7,EMECv20191114,10009563,nan,TRUE,TRUE,TRUE,TRUE,TRUE,12/29/25
9.8,46.817,1929,4,12,0,32,0,3.5,7,EMECv20191114,10010165,nan,TRUE,TRUE,TRUE,TRUE,TRUE,4/12/29
9.85,46.433,1933,9,22,13,59,0,3.5,7,EMECv20191114,10010888,nan,TRUE,TRUE,TRUE,TRUE,TRUE,9/22/33
9.117,47.05,1953,8,21,6,46,20,3.5,7,EMECv20191114,10013502,7,TRUE,TRUE,TRUE,TRUE,TRUE,8/21/53
7.167,46.367,1954,3,22,21,40,0,3.5,7,EMECv20191114,10013655,nan,FALSE,FALSE,TRUE,TRUE,TRUE,3/22/54
7.533,46.267,1962,3,2,2,1,0,3.5,7,EMECv20191114,10015424,nan,TRUE,TRUE,TRUE,TRUE,TRUE,3/2/62
8.25,46.9,1964,11,11,2,57,0,3.5,7,EMECv20191114,10016112,nan,FALSE,TRUE,TRUE,TRUE,TRUE,11/11/64
18.92,42.44,1949,4,19,0,36,47,3.53,7,EMECv20191114,10012749,7,TRUE,TRUE,TRUE,TRUE,TRUE,4/19/49
18.72,42.25,1979,6,3,11,3,23.7,3.53,7,EMECv20191114,10022645,7,FALSE,FALSE,FALSE,FALSE,FALSE,6/3/79
18.86,42.22,1979,6,5,12,49,55.5,3.53,7,EMECv20191114,10022648,7,FALSE,FALSE,FALSE,FALSE,FALSE,6/5/79
6.64,44.77,2013,1,7,4,20,24.1,3.53,7,EMECv20191114,10058694,7,TRUE,TRUE,TRUE,TRUE,TRUE,1/7/13
19.143,42.023,1979,4,14,16,15,4.4,3.55,7,EMECv20191114,10022462,7,FALSE,FALSE,TRUE,TRUE,FALSE,4/14/79
18.98,42.157,1979,5,24,22,4,34.9,3.55,7,EMECv20191114,10022609,7,FALSE,FALSE,FALSE,FALSE,FALSE,5/24/79
20.04,39.14,1995,3,11,7,25,38.48,3.55,7,EMECv20191114,10031816,7,TRUE,TRUE,TRUE,TRUE,FALSE,3/11/95
19.64,39.5,1995,8,16,9,16,0.31,3.55,7,EMECv20191114,10032401,7,TRUE,TRUE,TRUE,FALSE,FALSE,8/16/95
19.852,39.978,2002,12,11,11,39,38.4,3.55,7,EMECv20191114,10041559,7,FALSE,FALSE,TRUE,FALSE,FALSE,12/11/02
19.728,39.9833,2009,2,28,6,9,43.6,3.55,7,EMECv20191114,10053097,7,TRUE,TRUE,TRUE,FALSE,FALSE,2/28/09
20.226,41.251,2011,1,17,16,58,17.6,3.55,7,EMECv20191114,10055624,7,TRUE,TRUE,TRUE,FALSE,FALSE,1/17/11
20.341,41.276,2011,2,7,17,26,4.2,3.55,7,EMECv20191114,10055684,7,FALSE,FALSE,TRUE,FALSE,FALSE,2/7/11
9.838,46.729,2003,7,17,2,27,16.1,3.57,7,EMECv20191114,10042448,7,FALSE,FALSE,TRUE,TRUE,TRUE,7/17/03
9.84,46.723,2003,7,18,11,1,35.8,3.57,7,EMECv20191114,10042456,7,TRUE,TRUE,TRUE,TRUE,TRUE,7/18/03
5.709,45.158,1851,1,7,23,30,0,3.6,7,SERA_histv1.1,10003517,nan,TRUE,TRUE,TRUE,TRUE,TRUE,1851-01-07
16.007,41.587,2011,4,12,3,32,55.78,3.6,7,EMECv20191114,10055863,7,TRUE,TRUE,TRUE,TRUE,FALSE,4/12/11
19.14,41.91,1979,4,18,3,50,4.9,3.62,7,EMECv20191114,10022511,7,FALSE,FALSE,FALSE,FALSE,FALSE,4/18/79
18.91,42.29,1979,5,30,23,47,15.6,3.62,7,EMECv20191114,10022635,7,FALSE,FALSE,FALSE,FALSE,FALSE,5/30/79
14.59,46.49,1906,4,7,16,53,0,3.63,7,EMECv20191114,10006493,7,FALSE,TRUE,TRUE,TRUE,TRUE,4/7/06
14.59,46.49,1933,7,24,9,41,0,3.63,7,EMECv20191114,10010871,7,TRUE,TRUE,TRUE,TRUE,FALSE,7/24/33
13.69,46.63,1958,1,15,15,11,0,3.63,7,EMECv20191114,10014560,7,TRUE,TRUE,TRUE,TRUE,TRUE,1/15/58
20.101,40.612,1998,9,20,23,20,19.16,3.64,7,EMECv20191114,10036671,7,TRUE,TRUE,TRUE,TRUE,FALSE,9/20/98
20.009,39.97,1998,9,30,5,28,10.25,3.64,7,EMECv20191114,10036698,7,TRUE,TRUE,TRUE,TRUE,FALSE,9/30/98
19.468,39.613,2006,11,16,21,16,41.12,3.64,7,EMECv20191114,10047803,7,TRUE,TRUE,TRUE,FALSE,FALSE,11/16/06
18.984,42.362,1987,1,22,20,47,55,3.65,7,EMECv20191114,10027068,7,FALSE,TRUE,TRUE,TRUE,FALSE,1/22/87
17.778,42.971,1991,9,29,20,42,40.3,3.65,7,EMECv20191114,10029709,7,TRUE,TRUE,TRUE,TRUE,FALSE,9/29/91
19.836,40.145,2009,3,17,14,56,22.4,3.65,7,EMECv20191114,10053155,7,FALSE,FALSE,TRUE,FALSE,FALSE,3/17/09
20.52,41.049,2009,5,21,12,11,2.3,3.65,7,EMECv20191114,10053420,7,FALSE,FALSE,FALSE,FALSE,FALSE,5/21/09
20.21,41.19,2009,6,21,0,50,23.6,3.65,7,EMECv20191114,10053558,7,FALSE,FALSE,FALSE,FALSE,FALSE,6/21/09
20.23,41.19,2009,6,27,0,45,11.8,3.65,7,EMECv20191114,10053593,7,FALSE,FALSE,TRUE,FALSE,FALSE,6/27/09
19.599,41.362,2010,5,13,12,46,55.6,3.65,7,EMECv20191114,10054831,7,TRUE,TRUE,TRUE,FALSE,FALSE,5/13/10
20.036,40.292,2010,11,8,22,41,56.8,3.65,7,EMECv20191114,10055434,7,TRUE,TRUE,TRUE,FALSE,FALSE,11/8/10
6.78,44.64,1977,7,3,12,13,28.1,3.7,7,EMECv20191114,10021732,nan,TRUE,TRUE,TRUE,TRUE,TRUE,7/3/77
9.837,46.729,2003,8,1,3,20,23.4,3.71,7,EMECv20191114,10042529,7,FALSE,FALSE,TRUE,TRUE,TRUE,8/1/03
12.992,46.512,1781,12,23,17,0,0,3.74,7,SERA_histv1.1,10002436,nan,TRUE,TRUE,TRUE,TRUE,TRUE,1781-12-23
12.992,46.512,1803,3,1,16,0,0,3.74,7,SERA_histv1.1,10002690,nan,TRUE,TRUE,TRUE,TRUE,TRUE,1803-03-01
20.2,41.17,2009,6,21,19,5,15.2,3.74,7,EMECv20191114,10053562,7,FALSE,FALSE,TRUE,FALSE,FALSE,6/21/09
20.359,41.35,2010,9,28,21,1,14.7,3.74,7,EMECv20191114,10055296,7,FALSE,FALSE,TRUE,FALSE,FALSE,9/28/10
20.272,41.491,2011,5,24,11,1,34.6,3.74,7,EMECv20191114,10056055,7,TRUE,TRUE,TRUE,FALSE,FALSE,5/24/11
5.727,45.143,1849,8,3,22,25,0,3.76,7,SERA_histv1.1,10003488,nan,TRUE,TRUE,TRUE,TRUE,TRUE,1849-08-03
10.052,46.651,1651,6,8,0,0,0,3.79,7,SERA_histv1.1,10001208,nan,TRUE,TRUE,TRUE,TRUE,TRUE,1651-06-08
9.012,46.934,1701,9,4,7,0,0,3.79,7,SERA_histv1.1,10001545,nan,TRUE,TRUE,TRUE,TRUE,TRUE,1701-09-04
9.012,46.934,1702,2,24,0,0,0,3.79,7,SERA_histv1.1,10001557,nan,TRUE,TRUE,TRUE,TRUE,TRUE,1702-02-24
7.881,46.292,1855,8,12,4,0,0,3.79,7,SERA_histv1.1,10003663,nan,TRUE,TRUE,TRUE,TRUE,TRUE,1855-08-12
7.852,46.237,1855,10,9,1,30,0,3.79,7,SERA_histv1.1,10003689,nan,TRUE,TRUE,TRUE,TRUE,TRUE,1855-10-09
7.852,46.237,1855,11,19,0,0,0,3.79,7,SERA_histv1.1,10003710,nan,TRUE,TRUE,TRUE,TRUE,TRUE,1855-11-19
7.799,46.285,1856,3,20,7,0,0,3.79,7,SERA_histv1.1,10003744,nan,TRUE,TRUE,TRUE,TRUE,TRUE,1856-03-20
6.533,45.483,1863,6,23,1,30,0,3.79,7,SERA_histv1.1,10003968,nan,TRUE,TRUE,TRUE,TRUE,TRUE,1863-06-23
9.528,46.855,1868,3,24,0,0,0,3.79,7,SERA_histv1.1,10004092,nan,TRUE,TRUE,TRUE,TRUE,TRUE,1868-03-24
9.322,46.552,1872,2,23,0,0,0,3.79,7,SERA_histv1.1,10004235,nan,TRUE,TRUE,TRUE,TRUE,TRUE,1872-02-23
7.4,44.283,1894,11,4,23,59,59.99,3.79,7,SERA_histv1.1,10005227,nan,TRUE,TRUE,TRUE,TRUE,TRUE,1894-11-04
17.836,42.954,2012,4,21,21,48,45.49,3.79,7,EMECv20191114,10057717,7,TRUE,TRUE,TRUE,TRUE,FALSE,4/21/12
15.4,45.7,1941,12,9,14,4,0,3.81,7,EMECv20191114,10011892,nan,TRUE,TRUE,TRUE,TRUE,TRUE,12/9/41
14.2,46.5,2007,1,1,14,59,44.7,3.81,7,EMECv20191114,10047958,7,FALSE,TRUE,TRUE,TRUE,FALSE,1/1/07
13.45,46.33,1974,5,6,7,50,19.79,3.82,7,EMECv20191114,10020317,7,TRUE,TRUE,TRUE,TRUE,TRUE,5/6/74
19.228,41.832,1979,4,24,16,45,0,3.83,7,EMECv20191114,10022546,7,FALSE,FALSE,FALSE,FALSE,FALSE,4/24/79
18.844,42.207,1979,6,30,9,38,56.8,3.83,7,EMECv20191114,10022713,7,FALSE,FALSE,FALSE,FALSE,FALSE,6/30/79
20.7178,40.7194,2008,8,28,3,37,8.7,3.83,7,EMECv20191114,10052389,7,FALSE,FALSE,TRUE,FALSE,FALSE,8/28/08
20.077,40.467,2010,7,25,13,30,52.2,3.83,7,EMECv20191114,10055091,7,TRUE,TRUE,TRUE,FALSE,FALSE,7/25/10
15,46.13,1895,3,18,10,56,0,3.87,7,SERA_histv1.1,10005256,7,TRUE,TRUE,TRUE,TRUE,TRUE,1895-03-18
13.75,46.417,1905,4,2,17,46,0,3.87,7,EMECv20191114,10006334,7,FALSE,TRUE,TRUE,TRUE,TRUE,4/2/05
15.283,45.667,1905,4,22,3,0,0,3.87,7,EMECv20191114,10006342,7,FALSE,TRUE,TRUE,TRUE,TRUE,4/22/05
14.4,45.95,1924,2,27,5,41,0,3.87,7,EMECv20191114,10009302,7,FALSE,TRUE,TRUE,TRUE,TRUE,2/27/24
9.933,46.75,1573,3,22,0,0,0,3.9,7,SERA_histv1.1,10000790,nan,TRUE,TRUE,TRUE,TRUE,TRUE,1573-03-22
10.1,46.7,1576,1,26,23,0,0,3.9,7,SERA_histv1.1,10000806,nan,TRUE,TRUE,TRUE,TRUE,TRUE,1576-01-26
9.57,46.61,1605,4,1,0,0,0,3.9,7,SERA_histv1.1,10000947,nan,TRUE,TRUE,TRUE,TRUE,TRUE,1605-04-01
9.533,46.867,1650,8,18,22,0,0,3.9,7,SERA_histv1.1,10001185,nan,TRUE,TRUE,TRUE,TRUE,TRUE,1650-08-18
9.833,46.817,1744,12,28,10,30,0,3.9,7,SERA_histv1.1,10001899,nan,TRUE,TRUE,TRUE,TRUE,TRUE,1744-12-28
7.88,46.25,1856,2,7,0,0,0,3.9,7,SERA_histv1.1,10003740,nan,TRUE,TRUE,TRUE,TRUE,TRUE,1856-02-07
9.6,46.667,1880,1,6,23,30,0,3.9,7,SERA_histv1.1,10004505,nan,TRUE,TRUE,TRUE,TRUE,TRUE,1880-01-06
7.25,46.3,1891,1,20,3,16,0,3.9,7,SERA_histv1.1,10005025,nan,TRUE,TRUE,TRUE,TRUE,TRUE,1891-01-20
9.9,46.6,1917,12,10,4,30,0,3.9,7,EMECv20191114,10008400,nan,FALSE,FALSE,TRUE,TRUE,TRUE,12/10/17
7.317,46.283,1919,11,16,4,25,47,3.9,7,EMECv20191114,10008666,nan,TRUE,TRUE,TRUE,TRUE,TRUE,11/16/19
8.983,46.75,1964,2,26,3,22,48,3.9,7,EMECv20191114,10015861,nan,FALSE,TRUE,TRUE,TRUE,TRUE,2/26/64
8.95,46.733,1965,8,1,8,58,0,3.9,7,EMECv20191114,10016330,nan,TRUE,TRUE,TRUE,TRUE,TRUE,8/1/65
8.817,46.667,1967,7,15,2,23,26,3.9,7,EMECv20191114,10017080,nan,TRUE,TRUE,TRUE,TRUE,TRUE,7/15/67
9.209,47.063,1800,11,1,22,30,0,3.91,7,SERA_histv1.1,10002664,nan,TRUE,TRUE,TRUE,TRUE,TRUE,1800-11-01
14.367,45.517,1913,5,20,16,15,9,3.91,7,EMECv20191114,10007643,7,TRUE,TRUE,TRUE,TRUE,TRUE,5/20/13
18.72,42.15,1979,5,28,13,27,53.8,3.91,7,EMECv20191114,10022627,7,FALSE,FALSE,FALSE,FALSE,FALSE,5/28/79
17.2,43,1901,7,30,9,16,0,3.99,7,EMECv20191114,10005858,7,FALSE,FALSE,TRUE,TRUE,TRUE,7/30/01
19,42.3,1904,11,2,18,29,47,3.99,7,EMECv20191114,10006282,7,TRUE,TRUE,TRUE,TRUE,TRUE,11/2/04
15.4,44.6,1906,3,4,11,38,3,3.99,7,EMECv20191114,10006486,7,TRUE,TRUE,TRUE,TRUE,TRUE,3/4/06
14.82,46.32,1916,10,28,8,15,51,4,7,EMECv20191114,10008223,nan,FALSE,FALSE,FALSE,FALSE,FALSE,10/28/16
19.943,40.681,2011,2,21,5,56,59.1,4.02,7,EMECv20191114,10055729,7,FALSE,TRUE,TRUE,FALSE,FALSE,2/21/11
20.337,41.309,2012,1,31,5,14,37.5,4.02,7,EMECv20191114,10057452,7,FALSE,FALSE,TRUE,FALSE,FALSE,1/31/12
14.8,46.1,1965,2,8,16,18,49,4.05,7,EMECv20191114,10016175,nan,TRUE,TRUE,TRUE,TRUE,TRUE,2/8/65
14.55,46.25,1936,2,4,8,16,7,4.1,7,EMECv20191114,10011157,nan,FALSE,FALSE,TRUE,TRUE,TRUE,2/4/36
12.492,46.327,1986,8,29,15,0,48.6,4.1,7,EMECv20191114,10026843,7,FALSE,FALSE,TRUE,TRUE,TRUE,8/29/86
6.842,45.021,1785,9,12,0,0,0,4.11,7,SERA_histv1.1,10002501,nan,TRUE,TRUE,TRUE,TRUE,TRUE,1785-09-12
18.97,42.62,2010,1,16,5,52,27.7,4.13,7,EMECv20191114,10054377,7,TRUE,TRUE,TRUE,FALSE,FALSE,1/16/10
11.875,45.407,1646,2,22,0,0,0,4.2,7,SERA_histv1.1,10001146,nan,TRUE,TRUE,TRUE,TRUE,TRUE,1646-02-22
15.286,37.073,1757,8,6,0,0,0,4.2,7,SERA_histv1.1,10002080,nan,TRUE,TRUE,TRUE,TRUE,TRUE,1757-08-06
14.957,36.976,1964,5,2,11,32,0,4.2,7,EMECv20191114,10015934,nan,TRUE,TRUE,TRUE,TRUE,TRUE,5/2/64
10.043,44.239,1931,1,25,10,48,26,4.29,7,EMECv20191114,10010460,nan,TRUE,TRUE,TRUE,TRUE,FALSE,1/25/31
15.17,45.98,1896,4,14,2,39,0,4.3,7,SERA_histv1.1,10005352,7,TRUE,TRUE,TRUE,TRUE,TRUE,1896-04-14
18,42.8,1917,2,22,4,58,31,4.3,7,EMECv20191114,10008288,7,TRUE,TRUE,TRUE,TRUE,TRUE,2/22/17
15.73,43.78,1924,3,1,17,15,26,4.3,7,EMECv20191114,10009306,7,FALSE,FALSE,TRUE,TRUE,TRUE,3/1/24
13.095,46.354,1988,2,4,19,37,36.5,4.33,7,EMECv20191114,10027543,7,FALSE,FALSE,TRUE,TRUE,TRUE,2/4/88
17.8,43.1,1905,10,6,23,44,40,4.34,7,EMECv20191114,10006410,7,TRUE,TRUE,TRUE,TRUE,FALSE,10/6/05
18.1,43.05,1906,5,5,9,52,13,4.34,7,EMECv20191114,10006506,7,FALSE,FALSE,TRUE,TRUE,FALSE,5/5/06
18.3,42.7,1907,2,11,9,34,58,4.34,7,EMECv20191114,10006615,7,TRUE,TRUE,TRUE,TRUE,FALSE,2/11/07
15.655,40.638,1983,2,2,8,14,16,4.35,7,EMECv20191114,10024852,nan,FALSE,FALSE,TRUE,TRUE,FALSE,2/2/83
6.41,45.96,1994,12,14,8,55,59.3,4.4,7,EMECv20191114,10031608,nan,TRUE,TRUE,TRUE,TRUE,TRUE,12/14/94
11.275,44.025,2009,9,14,20,4,31.03,4.4,7,EMECv20191114,10053906,7,TRUE,TRUE,TRUE,TRUE,TRUE,9/14/09
8.954,45.352,1304,12,18,2,0,0,4.43,7,SERA_histv1.1,10000177,nan,TRUE,TRUE,TRUE,TRUE,TRUE,1304-12-18
14.25,45.83,1930,2,25,13,38,0,4.5,7,EMECv20191114,10010287,nan,FALSE,FALSE,FALSE,FALSE,FALSE,2/25/30
14.92,46.42,1936,1,8,16,23,2,4.5,7,EMECv20191114,10011141,nan,TRUE,TRUE,TRUE,TRUE,TRUE,1/8/36
19,42.1,1966,11,6,18,51,45,4.5,7,EMECv20191114,10016822,7,FALSE,FALSE,TRUE,TRUE,FALSE,11/6/66
20.5621,39.6982,1982,8,18,14,10,8.47,4.5,7,EMECv20191114,10024535,7,FALSE,FALSE,TRUE,FALSE,FALSE,8/18/82
19.4937,40.7994,1991,6,26,20,1,29.05,4.5,7,EMECv20191114,10029578,7,FALSE,TRUE,TRUE,TRUE,FALSE,6/26/91
11.959,43.875,2003,1,26,20,15,3.07,4.5,7,EMECv20191114,10041658,7,FALSE,FALSE,FALSE,FALSE,FALSE,1/26/03
20.2323,39.3813,2009,2,20,21,10,10.33,4.5,7,EMECv20191114,10053082,7,TRUE,TRUE,TRUE,FALSE,FALSE,2/20/09
15.3,45.8,1930,4,25,1,56,10,4.53,7,EMECv20191114,10010319,7,TRUE,TRUE,TRUE,TRUE,TRUE,4/25/30
19.7,40.3,1931,1,4,23,56,23,4.57,7,EMECv20191114,10010451,7,FALSE,FALSE,TRUE,TRUE,TRUE,1/4/31
19.7,41.4,1970,8,29,10,42,17,4.57,7,EMECv20191114,10018878,7,FALSE,FALSE,TRUE,TRUE,FALSE,8/29/70
20.4601,40.8266,1984,7,12,7,48,37.76,4.6,7,EMECv20191114,10025816,7,FALSE,TRUE,TRUE,TRUE,FALSE,7/12/84
19.908,41.0575,1984,11,9,5,13,55.72,4.6,7,EMECv20191114,10025978,7,FALSE,TRUE,TRUE,TRUE,FALSE,11/9/84
19.942,41.2592,1990,3,7,23,14,26.34,4.6,7,EMECv20191114,10028724,7,TRUE,TRUE,TRUE,TRUE,FALSE,3/7/90
20.2156,41.269,1991,12,26,23,44,57.76,4.6,7,EMECv20191114,10029812,7,TRUE,TRUE,TRUE,TRUE,FALSE,12/26/91
19.6528,40.1437,2004,2,4,5,36,12.58,4.6,7,EMECv20191114,10043084,7,TRUE,TRUE,TRUE,TRUE,FALSE,2/4/04
5.86,45.21,1839,4,3,0,0,0,4.63,7,SERA_histv1.1,10003295,nan,TRUE,TRUE,TRUE,TRUE,TRUE,1839-04-03
10.24,46.784,1857,8,27,0,0,0,4.64,7,SERA_histv1.1,10003796,nan,TRUE,TRUE,TRUE,TRUE,TRUE,1857-08-27
20.3,41.3,1935,12,1,17,0,0,4.67,7,EMECv20191114,10011129,7,FALSE,FALSE,TRUE,TRUE,TRUE,12/1/35
13.059,46.398,1934,5,4,13,56,0,4.69,7,EMECv20191114,10010941,nan,TRUE,TRUE,TRUE,TRUE,TRUE,5/4/34
19.4267,41.8555,1979,4,16,9,43,42.69,4.7,7,EMECv20191114,10022497,7,FALSE,FALSE,FALSE,FALSE,FALSE,4/16/79
20.8162,40.6036,1981,3,22,11,46,50.84,4.7,7,EMECv20191114,10023727,7,FALSE,FALSE,TRUE,TRUE,FALSE,3/22/81
19.7352,40.811,1982,7,30,2,30,48.03,4.7,7,EMECv20191114,10024513,7,TRUE,TRUE,TRUE,FALSE,FALSE,7/30/82
14.27,46.49,1830,8,11,12,20,0,4.72,7,SERA_histv1.1,10003132,7,TRUE,TRUE,TRUE,TRUE,TRUE,1830-08-11
13.85,46.61,1855,3,18,6,15,0,4.72,7,SERA_histv1.1,10003640,7,TRUE,TRUE,TRUE,TRUE,TRUE,1855-03-18
14.27,46.49,1862,1,25,0,20,0,4.72,7,SERA_histv1.1,10003928,7,TRUE,TRUE,TRUE,TRUE,TRUE,1862-01-25
14.59,46.49,1879,1,11,9,8,0,4.72,7,SERA_histv1.1,10004460,7,TRUE,TRUE,TRUE,TRUE,TRUE,1879-01-11
14.66,47.17,1916,5,1,10,24,0,4.8,7,EMECv20191114,10008147,7,TRUE,TRUE,TRUE,TRUE,TRUE,5/1/16
7.5,46.3,1946,7,16,4,8,0,4.8,7,EMECv20191114,10012394,7,FALSE,FALSE,TRUE,TRUE,TRUE,7/16/46
19,42.2,1966,12,8,11,31,19,4.81,7,EMECv20191114,10016837,7,FALSE,FALSE,TRUE,TRUE,FALSE,12/8/66
12.635,46.062,1575,11,17,10,30,0,4.88,7,SERA_histv1.1,10000805,nan,TRUE,TRUE,TRUE,TRUE,TRUE,1575-11-17
16.288,41.273,1689,9,21,0,0,0,4.88,7,SERA_histv1.1,10001428,nan,TRUE,TRUE,TRUE,TRUE,TRUE,1689-09-21
15.947,41.317,1731,10,17,11,0,0,4.88,7,SERA_histv1.1,10001779,nan,TRUE,TRUE,TRUE,TRUE,TRUE,1731-10-17
7.797,45.569,1892,3,5,0,0,0,4.9,7,SERA_histv1.1,10005071,nan,TRUE,TRUE,TRUE,TRUE,TRUE,1892-03-05
14.64,46.59,1899,8,5,6,20,0,4.93,7,SERA_histv1.1,10005673,7,TRUE,TRUE,TRUE,TRUE,TRUE,1899-08-05
5.947,45.477,1784,10,15,12,3,0,5.07,7,SERA_histv1.1,10002487,nan,TRUE,TRUE,TRUE,TRUE,TRUE,1784-10-15
20.61,40.41,1974,9,17,5,10,32,5.07,7,EMECv20191114,10020455,7,TRUE,TRUE,TRUE,TRUE,FALSE,9/17/74
20.1671,41.1516,1986,3,15,8,46,56.59,5.1,7,EMECv20191114,10026590,7,TRUE,TRUE,TRUE,TRUE,FALSE,3/15/86
14.02,46.59,1857,12,25,1,30,0,5.14,7,SERA_histv1.1,10003805,7,TRUE,TRUE,TRUE,TRUE,TRUE,1857-12-25
14.17,46.35,1869,10,13,3,30,0,5.14,7,SERA_histv1.1,10004144,7,TRUE,TRUE,TRUE,TRUE,TRUE,1869-10-13
10.25,46.795,1622,8,3,0,0,0,5.16,7,SERA_histv1.1,10001031,nan,TRUE,TRUE,TRUE,TRUE,TRUE,1622-08-03
13.8,46.5,1904,3,10,4,26,6,5.2,7,EMECv20191114,10006168,nan,TRUE,TRUE,TRUE,TRUE,TRUE,3/10/04
20.631,40.0388,1996,8,20,1,26,50.31,5.2,7,EMECv20191114,10034014,7,FALSE,FALSE,TRUE,FALSE,FALSE,8/20/96
20,40,1925,10,6,4,11,30,5.26,7,EMECv20191114,10009542,7,FALSE,FALSE,TRUE,TRUE,FALSE,10/6/25
14.3,46.75,1857,3,7,0,0,0,5.39,7,SERA_histv1.1,10003779,nan,TRUE,TRUE,TRUE,TRUE,TRUE,1857-03-07
7.923,46.523,1837,1,24,1,0,0,5.4,7,SERA_histv1.1,10003252,nan,TRUE,TRUE,TRUE,TRUE,TRUE,1837-01-24
17.65,42.9,1996,9,17,13,45,25,5.4,7,EMECv20191114,10034116,7,FALSE,TRUE,TRUE,TRUE,FALSE,9/17/96
7.855,46.292,1855,7,25,11,50,0,6.06,7,SERA_histv1.1,10003651,nan,TRUE,TRUE,TRUE,TRUE,TRUE,1855-07-25
20.042,39.641,1809,5,4,0,0,0,6.13,7,SERA_histv1.1,10002795,nan,TRUE,TRUE,TRUE,TRUE,TRUE,1809-05-04
7.992,43.891,1887,2,23,5,21,0,6.24,7,SERA_histv1.1,10004858,nan,TRUE,TRUE,TRUE,TRUE,TRUE,1887-02-23
14.5207,37.9748,2013,3,7,22,36,59.03,3.6,6.9,EMECv20191114,10058884,6.9,FALSE,FALSE,TRUE,TRUE,FALSE,3/7/13
17.815,43.045,1990,8,12,23,4,50,3.62,6.9,EMECv20191114,10028954,6.9,FALSE,FALSE,TRUE,TRUE,FALSE,8/12/90
13.306,46.506,1876,10,22,8,9,0,3.74,6.9,SERA_histv1.1,10004387,nan,TRUE,TRUE,TRUE,TRUE,TRUE,1876-10-22
11.323,44.8413,2012,5,20,23,4,26.08,3.78,6.9,EMECv20191114,10057873,6.9,FALSE,FALSE,FALSE,FALSE,FALSE,5/20/12
14.83,46.03,1897,4,23,19,5,0,3.87,6.9,SERA_histv1.1,10005460,6.9,TRUE,TRUE,TRUE,TRUE,TRUE,1897-04-23
15.233,45.55,1920,5,20,18,20,0,3.87,6.9,EMECv20191114,10008741,6.9,FALSE,FALSE,TRUE,TRUE,FALSE,5/20/20
14.8,46.1,1966,12,24,21,6,0,3.87,6.9,EMECv20191114,10016850,6.9,TRUE,TRUE,TRUE,TRUE,TRUE,12/24/66
10.431,44.185,1909,3,18,2,51,0,4.13,6.9,EMECv20191114,10006944,nan,TRUE,TRUE,TRUE,TRUE,TRUE,3/18/09
12.488,46.18,2012,6,9,2,4,56.6,4.16,6.9,EMECv20191114,10058009,6.9,TRUE,TRUE,TRUE,TRUE,FALSE,6/9/12
10.348,45.571,1909,12,24,18,40,0,4.17,6.9,EMECv20191114,10007096,nan,TRUE,TRUE,TRUE,TRUE,TRUE,12/24/09
14.5,46.383,1959,5,2,6,36,24,4.19,6.9,EMECv20191114,10014854,6.9,TRUE,TRUE,TRUE,TRUE,TRUE,5/2/59
13.747,39.31,2002,10,18,17,25,12.15,4.25,6.9,EMECv20191114,10041354,6.9,TRUE,TRUE,TRUE,TRUE,FALSE,10/18/02
12.019,45.337,1365,3,4,0,0,0,4.67,6.9,SERA_histv1.1,10000256,nan,TRUE,TRUE,TRUE,TRUE,TRUE,1365-03-04
10.625,45.806,1960,2,19,2,30,0,4.81,6.9,EMECv20191114,10015027,nan,TRUE,TRUE,TRUE,TRUE,TRUE,2/19/60
14.32,46.17,1879,9,12,0,0,0,4.93,6.9,SERA_histv1.1,10004480,6.9,TRUE,TRUE,TRUE,TRUE,TRUE,1879-09-12
14.057,41.667,1984,5,7,17,50,0,5.86,6.9,EMECv20191114,10025703,nan,TRUE,TRUE,TRUE,TRUE,FALSE,5/7/84
11.015,45.267,1117,1,3,15,15,0,6.57,6.9,SERA_histv1.1,10000049,nan,TRUE,TRUE,TRUE,TRUE,TRUE,1117-01-03
10.1735,44.1575,2013,6,23,13,13,41.69,3.5,6.8,EMECv20191114,10059287,6.8,FALSE,FALSE,FALSE,FALSE,FALSE,6/23/13
10.1902,44.1838,2013,6,30,18,18,53.03,3.5,6.8,EMECv20191114,10059316,6.8,FALSE,FALSE,FALSE,FALSE,FALSE,6/30/13
17.812,42.784,1996,9,8,20,5,57.2,3.53,6.8,EMECv20191114,10034083,6.8,FALSE,FALSE,FALSE,FALSE,FALSE,9/8/96
9.4448,44.536,2014,11,30,9,34,25.22,3.6,6.8,EMECv20191114,10061335,6.8,TRUE,TRUE,TRUE,TRUE,TRUE,11/30/14
10.938,44.8818,2012,6,4,19,45,36.22,3.67,6.8,EMECv20191114,10057989,6.8,FALSE,FALSE,FALSE,FALSE,FALSE,6/4/12
14.117,45.666,1933,5,31,12,17,0,3.73,6.8,EMECv20191114,10010847,nan,TRUE,TRUE,TRUE,TRUE,FALSE,5/31/33
12.864,43.049,1997,9,28,3,51,33.05,3.88,6.8,EMECv20191114,10035548,6.8,FALSE,FALSE,FALSE,FALSE,FALSE,9/28/97
11.0845,44.8602,2012,5,29,8,15,9.87,3.89,6.8,EMECv20191114,10057936,6.8,FALSE,FALSE,FALSE,FALSE,FALSE,5/29/12
17.878,42.8,1996,9,6,11,10,47.5,3.91,6.8,EMECv20191114,10034074,6.8,FALSE,FALSE,FALSE,FALSE,FALSE,9/6/96
17.056,39.308,1999,12,28,4,26,49.14,3.99,6.8,EMECv20191114,10038246,6.8,TRUE,TRUE,TRUE,TRUE,FALSE,12/28/99
10.984,44.881,2012,5,31,19,4,4,4.04,6.8,EMECv20191114,10057968,6.8,FALSE,FALSE,FALSE,FALSE,FALSE,5/31/12
13.495,43.206,1899,6,22,13,20,0,4.15,6.8,SERA_histv1.1,10005660,nan,TRUE,TRUE,TRUE,TRUE,TRUE,1899-06-22
11.343,44.494,1400,2,28,19,15,0,4.2,6.8,SERA_histv1.1,10000317,nan,TRUE,TRUE,TRUE,TRUE,TRUE,1400-02-28
10.631,44.698,1607,12,31,0,0,0,4.2,6.8,SERA_histv1.1,10000958,nan,TRUE,TRUE,TRUE,TRUE,TRUE,1607-12-31
11.137,44.892,2012,5,20,10,12,18.51,4.21,6.8,EMECv20191114,10057863,6.8,FALSE,FALSE,FALSE,FALSE,FALSE,5/20/12
12.768,42.583,1900,5,19,16,55,0,4.22,6.8,EMECv20191114,10005739,nan,TRUE,TRUE,TRUE,TRUE,TRUE,5/19/00
10.218,44.386,1957,10,25,23,2,5,4.27,6.8,EMECv20191114,10014492,nan,TRUE,TRUE,TRUE,TRUE,TRUE,10/25/57
13.439,42.837,1920,2,10,23,57,0,4.3,6.8,EMECv20191114,10008697,nan,TRUE,TRUE,TRUE,TRUE,FALSE,2/10/20
13.743,41.689,1962,12,14,13,35,0,4.4,6.8,EMECv20191114,10015606,nan,TRUE,TRUE,TRUE,TRUE,TRUE,12/14/62
15.812,38.234,1715,2,21,0,0,0,4.43,6.8,SERA_histv1.1,10001655,nan,TRUE,TRUE,TRUE,TRUE,TRUE,1715-02-21
13.213,46.264,1976,5,10,4,35,52.23,4.45,6.8,EMECv20191114,10021183,6.8,FALSE,FALSE,FALSE,FALSE,FALSE,5/10/76
13.292,42.444,1956,10,7,19,12,41,4.46,6.8,EMECv20191114,10014261,nan,TRUE,TRUE,TRUE,TRUE,TRUE,10/7/56
13.397,43.666,1972,2,8,12,19,9.61,4.46,6.8,EMECv20191114,10019481,nan,FALSE,FALSE,TRUE,TRUE,TRUE,2/8/72
13.339,43.129,1908,3,17,3,59,0,4.61,6.8,EMECv20191114,10006761,nan,TRUE,TRUE,TRUE,TRUE,TRUE,3/17/08
13.301,43.035,1904,9,2,11,21,0,4.63,6.8,EMECv20191114,10006262,nan,TRUE,TRUE,TRUE,TRUE,TRUE,9/2/04
12.571,42.535,1960,7,20,23,9,0,4.67,6.8,EMECv20191114,10015145,nan,FALSE,FALSE,TRUE,TRUE,TRUE,7/20/60
13.6,41.983,1915,1,13,16,44,0,4.79,6.8,EMECv20191114,10007892,nan,FALSE,FALSE,FALSE,FALSE,FALSE,1/13/15
10.842,44.2,1904,6,10,11,15,28,4.82,6.8,EMECv20191114,10006226,nan,TRUE,FALSE,TRUE,TRUE,TRUE,6/10/04
13.227,42.824,1916,7,4,5,6,0,4.82,6.8,EMECv20191114,10008168,nan,TRUE,TRUE,TRUE,FALSE,FALSE,7/4/16
13.013,42.718,1716,10,4,0,0,0,4.88,6.8,SERA_histv1.1,10001659,nan,TRUE,TRUE,TRUE,TRUE,TRUE,1716-10-04
13.203,46.285,1976,9,15,3,15,19.85,5.93,6.8,EMECv20191114,10021359,6.8,FALSE,FALSE,FALSE,FALSE,FALSE,9/15/76
15.705,40.694,2004,9,27,23,20,47.52,3.51,6.7,EMECv20191114,10044134,6.7,FALSE,FALSE,TRUE,TRUE,FALSE,9/27/04
14.5,46.167,1900,1,21,0,39,0,3.53,6.7,EMECv20191114,10005709,6.7,FALSE,FALSE,TRUE,TRUE,TRUE,1/21/00
15.283,45.667,1905,4,22,2,20,0,3.53,6.7,EMECv20191114,10006341,6.7,FALSE,FALSE,FALSE,FALSE,FALSE,4/22/05
14.5,46.05,1907,2,27,21,55,16,3.53,6.7,EMECv20191114,10006621,6.7,FALSE,TRUE,TRUE,TRUE,TRUE,2/27/07
15.133,44.306,1989,6,18,5,54,56.9,3.53,6.7,EMECv20191114,10028306,6.7,TRUE,TRUE,TRUE,TRUE,TRUE,6/18/89
13.86,37.723,2009,2,7,8,2,35.28,3.57,6.7,EMECv20191114,10053042,6.7,FALSE,TRUE,TRUE,TRUE,FALSE,2/7/09
14.017,41.986,2009,3,17,1,12,50.51,3.6,6.7,EMECv20191114,10053152,6.7,FALSE,FALSE,TRUE,TRUE,TRUE,3/17/09
10.854,44.594,1932,4,19,0,17,0,3.63,6.7,EMECv20191114,10010677,nan,TRUE,TRUE,TRUE,TRUE,FALSE,4/19/32
12.436,43.442,1963,2,3,10,5,0,3.7,6.7,EMECv20191114,10015631,nan,TRUE,TRUE,TRUE,TRUE,TRUE,2/3/63
10.272,43.878,1730,3,29,0,5,0,3.74,6.7,SERA_histv1.1,10001763,nan,TRUE,TRUE,TRUE,TRUE,TRUE,1730-03-29
12.436,43.442,1913,8,9,1,45,0,3.93,6.7,EMECv20191114,10007678,nan,TRUE,TRUE,TRUE,TRUE,TRUE,8/9/13
14.37,45.5,1899,9,30,5,15,0,4.09,6.7,SERA_histv1.1,10005686,6.7,TRUE,TRUE,TRUE,TRUE,TRUE,1899-09-30
12.66,43.013,1904,6,20,1,24,0,4.1,6.7,EMECv20191114,10006230,nan,TRUE,TRUE,TRUE,TRUE,TRUE,6/20/04
12.654,42.834,2010,8,28,7,8,3.25,4.16,6.7,EMECv20191114,10055199,6.7,TRUE,TRUE,TRUE,TRUE,FALSE,8/28/10
12.811,43.01,1997,9,27,17,13,3.7,4.17,6.7,EMECv20191114,10035546,6.7,FALSE,FALSE,FALSE,FALSE,FALSE,9/27/97
11.95,43.887,2003,1,26,20,1,15.42,4.19,6.7,EMECv20191114,10041657,6.7,FALSE,FALSE,FALSE,FALSE,FALSE,1/26/03
13.281,42.708,1910,12,22,12,34,0,4.3,6.7,EMECv20191114,10007244,nan,FALSE,FALSE,TRUE,TRUE,TRUE,12/22/10
13.023,43.034,1970,9,7,14,2,21,4.35,6.7,EMECv20191114,10018888,nan,TRUE,TRUE,TRUE,TRUE,TRUE,9/7/70
13.363,42.092,1904,3,29,8,30,0,4.4,6.7,EMECv20191114,10006174,nan,FALSE,FALSE,TRUE,TRUE,TRUE,3/29/04
11.219,44.87,2012,5,20,2,12,40.47,4.42,6.7,EMECv20191114,10057842,6.7,FALSE,FALSE,FALSE,FALSE,FALSE,5/20/12
17.124,43.075,1994,5,22,22,56,47.7,4.5,6.7,EMECv20191114,10031214,6.7,TRUE,TRUE,TRUE,TRUE,FALSE,5/22/94
12.141,43.57,1484,1,1,0,0,0,5.11,6.7,SERA_histv1.1,10000479,nan,TRUE,TRUE,TRUE,TRUE,TRUE,1484-01-01
18.5,42.4,1780,9,21,13,15,0,5.35,6.7,SERA_histv1.1,10002409,nan,TRUE,TRUE,TRUE,TRUE,TRUE,1780-09-21
13.827,41.655,1874,12,6,15,50,0,5.49,6.7,SERA_histv1.1,10004320,nan,TRUE,TRUE,TRUE,TRUE,TRUE,1874-12-06
13.683,41.635,1654,7,24,0,25,0,6.33,6.7,SERA_histv1.1,10001227,nan,TRUE,TRUE,TRUE,TRUE,TRUE,1654-07-24
15.342,41.737,1627,7,30,10,50,0,6.69,6.7,SERA_histv1.1,10001052,nan,TRUE,TRUE,TRUE,TRUE,TRUE,1627-07-30
11.452,44.219,1996,3,14,1,56,37.25,3.56,6.6,EMECv20191114,10033254,6.6,TRUE,TRUE,TRUE,TRUE,TRUE,3/14/96
9.321,44.713,2005,6,5,4,18,46.34,3.67,6.6,EMECv20191114,10045308,6.6,FALSE,TRUE,TRUE,TRUE,TRUE,6/5/05
16.059,38.376,1992,12,20,21,48,18.01,3.82,6.6,EMECv20191114,10030309,6.6,TRUE,TRUE,TRUE,TRUE,FALSE,12/20/92
14.833,45.95,1917,3,25,22,30,0,3.84,6.6,EMECv20191114,10008301,6.6,FALSE,TRUE,TRUE,FALSE,FALSE,3/25/17
14.367,46.167,1918,11,6,20,30,0,3.84,6.6,EMECv20191114,10008523,6.6,FALSE,TRUE,TRUE,FALSE,FALSE,11/6/18
14.283,46.417,1919,12,22,17,12,0,3.84,6.6,EMECv20191114,10008677,6.6,TRUE,TRUE,TRUE,TRUE,FALSE,12/22/19
14.4,45.95,1925,2,27,5,41,0,3.84,6.6,EMECv20191114,10009435,6.6,TRUE,TRUE,TRUE,TRUE,TRUE,2/27/25
14.7,45.9,1926,8,14,23,38,0,3.84,6.6,EMECv20191114,10009659,6.6,FALSE,FALSE,TRUE,TRUE,TRUE,8/14/26
14.75,46,1938,2,7,1,35,0,3.84,6.6,EMECv20191114,10011386,6.6,FALSE,TRUE,TRUE,TRUE,TRUE,2/7/38
16.305,39.341,1920,1,27,4,38,0,3.93,6.6,EMECv20191114,10008694,nan,TRUE,TRUE,TRUE,TRUE,TRUE,1/27/20
12.916,42.619,1898,4,23,18,22,0,3.97,6.6,SERA_histv1.1,10005582,nan,TRUE,TRUE,TRUE,TRUE,TRUE,1898-04-23
10.187,44.246,1987,2,10,21,20,13.74,4.09,6.6,EMECv20191114,10027098,6.6,TRUE,TRUE,TRUE,TRUE,TRUE,2/10/87
11.227,44.881,2012,5,20,2,39,7.41,4.13,6.6,EMECv20191114,10057851,6.6,FALSE,FALSE,FALSE,FALSE,FALSE,5/20/12
11.257,43.773,1384,2,4,5,5,0,4.2,6.6,SERA_histv1.1,10000285,nan,TRUE,TRUE,TRUE,TRUE,TRUE,1384-02-04
15.647,38.108,1852,5,13,21,40,0,4.2,6.6,SERA_histv1.1,10003557,nan,TRUE,TRUE,TRUE,TRUE,TRUE,1852-05-13
14.12,42.875,1996,7,9,10,23,7.21,4.2,6.6,EMECv20191114,10033821,6.6,TRUE,TRUE,TRUE,TRUE,TRUE,7/9/96
12.859,42.837,1702,11,14,0,0,0,4.43,6.6,SERA_histv1.1,10001565,nan,TRUE,TRUE,TRUE,TRUE,TRUE,1702-11-14
13.713,42.173,1980,6,9,16,2,47,4.64,6.6,EMECv20191114,10023140,nan,FALSE,FALSE,TRUE,TRUE,TRUE,6/9/80
13.464,43.048,1943,3,25,0,0,0,4.85,6.6,EMECv20191114,10012048,nan,FALSE,FALSE,TRUE,TRUE,TRUE,3/25/43
13.228,43.865,1928,5,30,20,1,0,5.02,6.6,EMECv20191114,10010030,nan,TRUE,TRUE,TRUE,TRUE,TRUE,5/30/28
11.257,43.773,1148,1,1,0,0,0,5.11,6.6,SERA_histv1.1,10000069,nan,TRUE,TRUE,TRUE,TRUE,TRUE,1148-01-01
12.411,43.664,1689,1,1,0,0,0,5.11,6.6,SERA_histv1.1,10001431,nan,TRUE,TRUE,TRUE,TRUE,TRUE,1689-01-01
13.261,42.639,1639,10,7,0,0,0,6.14,6.6,SERA_histv1.1,10001109,nan,TRUE,TRUE,TRUE,TRUE,TRUE,1639-10-07
13.95,46.267,1908,5,24,20,0,0,3.51,6.5,EMECv20191114,10006781,6.5,TRUE,TRUE,TRUE,TRUE,TRUE,5/24/08
15.114,43.989,1978,1,2,21,46,41.1,3.53,6.5,EMECv20191114,10021921,6.5,TRUE,TRUE,TRUE,TRUE,TRUE,1/2/78
17.769,42.988,1984,5,14,4,44,4.8,3.53,6.5,EMECv20191114,10025732,6.5,FALSE,FALSE,FALSE,FALSE,FALSE,5/14/84
15.317,45.5,1976,10,7,0,3,31.3,3.64,6.5,EMECv20191114,10021388,6.5,FALSE,TRUE,TRUE,FALSE,FALSE,10/7/76
10.815,44.152,2011,6,19,14,35,34.18,3.67,6.5,EMECv20191114,10056167,6.5,TRUE,TRUE,TRUE,TRUE,FALSE,6/19/11
13.561,46.315,2004,7,14,4,37,38,3.7,6.5,EMECv20191114,10043749,nan,FALSE,FALSE,TRUE,TRUE,TRUE,7/14/04
10.915,43.933,1731,12,23,0,0,0,3.74,6.5,SERA_histv1.1,10001781,nan,TRUE,TRUE,TRUE,TRUE,TRUE,1731-12-23
12.992,46.512,1762,4,18,11,30,0,3.74,6.5,SERA_histv1.1,10002130,nan,TRUE,TRUE,TRUE,TRUE,TRUE,1762-04-18
14.025,41.723,2002,12,18,0,37,28.39,3.81,6.5,EMECv20191114,10041568,6.5,TRUE,TRUE,TRUE,FALSE,FALSE,12/18/02
11.1592,44.858,2012,5,29,7,12,45.19,3.89,6.5,EMECv20191114,10057927,6.5,FALSE,FALSE,FALSE,FALSE,FALSE,5/29/12
14.75,45.95,1976,5,15,5,26,27.2,4,6.5,EMECv20191114,10021202,6.5,TRUE,TRUE,TRUE,TRUE,FALSE,5/15/76
15.23,45.833,1976,7,13,12,10,44.5,4,6.5,EMECv20191114,10021269,6.5,FALSE,TRUE,TRUE,TRUE,FALSE,7/13/76
10.693,44.814,1996,12,16,9,9,53.08,4.06,6.5,EMECv20191114,10034601,nan,FALSE,FALSE,TRUE,TRUE,TRUE,12/16/96
13.239,46.31,1976,9,20,9,9,58.78,4.1,6.5,EMECv20191114,10021371,6.5,FALSE,FALSE,FALSE,FALSE,FALSE,9/20/76
12.593,42.556,1896,1,6,15,59,0,4.11,6.5,SERA_histv1.1,10005330,nan,TRUE,TRUE,TRUE,TRUE,TRUE,1896-01-06
13.174,42.834,1999,11,29,3,20,33.86,4.15,6.5,EMECv20191114,10038167,6.5,FALSE,FALSE,TRUE,TRUE,TRUE,11/29/99
13.596,41.708,1915,6,20,14,21,52,4.16,6.5,EMECv20191114,10007961,nan,FALSE,FALSE,TRUE,FALSE,FALSE,6/20/15
10.189,43.651,2003,6,30,7,3,41.21,4.17,6.5,EMECv20191114,10042353,6.5,TRUE,TRUE,TRUE,TRUE,TRUE,6/30/03
13.743,41.689,1876,10,8,19,0,0,4.2,6.5,SERA_histv1.1,10004384,nan,TRUE,TRUE,TRUE,TRUE,TRUE,1876-10-08
10.946,44.877,2012,5,29,8,41,42.33,4.21,6.5,EMECv20191114,10057943,6.5,FALSE,FALSE,FALSE,FALSE,FALSE,5/29/12
15.1,46.1,1887,6,5,14,7,0,4.3,6.5,SERA_histv1.1,10004875,6.5,TRUE,TRUE,TRUE,TRUE,TRUE,1887-06-05
15.25,45.46,1893,3,22,18,50,0,4.3,6.5,SERA_histv1.1,10005126,6.5,TRUE,TRUE,TRUE,TRUE,TRUE,1893-03-22
14.63,46.15,1897,1,17,20,30,0,4.3,6.5,SERA_histv1.1,10005418,nan,TRUE,TRUE,TRUE,TRUE,TRUE,1897-01-17
12.273,43.48,1892,11,21,0,0,0,4.31,6.5,SERA_histv1.1,10005108,nan,TRUE,TRUE,TRUE,TRUE,TRUE,1892-11-21
14.05,46,1889,8,9,21,15,0,4.51,6.5,SERA_histv1.1,10004971,6.5,TRUE,TRUE,TRUE,TRUE,TRUE,1889-08-09
11.444,44.212,1878,11,9,17,48,0,4.53,6.5,SERA_histv1.1,10004455,nan,TRUE,TRUE,TRUE,TRUE,TRUE,1878-11-09
13.752,41.659,1908,10,6,22,0,0,4.57,6.5,EMECv20191114,10006835,nan,TRUE,FALSE,TRUE,TRUE,TRUE,10/6/08
11.96,43.883,2003,1,26,19,57,3.21,4.66,6.5,EMECv20191114,10041656,6.5,TRUE,TRUE,TRUE,TRUE,FALSE,1/26/03
14.6,46.25,1889,1,27,21,47,0,4.72,6.5,SERA_histv1.1,10004947,6.5,TRUE,TRUE,TRUE,TRUE,TRUE,1889-01-27
12.747,42.877,1592,11,24,0,0,0,5.11,6.5,SERA_histv1.1,10000886,nan,TRUE,TRUE,TRUE,TRUE,TRUE,1592-11-24
15.3,45.8,1880,11,12,8,0,0,5.14,6.5,SERA_histv1.1,10004547,nan,TRUE,TRUE,TRUE,TRUE,TRUE,1880-11-12
15.3,45.3,1881,3,24,16,45,0,5.14,6.5,SERA_histv1.1,10004572,nan,TRUE,TRUE,TRUE,TRUE,TRUE,1881-03-24
9.862,44.234,1873,9,17,0,0,0,5.3,6.5,SERA_histv1.1,10004286,nan,TRUE,TRUE,TRUE,TRUE,TRUE,1873-09-17
11.987,44.268,1781,7,17,9,40,0,5.6,6.5,SERA_histv1.1,10002431,nan,TRUE,TRUE,TRUE,TRUE,TRUE,1781-07-17
19.993,39.128,2012,11,4,23,49,45.4,3.55,6.4,EMECv20191114,10058494,6.4,TRUE,TRUE,TRUE,FALSE,FALSE,11/4/12
9.624,44.596,1986,5,12,13,3,49.08,3.8,6.4,EMECv20191114,10026672,6.4,TRUE,TRUE,TRUE,TRUE,TRUE,5/12/86
15.49,41.957,2006,8,6,19,33,31.21,3.89,6.4,EMECv20191114,10047383,6.4,FALSE,TRUE,TRUE,TRUE,TRUE,8/6/06
13.551,42.505,1803,4,7,0,0,0,3.97,6.4,SERA_histv1.1,10002691,nan,TRUE,TRUE,TRUE,TRUE,TRUE,1803-04-07
11.1517,44.848,2012,5,29,8,14,20.33,3.99,6.4,EMECv20191114,10057935,6.4,FALSE,FALSE,FALSE,FALSE,FALSE,5/29/12
11.305,44.85,2012,5,20,2,25,1.93,4.04,6.4,EMECv20191114,10057845,6.4,FALSE,FALSE,FALSE,FALSE,FALSE,5/20/12
11.004,43.971,1975,4,4,9,10,53,4.07,6.4,EMECv20191114,10020679,nan,TRUE,TRUE,TRUE,TRUE,TRUE,4/4/75
12.533,43.371,2013,12,18,10,58,51.24,4.1,6.4,EMECv20191114,10059825,6.4,FALSE,FALSE,TRUE,TRUE,FALSE,12/18/13
11.087,44.892,1901,1,20,6,34,20,4.11,6.4,EMECv20191114,10005799,nan,TRUE,TRUE,TRUE,TRUE,TRUE,1/20/01
13.405,42.376,1911,5,28,13,52,0,4.16,6.4,EMECv20191114,10007359,nan,TRUE,TRUE,TRUE,TRUE,TRUE,5/28/11
11.947,44.172,1424,10,20,0,0,0,4.2,6.4,SERA_histv1.1,10000353,nan,TRUE,TRUE,TRUE,TRUE,TRUE,1424-10-20
11.002,44.883,2012,5,29,9,29,37.09,4.21,6.4,EMECv20191114,10057947,6.4,FALSE,FALSE,FALSE,FALSE,FALSE,5/29/12
13.567,42.707,1969,9,26,23,40,39,4.39,6.4,EMECv20191114,10018227,nan,TRUE,TRUE,TRUE,TRUE,TRUE,9/26/69
13.657,42.025,1743,1,1,0,0,0,4.43,6.4,SERA_histv1.1,10001895,nan,TRUE,TRUE,TRUE,TRUE,TRUE,1743-01-01
12.875,42.727,1882,5,26,4,15,0,4.48,6.4,SERA_histv1.1,10004629,nan,TRUE,TRUE,TRUE,TRUE,TRUE,1882-05-26
13.378,41.986,1961,4,6,11,34,42,4.55,6.4,EMECv20191114,10015259,nan,FALSE,FALSE,TRUE,TRUE,TRUE,4/6/61
11.884,44.202,2000,5,7,0,44,50.17,4.57,6.4,EMECv20191114,10038572,6.4,FALSE,FALSE,TRUE,TRUE,FALSE,5/7/00
10.564,44.07,1980,6,7,18,35,1,4.64,6.4,EMECv20191114,10023138,nan,TRUE,TRUE,TRUE,TRUE,TRUE,6/7/80
12.648,43.164,1982,10,17,6,45,36,4.65,6.4,EMECv20191114,10024604,nan,TRUE,TRUE,TRUE,TRUE,TRUE,10/17/82
15.15,45.95,1877,9,12,15,30,0,4.93,6.4,SERA_histv1.1,10004410,6.4,TRUE,TRUE,TRUE,TRUE,TRUE,1877-09-12
11.587,44.168,1879,4,27,4,6,0,5.04,6.4,SERA_histv1.1,10004468,nan,TRUE,TRUE,TRUE,TRUE,TRUE,1879-04-27
11.11,44.489,1929,4,29,18,36,0,5.2,6.4,EMECv20191114,10010178,nan,FALSE,FALSE,FALSE,FALSE,FALSE,4/29/29
12.04,44.222,1383,8,4,0,0,0,5.34,6.4,SERA_histv1.1,10000284,nan,TRUE,TRUE,TRUE,TRUE,TRUE,1383-08-04
12.56,42.624,2006,5,16,21,2,51.81,3.5,6.3,EMECv20191114,10047043,6.3,TRUE,TRUE,TRUE,TRUE,FALSE,5/16/06
13.0613,44.0483,2014,4,29,22,26,2,3.5,6.3,EMECv20191114,10060568,6.3,TRUE,TRUE,TRUE,TRUE,FALSE,4/29/14
15.657,37.216,2002,11,28,0,0,27.65,3.51,6.3,EMECv20191114,10041521,6.3,TRUE,TRUE,TRUE,FALSE,FALSE,11/28/02
13.119,46.424,2004,10,7,19,21,9.05,3.51,6.3,EMECv20191114,10044171,6.3,FALSE,FALSE,TRUE,TRUE,TRUE,10/7/04
14.217,45.65,1903,8,22,15,50,0,3.82,6.3,EMECv20191114,10006107,6.3,FALSE,TRUE,TRUE,TRUE,TRUE,8/22/03
14.3,45.5,1909,10,28,2,42,23,3.82,6.3,EMECv20191114,10007071,6.3,FALSE,FALSE,TRUE,TRUE,TRUE,10/28/09
13.983,45.9,1911,5,13,3,45,0,3.82,6.3,EMECv20191114,10007346,6.3,FALSE,TRUE,TRUE,TRUE,TRUE,5/13/11
14.5,46.03,1864,6,8,13,30,0,3.87,6.3,SERA_histv1.1,10003994,6.3,TRUE,TRUE,TRUE,TRUE,TRUE,1864-06-08
14.75,45.7,1897,2,12,5,33,0,3.87,6.3,SERA_histv1.1,10005432,6.3,TRUE,TRUE,TRUE,TRUE,TRUE,1897-02-12
14.65,45.88,1897,3,9,16,30,0,3.87,6.3,SERA_histv1.1,10005447,6.3,TRUE,TRUE,TRUE,TRUE,TRUE,1897-03-09
14.63,46.15,1897,4,2,14,30,0,3.87,6.3,SERA_histv1.1,10005454,6.3,TRUE,TRUE,TRUE,TRUE,TRUE,1897-04-02
14.49,45.97,1897,7,15,3,0,0,3.87,6.3,SERA_histv1.1,10005481,nan,TRUE,TRUE,TRUE,TRUE,TRUE,1897-07-15
13.62,45.92,1897,10,21,17,47,0,3.87,6.3,SERA_histv1.1,10005510,6.3,TRUE,TRUE,TRUE,TRUE,TRUE,1897-10-21
14.5,46.05,1897,11,22,22,2,0,3.87,6.3,SERA_histv1.1,10005530,6.3,TRUE,TRUE,TRUE,TRUE,TRUE,1897-11-22
15.07,45.77,1898,1,30,20,30,0,3.87,6.3,SERA_histv1.1,10005555,6.3,TRUE,TRUE,TRUE,TRUE,TRUE,1898-01-30
13.9,45.88,1899,4,8,16,15,0,3.87,6.3,SERA_histv1.1,10005647,6.3,TRUE,TRUE,TRUE,TRUE,TRUE,1899-04-08
14.631,41.385,1997,11,24,19,4,55.64,3.88,6.3,EMECv20191114,10035857,6.3,TRUE,TRUE,TRUE,TRUE,TRUE,11/24/97
14.53,46.17,1898,10,13,0,9,0,4.09,6.3,SERA_histv1.1,10005605,6.3,TRUE,TRUE,TRUE,TRUE,TRUE,1898-10-13
13.181,43.036,1963,1,25,5,27,0,4.31,6.3,EMECv20191114,10015624,nan,FALSE,TRUE,TRUE,TRUE,TRUE,1/25/63
13.036,42.835,1964,8,2,10,40,0,4.53,6.3,EMECv20191114,10016003,nan,TRUE,TRUE,TRUE,TRUE,TRUE,8/2/64
15.79,38.229,1895,11,18,16,32,0,4.61,6.3,SERA_histv1.1,10005319,nan,TRUE,TRUE,TRUE,TRUE,TRUE,1895-11-18
9.909,44.354,1790,7,26,0,0,0,5.11,6.3,SERA_histv1.1,10002577,nan,TRUE,TRUE,TRUE,TRUE,TRUE,1790-07-26
15.36,40.513,1893,1,25,0,0,0,5.15,6.3,SERA_histv1.1,10005117,nan,TRUE,TRUE,TRUE,TRUE,TRUE,1893-01-25
12.903,42.414,1898,6,28,0,38,0,5.5,6.3,SERA_histv1.1,10005591,nan,TRUE,TRUE,TRUE,TRUE,TRUE,1898-06-28
15.215,40.818,1853,4,9,12,45,0,5.59,6.3,SERA_histv1.1,10003593,nan,TRUE,TRUE,TRUE,TRUE,TRUE,1853-04-09
15.842,40.352,1857,12,16,21,15,0,7.1,6.3,SERA_histv1.1,10003803,nan,TRUE,TRUE,TRUE,TRUE,TRUE,1857-12-16
14.3,45.5,1973,10,5,10,26,52.1,3.55,6.2,EMECv20191114,10020078,6.2,TRUE,TRUE,TRUE,TRUE,TRUE,10/5/73
11.0098,44.8965,2012,5,29,9,1,34.24,3.57,6.2,EMECv20191114,10057945,6.2,FALSE,FALSE,FALSE,FALSE,FALSE,5/29/12
11.189,44.8533,2012,5,23,6,51,52.76,3.78,6.2,EMECv20191114,10057885,6.2,FALSE,FALSE,FALSE,FALSE,FALSE,5/23/12
13.75,46.467,1923,8,23,2,30,0,3.81,6.2,EMECv20191114,10009211,6.2,TRUE,TRUE,TRUE,TRUE,TRUE,8/23/23
15.333,45.783,1928,1,25,16,8,35,3.81,6.2,EMECv20191114,10009938,6.2,TRUE,TRUE,TRUE,TRUE,TRUE,1/25/28
14.4,45.9,1968,7,5,8,39,55,3.81,6.2,EMECv20191114,10017629,6.2,TRUE,TRUE,TRUE,TRUE,TRUE,7/5/68
17.818,42.71,1996,9,6,19,48,6.7,3.81,6.2,EMECv20191114,10034076,6.2,FALSE,FALSE,FALSE,FALSE,FALSE,9/6/96
11.2937,44.8645,2012,5,20,14,51,28.87,3.89,6.2,EMECv20191114,10057868,6.2,FALSE,FALSE,FALSE,FALSE,FALSE,5/20/12
12.598,46.404,1988,6,12,20,9,59.6,4.16,6.2,EMECv20191114,10027685,6.2,FALSE,TRUE,TRUE,TRUE,TRUE,6/12/88
10.044,45.803,1934,3,23,1,46,50,4.31,6.2,EMECv20191114,10010932,nan,TRUE,TRUE,TRUE,TRUE,TRUE,3/23/34
12.955,42.874,1997,10,12,21,31,8.11,4.34,6.2,EMECv20191114,10035612,6.2,FALSE,FALSE,FALSE,FALSE,FALSE,10/12/97
11.226,43.844,1973,4,20,16,45,34,4.38,6.2,EMECv20191114,10019933,nan,TRUE,TRUE,TRUE,TRUE,TRUE,4/20/73
9.829,46.139,1891,12,22,0,0,0,4.42,6.2,SERA_histv1.1,10005061,nan,TRUE,TRUE,TRUE,TRUE,TRUE,1891-12-22
11.832,43.643,1902,6,27,16,48,0,4.46,6.2,EMECv20191114,10005958,nan,TRUE,TRUE,TRUE,TRUE,TRUE,6/27/02
10.548,46.346,1937,6,7,22,2,0,4.57,6.2,EMECv20191114,10011335,nan,TRUE,TRUE,TRUE,TRUE,TRUE,6/7/37
12.577,43.351,1465,5,17,0,0,0,4.65,6.2,SERA_histv1.1,10000429,nan,TRUE,TRUE,TRUE,TRUE,TRUE,1465-05-17
11.487,43.774,1729,6,23,0,0,0,4.65,6.2,SERA_histv1.1,10001759,nan,TRUE,TRUE,TRUE,TRUE,TRUE,1729-06-23
13.231,41.926,1915,1,21,12,29,28,4.83,6.2,EMECv20191114,10007905,nan,FALSE,FALSE,FALSE,FALSE,FALSE,1/21/15
7.768,45.684,1968,6,18,5,27,0,4.86,6.2,EMECv20191114,10017604,nan,TRUE,TRUE,TRUE,TRUE,TRUE,6/18/68
14.58,45.3,1776,4,24,16,36,0,5.14,6.2,SERA_histv1.1,10002325,nan,TRUE,TRUE,TRUE,TRUE,TRUE,1776-04-24
13.118,42.27,1349,9,9,0,0,0,6.34,6.2,SERA_histv1.1,10000227,nan,TRUE,TRUE,TRUE,TRUE,TRUE,1349-09-09
16.871,42.932,1992,1,13,14,32,3.6,3.53,6.1,EMECv20191114,10029828,6.1,TRUE,TRUE,TRUE,TRUE,FALSE,1/13/92
16.416,42.554,2009,9,24,2,28,22.01,3.57,6.1,EMECv20191114,10053941,6.1,TRUE,TRUE,TRUE,TRUE,FALSE,9/24/09
15.1353,40.4412,2014,1,22,19,35,1.78,3.6,6.1,EMECv20191114,10059914,6.1,FALSE,FALSE,FALSE,FALSE,FALSE,1/22/14
17.834,42.839,1996,9,6,2,59,41.3,3.72,6.1,EMECv20191114,10034069,6.1,FALSE,FALSE,FALSE,FALSE,FALSE,9/6/96
11.257,45.701,1785,7,19,22,30,0,3.74,6.1,SERA_histv1.1,10002499,nan,TRUE,TRUE,TRUE,TRUE,TRUE,1785-07-19
15.1,45.767,1904,9,12,1,30,0,3.81,6.1,EMECv20191114,10006266,6.1,TRUE,TRUE,TRUE,TRUE,TRUE,9/12/04
15.28,45.52,1897,8,28,22,33,0,3.87,6.1,SERA_histv1.1,10005495,6.1,TRUE,TRUE,TRUE,TRUE,TRUE,1897-08-28
12.575,46.314,1996,1,27,8,26,1.3,3.9,6.1,EMECv20191114,10033103,6.1,TRUE,TRUE,TRUE,TRUE,TRUE,1/27/96
10.738,44.1,1974,6,30,19,5,22,4.01,6.1,EMECv20191114,10020382,nan,TRUE,TRUE,TRUE,TRUE,TRUE,6/30/74
13.575,41.744,1900,12,29,0,7,57,4.06,6.1,EMECv20191114,10005789,nan,TRUE,TRUE,TRUE,TRUE,TRUE,12/29/00
13.033,42.733,1979,9,21,0,52,44,4.15,6.1,EMECv20191114,10022839,nan,FALSE,FALSE,TRUE,TRUE,TRUE,9/21/79
9.611,44.44,1928,2,21,4,37,0,4.16,6.1,EMECv20191114,10009951,nan,FALSE,TRUE,TRUE,TRUE,TRUE,2/21/28
8.954,45.352,1312,10,14,11,15,0,4.2,6.1,SERA_histv1.1,10000184,nan,TRUE,TRUE,TRUE,TRUE,TRUE,1312-10-14
8.652,44.417,1897,7,6,20,44,0,4.27,6.1,SERA_histv1.1,10005479,nan,TRUE,TRUE,TRUE,TRUE,TRUE,1897-07-06
11.138,45.662,1895,11,2,7,30,0,4.33,6.1,SERA_histv1.1,10005315,nan,TRUE,TRUE,TRUE,TRUE,TRUE,1895-11-02
8.361,44.201,1968,9,7,16,49,57,4.39,6.1,EMECv20191114,10017698,nan,FALSE,TRUE,TRUE,TRUE,TRUE,9/7/68
12.903,42.923,1997,10,4,18,47,47.78,4.41,6.1,EMECv20191114,10035581,6.1,FALSE,FALSE,FALSE,FALSE,FALSE,10/4/97
10.994,45.439,1445,3,21,13,30,0,4.43,6.1,SERA_histv1.1,10000394,nan,TRUE,TRUE,TRUE,TRUE,TRUE,1445-03-21
12.738,43.177,1914,7,31,21,5,0,4.47,6.1,EMECv20191114,10007800,nan,TRUE,TRUE,TRUE,TRUE,TRUE,7/31/14
10.527,45.605,1970,4,19,18,16,32,4.55,6.1,EMECv20191114,10018574,nan,TRUE,TRUE,TRUE,TRUE,TRUE,4/19/70
8.862,44.744,1913,12,7,1,28,0,4.57,6.1,EMECv20191114,10007707,nan,TRUE,TRUE,TRUE,TRUE,TRUE,12/7/13
13.013,42.718,1931,9,25,20,28,14,4.63,6.1,EMECv20191114,10010590,nan,TRUE,TRUE,TRUE,TRUE,FALSE,9/25/31
12.905,42.916,1997,10,4,16,13,32.92,4.66,6.1,EMECv20191114,10035580,6.1,FALSE,FALSE,FALSE,FALSE,FALSE,10/4/97
11.32,44.479,1834,10,4,19,0,0,4.75,6.1,SERA_histv1.1,10003202,nan,TRUE,TRUE,TRUE,TRUE,TRUE,1834-10-04
10.186,44.159,2013,6,30,14,40,8.48,4.77,6.1,EMECv20191114,10059315,6.1,FALSE,FALSE,TRUE,TRUE,FALSE,6/30/13
9.555,45.637,1979,2,9,14,44,0,4.78,6.1,EMECv20191114,10022379,nan,TRUE,TRUE,TRUE,TRUE,TRUE,2/9/79
11.204,45.567,1892,8,9,7,58,0,4.91,6.1,SERA_histv1.1,10005089,nan,TRUE,TRUE,TRUE,TRUE,TRUE,1892-08-09
10.463,44.093,1902,3,5,7,6,0,4.98,6.1,EMECv20191114,10005919,nan,TRUE,TRUE,TRUE,TRUE,TRUE,3/5/02
12.067,45.849,1900,3,4,16,55,0,5.05,6.1,EMECv20191114,10005723,nan,TRUE,TRUE,TRUE,TRUE,TRUE,3/4/00
11.27,44.873,2012,5,20,2,7,28.95,5.17,6.1,EMECv20191114,10057839,6.1,FALSE,FALSE,FALSE,FALSE,FALSE,5/20/12
10.671,44.862,1806,2,12,0,0,0,5.21,6.1,SERA_histv1.1,10002751,nan,TRUE,TRUE,TRUE,TRUE,TRUE,1806-02-12
12.917,44.167,1916,8,16,8,15,0,5.46,6.1,EMECv20191114,10008195,nan,FALSE,FALSE,TRUE,TRUE,FALSE,8/16/16
15.32,45.63,1699,2,11,0,0,0,5.57,6.1,SERA_histv1.1,10001519,6.1,TRUE,TRUE,TRUE,TRUE,TRUE,1699-02-11
10.283,44.25,1920,9,6,14,5,24,5.61,6.1,EMECv20191114,10008773,nan,FALSE,FALSE,FALSE,FALSE,FALSE,9/6/20
8.4,46.817,1625,2,22,10,0,0,3.5,6,SERA_histv1.1,10001038,nan,TRUE,TRUE,TRUE,TRUE,TRUE,1625-02-22
6.8,45.9,1817,1,19,4,0,0,3.5,6,SERA_histv1.1,10002903,nan,TRUE,TRUE,TRUE,TRUE,TRUE,1817-01-19
7.983,46.333,1830,1,1,0,0,0,3.5,6,SERA_histv1.1,10003139,nan,TRUE,TRUE,TRUE,TRUE,TRUE,1830-01-01
7.817,46.183,1862,5,27,14,30,0,3.5,6,SERA_histv1.1,10003936,nan,TRUE,TRUE,TRUE,TRUE,TRUE,1862-05-27
7.133,46.483,1878,4,30,2,15,0,3.5,6,SERA_histv1.1,10004440,nan,TRUE,TRUE,TRUE,TRUE,TRUE,1878-04-30
6.85,46.467,1891,6,7,16,45,0,3.5,6,SERA_histv1.1,10005041,nan,TRUE,TRUE,TRUE,TRUE,TRUE,1891-06-07
7.181,46.052,1898,2,9,2,55,0,3.5,6,SERA_histv1.1,10005558,nan,TRUE,TRUE,TRUE,TRUE,TRUE,1898-02-09
7.181,46.052,1899,11,7,12,10,0,3.5,6,SERA_histv1.1,10005694,nan,TRUE,TRUE,TRUE,TRUE,TRUE,1899-11-07
7.05,46.45,1904,8,31,1,10,0,3.5,6,EMECv20191114,10006261,nan,TRUE,TRUE,TRUE,TRUE,TRUE,8/31/04
7.567,46.3,1915,10,23,8,19,29,3.5,6,EMECv20191114,10008075,nan,FALSE,FALSE,TRUE,TRUE,TRUE,10/23/15
8.233,46.883,1917,2,22,4,38,0,3.5,6,EMECv20191114,10008286,nan,FALSE,FALSE,TRUE,TRUE,TRUE,2/22/17
7.7,46.033,1918,11,13,20,19,0,3.5,6,EMECv20191114,10008527,nan,TRUE,TRUE,TRUE,TRUE,TRUE,11/13/18
7.05,46.25,1918,12,4,21,44,0,3.5,6,EMECv20191114,10008535,nan,TRUE,TRUE,TRUE,TRUE,TRUE,12/4/18
7.05,46.283,1918,12,28,9,45,0,3.5,6,EMECv20191114,10008539,nan,FALSE,TRUE,TRUE,TRUE,TRUE,12/28/18
7.05,46.25,1919,1,3,5,55,0,3.5,6,EMECv20191114,10008546,nan,FALSE,FALSE,TRUE,TRUE,TRUE,1/3/19
7.01,46.25,1919,1,3,6,10,0,3.5,6,EMECv20191114,10008548,nan,FALSE,FALSE,FALSE,FALSE,FALSE,1/3/19
8.117,46.283,1919,8,16,21,25,49,3.5,6,EMECv20191114,10008596,nan,TRUE,TRUE,TRUE,TRUE,TRUE,8/16/19
9.067,47.017,1919,11,22,9,45,10,3.5,6,EMECv20191114,10008670,nan,TRUE,TRUE,TRUE,TRUE,TRUE,11/22/19
10.15,46.783,1921,4,30,15,32,0,3.5,6,EMECv20191114,10008879,nan,FALSE,FALSE,TRUE,TRUE,TRUE,4/30/21
8.233,46.867,1926,6,16,2,59,0,3.5,6,EMECv20191114,10009637,nan,TRUE,TRUE,TRUE,TRUE,TRUE,6/16/26
7.7,46.033,1928,1,27,13,22,0,3.5,6,EMECv20191114,10009939,nan,TRUE,TRUE,TRUE,TRUE,TRUE,1/27/28
7.417,46.217,1929,12,21,2,7,0,3.5,6,EMECv20191114,10010262,nan,FALSE,FALSE,TRUE,TRUE,TRUE,12/21/29
7.117,45.967,1933,8,25,1,55,0,3.5,6,EMECv20191114,10010882,nan,TRUE,TRUE,TRUE,TRUE,TRUE,8/25/33
7.3,46.217,1939,11,19,23,18,0,3.5,6,EMECv20191114,10011583,nan,TRUE,TRUE,TRUE,TRUE,TRUE,11/19/39
7.867,46.183,1940,1,6,2,11,0,3.5,6,EMECv20191114,10011602,nan,TRUE,TRUE,TRUE,TRUE,TRUE,1/6/40
8.75,46.967,1940,11,7,16,23,20,3.5,6,EMECv20191114,10011706,nan,TRUE,TRUE,TRUE,TRUE,TRUE,11/7/40
7.567,46.15,1941,4,6,6,32,0,3.5,6,EMECv20191114,10011791,nan,TRUE,TRUE,TRUE,TRUE,TRUE,4/6/41
7.133,46.45,1942,7,1,23,42,55,3.5,6,EMECv20191114,10011949,nan,TRUE,TRUE,TRUE,TRUE,TRUE,7/1/42
7.133,46.45,1942,10,30,0,18,55,3.5,6,EMECv20191114,10011994,nan,TRUE,TRUE,TRUE,TRUE,TRUE,10/30/42
7.9,46.15,1949,7,25,15,32,0,3.5,6,EMECv20191114,10012783,nan,FALSE,FALSE,TRUE,TRUE,TRUE,7/25/49
7.433,46.65,1950,5,28,10,19,0,3.5,6,EMECv20191114,10012906,nan,TRUE,TRUE,TRUE,TRUE,TRUE,5/28/50
7.4,46.483,1950,11,19,7,8,0,3.5,6,EMECv20191114,10012974,nan,TRUE,TRUE,FALSE,FALSE,FALSE,11/19/50
7.5,46.333,1950,11,19,7,11,0,3.5,6,EMECv20191114,10012975,nan,FALSE,FALSE,TRUE,TRUE,TRUE,11/19/50
7.567,46.133,1951,3,3,9,26,0,3.5,6,EMECv20191114,10013016,nan,FALSE,TRUE,TRUE,TRUE,TRUE,3/3/51
7.917,46.667,1952,1,15,2,23,0,3.5,6,EMECv20191114,10013139,nan,TRUE,TRUE,TRUE,TRUE,TRUE,1/15/52
8.65,46.85,1952,10,2,14,51,0,3.5,6,EMECv20191114,10013260,nan,TRUE,TRUE,TRUE,TRUE,TRUE,10/2/52
7.367,46.217,1953,5,5,1,25,0,3.5,6,EMECv20191114,10013391,nan,TRUE,TRUE,TRUE,TRUE,TRUE,5/5/53
7.267,46.183,1954,3,13,11,52,0,3.5,6,EMECv20191114,10013650,nan,TRUE,TRUE,TRUE,TRUE,TRUE,3/13/54
7.067,46.4,1954,5,24,14,48,29,3.5,6,EMECv20191114,10013711,nan,FALSE,FALSE,TRUE,TRUE,TRUE,5/24/54
7.25,46.367,1954,6,4,5,56,0,3.5,6,EMECv20191114,10013718,nan,FALSE,FALSE,TRUE,TRUE,TRUE,6/4/54
7.317,46.25,1954,6,24,9,48,11,3.5,6,EMECv20191114,10013732,nan,FALSE,FALSE,TRUE,TRUE,TRUE,6/24/54
8.75,46.983,1955,1,31,13,28,0,3.5,6,EMECv20191114,10013895,nan,TRUE,TRUE,TRUE,TRUE,TRUE,1/31/55
6.95,46.133,1955,11,23,6,27,50,3.5,6,EMECv20191114,10014057,nan,TRUE,TRUE,TRUE,TRUE,TRUE,11/23/55
7.75,46,1958,9,15,19,14,23,3.5,6,EMECv20191114,10014720,nan,TRUE,TRUE,TRUE,TRUE,TRUE,9/15/58
8.983,46.7,1963,12,30,22,50,10,3.5,6,EMECv20191114,10015814,nan,FALSE,FALSE,TRUE,TRUE,TRUE,12/30/63
9.85,46.617,1970,8,6,13,54,50,3.5,6,EMECv20191114,10018847,6,TRUE,TRUE,TRUE,TRUE,TRUE,8/6/70
7.315,46.318,2003,8,22,9,30,9.4,3.5,6,EMECv20191114,10042620,6,FALSE,FALSE,FALSE,FALSE,FALSE,8/22/03
6.34,45.7,2005,10,31,3,39,58.4,3.5,6,EMECv20191114,10046108,nan,TRUE,TRUE,TRUE,TRUE,TRUE,10/31/05
19.95,40.58,2013,9,8,0,26,29.61,3.51,6,EMECv20191114,10059545,6,FALSE,FALSE,TRUE,FALSE,FALSE,9/8/13
19.146,41.848,1979,4,16,6,58,40.3,3.55,6,EMECv20191114,10022495,6,FALSE,FALSE,FALSE,FALSE,FALSE,4/16/79
18.801,42.349,1979,5,26,20,44,30.1,3.55,6,EMECv20191114,10022620,6,FALSE,FALSE,FALSE,FALSE,FALSE,5/26/79
7.031,46.136,2001,2,23,22,19,41.7,3.55,6,EMECv20191114,10039531,6,TRUE,TRUE,TRUE,TRUE,TRUE,2/23/01
20.08,39.112,2003,8,5,6,5,14.77,3.55,6,EMECv20191114,10042545,6,FALSE,FALSE,TRUE,FALSE,FALSE,8/5/03
19.68,40.2,2006,9,29,10,51,12.1,3.55,6,EMECv20191114,10047605,6,FALSE,FALSE,TRUE,FALSE,FALSE,9/29/06
20.4007,41.2216,2009,3,10,22,10,29.6,3.55,6,EMECv20191114,10053134,6,FALSE,FALSE,TRUE,FALSE,FALSE,3/10/09
19.783,40.09,2011,6,16,1,21,53.4,3.55,6,EMECv20191114,10056154,6,FALSE,FALSE,TRUE,FALSE,FALSE,6/16/11
11.39,47.27,1912,5,9,23,3,0,3.56,6,EMECv20191114,10007518,6,TRUE,TRUE,TRUE,TRUE,TRUE,5/9/12
11.39,47.27,1914,11,30,19,43,0,3.56,6,EMECv20191114,10007873,6,FALSE,TRUE,TRUE,TRUE,TRUE,11/30/14
14.12,47.51,1918,9,17,2,11,0,3.56,6,EMECv20191114,10008509,6,TRUE,TRUE,TRUE,TRUE,TRUE,9/17/18
11.51,47.28,1982,5,1,6,33,10,3.56,6,EMECv20191114,10024379,6,TRUE,TRUE,TRUE,TRUE,TRUE,5/1/82
10.5,47.144,1881,1,10,22,30,0,3.6,6,SERA_histv1.1,10004555,nan,TRUE,TRUE,TRUE,TRUE,TRUE,1881-01-10
9.4,46.8,1905,12,25,17,30,0,3.6,6,EMECv20191114,10006456,nan,FALSE,FALSE,TRUE,TRUE,TRUE,12/25/05
8,46.737,1999,5,14,18,25,28.8,3.61,6,EMECv20191114,10037275,6,TRUE,TRUE,TRUE,TRUE,TRUE,5/14/99
18.7,42.5,1938,1,15,19,52,54,3.62,6,EMECv20191114,10011381,6,TRUE,TRUE,TRUE,TRUE,TRUE,1/15/38
18.87,42.21,1983,11,15,5,0,27.3,3.62,6,EMECv20191114,10025429,6,TRUE,TRUE,TRUE,TRUE,FALSE,11/15/83
11.54,47.11,1996,7,17,0,54,12.6,3.62,6,EMECv20191114,10033837,6,TRUE,TRUE,TRUE,TRUE,TRUE,7/17/96
7.316,46.323,2003,8,22,9,21,32.2,3.65,6,EMECv20191114,10042619,6,TRUE,TRUE,TRUE,TRUE,TRUE,8/22/03
20.2192,41.2197,2009,5,26,19,11,6.7,3.65,6,EMECv20191114,10053449,6,FALSE,FALSE,TRUE,FALSE,FALSE,5/26/09
20.37,41.418,2011,7,11,16,14,58,3.65,6,EMECv20191114,10056251,6,FALSE,FALSE,TRUE,FALSE,FALSE,7/11/11
20.34,41.333,2012,1,23,21,29,11.5,3.65,6,EMECv20191114,10057379,6,FALSE,FALSE,TRUE,FALSE,FALSE,1/23/12
20.349,41.275,2012,1,29,10,7,1.3,3.65,6,EMECv20191114,10057439,6,FALSE,FALSE,TRUE,FALSE,FALSE,1/29/12
20.05,40.92,2014,5,20,11,21,34.65,3.66,6,EMECv20191114,10060628,6,FALSE,FALSE,TRUE,FALSE,FALSE,5/20/14
5.917,45.567,1900,12,25,23,15,0,3.7,6,EMECv20191114,10005788,nan,TRUE,TRUE,TRUE,TRUE,TRUE,12/25/00
17.7,43.04,1954,12,12,18,53,6.6,3.72,6,EMECv20191114,10013858,6,TRUE,TRUE,TRUE,TRUE,TRUE,12/12/54
19.07,41.88,1979,3,31,15,55,24,3.72,6,EMECv20191114,10022440,6,FALSE,FALSE,TRUE,TRUE,FALSE,3/31/79
19.01,41.95,1979,4,9,2,23,53.4,3.72,6,EMECv20191114,10022450,6,FALSE,FALSE,FALSE,FALSE,FALSE,4/9/79
18.78,42.11,1979,6,20,21,18,17.7,3.72,6,EMECv20191114,10022688,6,FALSE,FALSE,FALSE,FALSE,FALSE,6/20/79
20.193,39.317,2007,7,19,15,5,58.41,3.73,6,EMECv20191114,10049432,6,FALSE,FALSE,FALSE,FALSE,FALSE,7/19/07
18.66,42.804,1982,10,5,6,57,20.6,3.74,6,EMECv20191114,10024583,6,TRUE,FALSE,TRUE,TRUE,FALSE,10/5/82
20.3,41.1675,2007,10,18,18,42,24.8,3.74,6,EMECv20191114,10050020,6,FALSE,TRUE,TRUE,FALSE,FALSE,10/18/07
20.163,41.1938,2008,6,21,1,16,43.4,3.74,6,EMECv20191114,10051868,6,FALSE,TRUE,TRUE,FALSE,FALSE,6/21/08
20.54,41.069,2009,5,21,13,31,4.6,3.74,6,EMECv20191114,10053422,6,FALSE,FALSE,TRUE,FALSE,FALSE,5/21/09
20.096,39.892,2012,1,3,6,30,15,3.74,6,EMECv20191114,10057315,6,TRUE,TRUE,TRUE,FALSE,FALSE,1/3/12
9.066,47.042,1560,10,11,0,0,0,3.79,6,SERA_histv1.1,10000737,nan,TRUE,TRUE,TRUE,TRUE,TRUE,1560-10-11
8.999,46.921,1701,8,24,0,0,0,3.79,6,SERA_histv1.1,10001540,nan,TRUE,TRUE,TRUE,TRUE,TRUE,1701-08-24
8.999,46.921,1701,8,31,0,0,0,3.79,6,SERA_histv1.1,10001542,nan,TRUE,TRUE,TRUE,TRUE,TRUE,1701-08-31
8.965,46.943,1701,9,7,0,0,0,3.79,6,SERA_histv1.1,10001547,nan,TRUE,TRUE,TRUE,TRUE,TRUE,1701-09-07
8.999,46.921,1701,9,13,9,0,0,3.79,6,SERA_histv1.1,10001550,nan,TRUE,TRUE,TRUE,TRUE,TRUE,1701-09-13
7.991,46.316,1756,1,25,0,0,0,3.79,6,SERA_histv1.1,10002023,nan,TRUE,TRUE,TRUE,TRUE,TRUE,1756-01-25
9.172,46.94,1773,12,7,18,0,0,3.79,6,SERA_histv1.1,10002288,nan,TRUE,TRUE,TRUE,TRUE,TRUE,1773-12-07
8.52,46.922,1774,9,11,20,15,0,3.79,6,SERA_histv1.1,10002304,nan,TRUE,TRUE,TRUE,TRUE,TRUE,1774-09-11
8.64,46.88,1774,9,22,0,0,0,3.79,6,SERA_histv1.1,10002307,nan,TRUE,TRUE,TRUE,TRUE,TRUE,1774-09-22
8.64,46.88,1774,9,26,0,0,0,3.79,6,SERA_histv1.1,10002309,nan,TRUE,TRUE,TRUE,TRUE,TRUE,1774-09-26
9.598,46.597,1812,12,13,0,0,0,3.79,6,SERA_histv1.1,10002850,nan,TRUE,TRUE,TRUE,TRUE,TRUE,1812-12-13
9.528,46.855,1814,12,1,0,0,0,3.79,6,SERA_histv1.1,10002879,nan,TRUE,TRUE,TRUE,TRUE,TRUE,1814-12-01
8.248,46.899,1836,10,25,0,0,0,3.79,6,SERA_histv1.1,10003244,nan,TRUE,TRUE,TRUE,TRUE,TRUE,1836-10-25
9.528,46.855,1852,3,11,10,0,0,3.79,6,SERA_histv1.1,10003555,nan,TRUE,TRUE,TRUE,TRUE,TRUE,1852-03-11
7.867,46.265,1855,8,9,0,0,0,3.79,6,SERA_histv1.1,10003659,nan,TRUE,TRUE,TRUE,TRUE,TRUE,1855-08-09
7.852,46.237,1855,8,12,2,0,0,3.79,6,SERA_histv1.1,10003662,nan,TRUE,TRUE,TRUE,TRUE,TRUE,1855-08-12
7.881,46.292,1855,8,13,14,30,0,3.79,6,SERA_histv1.1,10003668,nan,TRUE,TRUE,TRUE,TRUE,TRUE,1855-08-13
7.852,46.237,1855,8,23,13,30,0,3.79,6,SERA_histv1.1,10003674,nan,TRUE,TRUE,TRUE,TRUE,TRUE,1855-08-23
7.852,46.237,1855,9,2,2,0,0,3.79,6,SERA_histv1.1,10003680,nan,TRUE,TRUE,TRUE,TRUE,TRUE,1855-09-02
7.852,46.237,1855,10,16,2,0,0,3.79,6,SERA_histv1.1,10003691,nan,TRUE,TRUE,TRUE,TRUE,TRUE,1855-10-16
7.78,46.18,1855,10,27,15,0,0,3.79,6,SERA_histv1.1,10003696,nan,TRUE,TRUE,TRUE,TRUE,TRUE,1855-10-27
7.852,46.237,1855,11,8,0,0,0,3.79,6,SERA_histv1.1,10003704,nan,TRUE,TRUE,TRUE,TRUE,TRUE,1855-11-08
7.852,46.237,1855,11,20,0,0,0,3.79,6,SERA_histv1.1,10003711,nan,TRUE,TRUE,TRUE,TRUE,TRUE,1855-11-20
7.852,46.237,1855,11,26,0,0,0,3.79,6,SERA_histv1.1,10003717,nan,TRUE,TRUE,TRUE,TRUE,TRUE,1855-11-26
7.852,46.237,1855,12,1,0,0,0,3.79,6,SERA_histv1.1,10003720,nan,TRUE,TRUE,TRUE,TRUE,TRUE,1855-12-01
7.78,46.18,1855,12,10,16,30,0,3.79,6,SERA_histv1.1,10003724,nan,TRUE,TRUE,TRUE,TRUE,TRUE,1855-12-10
7.852,46.237,1855,12,20,0,0,0,3.79,6,SERA_histv1.1,10003731,nan,TRUE,TRUE,TRUE,TRUE,TRUE,1855-12-20
7.799,46.285,1856,8,8,0,0,0,3.79,6,SERA_histv1.1,10003752,nan,TRUE,TRUE,TRUE,TRUE,TRUE,1856-08-08
7.799,46.285,1856,9,26,4,0,0,3.79,6,SERA_histv1.1,10003753,nan,TRUE,TRUE,TRUE,TRUE,TRUE,1856-09-26
7.799,46.285,1856,10,10,0,0,0,3.79,6,SERA_histv1.1,10003756,nan,TRUE,TRUE,TRUE,TRUE,TRUE,1856-10-10
7.799,46.285,1856,11,7,0,0,0,3.79,6,SERA_histv1.1,10003759,nan,TRUE,TRUE,TRUE,TRUE,TRUE,1856-11-07
7.799,46.285,1856,12,20,18,0,0,3.79,6,SERA_histv1.1,10003765,nan,TRUE,TRUE,TRUE,TRUE,TRUE,1856-12-20
7.799,46.285,1857,5,6,9,0,0,3.79,6,SERA_histv1.1,10003784,nan,TRUE,TRUE,TRUE,TRUE,TRUE,1857-05-06
7.358,46.232,1857,7,15,17,45,0,3.79,6,SERA_histv1.1,10003792,nan,TRUE,TRUE,TRUE,TRUE,TRUE,1857-07-15
7.799,46.285,1857,7,25,0,0,0,3.79,6,SERA_histv1.1,10003793,nan,TRUE,TRUE,TRUE,TRUE,TRUE,1857-07-25
7.799,46.285,1857,8,21,8,0,0,3.79,6,SERA_histv1.1,10003794,nan,TRUE,TRUE,TRUE,TRUE,TRUE,1857-08-21
9.878,46.881,1863,4,30,0,0,0,3.79,6,SERA_histv1.1,10003961,nan,TRUE,TRUE,TRUE,TRUE,TRUE,1863-04-30
6.633,46.267,1865,12,25,22,0,0,3.79,6,SERA_histv1.1,10004024,nan,TRUE,TRUE,TRUE,TRUE,TRUE,1865-12-25
7.844,46.225,1866,4,18,0,0,0,3.79,6,SERA_histv1.1,10004045,nan,TRUE,TRUE,TRUE,TRUE,TRUE,1866-04-18
9.169,46.273,1868,11,12,12,0,0,3.79,6,SERA_histv1.1,10004116,nan,TRUE,TRUE,TRUE,TRUE,TRUE,1868-11-12
9.946,47.041,1872,11,9,2,0,0,3.79,6,SERA_histv1.1,10004254,nan,TRUE,TRUE,TRUE,TRUE,TRUE,1872-11-09
7.358,46.232,1877,10,24,16,15,0,3.79,6,SERA_histv1.1,10004420,nan,TRUE,TRUE,TRUE,TRUE,TRUE,1877-10-24
16.76,43.15,1940,7,23,6,21,35,3.81,6,EMECv20191114,10011671,6,FALSE,FALSE,TRUE,TRUE,TRUE,7/23/40
19.06,42.08,1979,4,15,11,7,30.2,3.81,6,EMECv20191114,10022475,6,FALSE,FALSE,FALSE,FALSE,FALSE,4/15/79
14.754,44.811,1989,2,13,0,35,11.7,3.81,6,EMECv20191114,10028048,6,FALSE,TRUE,TRUE,TRUE,TRUE,2/13/89
19.69,40.75,2013,4,19,7,54,32.6,3.81,6,EMECv20191114,10059016,6,TRUE,TRUE,TRUE,FALSE,FALSE,4/19/13
19.53,41.44,2013,5,15,14,54,53.67,3.81,6,EMECv20191114,10059091,6,FALSE,FALSE,TRUE,FALSE,FALSE,5/15/13
19.205,41.922,1979,4,10,10,54,36.9,3.83,6,EMECv20191114,10022454,6,FALSE,FALSE,TRUE,TRUE,FALSE,4/10/79
19.109,41.909,1979,4,15,17,46,5.3,3.83,6,EMECv20191114,10022486,6,FALSE,FALSE,FALSE,FALSE,FALSE,4/15/79
20.2208,41.2142,2008,10,24,16,56,41.9,3.83,6,EMECv20191114,10052652,6,FALSE,FALSE,TRUE,FALSE,FALSE,10/24/08
19.541,41.886,2011,2,5,13,38,18.6,3.83,6,EMECv20191114,10055678,6,FALSE,TRUE,TRUE,FALSE,FALSE,2/5/11
20.23,41.23,2012,1,28,23,26,45.1,3.83,6,EMECv20191114,10057430,6,FALSE,FALSE,TRUE,FALSE,FALSE,1/28/12
13.58,45.93,1886,10,20,0,40,0,3.87,6,SERA_histv1.1,10004844,6,TRUE,TRUE,TRUE,TRUE,TRUE,1886-10-20
15.25,45.58,1895,4,12,0,0,0,3.87,6,SERA_histv1.1,10005262,6,TRUE,TRUE,TRUE,TRUE,TRUE,1895-04-12
13.58,46,1895,8,8,5,41,0,3.87,6,SERA_histv1.1,10005299,6,TRUE,TRUE,TRUE,TRUE,TRUE,1895-08-08
8.521,46.94,1774,9,11,6,0,0,3.89,6,SERA_histv1.1,10002303,nan,TRUE,TRUE,TRUE,TRUE,TRUE,1774-09-11
9.067,47.033,1665,3,1,1,0,0,3.9,6,SERA_histv1.1,10001294,nan,TRUE,TRUE,TRUE,TRUE,TRUE,1665-03-01
9.05,46.983,1725,6,30,0,0,0,3.9,6,SERA_histv1.1,10001728,nan,TRUE,TRUE,TRUE,TRUE,TRUE,1725-06-30
7.35,46.233,1803,1,26,0,0,0,3.9,6,SERA_histv1.1,10002689,nan,TRUE,TRUE,TRUE,TRUE,TRUE,1803-01-26
7.267,46.483,1817,8,11,0,0,0,3.9,6,SERA_histv1.1,10002915,nan,TRUE,TRUE,TRUE,TRUE,TRUE,1817-08-11
7.88,46.25,1858,2,23,21,30,0,3.9,6,SERA_histv1.1,10003815,nan,TRUE,TRUE,TRUE,TRUE,TRUE,1858-02-23
8.65,46.917,1886,11,16,1,45,0,3.9,6,SERA_histv1.1,10004848,nan,TRUE,TRUE,TRUE,TRUE,TRUE,1886-11-16
9.1,47,1888,4,2,8,25,0,3.9,6,SERA_histv1.1,10004913,nan,TRUE,TRUE,TRUE,TRUE,TRUE,1888-04-02
7.367,46.55,1889,4,5,4,40,0,3.9,6,SERA_histv1.1,10004958,nan,TRUE,TRUE,TRUE,TRUE,TRUE,1889-04-05
7.117,46.233,1896,5,29,4,17,0,3.9,6,SERA_histv1.1,10005360,nan,TRUE,TRUE,TRUE,TRUE,TRUE,1896-05-29
8.967,47.006,1898,11,13,16,30,0,3.9,6,SERA_histv1.1,10005612,nan,TRUE,TRUE,TRUE,TRUE,TRUE,1898-11-13
9.53,46.87,1900,12,10,18,0,0,3.9,6,EMECv20191114,10005784,nan,TRUE,TRUE,TRUE,TRUE,TRUE,12/10/00
9.417,46.933,1904,12,4,5,20,0,3.9,6,EMECv20191114,10006292,nan,TRUE,TRUE,TRUE,TRUE,TRUE,12/4/04
8.617,46.95,1915,6,26,13,40,12,3.9,6,EMECv20191114,10007970,nan,TRUE,TRUE,TRUE,TRUE,TRUE,6/26/15
8.483,46.55,1922,12,16,8,59,51,3.9,6,EMECv20191114,10009107,nan,TRUE,TRUE,TRUE,TRUE,TRUE,12/16/22
7.533,46.417,1952,5,9,8,2,0,3.9,6,EMECv20191114,10013191,6,TRUE,TRUE,TRUE,TRUE,TRUE,5/9/52
7.433,46.317,1955,4,26,5,28,0,3.9,6,EMECv20191114,10013947,nan,TRUE,TRUE,TRUE,TRUE,TRUE,4/26/55
7.5,46.3,1962,9,27,2,0,0,3.9,6,EMECv20191114,10015578,nan,FALSE,TRUE,TRUE,TRUE,TRUE,9/27/62
7.517,46.367,1963,12,23,8,48,43,3.9,6,EMECv20191114,10015812,nan,TRUE,TRUE,TRUE,TRUE,TRUE,12/23/63
8.25,46.9,1964,3,14,4,46,0,3.9,6,EMECv20191114,10015881,nan,FALSE,FALSE,FALSE,FALSE,FALSE,3/14/64
17.6,43.2,1916,1,5,1,20,0,3.91,6,EMECv20191114,10008104,6,TRUE,TRUE,TRUE,TRUE,TRUE,1/5/16
18.79,42.18,1979,5,20,8,45,28.9,3.91,6,EMECv20191114,10022600,6,FALSE,FALSE,FALSE,FALSE,FALSE,5/20/79
19.37,41.9,1979,11,10,4,19,34.7,3.91,6,EMECv20191114,10022903,6,FALSE,FALSE,TRUE,FALSE,FALSE,11/10/79
8.962,46.958,1773,11,11,0,0,0,3.92,6,SERA_histv1.1,10002285,nan,TRUE,TRUE,TRUE,TRUE,TRUE,1773-11-11
16.509,38.947,1910,3,31,18,38,0,3.93,6,EMECv20191114,10007137,nan,TRUE,TRUE,TRUE,TRUE,TRUE,3/31/10
17.595,42.917,1997,3,1,13,52,45.9,3.93,6,EMECv20191114,10034859,6,FALSE,FALSE,TRUE,FALSE,FALSE,3/1/97
11.416,47.283,1817,8,19,17,0,0,3.95,6,SERA_histv1.1,10002917,nan,TRUE,TRUE,TRUE,TRUE,TRUE,1817-08-19
11.133,47.3,1878,12,14,23,30,0,3.95,6,SERA_histv1.1,10004457,nan,TRUE,TRUE,TRUE,TRUE,TRUE,1878-12-14
13.2,42.81,2012,3,15,3,29,5,3.97,6,EMECv20191114,10057597,6,TRUE,TRUE,TRUE,TRUE,FALSE,3/15/12
7.708,46.185,1877,10,22,21,0,0,3.99,6,SERA_histv1.1,10004418,nan,TRUE,TRUE,TRUE,TRUE,TRUE,1877-10-22
7.6,46.6,1966,1,28,17,52,49,4,6,EMECv20191114,10016480,nan,FALSE,TRUE,TRUE,TRUE,TRUE,1/28/66
11.203,44.054,2008,3,1,10,43,6.07,4.05,6,EMECv20191114,10050912,6,FALSE,FALSE,FALSE,FALSE,FALSE,3/1/08
5.967,45.383,1783,6,21,18,0,0,4.08,6,SERA_histv1.1,10002463,nan,TRUE,TRUE,TRUE,TRUE,TRUE,1783-06-21
13.75,46.25,1905,2,3,19,28,0,4.1,6,EMECv20191114,10006315,nan,TRUE,TRUE,TRUE,TRUE,TRUE,2/3/05
7.25,46.417,1967,3,24,17,38,38,4.1,6,EMECv20191114,10016944,nan,TRUE,TRUE,TRUE,TRUE,TRUE,3/24/67
20.2386,41.1758,2009,5,27,20,34,47.7,4.11,6,EMECv20191114,10053453,6,TRUE,TRUE,TRUE,FALSE,FALSE,5/27/09
7.844,46.279,1855,8,26,9,0,0,4.14,6,SERA_histv1.1,10003677,nan,TRUE,TRUE,TRUE,TRUE,TRUE,1855-08-26
14.691,37.266,1911,10,29,6,49,0,4.16,6,EMECv20191114,10007418,nan,TRUE,TRUE,TRUE,TRUE,TRUE,10/29/11
15.959,41.706,1955,7,12,4,2,0,4.16,6,EMECv20191114,10014001,nan,FALSE,FALSE,TRUE,TRUE,TRUE,7/12/55
7.514,46.254,1858,2,5,3,30,0,4.17,6,SERA_histv1.1,10003813,nan,TRUE,TRUE,TRUE,TRUE,TRUE,1858-02-05
14.761,36.858,1693,4,17,19,0,0,4.2,6,SERA_histv1.1,10001468,nan,TRUE,TRUE,TRUE,TRUE,TRUE,1693-04-17
15.647,38.108,1711,1,7,0,0,0,4.2,6,SERA_histv1.1,10001627,nan,TRUE,TRUE,TRUE,TRUE,TRUE,1711-01-07
11.45,47.3,1897,2,26,18,38,0,4.2,6,SERA_histv1.1,10005440,6,TRUE,TRUE,TRUE,TRUE,TRUE,1897-02-26
10.3,47.3,1918,9,26,0,16,25,4.2,6,EMECv20191114,10008512,6,TRUE,TRUE,TRUE,TRUE,TRUE,9/26/18
15.81,43.63,1924,1,13,20,57,30,4.2,6,EMECv20191114,10009279,6,FALSE,FALSE,TRUE,TRUE,TRUE,1/13/24
15.033,44.708,1988,12,16,11,35,50.3,4.2,6,EMECv20191114,10027943,6,TRUE,TRUE,TRUE,TRUE,TRUE,12/16/88
19.349,42.056,1979,4,15,7,28,21.9,4.21,6,EMECv20191114,10022468,6,FALSE,FALSE,FALSE,FALSE,FALSE,4/15/79
18.79,42.236,1979,5,29,11,24,22.8,4.21,6,EMECv20191114,10022630,6,FALSE,FALSE,FALSE,FALSE,FALSE,5/29/79
20.2452,41.1627,2008,10,24,17,0,15.7,4.21,6,EMECv20191114,10052653,6,FALSE,FALSE,FALSE,FALSE,FALSE,10/24/08
15.623,41.472,2010,9,17,12,20,17.75,4.29,6,EMECv20191114,10055271,6,TRUE,TRUE,TRUE,TRUE,FALSE,9/17/10
7.35,46.217,1885,9,25,23,58,0,4.3,6,SERA_histv1.1,10004791,nan,TRUE,TRUE,TRUE,TRUE,TRUE,1885-09-25
15.25,45.75,1895,4,8,23,22,0,4.3,6,SERA_histv1.1,10005260,6,TRUE,TRUE,TRUE,TRUE,TRUE,1895-04-08
14.13,47.46,1899,3,2,20,10,0,4.3,6,SERA_histv1.1,10005639,6,TRUE,TRUE,TRUE,TRUE,TRUE,1899-03-02
16.5,42.76,1945,1,3,7,6,54,4.3,6,EMECv20191114,10012262,6,TRUE,TRUE,TRUE,TRUE,TRUE,1/3/45
20.21,39.28,2007,8,10,19,3,25,4.3,6,EMECv20191114,10049586,6,FALSE,FALSE,TRUE,FALSE,FALSE,8/10/07
6.05,45.274,1882,12,10,17,40,0,4.34,6,SERA_histv1.1,10004648,nan,TRUE,TRUE,TRUE,TRUE,TRUE,1882-12-10
12.32,46.81,1911,11,11,18,9,0,4.4,6,EMECv20191114,10007422,nan,TRUE,TRUE,TRUE,TRUE,TRUE,11/11/11
12.297,43.708,1940,10,10,16,44,0,4.4,6,EMECv20191114,10011695,nan,TRUE,TRUE,TRUE,TRUE,TRUE,10/10/40
7.4,46.3,1965,10,24,12,16,57,4.4,6,EMECv20191114,10016392,nan,TRUE,TRUE,TRUE,TRUE,TRUE,10/24/65
11.59,44.398,1728,2,4,3,0,0,4.43,6,SERA_histv1.1,10001750,nan,TRUE,TRUE,TRUE,TRUE,TRUE,1728-02-04
14.691,37.266,1820,1,1,0,0,0,4.43,6,SERA_histv1.1,10002959,nan,TRUE,TRUE,TRUE,TRUE,TRUE,1820-01-01
11.51,47.28,1595,7,12,0,0,0,4.45,6,SERA_histv1.1,10000898,6,TRUE,TRUE,TRUE,TRUE,TRUE,1595-07-12
11.39,47.27,1706,3,28,0,0,0,4.45,6,SERA_histv1.1,10001597,6,TRUE,TRUE,TRUE,TRUE,TRUE,1706-03-28
11.39,47.27,1794,5,12,10,59,0,4.45,6,SERA_histv1.1,10002606,6,TRUE,TRUE,TRUE,TRUE,TRUE,1794-05-12
11.39,47.27,1814,4,28,0,0,0,4.45,6,SERA_histv1.1,10002869,6,TRUE,TRUE,TRUE,TRUE,TRUE,1814-04-28
11.77,47.39,1859,4,28,6,45,0,4.45,6,SERA_histv1.1,10003866,6,TRUE,TRUE,TRUE,TRUE,TRUE,1859-04-28
12.07,47.49,1865,1,21,0,0,0,4.45,6,SERA_histv1.1,10004007,6,TRUE,TRUE,TRUE,TRUE,TRUE,1865-01-21
11.39,47.27,1872,8,8,5,10,0,4.45,6,SERA_histv1.1,10004248,6,TRUE,TRUE,TRUE,TRUE,TRUE,1872-08-08
11.45,47.3,1897,2,20,6,0,0,4.45,6,SERA_histv1.1,10005434,6,TRUE,TRUE,TRUE,TRUE,TRUE,1897-02-20
15.887,38.654,2000,8,1,7,5,8.11,4.48,6,EMECv20191114,10038901,6,TRUE,TRUE,TRUE,TRUE,TRUE,8/1/00
19.1284,39.7605,1975,1,6,8,59,25.52,4.5,6,EMECv20191114,10020563,6,FALSE,FALSE,TRUE,TRUE,FALSE,1/6/75
20.1119,41.103,1981,10,9,20,24,44.83,4.5,6,EMECv20191114,10024080,6,TRUE,TRUE,TRUE,TRUE,FALSE,10/9/81
19.6941,40.1764,2004,2,18,3,20,51.57,4.5,6,EMECv20191114,10043125,6,FALSE,FALSE,TRUE,TRUE,FALSE,2/18/04
12.463,43.078,1915,3,26,23,37,0,4.55,6,EMECv20191114,10007934,nan,FALSE,FALSE,TRUE,TRUE,FALSE,3/26/15
19.9,40.7,1967,7,20,19,3,30,4.57,6,EMECv20191114,10017085,6,FALSE,FALSE,TRUE,TRUE,FALSE,7/20/67
7.9,46.3,1933,9,24,23,55,5,4.6,6,EMECv20191114,10010890,nan,TRUE,TRUE,TRUE,TRUE,TRUE,9/24/33
20.3699,40.7998,1985,4,25,12,5,35.5,4.6,6,EMECv20191114,10026160,6,TRUE,TRUE,TRUE,TRUE,FALSE,4/25/85
20.0868,39.4466,1997,11,29,0,21,11.34,4.6,6,EMECv20191114,10035898,6,FALSE,FALSE,TRUE,FALSE,FALSE,11/29/97
11.041,44.883,2012,5,29,8,27,22.65,4.64,6,EMECv20191114,10057939,6,FALSE,FALSE,FALSE,FALSE,FALSE,5/29/12
13.399,42.351,1398,4,3,0,0,0,4.65,6,SERA_histv1.1,10000311,nan,TRUE,TRUE,TRUE,TRUE,TRUE,1398-04-03
20,40.3,1930,7,16,0,0,0,4.67,6,EMECv20191114,10010363,6,FALSE,FALSE,FALSE,FALSE,FALSE,7/16/30
15.047,36.915,1727,1,7,0,0,0,4.69,6,SERA_histv1.1,10001740,nan,TRUE,TRUE,TRUE,TRUE,TRUE,1727-01-07
11.51,47.28,1706,12,2,0,0,0,4.7,6,SERA_histv1.1,10001603,6,TRUE,TRUE,TRUE,TRUE,TRUE,1706-12-02
11.39,47.27,1727,8,18,0,0,0,4.7,6,SERA_histv1.1,10001748,6,TRUE,TRUE,TRUE,TRUE,TRUE,1727-08-18
7.43,46.28,1946,1,26,3,15,0,4.7,6,EMECv20191114,10012359,nan,FALSE,FALSE,FALSE,FALSE,FALSE,1/26/46
20.19,39.2,2007,8,12,11,20,42,4.7,6,EMECv20191114,10049601,6,FALSE,FALSE,TRUE,FALSE,FALSE,8/12/07
14.879,37.132,1924,8,17,21,40,0,4.74,6,EMECv20191114,10009353,nan,TRUE,TRUE,TRUE,TRUE,TRUE,8/17/24
7.659,46.541,1898,5,6,13,10,0,4.8,6,SERA_histv1.1,10005583,nan,TRUE,TRUE,TRUE,TRUE,TRUE,1898-05-06
9.01,46.9,1971,9,29,7,18,0,4.9,6,EMECv20191114,10019372,nan,TRUE,TRUE,TRUE,TRUE,TRUE,9/29/71
17.86,42.89,1946,2,9,13,19,4,4.91,6,EMECv20191114,10012361,6,TRUE,TRUE,TRUE,TRUE,TRUE,2/9/46
18.9,42.2,1966,8,6,2,31,7,4.91,6,EMECv20191114,10016697,6,FALSE,FALSE,TRUE,TRUE,TRUE,8/6/66
11.71,47.35,1820,7,17,6,30,0,4.96,6,SERA_histv1.1,10002957,6,TRUE,TRUE,TRUE,TRUE,TRUE,1820-07-17
19.9,40.1,1966,8,16,3,53,42,4.97,6,EMECv20191114,10016715,6,FALSE,FALSE,TRUE,TRUE,FALSE,8/16/66
11.111,44.482,1929,4,22,8,26,0,5.1,6,EMECv20191114,10010173,nan,FALSE,FALSE,FALSE,FALSE,FALSE,4/22/29
19.5,42,1855,8,11,0,0,0,5.14,6,SERA_histv1.1,10003661,nan,TRUE,TRUE,TRUE,TRUE,TRUE,1855-08-11
20,39.7,1926,6,10,19,16,10,5.16,6,EMECv20191114,10009633,6,TRUE,TRUE,TRUE,TRUE,FALSE,6/10/26
6.98,45.98,1905,8,13,10,22,0,5.2,6,EMECv20191114,10006396,nan,FALSE,FALSE,TRUE,TRUE,TRUE,8/13/05
6.918,46.396,1584,3,14,0,0,0,5.22,6,SERA_histv1.1,10000849,nan,TRUE,TRUE,TRUE,TRUE,TRUE,1584-03-14
11.876,44.26,1935,6,5,11,48,0,5.23,6,EMECv20191114,10011071,nan,TRUE,TRUE,TRUE,TRUE,TRUE,6/5/35
15.4,45.6,1700,8,25,0,0,0,5.35,6,SERA_histv1.1,10001530,nan,TRUE,TRUE,TRUE,TRUE,TRUE,1700-08-25
15.612,40.108,1858,3,7,14,0,0,5.36,6,SERA_histv1.1,10003816,nan,TRUE,TRUE,TRUE,TRUE,TRUE,1858-03-07
20.2,39.81,1975,11,22,10,6,8,5.36,6,EMECv20191114,10020949,6,TRUE,TRUE,TRUE,TRUE,FALSE,11/22/75
20.6,40.9,1912,2,15,9,30,0,5.46,6,EMECv20191114,10007464,nan,FALSE,FALSE,TRUE,TRUE,TRUE,2/15/12
7.303,46.228,1524,4,20,0,0,0,5.59,6,SERA_histv1.1,10000611,nan,TRUE,TRUE,TRUE,TRUE,TRUE,1524-04-20
11.567,47.263,1689,12,22,1,0,0,5.65,6,SERA_histv1.1,10001430,nan,TRUE,TRUE,TRUE,TRUE,TRUE,1689-12-22
20,41,1906,3,3,21,56,0,5.76,6,EMECv20191114,10006484,nan,TRUE,TRUE,TRUE,TRUE,FALSE,3/3/06
15.286,37.073,1125,6,7,11,0,0,5.8,6,SERA_histv1.1,10000056,nan,TRUE,TRUE,TRUE,TRUE,TRUE,1125-06-07
18.71,42.15,1979,5,24,17,23,20,5.9,6,EMECv20191114,10022605,6,FALSE,FALSE,FALSE,FALSE,FALSE,5/24/79
9.504,46.947,1295,9,3,0,0,0,6.21,6,SERA_histv1.1,10000164,nan,TRUE,TRUE,TRUE,TRUE,TRUE,1295-09-03
19.92,39.624,1786,2,5,0,0,0,6.52,6,SERA_histv1.1,10002514,nan,TRUE,TRUE,TRUE,TRUE,TRUE,1786-02-05
10.1698,44.1513,2013,6,29,9,0,47.7,3.57,5.9,EMECv20191114,10059310,5.9,FALSE,FALSE,TRUE,TRUE,FALSE,6/29/13
11.093,44.86,2012,5,29,9,30,21.16,3.7,5.9,EMECv20191114,10057948,5.9,FALSE,FALSE,FALSE,FALSE,FALSE,5/29/12
13.75,46.483,1915,4,15,18,40,0,3.79,5.9,EMECv20191114,10007941,5.9,FALSE,TRUE,TRUE,TRUE,TRUE,4/15/15
14.833,46.05,1932,2,27,21,30,0,3.79,5.9,EMECv20191114,10010660,5.9,FALSE,FALSE,TRUE,TRUE,FALSE,2/27/32
15.017,45.917,1947,12,13,21,0,0,3.79,5.9,EMECv20191114,10012540,5.9,TRUE,TRUE,TRUE,TRUE,TRUE,12/13/47
14.795,41.649,2003,5,2,3,53,6.97,4.1,5.9,EMECv20191114,10041973,5.9,FALSE,FALSE,TRUE,FALSE,FALSE,5/2/03
17.113,40.589,1713,1,3,0,0,0,4.43,5.9,SERA_histv1.1,10001643,nan,TRUE,TRUE,TRUE,TRUE,TRUE,1713-01-03
11.89,43.814,1913,7,29,22,24,0,4.54,5.9,EMECv20191114,10007674,nan,FALSE,FALSE,TRUE,TRUE,TRUE,7/29/13
15.125,38.297,1978,5,11,2,46,58.51,4.64,5.9,EMECv20191114,10022081,5.9,FALSE,FALSE,TRUE,TRUE,TRUE,5/11/78
11.529,44.424,1779,11,23,18,30,0,4.75,5.9,SERA_histv1.1,10002389,nan,TRUE,TRUE,TRUE,TRUE,TRUE,1779-11-23
11.92,43.983,1753,4,22,0,0,0,4.88,5.9,SERA_histv1.1,10001976,nan,TRUE,TRUE,TRUE,TRUE,TRUE,1753-04-22
15.03,46.13,1852,11,17,14,3,0,4.93,5.9,SERA_histv1.1,10003575,5.9,TRUE,TRUE,TRUE,TRUE,TRUE,1852-11-17
12.617,42.699,1707,3,24,13,0,0,5.19,5.9,SERA_histv1.1,10001604,nan,TRUE,TRUE,TRUE,TRUE,TRUE,1707-03-24
18.8,42.2,1966,8,6,5,24,55,3.62,5.8,EMECv20191114,10016699,nan,FALSE,FALSE,TRUE,TRUE,TRUE,8/6/66
13.723,38.378,2002,9,6,3,47,6.23,3.66,5.8,EMECv20191114,10041207,5.8,FALSE,FALSE,FALSE,FALSE,FALSE,9/6/02
11.4158,44.8052,2012,5,20,22,22,44.98,3.67,5.8,EMECv20191114,10057872,5.8,FALSE,FALSE,FALSE,FALSE,FALSE,5/20/12
10.9145,44.9038,2012,5,29,11,9,47.75,3.67,5.8,EMECv20191114,10057955,5.8,FALSE,FALSE,FALSE,FALSE,FALSE,5/29/12
16.0212,39.8938,2012,9,14,3,50,11.16,3.7,5.8,EMECv20191114,10058324,5.8,FALSE,FALSE,TRUE,TRUE,FALSE,9/14/12
14.229,45.628,2002,6,2,13,37,19,3.9,5.8,EMECv20191114,10040957,nan,TRUE,TRUE,TRUE,TRUE,FALSE,6/2/02
10.87,44.88,2012,5,31,14,58,21,3.95,5.8,EMECv20191114,10057966,5.8,FALSE,FALSE,FALSE,FALSE,FALSE,5/31/12
10.188,43.541,1987,1,22,5,10,50.09,4.15,5.8,EMECv20191114,10027064,5.8,TRUE,TRUE,TRUE,TRUE,TRUE,1/22/87
12.871,42.919,1997,9,27,13,23,47.65,4.16,5.8,EMECv20191114,10035544,5.8,FALSE,FALSE,FALSE,FALSE,FALSE,9/27/97
11.257,43.773,1384,2,4,17,10,0,4.2,5.8,SERA_histv1.1,10000286,nan,TRUE,TRUE,TRUE,TRUE,TRUE,1384-02-04
11.332,43.318,1429,6,26,0,0,0,4.2,5.8,SERA_histv1.1,10000374,nan,TRUE,TRUE,TRUE,TRUE,TRUE,1429-06-26
11.679,43.076,1545,11,29,0,0,0,4.2,5.8,SERA_histv1.1,10000690,nan,TRUE,TRUE,TRUE,TRUE,TRUE,1545-11-29
15.647,38.108,1848,10,7,3,0,0,4.2,5.8,SERA_histv1.1,10003474,nan,TRUE,TRUE,TRUE,TRUE,TRUE,1848-10-07
15.871,40.086,1968,3,22,19,29,58,4.21,5.8,EMECv20191114,10017498,nan,TRUE,TRUE,TRUE,TRUE,TRUE,3/22/68
16.361,39.263,2001,10,18,11,2,46.25,4.28,5.8,EMECv20191114,10040337,5.8,TRUE,TRUE,TRUE,TRUE,TRUE,10/18/01
14.26,41.587,1914,12,19,3,50,42,4.33,5.8,EMECv20191114,10007880,nan,FALSE,TRUE,TRUE,TRUE,TRUE,12/19/14
15.785,38.009,1910,6,13,23,43,0,4.36,5.8,EMECv20191114,10007165,nan,FALSE,FALSE,TRUE,TRUE,TRUE,6/13/10
11.865,42.684,1922,3,27,0,10,0,4.39,5.8,EMECv20191114,10008995,nan,TRUE,TRUE,TRUE,TRUE,FALSE,3/27/22
11.56,43.234,1449,10,15,20,45,0,4.65,5.8,SERA_histv1.1,10000400,nan,TRUE,TRUE,TRUE,TRUE,TRUE,1449-10-15
12.116,42.288,1877,12,23,5,3,0,4.67,5.8,SERA_histv1.1,10004423,nan,TRUE,TRUE,TRUE,TRUE,TRUE,1877-12-23
13.094,42.793,1567,1,1,0,0,0,4.88,5.8,SERA_histv1.1,10000760,nan,TRUE,TRUE,TRUE,TRUE,TRUE,1567-01-01
13.316,42.097,1904,2,24,15,53,26,5.68,5.8,EMECv20191114,10006162,nan,TRUE,TRUE,TRUE,TRUE,TRUE,2/24/04
16.491,38.632,1640,6,19,0,0,0,5.8,5.8,SERA_histv1.1,10001114,nan,TRUE,TRUE,TRUE,TRUE,TRUE,1640-06-19
16.357,43.37,1997,4,7,10,54,3.2,3.53,5.7,EMECv20191114,10034971,5.7,TRUE,TRUE,TRUE,TRUE,FALSE,4/7/97
15.25,45.8,1938,9,9,19,21,0,3.77,5.7,EMECv20191114,10011464,5.7,FALSE,TRUE,TRUE,TRUE,TRUE,9/9/38
11.1232,44.8958,2012,5,20,3,7,53.1,3.78,5.7,EMECv20191114,10057855,5.7,FALSE,FALSE,FALSE,FALSE,FALSE,5/20/12
10.378,44.051,1925,7,20,15,3,30,3.95,5.7,EMECv20191114,10009508,nan,TRUE,TRUE,TRUE,TRUE,TRUE,7/20/25
15.95,40.203,1991,5,5,17,16,55.18,4,5.7,EMECv20191114,10029466,5.7,FALSE,TRUE,TRUE,TRUE,FALSE,5/5/91
10.299,44.358,1963,1,8,13,51,0,4.16,5.7,EMECv20191114,10015614,nan,TRUE,TRUE,TRUE,TRUE,TRUE,1/8/63
13.964,42.23,1897,4,27,2,17,0,4.23,5.7,SERA_histv1.1,10005461,nan,TRUE,TRUE,TRUE,TRUE,TRUE,1897-04-27
14.53,46.08,1888,9,18,2,33,0,4.3,5.7,SERA_histv1.1,10004934,5.7,TRUE,TRUE,TRUE,TRUE,TRUE,1888-09-18
12.876,43.026,1997,9,3,22,7,29.7,4.54,5.7,EMECv20191114,10035473,5.7,FALSE,FALSE,TRUE,TRUE,TRUE,9/3/97
15.647,38.108,1852,1,17,0,5,0,4.65,5.7,SERA_histv1.1,10003546,nan,TRUE,TRUE,TRUE,TRUE,TRUE,1852-01-17
11.764,44.821,1931,3,27,2,46,57,4.74,5.7,EMECv20191114,10010503,nan,TRUE,TRUE,TRUE,TRUE,FALSE,3/27/31
10.061,44.09,2013,6,21,10,33,56.07,5.36,5.7,EMECv20191114,10059275,5.7,TRUE,TRUE,TRUE,TRUE,FALSE,6/21/13
15.674,40.961,1852,4,2,9,30,0,4.05,5.6,SERA_histv1.1,10003556,nan,TRUE,TRUE,TRUE,TRUE,TRUE,1852-04-02
15.2,45.77,1897,8,16,12,12,0,4.09,5.6,SERA_histv1.1,10005492,5.6,TRUE,TRUE,TRUE,TRUE,TRUE,1897-08-16
14.22,45.67,1902,1,10,19,40,0,4.1,5.6,EMECv20191114,10005903,nan,TRUE,TRUE,TRUE,TRUE,TRUE,1/10/02
14.2,45.68,1908,3,1,14,1,0,4.1,5.6,EMECv20191114,10006751,nan,TRUE,TRUE,TRUE,TRUE,TRUE,3/1/08
14.58,46.23,1897,11,22,7,29,0,4.3,5.6,SERA_histv1.1,10005529,5.6,TRUE,TRUE,TRUE,TRUE,TRUE,1897-11-22
16.511,41.168,1856,5,12,1,45,0,4.43,5.6,SERA_histv1.1,10003747,nan,TRUE,TRUE,TRUE,TRUE,TRUE,1856-05-12
15.554,40.835,1987,1,28,5,33,21.76,4.54,5.6,EMECv20191114,10027072,5.6,TRUE,TRUE,TRUE,TRUE,TRUE,1/28/87
14.5,46.18,1897,2,2,0,32,0,4.72,5.6,SERA_histv1.1,10005428,5.6,TRUE,TRUE,TRUE,TRUE,TRUE,1897-02-02
15.322,40.791,2001,12,9,12,15,8.62,3.51,5.5,EMECv20191114,10040474,5.5,TRUE,TRUE,TRUE,TRUE,TRUE,12/9/01
11.1403,44.8882,2012,5,20,2,37,48.68,3.78,5.5,EMECv20191114,10057850,5.5,FALSE,FALSE,FALSE,FALSE,FALSE,5/20/12
11.2142,44.9008,2012,5,20,3,9,50.82,3.78,5.5,EMECv20191114,10057856,5.5,FALSE,FALSE,FALSE,FALSE,FALSE,5/20/12
15.25,45.75,1895,4,8,23,42,0,3.87,5.5,SERA_histv1.1,10005261,5.5,TRUE,TRUE,TRUE,TRUE,TRUE,1895-04-08
14.83,46.33,1897,12,17,20,50,0,3.87,5.5,SERA_histv1.1,10005540,5.5,TRUE,TRUE,TRUE,TRUE,TRUE,1897-12-17
11.1122,44.8503,2012,5,21,1,3,3.94,3.89,5.5,EMECv20191114,10057874,5.5,FALSE,FALSE,FALSE,FALSE,FALSE,5/21/12
14.854,41.124,1903,12,7,19,45,0,3.93,5.5,EMECv20191114,10006145,nan,FALSE,FALSE,TRUE,TRUE,TRUE,12/7/03
15.171,40.853,1913,7,26,10,58,0,3.93,5.5,EMECv20191114,10007671,nan,TRUE,TRUE,TRUE,TRUE,TRUE,7/26/13
10.926,44.647,1346,2,8,0,0,0,4.2,5.5,SERA_histv1.1,10000219,nan,TRUE,TRUE,TRUE,TRUE,TRUE,1346-02-08
16.244,39.223,1871,6,29,20,45,0,4.2,5.5,SERA_histv1.1,10004217,nan,TRUE,TRUE,TRUE,TRUE,TRUE,1871-06-29
16.541,38.878,1901,6,20,17,30,0,4.31,5.5,EMECv20191114,10005849,nan,TRUE,TRUE,TRUE,TRUE,TRUE,6/20/01
14.211,41.592,1985,3,14,23,3,51.22,4.37,5.5,EMECv20191114,10026113,5.5,FALSE,FALSE,TRUE,TRUE,FALSE,3/14/85
10.63,44.691,1918,5,6,8,5,0,4.41,5.5,EMECv20191114,10008468,nan,TRUE,TRUE,TRUE,TRUE,FALSE,5/6/18
11.455,44.781,1561,11,24,1,25,0,4.43,5.5,SERA_histv1.1,10000745,nan,TRUE,TRUE,TRUE,TRUE,TRUE,1561-11-24
13.314,42.793,1917,3,21,0,30,0,4.44,5.5,EMECv20191114,10008300,nan,TRUE,FALSE,TRUE,TRUE,FALSE,3/21/17
15.18,45.78,1921,8,22,6,8,0,4.5,5.5,EMECv20191114,10008923,nan,TRUE,TRUE,TRUE,TRUE,FALSE,8/22/21
12.108,43.6,2001,11,26,0,56,55.46,4.63,5.5,EMECv20191114,10040429,5.5,TRUE,TRUE,TRUE,TRUE,FALSE,11/26/01
15.22,45.57,1887,10,23,4,5,0,4.72,5.5,SERA_histv1.1,10004895,5.5,TRUE,TRUE,TRUE,TRUE,TRUE,1887-10-23
15.555,38.185,1429,11,10,16,20,0,4.88,5.5,SERA_histv1.1,10000375,nan,TRUE,TRUE,TRUE,TRUE,TRUE,1429-11-10
16.812,39.279,1638,6,8,9,45,0,6.79,5.5,SERA_histv1.1,10001099,nan,TRUE,TRUE,TRUE,TRUE,TRUE,1638-06-08
11.0918,44.8868,2012,5,20,8,15,53.16,3.67,5.4,EMECv20191114,10057859,5.4,FALSE,FALSE,FALSE,FALSE,FALSE,5/20/12
13.692,38.408,2002,11,1,7,9,25.23,3.96,5.4,EMECv20191114,10041417,5.4,FALSE,FALSE,TRUE,FALSE,FALSE,11/1/02
15.43,40.635,1981,5,1,11,12,10.88,4.05,5.4,EMECv20191114,10023780,5.4,FALSE,FALSE,TRUE,FALSE,FALSE,5/1/81
7.327,44.885,1449,1,1,0,0,0,4.11,5.4,SERA_histv1.1,10000401,nan,TRUE,TRUE,TRUE,TRUE,TRUE,1449-01-01
13.342,42.252,1985,5,19,14,40,27.04,4.16,5.4,EMECv20191114,10026189,5.4,FALSE,FALSE,TRUE,TRUE,FALSE,5/19/85
13.541,42.021,1926,12,18,21,7,20,4.24,5.4,EMECv20191114,10009743,nan,TRUE,TRUE,TRUE,TRUE,TRUE,12/18/26
15.197,43.142,2003,3,30,0,56,22.89,4.24,5.4,EMECv20191114,10041831,5.4,FALSE,FALSE,FALSE,FALSE,FALSE,3/30/03
12.946,42.864,1997,10,13,11,1,46.86,4.33,5.4,EMECv20191114,10035616,5.4,FALSE,FALSE,FALSE,FALSE,FALSE,10/13/97
12.361,46.185,1912,8,5,10,33,0,4.34,5.4,EMECv20191114,10007555,nan,TRUE,TRUE,TRUE,TRUE,TRUE,8/5/12
13.78,42.631,1888,7,8,20,47,0,4.38,5.4,SERA_histv1.1,10004929,nan,TRUE,TRUE,TRUE,TRUE,TRUE,1888-07-08
10.683,44.815,1280,1,25,0,0,0,4.43,5.4,SERA_histv1.1,10000146,nan,TRUE,TRUE,TRUE,TRUE,TRUE,1280-01-25
12.788,43.113,1748,7,25,0,0,0,4.43,5.4,SERA_histv1.1,10001922,nan,TRUE,TRUE,TRUE,TRUE,TRUE,1748-07-25
13.186,42.924,1986,10,13,5,10,0.31,4.46,5.4,EMECv20191114,10026928,5.4,TRUE,TRUE,TRUE,TRUE,TRUE,10/13/86
11.305,44.865,2012,5,20,17,37,14.14,4.5,5.4,EMECv20191114,10057869,5.4,FALSE,FALSE,FALSE,FALSE,FALSE,5/20/12
12.577,43.351,1466,12,26,0,0,0,4.65,5.4,SERA_histv1.1,10000432,nan,TRUE,TRUE,TRUE,TRUE,TRUE,1466-12-26
10.521,45.685,2004,11,24,22,59,38.55,4.99,5.4,EMECv20191114,10044321,5.4,TRUE,TRUE,TRUE,TRUE,TRUE,11/24/04
11.117,43.958,1899,6,26,23,17,0,5.03,5.4,SERA_histv1.1,10005663,nan,TRUE,TRUE,TRUE,TRUE,TRUE,1899-06-26
13.005,43.425,1741,4,24,9,20,0,6.17,5.4,SERA_histv1.1,10001872,nan,TRUE,TRUE,TRUE,TRUE,TRUE,1741-04-24
14.08,42.076,1706,11,3,13,0,0,6.84,5.4,SERA_histv1.1,10001602,nan,TRUE,TRUE,TRUE,TRUE,TRUE,1706-11-03
14.033,46.083,1932,8,18,13,41,0,3.73,5.3,EMECv20191114,10010718,5.3,TRUE,TRUE,TRUE,TRUE,FALSE,8/18/32
14.8,46.2,1949,12,8,18,15,0,3.73,5.3,EMECv20191114,10012831,5.3,TRUE,TRUE,TRUE,TRUE,TRUE,12/8/49
15.25,45.6,1881,4,30,0,49,0,3.87,5.3,SERA_histv1.1,10004582,5.3,TRUE,TRUE,TRUE,TRUE,TRUE,1881-04-30
13.57,45.92,1897,3,6,7,10,0,3.87,5.3,SERA_histv1.1,10005445,5.3,TRUE,TRUE,TRUE,TRUE,TRUE,1897-03-06
14.52,46.08,1897,8,22,0,35,0,3.87,5.3,SERA_histv1.1,10005494,5.3,TRUE,TRUE,TRUE,TRUE,TRUE,1897-08-22
14.5,46.08,1897,11,20,19,5,0,3.87,5.3,SERA_histv1.1,10005528,5.3,TRUE,TRUE,TRUE,TRUE,TRUE,1897-11-20
14.17,45.72,1981,6,28,6,16,27.6,4,5.3,EMECv20191114,10023882,nan,TRUE,TRUE,TRUE,TRUE,TRUE,6/28/81
13.019,46.398,1950,2,20,1,55,12,4.2,5.3,EMECv20191114,10012854,nan,TRUE,TRUE,TRUE,TRUE,TRUE,2/20/50
14.27,45.8,1952,2,23,21,56,23,4.3,5.3,EMECv20191114,10013156,nan,TRUE,TRUE,TRUE,TRUE,TRUE,2/23/52
12.763,43.121,1993,6,4,21,36,50.6,4.39,5.3,EMECv20191114,10030530,5.3,FALSE,FALSE,FALSE,FALSE,FALSE,6/4/93
12.917,44.167,1916,8,18,16,31,0,4.95,5.3,EMECv20191114,10008200,nan,FALSE,FALSE,TRUE,TRUE,FALSE,8/18/16
12.903,42.576,1298,12,1,0,0,0,6.25,5.3,SERA_histv1.1,10000169,nan,TRUE,TRUE,TRUE,TRUE,TRUE,1298-12-01
12.334,42.408,2005,3,26,4,15,2.03,3.51,5.2,EMECv20191114,10044893,5.2,TRUE,TRUE,TRUE,TRUE,FALSE,3/26/05
13.656,38.426,2011,6,21,10,2,10.28,3.67,5.2,EMECv20191114,10056176,5.2,FALSE,TRUE,TRUE,TRUE,FALSE,6/21/11
9.337,44.337,1917,5,18,14,56,0,3.7,5.2,EMECv20191114,10008323,nan,TRUE,TRUE,TRUE,TRUE,TRUE,5/18/17
12.288,46.13,1876,3,28,1,0,0,3.74,5.2,SERA_histv1.1,10004356,nan,TRUE,TRUE,TRUE,TRUE,TRUE,1876-03-28
15.417,38.026,1882,3,10,0,0,0,3.74,5.2,SERA_histv1.1,10004621,nan,TRUE,TRUE,TRUE,TRUE,TRUE,1882-03-10
11.996,45.942,2004,12,4,22,20,50.2,3.86,5.2,EMECv20191114,10044365,5.2,TRUE,TRUE,TRUE,TRUE,TRUE,12/4/04
12.218,46.139,1403,1,29,18,55,0,3.87,5.2,SERA_histv1.1,10000324,nan,TRUE,TRUE,TRUE,TRUE,TRUE,1403-01-29
16.992,43.195,1962,1,19,20,13,20.9,3.91,5.2,EMECv20191114,10015400,5.2,FALSE,FALSE,FALSE,FALSE,FALSE,1/19/62
11.332,43.318,1787,10,23,5,0,0,4.14,5.2,SERA_histv1.1,10002542,nan,TRUE,TRUE,TRUE,TRUE,TRUE,1787-10-23
10.873,44.681,1963,11,4,15,46,0,4.16,5.2,EMECv20191114,10015793,nan,TRUE,TRUE,TRUE,TRUE,TRUE,11/4/63
14.165,37.955,1906,4,22,23,12,0,4.18,5.2,EMECv20191114,10006500,nan,TRUE,TRUE,TRUE,TRUE,TRUE,4/22/06
11.227,44.046,2008,3,1,8,43,46.6,4.24,5.2,EMECv20191114,10050909,5.2,FALSE,FALSE,FALSE,FALSE,FALSE,3/1/08
11.137,43.446,1906,4,21,6,35,0,4.3,5.2,EMECv20191114,10006498,nan,TRUE,TRUE,TRUE,TRUE,TRUE,4/21/06
11.214,43.529,1895,10,25,0,24,0,4.54,5.2,SERA_histv1.1,10005310,nan,TRUE,TRUE,TRUE,TRUE,TRUE,1895-10-25
12.361,46.037,1883,10,22,3,30,0,4.63,5.2,SERA_histv1.1,10004690,nan,TRUE,TRUE,TRUE,TRUE,TRUE,1883-10-22
15.94,40.011,1988,1,8,13,5,46.75,4.7,5.2,EMECv20191114,10027487,5.2,TRUE,TRUE,TRUE,TRUE,TRUE,1/8/88
11.344,43.436,1911,9,13,22,29,2,5.08,5.2,EMECv20191114,10007408,nan,TRUE,TRUE,TRUE,TRUE,TRUE,9/13/11
11.757,42.252,1819,5,26,16,30,0,5.11,5.2,SERA_histv1.1,10002946,nan,TRUE,TRUE,TRUE,TRUE,TRUE,1819-05-26
12.975,42.908,1898,9,12,14,14,0,5.44,5.2,SERA_histv1.1,10005601,nan,TRUE,TRUE,TRUE,TRUE,TRUE,1898-09-12
16.373,38.925,1609,7,20,0,0,0,5.8,5.2,SERA_histv1.1,10000966,nan,TRUE,TRUE,TRUE,TRUE,TRUE,1609-07-20
10.076,45.245,2003,8,3,21,44,45.07,3.51,5.1,EMECv20191114,10042541,5.1,TRUE,TRUE,TRUE,TRUE,TRUE,8/3/03
14.77,45.17,1945,12,22,21,37,0,3.53,5.1,EMECv20191114,10012350,nan,TRUE,TRUE,TRUE,TRUE,TRUE,12/22/45
13.948,37.787,2001,11,28,10,43,28.18,3.66,5.1,EMECv20191114,10040441,5.1,FALSE,FALSE,TRUE,TRUE,FALSE,11/28/01
15.2,45.567,1920,10,22,15,45,0,3.71,5.1,EMECv20191114,10008797,5.1,FALSE,TRUE,TRUE,TRUE,FALSE,10/22/20
15,46.117,1926,9,17,11,5,0,3.71,5.1,EMECv20191114,10009678,5.1,FALSE,TRUE,TRUE,TRUE,TRUE,9/17/26
14.75,46.133,1927,1,31,11,32,0,3.71,5.1,EMECv20191114,10009767,5.1,TRUE,TRUE,TRUE,TRUE,TRUE,1/31/27
15.25,45.667,1949,3,3,19,25,0,3.71,5.1,EMECv20191114,10012729,5.1,FALSE,TRUE,TRUE,TRUE,TRUE,3/3/49
10.9258,44.8905,2012,5,29,18,28,1.05,3.8,5.1,EMECv20191114,10057958,5.1,FALSE,FALSE,FALSE,FALSE,FALSE,5/29/12
12.218,46.139,1392,1,28,0,30,0,3.97,5.1,SERA_histv1.1,10000297,nan,TRUE,TRUE,TRUE,TRUE,TRUE,1392-01-28
11.176,45.022,1910,1,22,20,30,0,4.02,5.1,EMECv20191114,10007106,nan,TRUE,TRUE,TRUE,TRUE,TRUE,1/22/10
16.879,40.523,1996,6,1,12,28,23.23,4.06,5.1,EMECv20191114,10033707,5.1,TRUE,TRUE,TRUE,TRUE,TRUE,6/1/96
11.536,44.132,2002,4,30,21,24,50.39,4.1,5.1,EMECv20191114,10040880,5.1,TRUE,TRUE,TRUE,TRUE,FALSE,4/30/02
13.09,46.359,1988,2,1,11,22,41.3,4.13,5.1,EMECv20191114,10027538,5.1,FALSE,FALSE,FALSE,FALSE,FALSE,2/1/88
9.393,44.521,2011,10,20,6,11,18.86,4.22,5.1,EMECv20191114,10056648,5.1,TRUE,TRUE,TRUE,TRUE,FALSE,10/20/11
15.5,45.5,1827,4,17,14,45,0,4.3,5.1,SERA_histv1.1,10003057,nan,TRUE,TRUE,TRUE,TRUE,TRUE,1827-04-17
13.346,42.872,1930,11,9,1,33,0,4.31,5.1,EMECv20191114,10010421,nan,FALSE,FALSE,TRUE,TRUE,FALSE,11/9/30
12.917,42.916,1997,10,4,15,7,20.94,4.4,5.1,EMECv20191114,10035578,5.1,FALSE,FALSE,FALSE,FALSE,FALSE,10/4/97
15.717,41.679,1962,1,19,5,1,25,4.42,5.1,EMECv20191114,10015398,nan,TRUE,TRUE,TRUE,TRUE,TRUE,1/19/62
12.218,46.139,1690,5,4,0,0,0,4.43,5.1,SERA_histv1.1,10001437,nan,TRUE,TRUE,TRUE,TRUE,TRUE,1690-05-04
14.28,46.4,1929,9,2,5,52,0,4.6,5.1,EMECv20191114,10010230,nan,TRUE,TRUE,TRUE,TRUE,TRUE,9/2/29
13.076,46.348,1988,2,1,14,21,38.3,4.62,5.1,EMECv20191114,10027540,5.1,TRUE,TRUE,TRUE,TRUE,TRUE,2/1/88
10.915,43.933,1815,8,12,0,0,0,4.65,5.1,SERA_histv1.1,10002884,nan,TRUE,TRUE,TRUE,TRUE,TRUE,1815-08-12
14.164,38.036,1993,6,26,17,47,52.88,4.92,5.1,EMECv20191114,10030564,5.1,TRUE,TRUE,TRUE,TRUE,FALSE,6/26/93
10.33,44.801,1409,11,15,11,15,0,5.11,5.1,SERA_histv1.1,10000335,nan,TRUE,TRUE,TRUE,TRUE,TRUE,1409-11-15
10.449,44.091,1746,7,23,18,15,0,5.12,5.1,SERA_histv1.1,10001906,nan,TRUE,TRUE,TRUE,TRUE,TRUE,1746-07-23
12.583,43.183,1974,1,5,7,33,28,5.28,5.1,EMECv20191114,10020178,nan,TRUE,TRUE,TRUE,TRUE,TRUE,1/5/74
12.383,46.16,1873,6,29,3,58,0,6.3,5.1,SERA_histv1.1,10004276,nan,TRUE,TRUE,TRUE,TRUE,TRUE,1873-06-29
9.533,46.867,1852,3,11,2,35,0,3.5,5,SERA_histv1.1,10003553,nan,TRUE,TRUE,TRUE,TRUE,TRUE,1852-03-11
10.433,46.533,1897,9,4,2,15,0,3.5,5,SERA_histv1.1,10005498,nan,TRUE,TRUE,TRUE,TRUE,TRUE,1897-09-04
9.533,46.87,1914,4,7,20,15,0,3.5,5,EMECv20191114,10007760,nan,TRUE,TRUE,TRUE,TRUE,TRUE,4/7/14
9.633,46.55,1946,12,21,19,39,0,3.5,5,EMECv20191114,10012427,nan,TRUE,TRUE,TRUE,TRUE,TRUE,12/21/46
7.583,46.417,1952,3,22,11,40,0,3.5,5,EMECv20191114,10013167,nan,TRUE,TRUE,TRUE,TRUE,TRUE,3/22/52
10.735,44.847,2001,9,6,17,52,0.72,3.51,5,EMECv20191114,10040212,5,TRUE,TRUE,TRUE,TRUE,TRUE,9/6/01
16.592,39.19,2002,3,15,5,9,38.06,3.51,5,EMECv20191114,10040743,5,TRUE,TRUE,TRUE,TRUE,TRUE,3/15/02
16.857,39.659,2002,4,17,7,57,37.84,3.51,5,EMECv20191114,10040835,5,FALSE,FALSE,FALSE,FALSE,FALSE,4/17/02
16.98,39.662,2002,4,27,23,25,9.33,3.51,5,EMECv20191114,10040867,5,FALSE,FALSE,TRUE,TRUE,TRUE,4/27/02
15.714,39.326,2002,6,12,5,24,9.38,3.51,5,EMECv20191114,10040985,5,TRUE,TRUE,TRUE,TRUE,FALSE,6/12/02
13.002,42.35,2002,8,16,6,11,51.04,3.51,5,EMECv20191114,10041142,5,TRUE,TRUE,TRUE,TRUE,FALSE,8/16/02
13.743,38.439,2002,9,6,14,24,25.55,3.51,5,EMECv20191114,10041211,5,FALSE,FALSE,FALSE,FALSE,FALSE,9/6/02
13.686,38.424,2002,9,9,1,54,29.55,3.51,5,EMECv20191114,10041221,5,FALSE,FALSE,FALSE,FALSE,FALSE,9/9/02
13.734,38.466,2002,10,4,20,32,33.84,3.51,5,EMECv20191114,10041305,5,FALSE,FALSE,FALSE,FALSE,FALSE,10/4/02
13.706,38.414,2002,12,20,20,27,24.46,3.51,5,EMECv20191114,10041572,5,FALSE,FALSE,TRUE,FALSE,FALSE,12/20/02
13.017,42.656,2002,12,23,3,26,10.87,3.51,5,EMECv20191114,10041577,5,TRUE,TRUE,TRUE,TRUE,FALSE,12/23/02
12.607,42.716,2002,12,23,14,57,28.39,3.51,5,EMECv20191114,10041581,5,FALSE,TRUE,TRUE,TRUE,FALSE,12/23/02
13.218,46.442,2003,3,11,5,57,9.03,3.51,5,EMECv20191114,10041783,5,TRUE,TRUE,TRUE,TRUE,FALSE,3/11/03
12.983,46.371,2003,4,18,1,17,41.56,3.51,5,EMECv20191114,10041909,5,FALSE,TRUE,TRUE,TRUE,FALSE,4/18/03
16.217,41.625,2003,4,29,18,45,45.56,3.51,5,EMECv20191114,10041955,5,TRUE,TRUE,TRUE,TRUE,FALSE,4/29/03
16.685,39.559,2003,6,2,5,18,53.64,3.51,5,EMECv20191114,10042223,5,TRUE,TRUE,TRUE,TRUE,TRUE,6/2/03
7.664,44.86,2003,6,10,22,59,47.03,3.51,5,EMECv20191114,10042264,5,TRUE,TRUE,TRUE,TRUE,TRUE,6/10/03
13.687,38.431,2003,8,12,5,10,6.87,3.51,5,EMECv20191114,10042559,5,FALSE,FALSE,TRUE,TRUE,FALSE,8/12/03
13.791,38.488,2003,8,28,9,43,37.9,3.51,5,EMECv20191114,10042635,5,FALSE,FALSE,TRUE,TRUE,FALSE,8/28/03
16.41,39.173,2003,11,18,6,8,43.06,3.51,5,EMECv20191114,10042856,5,TRUE,TRUE,TRUE,TRUE,TRUE,11/18/03
16.227,40.476,2004,7,31,22,51,17.23,3.51,5,EMECv20191114,10043833,5,TRUE,TRUE,TRUE,TRUE,FALSE,7/31/04
16.589,39.26,2004,11,6,3,8,8.33,3.51,5,EMECv20191114,10044267,5,TRUE,TRUE,TRUE,TRUE,FALSE,11/6/04
13.76,42.768,2004,12,15,1,10,50.84,3.51,5,EMECv20191114,10044412,5,FALSE,FALSE,TRUE,TRUE,FALSE,12/15/04
15.59,36.338,2004,12,15,6,59,20.74,3.51,5,EMECv20191114,10044415,5,TRUE,TRUE,TRUE,TRUE,TRUE,12/15/04
10.824,45.793,2004,12,29,22,40,35.7,3.51,5,EMECv20191114,10044475,5,FALSE,FALSE,TRUE,TRUE,TRUE,12/29/04
15.658,39.706,2005,4,15,7,41,32.22,3.51,5,EMECv20191114,10044954,5,TRUE,TRUE,TRUE,TRUE,FALSE,4/15/05
7.638,46.061,1986,2,15,1,43,6.6,3.52,5,EMECv20191114,10026540,5,TRUE,TRUE,TRUE,TRUE,TRUE,2/15/86
16.7,43.15,1946,9,27,11,30,0,3.53,5,EMECv20191114,10012409,nan,FALSE,TRUE,TRUE,TRUE,TRUE,9/27/46
17.65,43.12,1967,2,24,15,20,59.5,3.53,5,EMECv20191114,10016889,5,TRUE,TRUE,TRUE,TRUE,TRUE,2/24/67
19.284,42.054,1979,4,15,15,47,8.1,3.55,5,EMECv20191114,10022484,5,FALSE,FALSE,FALSE,FALSE,FALSE,4/15/79
19.233,41.922,1979,4,16,19,52,21,3.55,5,EMECv20191114,10022503,5,FALSE,FALSE,FALSE,FALSE,FALSE,4/16/79
19.132,41.866,1979,4,19,16,2,39.6,3.55,5,EMECv20191114,10022525,5,FALSE,FALSE,FALSE,FALSE,FALSE,4/19/79
19.264,41.948,1979,4,26,16,5,44.8,3.55,5,EMECv20191114,10022552,5,FALSE,FALSE,FALSE,FALSE,FALSE,4/26/79
18.779,42.076,1979,5,6,1,1,3.4,3.55,5,EMECv20191114,10022572,5,FALSE,FALSE,FALSE,FALSE,FALSE,5/6/79
18.815,42.21,1979,6,6,15,27,57,3.55,5,EMECv20191114,10022651,5,FALSE,FALSE,FALSE,FALSE,FALSE,6/6/79
19.241,42.021,1979,7,16,5,4,18.3,3.55,5,EMECv20191114,10022734,5,FALSE,FALSE,FALSE,FALSE,FALSE,7/16/79
20.6939,41.091,1999,12,23,7,32,23.6,3.55,5,EMECv20191114,10038230,5,TRUE,TRUE,TRUE,TRUE,FALSE,12/23/99
20.413,39.448,2001,2,22,20,28,39.02,3.55,5,EMECv20191114,10039529,5,FALSE,FALSE,TRUE,TRUE,FALSE,2/22/01
19.68,40.08,2001,12,28,23,9,59.8,3.55,5,EMECv20191114,10040527,5,TRUE,TRUE,TRUE,FALSE,FALSE,12/28/01
20.374,39.545,2002,7,16,11,40,53,3.55,5,EMECv20191114,10041077,5,TRUE,TRUE,TRUE,FALSE,FALSE,7/16/02
19.7097,40.206,2004,2,5,10,4,21.5,3.55,5,EMECv20191114,10043087,5,FALSE,FALSE,TRUE,TRUE,FALSE,2/5/04
19.8592,40.1321,2005,2,5,20,6,5.2,3.55,5,EMECv20191114,10044683,5,FALSE,FALSE,TRUE,FALSE,FALSE,2/5/05
19.551,40.5821,2005,6,11,2,3,45.3,3.55,5,EMECv20191114,10045347,5,FALSE,FALSE,TRUE,FALSE,FALSE,6/11/05
19.9794,40.5171,2005,12,1,15,3,15.2,3.55,5,EMECv20191114,10046260,5,FALSE,TRUE,TRUE,FALSE,FALSE,12/1/05
20.0393,41.0935,2006,4,5,14,14,14.4,3.55,5,EMECv20191114,10046808,5,TRUE,TRUE,TRUE,FALSE,FALSE,4/5/06
20.8039,40.6119,2006,10,23,10,18,42.3,3.55,5,EMECv20191114,10047699,5,FALSE,FALSE,TRUE,FALSE,FALSE,10/23/06
19.8311,40.1663,2006,12,29,3,54,14,3.55,5,EMECv20191114,10047943,5,FALSE,FALSE,TRUE,FALSE,FALSE,12/29/06
15.3196,45.4184,2007,5,29,5,9,51.5,3.55,5,EMECv20191114,10049061,5,FALSE,FALSE,TRUE,TRUE,FALSE,5/29/07
20.3345,41.3588,2007,11,23,1,6,16.2,3.55,5,EMECv20191114,10050228,5,FALSE,TRUE,TRUE,FALSE,FALSE,11/23/07
19.6978,40.1383,2007,12,23,23,41,42.7,3.55,5,EMECv20191114,10050422,5,FALSE,FALSE,TRUE,FALSE,FALSE,12/23/07
20.11,40.29,2008,2,11,7,11,51.2,3.55,5,EMECv20191114,10050704,5,FALSE,TRUE,TRUE,FALSE,FALSE,2/11/08
20.0871,40.0974,2009,10,12,23,13,0,3.55,5,EMECv20191114,10054049,5,FALSE,FALSE,TRUE,FALSE,FALSE,10/12/09
15.931,42.144,2006,9,25,19,13,12.37,3.57,5,EMECv20191114,10047588,5,FALSE,FALSE,TRUE,TRUE,FALSE,9/25/06
11.4308,44.8363,2012,5,20,2,29,54.19,3.57,5,EMECv20191114,10057847,5,FALSE,FALSE,FALSE,FALSE,FALSE,5/20/12
18.8217,39.162,2014,9,21,17,38,13.89,3.57,5,EMECv20191114,10061079,5,FALSE,FALSE,TRUE,TRUE,FALSE,9/21/14
18.2,42.8,1911,4,17,11,53,0,3.62,5,EMECv20191114,10007321,nan,TRUE,TRUE,TRUE,TRUE,FALSE,4/17/11
19.16,41.83,1979,4,21,4,54,26.9,3.62,5,EMECv20191114,10022533,5,FALSE,FALSE,FALSE,FALSE,FALSE,4/21/79
19.501,39.621,2002,5,1,10,30,38.51,3.64,5,EMECv20191114,10040882,5,FALSE,FALSE,TRUE,TRUE,FALSE,5/1/02
19.905,40.0158,2003,1,4,0,56,37.7,3.65,5,EMECv20191114,10041614,5,FALSE,FALSE,TRUE,FALSE,FALSE,1/4/03
20.5054,41.2509,2005,1,26,23,38,23.2,3.65,5,EMECv20191114,10044631,5,FALSE,FALSE,TRUE,FALSE,FALSE,1/26/05
19.7297,40.4118,2005,6,20,18,58,56.5,3.65,5,EMECv20191114,10045386,5,FALSE,FALSE,TRUE,FALSE,FALSE,6/20/05
19.65,40.18,2006,1,19,14,7,0,3.65,5,EMECv20191114,10046434,5,TRUE,TRUE,TRUE,FALSE,FALSE,1/19/06
20.2449,41.1184,2006,2,16,9,3,41.5,3.65,5,EMECv20191114,10046577,5,FALSE,TRUE,TRUE,FALSE,FALSE,2/16/06
19.725,40.109,2006,8,9,0,16,4.8,3.65,5,EMECv20191114,10047409,5,FALSE,FALSE,FALSE,FALSE,FALSE,8/9/06
19.7388,40.2239,2006,9,10,21,26,1.2,3.65,5,EMECv20191114,10047558,5,FALSE,FALSE,FALSE,FALSE,FALSE,9/10/06
20.3961,40.6003,2007,1,23,22,54,39.2,3.65,5,EMECv20191114,10048056,5,TRUE,TRUE,TRUE,FALSE,FALSE,1/23/07
19.82,40.03,2007,5,1,14,2,28.9,3.65,5,EMECv20191114,10048878,5,FALSE,TRUE,TRUE,FALSE,FALSE,5/1/07
19.76,40.17,2008,6,14,5,52,28.2,3.65,5,EMECv20191114,10051796,5,FALSE,FALSE,TRUE,FALSE,FALSE,6/14/08
19.74,40.149,2011,12,21,2,39,25.7,3.65,5,EMECv20191114,10057278,5,TRUE,TRUE,TRUE,FALSE,FALSE,12/21/11
11.083,44.081,2001,12,6,17,44,52.09,3.66,5,EMECv20191114,10040462,5,TRUE,TRUE,TRUE,TRUE,FALSE,12/6/01
11.078,45.966,2001,12,18,17,43,56.14,3.66,5,EMECv20191114,10040506,5,TRUE,TRUE,TRUE,TRUE,TRUE,12/18/01
13.719,38.477,2002,9,9,1,26,36.1,3.66,5,EMECv20191114,10041219,5,FALSE,FALSE,FALSE,FALSE,FALSE,9/9/02
13.719,38.505,2002,9,26,11,25,52.31,3.66,5,EMECv20191114,10041281,5,FALSE,FALSE,FALSE,FALSE,FALSE,9/26/02
13.709,38.403,2002,10,3,21,24,57.52,3.66,5,EMECv20191114,10041304,5,FALSE,FALSE,FALSE,FALSE,FALSE,10/3/02
15.658,41.859,2003,7,24,4,58,1.29,3.66,5,EMECv20191114,10042485,5,FALSE,TRUE,TRUE,FALSE,FALSE,7/24/03
13.259,42.217,2003,9,27,17,36,47.64,3.66,5,EMECv20191114,10042728,5,TRUE,TRUE,TRUE,TRUE,FALSE,9/27/03
12.579,44.484,2004,2,12,9,13,28.79,3.66,5,EMECv20191114,10043111,5,TRUE,TRUE,TRUE,TRUE,FALSE,2/12/04
16.883,39.656,2005,1,31,10,44,49.8,3.66,5,EMECv20191114,10044659,5,TRUE,TRUE,TRUE,TRUE,FALSE,1/31/05
13.623,38.392,2010,6,13,7,3,39.99,3.67,5,EMECv20191114,10054960,5,TRUE,TRUE,TRUE,TRUE,FALSE,6/13/10
11.4087,44.8732,2012,5,20,7,23,33.17,3.67,5,EMECv20191114,10057857,5,FALSE,FALSE,FALSE,FALSE,FALSE,5/20/12
18.8063,39.1822,2014,9,1,16,42,50.17,3.67,5,EMECv20191114,10060996,5,FALSE,FALSE,TRUE,TRUE,FALSE,9/1/14
14.817,46.083,1908,10,3,18,3,40,3.7,5,EMECv20191114,10006833,5,TRUE,TRUE,TRUE,TRUE,TRUE,10/3/08
15.217,45.583,1910,7,22,1,28,0,3.7,5,EMECv20191114,10007194,5,TRUE,TRUE,TRUE,TRUE,TRUE,7/22/10
12.704,42.955,1917,7,19,0,55,0,3.7,5,EMECv20191114,10008352,nan,FALSE,TRUE,TRUE,TRUE,FALSE,7/19/17
14.5,46.233,1925,8,3,0,31,44,3.7,5,EMECv20191114,10009513,5,TRUE,TRUE,TRUE,TRUE,TRUE,8/3/25
14.217,46.033,1948,3,4,4,10,0,3.7,5,EMECv20191114,10012577,5,TRUE,TRUE,TRUE,TRUE,TRUE,3/4/48
15.014,44.942,2013,7,13,18,47,17.9,3.7,5,EMECv20191114,10059340,5,FALSE,TRUE,TRUE,TRUE,TRUE,7/13/13
14.62,45.35,1950,3,7,22,48,41,3.72,5,EMECv20191114,10012862,5,TRUE,TRUE,TRUE,TRUE,TRUE,3/7/50
17.77,43.19,1966,7,30,5,19,24.4,3.72,5,EMECv20191114,10016689,5,TRUE,TRUE,TRUE,TRUE,TRUE,7/30/66
20.282,39.63,1998,2,7,20,15,34.45,3.73,5,EMECv20191114,10036100,5,FALSE,TRUE,TRUE,FALSE,FALSE,2/7/98
19.748,39.559,2002,4,26,10,10,58.68,3.73,5,EMECv20191114,10040861,5,TRUE,TRUE,TRUE,TRUE,FALSE,4/26/02
11.62,44.835,1508,10,18,0,0,0,3.74,5,SERA_histv1.1,10000543,nan,TRUE,TRUE,TRUE,TRUE,TRUE,1508-10-18
12.785,45.751,1522,7,5,23,59,59.99,3.74,5,SERA_histv1.1,10000603,nan,TRUE,TRUE,TRUE,TRUE,TRUE,1522-07-05
13.321,40.969,1899,3,27,1,19,0,3.74,5,SERA_histv1.1,10005644,nan,TRUE,TRUE,TRUE,TRUE,TRUE,1899-03-27
18.857,42.194,1979,6,11,21,44,38,3.74,5,EMECv20191114,10022662,5,FALSE,FALSE,FALSE,FALSE,FALSE,6/11/79
20.58,41.22,1990,10,17,7,47,34.4,3.74,5,EMECv20191114,10029042,5,TRUE,TRUE,TRUE,TRUE,FALSE,10/17/90
17.608,42.938,1996,9,12,7,29,48.5,3.74,5,EMECv20191114,10034099,5,FALSE,FALSE,FALSE,FALSE,FALSE,9/12/96
20.43,40.13,2002,5,27,15,0,54.5,3.74,5,EMECv20191114,10040944,5,TRUE,TRUE,TRUE,FALSE,FALSE,5/27/02
12.908,46.388,2004,8,28,4,4,47.94,3.74,5,EMECv20191114,10043988,5,FALSE,FALSE,TRUE,TRUE,TRUE,8/28/04
19.8233,40.0347,2006,5,17,1,20,55.7,3.74,5,EMECv20191114,10047045,5,FALSE,FALSE,TRUE,FALSE,FALSE,5/17/06
19.7306,40.1496,2006,9,11,22,42,8,3.74,5,EMECv20191114,10047561,5,FALSE,FALSE,FALSE,FALSE,FALSE,9/11/06
19.559,40.1908,2006,12,7,11,35,37.8,3.74,5,EMECv20191114,10047879,5,FALSE,TRUE,TRUE,FALSE,FALSE,12/7/06
20.5526,40.2601,2007,6,20,23,39,17.3,3.74,5,EMECv20191114,10049199,5,TRUE,TRUE,FALSE,FALSE,FALSE,6/20/07
20.3655,40.1401,2007,12,23,19,44,33.7,3.74,5,EMECv20191114,10050420,5,TRUE,TRUE,TRUE,FALSE,FALSE,12/23/07
19.66,40.19,2008,7,14,7,24,51.8,3.74,5,EMECv20191114,10052116,5,FALSE,TRUE,TRUE,FALSE,FALSE,7/14/08
9.066,47.042,1560,1,1,0,0,0,3.79,5,SERA_histv1.1,10000739,nan,TRUE,TRUE,TRUE,TRUE,TRUE,1560-01-01
7.852,46.237,1855,11,17,0,0,0,3.79,5,SERA_histv1.1,10003708,nan,TRUE,TRUE,TRUE,TRUE,TRUE,1855-11-17
7.799,46.285,1857,8,24,3,30,0,3.79,5,SERA_histv1.1,10003795,nan,TRUE,TRUE,TRUE,TRUE,TRUE,1857-08-24
9.033,41.967,1928,2,7,23,0,0,3.8,5,EMECv20191114,10009943,nan,TRUE,TRUE,TRUE,TRUE,TRUE,2/7/28
16.582,38.968,1970,6,29,14,22,52,3.8,5,EMECv20191114,10018803,nan,TRUE,TRUE,TRUE,TRUE,TRUE,6/29/70
18.6,42.4,1901,1,15,17,59,0,3.81,5,EMECv20191114,10005796,5,TRUE,TRUE,TRUE,TRUE,TRUE,1/15/01
17,43,1905,2,21,3,40,0,3.81,5,EMECv20191114,10006327,5,FALSE,TRUE,TRUE,TRUE,TRUE,2/21/05
17.6,43.1,1905,2,25,4,0,0,3.81,5,EMECv20191114,10006329,5,FALSE,FALSE,TRUE,TRUE,TRUE,2/25/05
17.7,42.8,1905,5,4,6,33,34,3.81,5,EMECv20191114,10006349,5,FALSE,TRUE,TRUE,TRUE,TRUE,5/4/05
17.7,42.8,1905,6,4,1,20,0,3.81,5,EMECv20191114,10006369,5,TRUE,FALSE,TRUE,TRUE,FALSE,6/4/05
17.9,43.1,1907,8,1,11,46,40,3.81,5,EMECv20191114,10006678,5,FALSE,FALSE,FALSE,FALSE,FALSE,8/1/07
17.7,43.1,1907,8,3,23,3,26,3.81,5,EMECv20191114,10006683,5,FALSE,FALSE,TRUE,TRUE,FALSE,8/3/07
17.8,43.1,1908,9,25,9,25,0,3.81,5,EMECv20191114,10006830,5,FALSE,TRUE,TRUE,TRUE,FALSE,9/25/08
15.26,45.46,1963,6,23,9,33,48,3.81,5,EMECv20191114,10015715,5,TRUE,TRUE,TRUE,TRUE,TRUE,6/23/63
12.779,46.375,2002,5,6,3,24,17.36,3.81,5,EMECv20191114,10040895,5,FALSE,FALSE,TRUE,TRUE,TRUE,5/6/02
12.96,42.735,2002,7,7,13,24,43.89,3.81,5,EMECv20191114,10041062,5,TRUE,TRUE,TRUE,TRUE,FALSE,7/7/02
14.754,41.656,2003,2,19,5,52,31.59,3.81,5,EMECv20191114,10041738,5,FALSE,FALSE,TRUE,FALSE,FALSE,2/19/03
13.676,42.998,2003,5,25,17,15,13.95,3.81,5,EMECv20191114,10042162,5,TRUE,TRUE,TRUE,TRUE,FALSE,5/25/03
13.673,38.376,2004,7,6,12,19,13.34,3.81,5,EMECv20191114,10043722,5,TRUE,TRUE,TRUE,TRUE,FALSE,7/6/04
19.721,40.654,1999,9,13,10,57,5.77,3.82,5,EMECv20191114,10037852,5,FALSE,TRUE,TRUE,TRUE,FALSE,9/13/99
18.785,42.505,1979,5,11,19,14,24.8,3.83,5,EMECv20191114,10022579,5,FALSE,FALSE,FALSE,FALSE,FALSE,5/11/79
20.1504,41.5132,2001,7,20,20,57,10.7,3.83,5,EMECv20191114,10040008,5,FALSE,TRUE,TRUE,TRUE,FALSE,7/20/01
19.7,40.16,2001,9,28,4,26,55.2,3.83,5,EMECv20191114,10040289,5,TRUE,TRUE,TRUE,FALSE,FALSE,9/28/01
19.54,40.03,2001,10,20,8,28,13.1,3.83,5,EMECv20191114,10040346,5,FALSE,FALSE,TRUE,FALSE,FALSE,10/20/01
19.6008,40.3807,2003,12,24,10,5,34.8,3.83,5,EMECv20191114,10042965,5,FALSE,FALSE,TRUE,TRUE,FALSE,12/24/03
19.6475,40.1719,2004,6,14,10,49,36.9,3.83,5,EMECv20191114,10043603,5,FALSE,TRUE,TRUE,FALSE,FALSE,6/14/04
19.7464,40.1202,2006,8,18,19,1,32.2,3.83,5,EMECv20191114,10047473,5,FALSE,FALSE,FALSE,FALSE,FALSE,8/18/06
19.6352,40.1044,2006,9,3,16,15,4.3,3.83,5,EMECv20191114,10047530,5,FALSE,FALSE,FALSE,FALSE,FALSE,9/3/06
19.6711,40.7041,2007,5,3,10,30,39.1,3.83,5,EMECv20191114,10048892,5,TRUE,TRUE,TRUE,FALSE,FALSE,5/3/07
15.0905,43.917,2007,7,18,14,33,0,3.83,5,EMECv20191114,10049420,5,FALSE,FALSE,TRUE,TRUE,FALSE,7/18/07
11.67,47.3,1905,2,24,5,25,0,3.84,5,EMECv20191114,10006328,5,TRUE,TRUE,TRUE,TRUE,TRUE,2/24/05
10.34,47.15,1911,4,24,17,19,0,3.84,5,EMECv20191114,10007330,5,TRUE,TRUE,TRUE,TRUE,TRUE,4/24/11
14.766,41.71,2003,1,27,4,3,46.57,3.84,5,EMECv20191114,10041659,5,FALSE,FALSE,TRUE,FALSE,FALSE,1/27/03
9.238,45.05,1971,1,6,11,10,55,3.85,5,EMECv20191114,10019057,nan,TRUE,TRUE,TRUE,TRUE,TRUE,1/6/71
13.774,38.444,2002,9,6,2,8,58.19,3.85,5,EMECv20191114,10041206,5,FALSE,FALSE,FALSE,FALSE,FALSE,9/6/02
13.714,38.429,2002,9,9,1,51,35.15,3.85,5,EMECv20191114,10041220,5,FALSE,FALSE,FALSE,FALSE,FALSE,9/9/02
12.976,42.872,1997,11,9,16,34,48.65,3.86,5,EMECv20191114,10035712,5,FALSE,FALSE,TRUE,FALSE,FALSE,11/9/97
15,45.92,1898,6,4,17,30,0,3.87,5,SERA_histv1.1,10005588,5,TRUE,TRUE,TRUE,TRUE,TRUE,1898-06-04
15.23,45.75,1899,9,28,13,15,0,3.87,5,SERA_histv1.1,10005685,5,TRUE,TRUE,TRUE,TRUE,TRUE,1899-09-28
14.58,46.13,1899,10,14,1,37,0,3.87,5,SERA_histv1.1,10005692,5,TRUE,TRUE,TRUE,TRUE,TRUE,1899-10-14
6.967,46.317,1661,3,27,0,0,0,3.9,5,SERA_histv1.1,10001273,nan,TRUE,TRUE,TRUE,TRUE,TRUE,1661-03-27
6.9,46.3,1881,12,17,5,14,0,3.9,5,SERA_histv1.1,10004608,nan,TRUE,TRUE,TRUE,TRUE,TRUE,1881-12-17
7.5,46.3,1946,1,25,21,40,0,3.9,5,EMECv20191114,10012358,nan,FALSE,FALSE,FALSE,FALSE,FALSE,1/25/46
7.3,46.367,1951,7,24,9,28,0,3.9,5,EMECv20191114,10013066,nan,TRUE,TRUE,TRUE,TRUE,TRUE,7/24/51
15.058,36.996,2012,6,27,1,14,20.24,3.9,5,EMECv20191114,10058099,5,TRUE,TRUE,TRUE,TRUE,FALSE,6/27/12
7.331,46.228,1802,11,1,0,0,0,3.91,5,SERA_histv1.1,10002684,nan,TRUE,TRUE,TRUE,TRUE,TRUE,1802-11-01
18.73,42.22,1979,6,25,14,12,24.8,3.91,5,EMECv20191114,10022697,5,FALSE,FALSE,FALSE,FALSE,FALSE,6/25/79
20.0174,41.2875,2004,2,13,0,39,6.8,3.93,5,EMECv20191114,10043114,5,FALSE,FALSE,TRUE,TRUE,FALSE,2/13/04
19.803,40.8951,2005,8,3,5,49,32.5,3.93,5,EMECv20191114,10045595,5,FALSE,TRUE,TRUE,FALSE,FALSE,8/3/05
19.7888,40.1706,2007,2,7,23,13,28.2,3.93,5,EMECv20191114,10048125,5,FALSE,TRUE,TRUE,FALSE,FALSE,2/7/07
20.2794,41.2284,2009,5,28,8,43,33.9,3.93,5,EMECv20191114,10053456,5,FALSE,FALSE,TRUE,FALSE,FALSE,5/28/09
15.37,40.843,1909,12,3,6,20,0,3.96,5,EMECv20191114,10007091,nan,TRUE,TRUE,TRUE,TRUE,TRUE,12/3/09
11.037,43.234,2001,11,9,4,20,18.55,3.96,5,EMECv20191114,10040391,5,TRUE,TRUE,TRUE,TRUE,TRUE,11/9/01
15.477,43.109,2003,4,1,10,55,22.62,3.96,5,EMECv20191114,10041849,5,FALSE,FALSE,FALSE,FALSE,FALSE,4/1/03
13.224,42.261,2003,6,30,10,11,10.12,3.96,5,EMECv20191114,10042355,5,TRUE,TRUE,TRUE,TRUE,FALSE,6/30/03
12.847,46.336,2003,8,30,9,10,51.48,3.96,5,EMECv20191114,10042646,5,TRUE,TRUE,TRUE,TRUE,FALSE,8/30/03
10.208,44.149,2004,8,27,21,47,36.15,3.96,5,EMECv20191114,10043985,5,TRUE,TRUE,TRUE,TRUE,TRUE,8/27/04
10.793,44.744,1860,7,17,13,43,0,3.97,5,SERA_histv1.1,10003894,nan,TRUE,TRUE,TRUE,TRUE,TRUE,1860-07-17
10.902,45.602,1876,5,1,10,50,0,3.97,5,SERA_histv1.1,10004362,nan,TRUE,TRUE,TRUE,TRUE,TRUE,1876-05-01
6.55,46.29,1968,8,19,0,36,39.4,4,5,EMECv20191114,10017674,nan,FALSE,FALSE,TRUE,TRUE,TRUE,8/19/68
20.54,39.68,1995,9,20,12,52,25.92,4,5,EMECv20191114,10032477,5,FALSE,FALSE,TRUE,FALSE,FALSE,9/20/95
17.75,43.06,2011,8,15,13,8,35,4,5,EMECv20191114,10056376,5,TRUE,TRUE,TRUE,TRUE,FALSE,8/15/11
19.7481,40.1894,2006,8,8,4,9,58.6,4.02,5,EMECv20191114,10047395,5,FALSE,FALSE,FALSE,FALSE,FALSE,8/8/06
19.6816,40.0004,2006,9,3,8,13,16.3,4.02,5,EMECv20191114,10047528,5,FALSE,FALSE,FALSE,FALSE,FALSE,9/3/06
17.08,39.601,1995,4,17,3,26,17.34,4.06,5,EMECv20191114,10031896,5,TRUE,TRUE,TRUE,TRUE,TRUE,4/17/95
18.861,39.188,2014,9,5,10,10,18.22,4.06,5,EMECv20191114,10061018,5,TRUE,TRUE,TRUE,TRUE,FALSE,9/5/14
12.896,42.922,1997,10,14,16,24,41.97,4.07,5,EMECv20191114,10035627,5,FALSE,FALSE,FALSE,FALSE,FALSE,10/14/97
14.83,46.07,1888,12,6,0,15,0,4.09,5,SERA_histv1.1,10004939,5,TRUE,TRUE,TRUE,TRUE,TRUE,1888-12-06
14.433,46.133,1975,7,15,7,39,41.4,4.09,5,EMECv20191114,10020815,5,TRUE,TRUE,TRUE,TRUE,TRUE,7/15/75
19.574,39.88,2004,12,7,14,59,0.23,4.09,5,EMECv20191114,10044376,5,FALSE,FALSE,TRUE,FALSE,FALSE,12/7/04
13.791,42.79,2004,12,9,2,44,25.29,4.09,5,EMECv20191114,10044379,5,TRUE,TRUE,TRUE,TRUE,FALSE,12/9/04
10.381,43.58,1984,4,22,19,45,41.7,4.1,5,EMECv20191114,10025676,nan,FALSE,FALSE,TRUE,TRUE,TRUE,4/22/84
10.429,46.425,2001,10,1,6,36,23.68,4.1,5,EMECv20191114,10040296,5,TRUE,TRUE,TRUE,TRUE,TRUE,10/1/01
13.683,38.381,2002,9,8,22,21,27.03,4.1,5,EMECv20191114,10041218,5,FALSE,FALSE,FALSE,FALSE,FALSE,9/8/02
13.734,38.422,2002,9,9,9,28,32.99,4.1,5,EMECv20191114,10041223,5,FALSE,FALSE,FALSE,FALSE,FALSE,9/9/02
13.84,37.696,2006,3,29,20,19,59.74,4.1,5,EMECv20191114,10046772,5,TRUE,TRUE,TRUE,TRUE,FALSE,3/29/06
20.09,41.25,2014,4,19,13,33,32,4.1,5,EMECv20191114,10060536,5,FALSE,TRUE,TRUE,FALSE,FALSE,4/19/14
8.021,45.554,1881,3,2,0,10,0,4.11,5,SERA_histv1.1,10004568,nan,TRUE,TRUE,TRUE,TRUE,TRUE,1881-03-02
20.64,40.21,2001,9,9,2,18,56.3,4.11,5,EMECv20191114,10040219,5,FALSE,FALSE,TRUE,FALSE,FALSE,9/9/01
17.37,42.68,2005,7,3,23,44,42,4.13,5,EMECv20191114,10045446,5,TRUE,TRUE,TRUE,TRUE,FALSE,7/3/05
15.959,41.706,1656,10,17,0,0,0,4.14,5,SERA_histv1.1,10001243,nan,TRUE,TRUE,TRUE,TRUE,TRUE,1656-10-17
10.948,44.851,2012,5,20,2,20,56.52,4.14,5,EMECv20191114,10057843,5,FALSE,FALSE,TRUE,TRUE,FALSE,5/20/12
7.502,45.416,1900,8,16,21,0,0,4.16,5,EMECv20191114,10005764,nan,TRUE,TRUE,TRUE,TRUE,TRUE,8/16/00
13.193,38.709,1910,2,17,13,27,0,4.16,5,EMECv20191114,10007118,nan,FALSE,FALSE,TRUE,TRUE,TRUE,2/17/10
20.022,39.097,2005,4,30,19,0,41.88,4.18,5,EMECv20191114,10045011,5,FALSE,FALSE,TRUE,FALSE,FALSE,4/30/05
13.542,43.173,1995,12,30,15,22,8.73,4.19,5,EMECv20191114,10033020,5,FALSE,FALSE,TRUE,TRUE,TRUE,12/30/95
12.218,46.139,1401,6,29,9,0,0,4.2,5,SERA_histv1.1,10000319,nan,TRUE,TRUE,TRUE,TRUE,TRUE,1401-06-29
12.218,46.139,1404,2,1,21,0,0,4.2,5,SERA_histv1.1,10000326,nan,TRUE,TRUE,TRUE,TRUE,TRUE,1404-02-01
11.606,43.058,1781,1,6,15,0,0,4.2,5,SERA_histv1.1,10002416,nan,TRUE,TRUE,TRUE,TRUE,TRUE,1781-01-06
12.965,40.892,1781,1,11,1,11,0,4.2,5,SERA_histv1.1,10002417,nan,TRUE,TRUE,TRUE,TRUE,TRUE,1781-01-11
16.635,39.574,1836,6,19,3,15,0,4.2,5,SERA_histv1.1,10003238,nan,TRUE,TRUE,TRUE,TRUE,TRUE,1836-06-19
14.361,37.928,1880,12,1,10,0,0,4.2,5,SERA_histv1.1,10004550,nan,TRUE,TRUE,TRUE,TRUE,TRUE,1880-12-01
13.088,42.931,1884,8,15,0,0,0,4.2,5,SERA_histv1.1,10004718,nan,TRUE,TRUE,TRUE,TRUE,TRUE,1884-08-15
17.775,42.919,1984,5,13,22,48,11.3,4.2,5,EMECv20191114,10025728,5,FALSE,FALSE,TRUE,TRUE,FALSE,5/13/84
9.985,46.775,1886,9,29,17,25,0,4.21,5,SERA_histv1.1,10004839,nan,TRUE,TRUE,TRUE,TRUE,TRUE,1886-09-29
13.867,41.697,1973,10,30,1,14,3.05,4.21,5,EMECv20191114,10020114,nan,FALSE,FALSE,TRUE,TRUE,TRUE,10/30/73
7.326,45.349,1938,12,23,17,37,47,4.22,5,EMECv20191114,10011483,nan,TRUE,TRUE,TRUE,TRUE,TRUE,12/23/38
14.28,47.2,1910,3,24,14,37,0,4.23,5,EMECv20191114,10007133,5,TRUE,TRUE,TRUE,TRUE,TRUE,3/24/10
13.968,41.446,1916,6,4,0,46,0,4.24,5,EMECv20191114,10008160,nan,FALSE,TRUE,TRUE,TRUE,FALSE,6/4/16
13.141,42.384,1906,7,1,0,50,0,4.29,5,EMECv20191114,10006527,nan,TRUE,TRUE,TRUE,TRUE,TRUE,7/1/06
18.111,42.641,1430,10,28,0,0,0,4.3,5,SERA_histv1.1,10000379,nan,TRUE,TRUE,TRUE,TRUE,TRUE,1430-10-28
14.957,38.442,1771,2,17,19,0,0,4.3,5,SERA_histv1.1,10002242,nan,TRUE,TRUE,TRUE,TRUE,TRUE,1771-02-17
6.333,45.883,1884,11,29,0,20,0,4.3,5,SERA_histv1.1,10004724,nan,TRUE,TRUE,TRUE,TRUE,TRUE,1884-11-29
13.3,45.3,1931,8,29,15,56,49,4.3,5,EMECv20191114,10010577,5,TRUE,TRUE,TRUE,TRUE,FALSE,8/29/31
18.2,42.99,1939,8,22,12,48,59,4.3,5,EMECv20191114,10011566,5,TRUE,TRUE,TRUE,TRUE,TRUE,8/22/39
19.02,42.03,1979,4,19,5,42,50,4.3,5,EMECv20191114,10022520,5,FALSE,FALSE,FALSE,FALSE,FALSE,4/19/79
19.931,41.2812,2005,9,17,18,43,53.4,4.3,5,EMECv20191114,10045757,5,FALSE,TRUE,TRUE,FALSE,FALSE,9/17/05
20.2051,41.5791,2007,8,8,18,18,10.7,4.3,5,EMECv20191114,10049567,5,FALSE,TRUE,TRUE,FALSE,FALSE,8/8/07
11.383,42.979,1904,9,7,11,30,0,4.31,5,EMECv20191114,10006265,nan,TRUE,TRUE,TRUE,TRUE,TRUE,9/7/04
11.176,45.56,1908,2,3,13,36,26,4.32,5,EMECv20191114,10006741,nan,TRUE,TRUE,TRUE,TRUE,TRUE,2/3/08
7.752,44.517,1549,5,13,8,30,0,4.35,5,SERA_histv1.1,10000701,nan,TRUE,TRUE,TRUE,TRUE,TRUE,1549-05-13
6.305,45.236,1839,3,26,0,0,0,4.35,5,SERA_histv1.1,10003293,nan,TRUE,TRUE,TRUE,TRUE,TRUE,1839-03-26
14.027,38.238,1980,6,5,13,37,6.63,4.36,5,EMECv20191114,10023137,nan,FALSE,FALSE,TRUE,TRUE,TRUE,6/5/80
14.398,37.747,1822,4,6,0,0,0,4.37,5,SERA_histv1.1,10002979,nan,TRUE,TRUE,TRUE,TRUE,TRUE,1822-04-06
15.727,41.815,1900,12,23,22,30,0,4.37,5,EMECv20191114,10005787,nan,TRUE,TRUE,TRUE,TRUE,TRUE,12/23/00
15.02,41.097,1977,7,24,9,55,29,4.37,5,EMECv20191114,10021755,nan,TRUE,TRUE,TRUE,TRUE,TRUE,7/24/77
19.856,40.0986,2003,12,25,6,50,13.4,4.39,5,EMECv20191114,10042966,5,TRUE,TRUE,TRUE,TRUE,FALSE,12/25/03
14.581,38.56,1908,6,30,5,44,0,4.4,5,EMECv20191114,10006811,nan,TRUE,TRUE,TRUE,TRUE,TRUE,6/30/08
14.2,45.8,1915,3,15,21,55,38,4.4,5,EMECv20191114,10007932,nan,TRUE,TRUE,TRUE,TRUE,TRUE,3/15/15
14.63,45.15,1939,2,5,22,0,15,4.4,5,EMECv20191114,10011498,5,FALSE,FALSE,TRUE,TRUE,TRUE,2/5/39
11.121,45.419,1963,3,4,22,30,0,4.41,5,EMECv20191114,10015653,nan,TRUE,TRUE,TRUE,TRUE,TRUE,3/4/63
15.684,40.701,2004,9,3,0,4,12.75,4.41,5,EMECv20191114,10044010,5,TRUE,TRUE,TRUE,TRUE,FALSE,9/3/04
12.87,46.25,1976,5,18,1,30,8,4.42,5,EMECv20191114,10021205,nan,FALSE,FALSE,FALSE,FALSE,FALSE,5/18/76
11.546,45.548,1242,10,24,0,0,0,4.43,5,SERA_histv1.1,10000118,nan,TRUE,TRUE,TRUE,TRUE,TRUE,1242-10-24
10.631,44.698,1547,3,24,0,0,0,4.43,5,SERA_histv1.1,10000694,nan,TRUE,TRUE,TRUE,TRUE,TRUE,1547-03-24
8.48,44.307,1547,7,31,0,0,0,4.43,5,SERA_histv1.1,10000695,nan,TRUE,TRUE,TRUE,TRUE,TRUE,1547-07-31
10.504,44.814,1653,4,19,4,15,0,4.43,5,SERA_histv1.1,10001222,nan,TRUE,TRUE,TRUE,TRUE,TRUE,1653-04-19
15.024,36.966,1696,4,20,12,0,0,4.43,5,SERA_histv1.1,10001500,nan,TRUE,TRUE,TRUE,TRUE,TRUE,1696-04-20
15.545,41.462,1739,2,12,21,30,0,4.43,5,SERA_histv1.1,10001843,nan,TRUE,TRUE,TRUE,TRUE,TRUE,1739-02-12
14.228,41.592,1825,10,27,10,0,0,4.43,5,SERA_histv1.1,10003032,nan,TRUE,TRUE,TRUE,TRUE,TRUE,1825-10-27
10.776,44.147,1924,6,12,21,3,48,4.46,5,EMECv20191114,10009339,nan,TRUE,TRUE,TRUE,TRUE,TRUE,6/12/24
10.125,44.277,1986,10,1,19,53,39.71,4.46,5,EMECv20191114,10026914,5,TRUE,TRUE,TRUE,TRUE,TRUE,10/1/86
19.31,40.23,2006,5,10,0,44,33,4.46,5,EMECv20191114,10047015,5,FALSE,FALSE,TRUE,FALSE,FALSE,5/10/06
13.259,38.453,1910,1,25,8,27,0,4.48,5,EMECv20191114,10007109,nan,TRUE,TRUE,TRUE,TRUE,TRUE,1/25/10
7.563,44.923,1901,5,25,3,59,20,4.5,5,EMECv20191114,10005846,nan,FALSE,TRUE,TRUE,TRUE,TRUE,5/25/01
15.2,45.9,1912,6,20,1,50,0,4.5,5,EMECv20191114,10007540,nan,FALSE,FALSE,TRUE,TRUE,TRUE,6/20/12
20.0853,39.9467,1985,5,21,23,27,1.56,4.5,5,EMECv20191114,10026194,5,TRUE,TRUE,TRUE,TRUE,FALSE,5/21/85
19.6285,40.6556,1991,3,5,6,59,8.68,4.5,5,EMECv20191114,10029246,5,TRUE,TRUE,TRUE,TRUE,FALSE,3/5/91
19.7019,40.1151,2006,5,8,16,44,5.27,4.5,5,EMECv20191114,10047008,5,FALSE,FALSE,TRUE,FALSE,FALSE,5/8/06
19.7216,40.1377,2006,6,21,14,59,28.08,4.5,5,EMECv20191114,10047192,5,FALSE,FALSE,TRUE,FALSE,FALSE,6/21/06
8.044,45.554,1936,10,17,2,42,0,4.53,5,EMECv20191114,10011277,nan,TRUE,TRUE,TRUE,TRUE,TRUE,10/17/36
12.99,46.3,1976,9,7,11,8,16,4.53,5,EMECv20191114,10021349,5,FALSE,FALSE,TRUE,FALSE,FALSE,9/7/76
14.849,41.64,2003,12,30,5,31,38.26,4.53,5,EMECv20191114,10042978,5,FALSE,TRUE,TRUE,TRUE,FALSE,12/30/03
20.4,41.4,1968,2,24,12,55,3,4.57,5,EMECv20191114,10017450,5,FALSE,FALSE,TRUE,FALSE,FALSE,2/24/68
6.73,46.29,1968,6,27,15,43,0,4.6,5,EMECv20191114,10017620,nan,TRUE,TRUE,TRUE,TRUE,TRUE,6/27/68
19.7259,40.9859,1978,12,1,3,47,57.06,4.6,5,EMECv20191114,10022310,5,FALSE,FALSE,TRUE,TRUE,FALSE,12/1/78
20.8084,40.8436,1983,12,28,8,21,51.67,4.6,5,EMECv20191114,10025493,5,FALSE,FALSE,FALSE,FALSE,FALSE,12/28/83
20.2852,39.6378,1988,1,4,18,51,54.02,4.6,5,EMECv20191114,10027482,5,FALSE,FALSE,TRUE,TRUE,FALSE,1/4/88
19.5579,40.2046,1989,3,8,5,56,43.38,4.6,5,EMECv20191114,10028088,5,FALSE,FALSE,TRUE,TRUE,FALSE,3/8/89
20.3284,41.0908,2005,11,1,19,53,5.49,4.6,5,EMECv20191114,10046117,5,TRUE,TRUE,TRUE,FALSE,FALSE,11/1/05
15.336,40.793,1980,11,25,14,57,54.2,4.61,5,EMECv20191114,10023432,nan,FALSE,FALSE,FALSE,FALSE,FALSE,11/25/80
10.481,44.75,1831,7,14,15,30,0,4.62,5,SERA_histv1.1,10003148,nan,TRUE,TRUE,TRUE,TRUE,TRUE,1831-07-14
8.137,44.138,1970,12,31,22,4,46,4.62,5,EMECv20191114,10019046,nan,TRUE,TRUE,TRUE,TRUE,TRUE,12/31/70
12.936,42.725,1897,1,19,19,20,0,4.63,5,SERA_histv1.1,10005421,nan,TRUE,TRUE,TRUE,TRUE,TRUE,1897-01-19
12.466,42.778,1597,3,5,0,0,0,4.65,5,SERA_histv1.1,10000905,nan,TRUE,TRUE,TRUE,TRUE,TRUE,1597-03-05
14.761,36.858,1693,5,12,13,20,0,4.65,5,SERA_histv1.1,10001469,nan,TRUE,TRUE,TRUE,TRUE,TRUE,1693-05-12
12.737,42.736,1853,9,22,0,0,0,4.65,5,SERA_histv1.1,10003605,nan,TRUE,TRUE,TRUE,TRUE,TRUE,1853-09-22
14.586,41.545,1885,12,26,2,0,0,4.65,5,SERA_histv1.1,10004802,nan,TRUE,TRUE,TRUE,TRUE,TRUE,1885-12-26
19.4816,40.7768,1982,11,19,16,14,42.7,4.7,5,EMECv20191114,10024650,5,FALSE,FALSE,TRUE,TRUE,FALSE,11/19/82
19.6633,40.1602,2006,9,1,21,50,40.22,4.7,5,EMECv20191114,10047520,5,FALSE,FALSE,FALSE,FALSE,FALSE,9/1/06
15.083,45.783,1948,9,25,7,37,29,4.71,5,EMECv20191114,10012669,nan,TRUE,TRUE,TRUE,TRUE,TRUE,9/25/48
10.802,45.741,1868,2,20,19,45,0,4.74,5,SERA_histv1.1,10004091,nan,TRUE,TRUE,TRUE,TRUE,TRUE,1868-02-20
13.307,46.457,1937,1,5,20,58,15,4.76,5,EMECv20191114,10011299,nan,TRUE,TRUE,TRUE,TRUE,TRUE,1/5/37
20.083,41.0742,2006,6,15,23,36,42.22,4.8,5,EMECv20191114,10047166,5,TRUE,TRUE,TRUE,FALSE,FALSE,6/15/06
7.547,44.389,1550,2,28,16,0,0,4.82,5,SERA_histv1.1,10000705,nan,TRUE,TRUE,TRUE,TRUE,TRUE,1550-02-28
11.349,43.331,1859,4,12,13,3,0,4.82,5,SERA_histv1.1,10003865,nan,TRUE,TRUE,TRUE,TRUE,TRUE,1859-04-12
16.129,38.678,1735,9,6,0,0,0,4.83,5,SERA_histv1.1,10001814,nan,TRUE,TRUE,TRUE,TRUE,TRUE,1735-09-06
14.694,37.075,1895,4,13,15,1,0,4.84,5,SERA_histv1.1,10005263,nan,TRUE,TRUE,TRUE,TRUE,TRUE,1895-04-13
12.385,46.214,1890,3,26,20,10,0,4.85,5,SERA_histv1.1,10004996,nan,TRUE,TRUE,TRUE,TRUE,TRUE,1890-03-26
19.89,40.03,1988,3,26,20,35,42,4.87,5,EMECv20191114,10027583,5,TRUE,TRUE,TRUE,TRUE,FALSE,3/26/88
11.332,43.318,1436,3,1,0,0,0,4.88,5,SERA_histv1.1,10000384,nan,TRUE,TRUE,TRUE,TRUE,TRUE,1436-03-01
11.332,43.318,1467,9,3,0,0,0,4.88,5,SERA_histv1.1,10000434,nan,TRUE,TRUE,TRUE,TRUE,TRUE,1467-09-03
12.091,43.62,1559,4,11,20,0,0,4.88,5,SERA_histv1.1,10000732,nan,TRUE,TRUE,TRUE,TRUE,TRUE,1559-04-11
15.08,45.75,1921,1,5,0,20,0,4.9,5,EMECv20191114,10008835,nan,TRUE,TRUE,TRUE,TRUE,FALSE,1/5/21
14.6,45.3,1904,9,16,5,37,11,4.91,5,EMECv20191114,10006269,5,TRUE,TRUE,TRUE,TRUE,TRUE,9/16/04
7.76,44.173,1919,11,28,21,38,0,4.92,5,EMECv20191114,10008673,nan,TRUE,TRUE,TRUE,TRUE,TRUE,11/28/19
11.12,44.878,2012,5,20,2,6,12.05,4.95,5,EMECv20191114,10057837,5,FALSE,FALSE,FALSE,FALSE,FALSE,5/20/12
12.805,42.532,1949,10,27,19,8,0,4.98,5,EMECv20191114,10012812,nan,FALSE,TRUE,TRUE,TRUE,TRUE,10/27/49
13.457,38.549,1998,9,14,5,24,47.08,5,5,EMECv20191114,10036659,5,TRUE,TRUE,TRUE,TRUE,TRUE,9/14/98
13.283,42.758,1941,12,19,0,0,0,5.02,5,EMECv20191114,10011895,nan,TRUE,TRUE,TRUE,TRUE,TRUE,12/19/41
15.677,41.689,1975,6,19,10,11,0,5.02,5,EMECv20191114,10020792,nan,TRUE,TRUE,TRUE,TRUE,TRUE,6/19/75
10.799,44.595,1923,6,28,15,12,0,5.04,5,EMECv20191114,10009179,nan,TRUE,TRUE,TRUE,TRUE,TRUE,6/28/23
12.127,43.598,1948,6,13,6,33,36,5.04,5,EMECv20191114,10012617,nan,TRUE,TRUE,TRUE,TRUE,TRUE,6/13/48
15.268,40.811,1980,11,24,0,23,59.21,5.04,5,EMECv20191114,10023420,nan,FALSE,FALSE,FALSE,FALSE,FALSE,11/24/80
19.5,40.5,1917,8,19,4,32,13,5.07,5,EMECv20191114,10008364,nan,TRUE,TRUE,TRUE,FALSE,FALSE,8/19/17
14.748,38.565,1939,1,27,20,10,13,5.1,5,EMECv20191114,10011494,nan,TRUE,TRUE,TRUE,TRUE,TRUE,1/27/39
15.899,38.675,1687,10,2,0,0,0,5.11,5,SERA_histv1.1,10001406,nan,TRUE,TRUE,TRUE,TRUE,TRUE,1687-10-02
12.604,43.18,1973,12,30,6,30,35,5.11,5,EMECv20191114,10020175,nan,FALSE,FALSE,TRUE,TRUE,TRUE,12/30/73
10.356,43.635,1814,4,3,0,0,0,5.13,5,SERA_histv1.1,10002868,nan,TRUE,TRUE,TRUE,TRUE,TRUE,1814-04-03
10.728,44.572,1811,7,15,22,44,0,5.15,5,SERA_histv1.1,10002827,nan,TRUE,TRUE,TRUE,TRUE,TRUE,1811-07-15
11.97,44.25,1813,9,21,7,45,0,5.28,5,SERA_histv1.1,10002859,nan,TRUE,TRUE,TRUE,TRUE,TRUE,1813-09-21
7.316,44.846,1808,4,16,1,15,0,5.3,5,SERA_histv1.1,10002787,nan,TRUE,TRUE,TRUE,TRUE,TRUE,1808-04-16
14.28,45.55,1956,1,31,2,25,29,5.3,5,EMECv20191114,10014098,nan,TRUE,TRUE,TRUE,TRUE,TRUE,1/31/56
13.191,46.465,1908,7,10,2,13,35,5.31,5,EMECv20191114,10006815,nan,TRUE,TRUE,TRUE,TRUE,TRUE,7/10/08
14.082,37.813,1818,9,8,9,50,0,5.32,5,SERA_histv1.1,10002936,nan,TRUE,TRUE,TRUE,TRUE,TRUE,1818-09-08
14.413,37.862,1967,10,31,21,8,7,5.33,5,EMECv20191114,10017255,nan,TRUE,TRUE,TRUE,TRUE,TRUE,10/31/67
14.708,42.117,1822,3,16,0,0,0,5.34,5,SERA_histv1.1,10002978,nan,TRUE,TRUE,TRUE,TRUE,TRUE,1822-03-16
15.601,38.147,1909,7,1,6,24,0,5.49,5,EMECv20191114,10007003,nan,FALSE,FALSE,TRUE,TRUE,TRUE,7/1/09
6.1,45.444,1881,7,22,2,45,0,5.51,5,SERA_histv1.1,10004590,nan,TRUE,TRUE,TRUE,TRUE,TRUE,1881-07-22
12.589,46.027,1812,10,25,7,0,0,5.64,5,SERA_histv1.1,10002849,nan,TRUE,TRUE,TRUE,TRUE,TRUE,1812-10-25
9.047,44.821,1828,10,9,2,20,0,5.73,5,SERA_histv1.1,10003079,nan,TRUE,TRUE,TRUE,TRUE,TRUE,1828-10-09
13.917,41.377,1120,3,25,0,0,0,5.8,5,SERA_histv1.1,10000053,nan,TRUE,TRUE,TRUE,TRUE,TRUE,1120-03-25
16.18,41.882,1414,1,1,0,0,0,5.8,5,SERA_histv1.1,10000342,nan,TRUE,TRUE,TRUE,TRUE,TRUE,1414-01-01
19.8,41.3,1816,1,1,0,0,0,5.89,5,SERA_histv1.1,10002898,nan,TRUE,TRUE,TRUE,TRUE,TRUE,1816-01-01
19.5,40.5,1866,3,2,10,0,0,5.89,5,SERA_histv1.1,10004037,nan,TRUE,TRUE,TRUE,TRUE,TRUE,1866-03-02
15.776,40.142,1836,11,20,7,30,0,5.9,5,SERA_histv1.1,10003250,nan,TRUE,TRUE,TRUE,TRUE,TRUE,1836-11-20
20,40.7,1851,12,29,16,0,0,6.07,5,SERA_histv1.1,10003545,nan,TRUE,TRUE,TRUE,TRUE,TRUE,1851-12-29
19.5,40.5,1866,3,6,0,0,0,6.07,5,SERA_histv1.1,10004041,nan,TRUE,TRUE,TRUE,TRUE,TRUE,1866-03-06
19.7,40.1,1859,9,12,15,6,0,6.24,5,SERA_histv1.1,10003875,nan,TRUE,TRUE,TRUE,TRUE,TRUE,1859-09-12
19.5,40.5,1866,2,28,0,0,0,6.24,5,SERA_histv1.1,10004036,nan,TRUE,TRUE,TRUE,TRUE,TRUE,1866-02-28
11.093,44.908,1901,1,20,6,30,0,3.68,4.9,EMECv20191114,10005798,nan,FALSE,FALSE,FALSE,FALSE,FALSE,1/20/01
14.5,46.133,1901,7,12,14,10,0,3.69,4.9,EMECv20191114,10005854,4.9,FALSE,TRUE,TRUE,TRUE,TRUE,7/12/01
14.837,45.102,1986,3,27,7,43,8.9,3.72,4.9,EMECv20191114,10026602,4.9,TRUE,TRUE,TRUE,TRUE,TRUE,3/27/86
11.258,44.952,2001,12,1,16,39,26.32,4.1,4.9,EMECv20191114,10040451,4.9,TRUE,TRUE,TRUE,TRUE,TRUE,12/1/01
12.411,43.225,1997,9,26,4,44,32.95,4.16,4.9,EMECv20191114,10035532,4.9,FALSE,FALSE,TRUE,TRUE,TRUE,9/26/97
12.577,43.351,1471,3,1,0,0,0,4.2,4.9,SERA_histv1.1,10000441,nan,TRUE,TRUE,TRUE,TRUE,TRUE,1471-03-01
11.115,44.89,2012,5,20,2,21,50.49,4.24,4.9,EMECv20191114,10057844,4.9,FALSE,FALSE,FALSE,FALSE,FALSE,5/20/12
13.83,46.25,1942,4,12,0,1,52,4.4,4.9,EMECv20191114,10011915,nan,TRUE,TRUE,TRUE,TRUE,TRUE,4/12/42
11.34,44.833,2012,5,20,2,9,48.35,4.42,4.9,EMECv20191114,10057840,4.9,FALSE,FALSE,FALSE,FALSE,FALSE,5/20/12
13.918,41.932,1904,11,2,15,32,5,4.54,4.9,EMECv20191114,10006281,nan,FALSE,TRUE,TRUE,TRUE,TRUE,11/2/04
11.223,44.469,1929,4,22,14,19,0,4.61,4.9,EMECv20191114,10010174,nan,FALSE,FALSE,FALSE,FALSE,FALSE,4/22/29
13,46.417,1841,10,6,3,0,0,4.63,4.9,SERA_histv1.1,10003342,nan,TRUE,TRUE,TRUE,TRUE,TRUE,1841-10-06
11.415,44.416,1881,1,25,7,6,0,4.64,4.9,SERA_histv1.1,10004558,nan,TRUE,TRUE,TRUE,TRUE,TRUE,1881-01-25
11.343,44.494,1433,5,4,8,5,0,4.65,4.9,SERA_histv1.1,10000383,nan,TRUE,TRUE,TRUE,TRUE,TRUE,1433-05-04
13.443,43.182,1795,6,19,23,30,0,4.72,4.9,SERA_histv1.1,10002618,nan,TRUE,TRUE,TRUE,TRUE,TRUE,1795-06-19
13.399,42.351,1786,7,31,0,0,0,4.9,4.9,SERA_histv1.1,10002524,nan,TRUE,TRUE,TRUE,TRUE,TRUE,1786-07-31
12.967,42.8,1980,2,28,21,4,40,4.97,4.9,EMECv20191114,10023014,nan,FALSE,FALSE,TRUE,TRUE,TRUE,2/28/80
14.183,42.067,1933,11,23,1,12,46,5.06,4.9,EMECv20191114,10010908,nan,FALSE,FALSE,TRUE,TRUE,TRUE,11/23/33
15,45.9,1871,12,2,0,0,0,5.14,4.9,SERA_histv1.1,10004228,4.9,TRUE,TRUE,TRUE,TRUE,TRUE,1871-12-02
10.258,44.658,1898,3,4,21,5,0,5.35,4.9,SERA_histv1.1,10005569,nan,TRUE,TRUE,TRUE,TRUE,TRUE,1898-03-04
11.632,44.824,1570,11,17,19,10,0,5.43,4.9,SERA_histv1.1,10000774,nan,TRUE,TRUE,TRUE,TRUE,TRUE,1570-11-17
11.848,44.642,1624,3,19,0,0,0,5.43,4.9,SERA_histv1.1,10001035,nan,TRUE,TRUE,TRUE,TRUE,TRUE,1624-03-19
11.919,44.13,1279,4,30,0,0,0,5.53,4.9,SERA_histv1.1,10000144,nan,TRUE,TRUE,TRUE,TRUE,TRUE,1279-04-30
13.586,43.55,1690,12,23,0,20,0,5.55,4.9,SERA_histv1.1,10001445,nan,TRUE,TRUE,TRUE,TRUE,TRUE,1690-12-23
9.616,44.608,1985,7,21,6,16,44.76,3.67,4.8,EMECv20191114,10026271,4.8,FALSE,FALSE,TRUE,TRUE,TRUE,7/21/85
12.756,42.744,2006,1,5,17,30,39.21,3.67,4.8,EMECv20191114,10046370,4.8,FALSE,FALSE,TRUE,TRUE,FALSE,1/5/06
15.807,41.599,1864,4,5,19,30,0,3.74,4.8,SERA_histv1.1,10003992,nan,TRUE,TRUE,TRUE,TRUE,TRUE,1864-04-05
13.972,42.279,1900,1,29,4,22,0,4.08,4.8,EMECv20191114,10005715,nan,TRUE,TRUE,TRUE,TRUE,TRUE,1/29/00
12.845,43.037,1997,10,7,1,24,34.51,4.17,4.8,EMECv20191114,10035588,4.8,FALSE,FALSE,FALSE,FALSE,FALSE,10/7/97
11.962,43.76,1969,8,9,9,20,57,4.2,4.8,EMECv20191114,10018178,nan,TRUE,TRUE,TRUE,TRUE,TRUE,8/9/69
12.752,42.894,1965,5,29,13,39,46,4.32,4.8,EMECv20191114,10016275,nan,FALSE,FALSE,TRUE,TRUE,TRUE,5/29/65
11.343,44.494,1505,5,15,0,0,0,4.43,4.8,SERA_histv1.1,10000535,nan,TRUE,TRUE,TRUE,TRUE,TRUE,1505-05-15
11.909,44.279,1968,1,11,17,8,9,4.44,4.8,EMECv20191114,10017348,nan,FALSE,FALSE,TRUE,TRUE,TRUE,1/11/68
14.5,46.18,1899,1,18,20,48,0,4.51,4.8,SERA_histv1.1,10005628,4.8,TRUE,TRUE,TRUE,TRUE,TRUE,1899-01-18
10.926,44.647,1775,1,4,18,0,0,4.52,4.8,SERA_histv1.1,10002311,nan,TRUE,TRUE,TRUE,TRUE,TRUE,1775-01-04
15.306,43.112,2003,3,30,11,9,59.12,4.62,4.8,EMECv20191114,10041837,4.8,FALSE,FALSE,FALSE,FALSE,FALSE,3/30/03
15.855,40.731,1990,5,5,7,21,17.24,4.68,4.8,EMECv20191114,10028791,4.8,FALSE,FALSE,TRUE,TRUE,FALSE,5/5/90
12.546,43.309,1726,9,23,0,0,0,4.82,4.8,SERA_histv1.1,10001738,nan,TRUE,TRUE,TRUE,TRUE,TRUE,1726-09-23
9.997,44.109,1995,10,10,6,54,21.72,4.82,4.8,EMECv20191114,10032602,4.8,TRUE,TRUE,TRUE,TRUE,TRUE,10/10/95
13.473,43.555,1870,2,8,0,0,0,5.14,4.8,SERA_histv1.1,10004175,nan,TRUE,TRUE,TRUE,TRUE,TRUE,1870-02-08
12.884,42.877,1838,8,5,17,15,0,5.16,4.8,SERA_histv1.1,10003279,nan,TRUE,TRUE,TRUE,TRUE,TRUE,1838-08-05
12.706,42.751,1962,10,20,9,27,0,5.34,4.8,EMECv20191114,10015593,nan,TRUE,TRUE,TRUE,TRUE,TRUE,10/20/62
12.853,42.507,1948,12,31,3,32,0,5.42,4.8,EMECv20191114,10012697,nan,TRUE,TRUE,TRUE,TRUE,TRUE,12/31/48
12.751,42.821,1767,6,5,1,30,0,5.45,4.8,SERA_histv1.1,10002191,nan,TRUE,TRUE,TRUE,TRUE,TRUE,1767-06-05
17.4,42.997,1973,5,1,5,44,22.3,3.53,4.7,EMECv20191114,10019946,4.7,FALSE,TRUE,TRUE,TRUE,TRUE,5/1/73
15.133,45.817,1908,3,28,6,30,0,3.54,4.7,EMECv20191114,10006764,4.7,FALSE,TRUE,TRUE,TRUE,TRUE,3/28/08
13.421,42.932,1991,11,12,21,45,55.05,3.54,4.7,EMECv20191114,10029758,4.7,TRUE,TRUE,TRUE,TRUE,FALSE,11/12/91
13.78,43.328,2010,10,20,3,58,52.54,3.57,4.7,EMECv20191114,10055360,4.7,TRUE,TRUE,TRUE,TRUE,FALSE,10/20/10
14.24,46.06,1978,11,2,1,56,39.5,3.73,4.7,EMECv20191114,10022282,4.7,FALSE,TRUE,TRUE,TRUE,FALSE,11/2/78
13.6,45.92,1898,1,14,19,35,0,3.87,4.7,SERA_histv1.1,10005550,4.7,TRUE,TRUE,TRUE,TRUE,TRUE,1898-01-14
15.03,45.87,1898,2,12,17,30,0,3.87,4.7,SERA_histv1.1,10005560,4.7,TRUE,TRUE,TRUE,TRUE,TRUE,1898-02-12
15.23,45.55,1898,11,12,21,15,0,3.87,4.7,SERA_histv1.1,10005611,4.7,TRUE,TRUE,TRUE,TRUE,TRUE,1898-11-12
14.83,46.17,1898,12,2,22,30,0,3.87,4.7,SERA_histv1.1,10005620,4.7,TRUE,TRUE,TRUE,TRUE,TRUE,1898-12-02
13.93,41.678,1984,5,7,18,56,25.15,3.87,4.7,EMECv20191114,10025706,4.7,FALSE,FALSE,FALSE,FALSE,FALSE,5/7/84
10.699,44.853,1996,10,26,4,56,54.1,3.94,4.7,EMECv20191114,10034439,nan,FALSE,FALSE,TRUE,TRUE,TRUE,10/26/96
12.964,42.826,1997,11,10,22,22,34.23,4,4.7,EMECv20191114,10035719,4.7,FALSE,FALSE,TRUE,FALSE,FALSE,11/10/97
18.606,39.22,1976,11,8,18,8,40.52,4.07,4.7,EMECv20191114,10021416,4.7,TRUE,TRUE,TRUE,TRUE,FALSE,11/8/76
11.16,44.88,2012,5,27,18,18,45,4.11,4.7,EMECv20191114,10057914,4.7,FALSE,FALSE,FALSE,FALSE,FALSE,5/27/12
10.061,44.866,1586,1,12,0,0,0,4.2,4.7,SERA_histv1.1,10000855,nan,TRUE,TRUE,TRUE,TRUE,TRUE,1586-01-12
13.501,41.848,1929,1,14,4,1,0,4.42,4.7,EMECv20191114,10010128,nan,TRUE,TRUE,TRUE,TRUE,TRUE,1/14/29
12.142,44.18,1844,3,10,17,15,0,4.43,4.7,SERA_histv1.1,10003393,nan,TRUE,TRUE,TRUE,TRUE,TRUE,1844-03-10
9.762,44.499,1976,8,22,2,49,13,4.54,4.7,EMECv20191114,10021331,nan,TRUE,TRUE,TRUE,TRUE,TRUE,8/22/76
11.821,44.657,1898,3,9,11,43,0,4.6,4.7,SERA_histv1.1,10005571,nan,TRUE,TRUE,TRUE,TRUE,TRUE,1898-03-09
11.349,44.401,1881,1,24,16,14,0,5.19,4.7,SERA_histv1.1,10004557,nan,TRUE,TRUE,TRUE,TRUE,TRUE,1881-01-24
13.104,46.259,1931,12,25,11,41,0,5.25,4.7,EMECv20191114,10010632,nan,TRUE,TRUE,TRUE,TRUE,FALSE,12/25/31
17.51,42.738,1995,7,16,3,15,3.6,3.53,4.6,EMECv20191114,10032309,4.6,FALSE,FALSE,TRUE,TRUE,FALSE,7/16/95
13.237,43.714,2009,12,12,18,51,20.95,3.57,4.6,EMECv20191114,10054270,4.6,FALSE,TRUE,TRUE,TRUE,FALSE,12/12/09
10.296,44.32,1963,10,5,11,57,39,3.7,4.6,EMECv20191114,10015778,nan,TRUE,TRUE,TRUE,TRUE,TRUE,10/5/63
13.014,42.845,1998,2,16,13,45,19,3.75,4.6,EMECv20191114,10036127,4.6,FALSE,FALSE,TRUE,FALSE,FALSE,2/16/98
14.83,46.07,1898,8,22,2,57,0,4.09,4.6,SERA_histv1.1,10005597,4.6,TRUE,TRUE,TRUE,TRUE,TRUE,1898-08-22
11.881,44.288,1887,9,30,15,55,0,4.17,4.6,SERA_histv1.1,10004888,nan,TRUE,TRUE,TRUE,TRUE,TRUE,1887-09-30
13.399,42.351,1848,6,9,23,15,0,4.2,4.6,SERA_histv1.1,10003468,nan,TRUE,TRUE,TRUE,TRUE,TRUE,1848-06-09
13.22,42.647,1999,10,10,15,35,51.91,4.21,4.6,EMECv20191114,10037931,4.6,TRUE,TRUE,TRUE,TRUE,TRUE,10/10/99
11.767,43.723,1787,12,26,0,0,0,4.43,4.6,SERA_histv1.1,10002546,nan,TRUE,TRUE,TRUE,TRUE,TRUE,1787-12-26
13.483,43.46,1805,5,9,1,0,0,4.43,4.6,SERA_histv1.1,10002739,nan,TRUE,TRUE,TRUE,TRUE,TRUE,1805-05-09
9.63,44.605,1985,8,15,18,58,3.78,4.51,4.6,EMECv20191114,10026303,4.6,TRUE,TRUE,TRUE,TRUE,TRUE,8/15/85
12.917,44.167,1916,8,21,10,22,0,4.57,4.6,EMECv20191114,10008202,nan,FALSE,FALSE,TRUE,TRUE,FALSE,8/21/16
12.239,43.457,1458,5,1,0,35,0,4.65,4.6,SERA_histv1.1,10000417,nan,TRUE,TRUE,TRUE,TRUE,TRUE,1458-05-01
11.544,44.424,1878,3,12,21,36,0,4.89,4.6,SERA_histv1.1,10004432,nan,TRUE,TRUE,TRUE,TRUE,TRUE,1878-03-12
13.076,42.415,1689,7,21,11,0,0,5.11,4.6,SERA_histv1.1,10001427,nan,TRUE,TRUE,TRUE,TRUE,TRUE,1689-07-21
12.737,42.736,1745,3,1,0,0,0,5.11,4.6,SERA_histv1.1,10001902,nan,TRUE,TRUE,TRUE,TRUE,TRUE,1745-03-01
11.942,44.39,1688,4,11,12,20,0,5.83,4.6,SERA_histv1.1,10001410,nan,TRUE,TRUE,TRUE,TRUE,TRUE,1688-04-11
14.881,41.71,2002,11,1,15,42,3.42,3.51,4.5,EMECv20191114,10041422,4.5,FALSE,FALSE,FALSE,FALSE,FALSE,11/1/02
15.472,45.615,1982,12,28,14,4,16.4,3.53,4.5,EMECv20191114,10024692,4.5,TRUE,TRUE,TRUE,TRUE,FALSE,12/28/82
13.5,46.283,1981,7,1,4,51,0,3.64,4.5,EMECv20191114,10023909,4.5,TRUE,TRUE,TRUE,TRUE,TRUE,7/1/81
14.133,46.367,1907,3,15,2,0,0,3.65,4.5,EMECv20191114,10006627,4.5,TRUE,TRUE,TRUE,TRUE,TRUE,3/15/07
12.209,43.864,1896,1,31,22,45,0,3.74,4.5,SERA_histv1.1,10005336,nan,TRUE,TRUE,TRUE,TRUE,TRUE,1896-01-31
12.152,43.762,2006,8,30,10,1,51.42,3.78,4.5,EMECv20191114,10047512,4.5,TRUE,TRUE,TRUE,TRUE,FALSE,8/30/06
17.355,42.88,1995,2,20,7,48,7.4,3.81,4.5,EMECv20191114,10031749,4.5,TRUE,TRUE,TRUE,TRUE,FALSE,2/20/95
14,46,1897,12,21,22,40,0,3.87,4.5,SERA_histv1.1,10005544,4.5,TRUE,TRUE,TRUE,TRUE,TRUE,1897-12-21
14.52,46.1,1899,6,26,4,40,0,3.87,4.5,SERA_histv1.1,10005661,4.5,TRUE,TRUE,TRUE,TRUE,TRUE,1899-06-26
14.25,45.83,1899,11,13,21,0,0,3.87,4.5,SERA_histv1.1,10005696,4.5,TRUE,TRUE,TRUE,TRUE,TRUE,1899-11-13
11.167,44.856,2012,5,27,20,25,42.74,4.03,4.5,EMECv20191114,10057915,4.5,FALSE,FALSE,FALSE,FALSE,FALSE,5/27/12
14.948,41.159,1950,1,1,10,3,0,4.16,4.5,EMECv20191114,10012838,nan,TRUE,TRUE,TRUE,TRUE,TRUE,1/1/50
14.5,46.18,1897,4,4,22,53,0,4.3,4.5,SERA_histv1.1,10005455,4.5,TRUE,TRUE,TRUE,TRUE,TRUE,1897-04-04
13.632,41.793,1922,12,29,12,22,6,5.24,4.5,EMECv20191114,10009113,nan,TRUE,TRUE,TRUE,TRUE,FALSE,12/29/22
14.334,45.502,1870,3,1,19,57,0,5.44,4.5,SERA_histv1.1,10004178,nan,TRUE,TRUE,TRUE,TRUE,TRUE,1870-03-01
15.4,45.6,1645,1,1,0,0,0,5.57,4.5,SERA_histv1.1,10001144,nan,TRUE,TRUE,TRUE,TRUE,TRUE,1645-01-01
10.533,45.676,2008,7,14,3,51,40.87,3.57,4.4,EMECv20191114,10052112,4.4,TRUE,TRUE,TRUE,TRUE,TRUE,7/14/08
14.333,46.117,1915,11,7,2,20,0,3.64,4.4,EMECv20191114,10008085,4.4,TRUE,TRUE,TRUE,TRUE,TRUE,11/7/15
15.1,45.95,1929,7,21,6,13,0,3.64,4.4,EMECv20191114,10010213,4.4,TRUE,TRUE,TRUE,TRUE,TRUE,7/21/29
15.167,46.6,1937,8,17,9,55,0,3.64,4.4,EMECv20191114,10011346,4.4,TRUE,TRUE,TRUE,TRUE,TRUE,8/17/37
14.783,46.083,1963,6,12,19,24,37,3.64,4.4,EMECv20191114,10015711,4.4,FALSE,FALSE,TRUE,TRUE,TRUE,6/12/63
12.992,46.512,1792,10,20,0,0,0,3.74,4.4,SERA_histv1.1,10002593,nan,TRUE,TRUE,TRUE,TRUE,TRUE,1792-10-20
10.142,44.037,1720,1,10,0,0,0,3.97,4.4,SERA_histv1.1,10001686,nan,TRUE,TRUE,TRUE,TRUE,TRUE,1720-01-10
12.218,46.139,1873,11,6,8,30,0,3.97,4.4,SERA_histv1.1,10004292,nan,TRUE,TRUE,TRUE,TRUE,TRUE,1873-11-06
13.113,46.195,1976,5,11,5,31,55.8,4.02,4.4,EMECv20191114,10021188,4.4,FALSE,FALSE,FALSE,FALSE,FALSE,5/11/76
13.202,42.829,2007,3,29,4,37,29.89,4.08,4.4,EMECv20191114,10048441,4.4,FALSE,TRUE,TRUE,TRUE,FALSE,3/29/07
12.033,43.867,2011,5,24,22,3,51.98,4.15,4.4,EMECv20191114,10056058,4.4,TRUE,TRUE,TRUE,TRUE,FALSE,5/24/11
11.054,44.292,1930,10,26,7,14,0,4.21,4.4,EMECv20191114,10010412,nan,FALSE,TRUE,TRUE,TRUE,FALSE,10/26/30
13.838,43.193,1987,7,5,23,54,17.16,4.22,4.4,EMECv20191114,10027252,4.4,FALSE,FALSE,FALSE,FALSE,FALSE,7/5/87
13.8,41.5,1908,8,21,7,24,0,4.4,4.4,EMECv20191114,10006825,nan,TRUE,TRUE,TRUE,TRUE,TRUE,8/21/08
15.505,38.131,1950,12,9,14,45,38,4.4,4.4,EMECv20191114,10012984,nan,FALSE,TRUE,TRUE,TRUE,TRUE,12/9/50
10.818,45.725,1876,4,29,23,0,0,4.43,4.4,SERA_histv1.1,10004361,nan,TRUE,TRUE,TRUE,TRUE,TRUE,1876-04-29
10.72,45.518,1936,6,22,3,44,55,4.46,4.4,EMECv20191114,10011229,nan,TRUE,TRUE,TRUE,TRUE,TRUE,6/22/36
12.287,43.112,1919,2,13,2,20,0,4.64,4.4,EMECv20191114,10008560,nan,TRUE,TRUE,TRUE,TRUE,FALSE,2/13/19
12.767,43.189,1998,4,5,15,52,21.01,4.78,4.4,EMECv20191114,10036265,4.4,FALSE,FALSE,TRUE,FALSE,FALSE,4/5/98
14.043,41.249,1967,10,5,22,49,0,4.86,4.4,EMECv20191114,10017233,nan,TRUE,TRUE,TRUE,TRUE,TRUE,10/5/67
12.521,42.517,1853,12,20,15,0,0,4.88,4.4,SERA_histv1.1,10003610,nan,TRUE,TRUE,TRUE,TRUE,TRUE,1853-12-20
13.75,41.719,1901,7,31,10,38,30,5.16,4.4,EMECv20191114,10005859,nan,TRUE,TRUE,TRUE,TRUE,TRUE,7/31/01
16.157,39.873,1693,1,8,0,0,0,5.26,4.4,SERA_histv1.1,10001460,nan,TRUE,TRUE,TRUE,TRUE,TRUE,1693-01-08
14.448,46.09,1691,2,19,0,0,0,5.35,4.4,SERA_histv1.1,10001447,nan,TRUE,TRUE,TRUE,TRUE,TRUE,1691-02-19
10.979,44.865,2012,5,29,10,55,56.55,5.5,4.4,EMECv20191114,10057951,4.4,FALSE,FALSE,FALSE,FALSE,FALSE,5/29/12
10.239,44.844,1438,6,11,2,0,0,5.56,4.4,SERA_histv1.1,10000387,nan,TRUE,TRUE,TRUE,TRUE,TRUE,1438-06-11
6.8,45.9,1817,1,20,3,0,0,3.5,4.34,SERA_histv1.1,10002904,nan,TRUE,TRUE,TRUE,TRUE,TRUE,1817-01-20
6.933,46.033,1947,8,30,6,47,0,3.6,4.34,EMECv20191114,10012502,nan,TRUE,TRUE,TRUE,TRUE,TRUE,8/30/47
8.999,46.921,1701,12,28,5,0,0,3.79,4.34,SERA_histv1.1,10001554,nan,TRUE,TRUE,TRUE,TRUE,TRUE,1701-12-28
7.852,46.237,1855,12,7,0,0,0,3.79,4.34,SERA_histv1.1,10003722,nan,TRUE,TRUE,TRUE,TRUE,TRUE,1855-12-07
7.852,46.237,1855,12,11,0,0,0,3.79,4.34,SERA_histv1.1,10003725,nan,TRUE,TRUE,TRUE,TRUE,TRUE,1855-12-11
7.852,46.237,1855,12,17,0,0,0,3.79,4.34,SERA_histv1.1,10003729,nan,TRUE,TRUE,TRUE,TRUE,TRUE,1855-12-17
7.317,46.15,1971,11,10,23,59,15,3.9,4.34,EMECv20191114,10019401,nan,TRUE,TRUE,TRUE,TRUE,TRUE,11/10/71
6.889,46.038,2005,9,8,11,27,18.09,4.5,4.34,EMECv20191114,10045726,4.34,TRUE,TRUE,TRUE,TRUE,TRUE,9/8/05
12.245,43.779,1987,7,8,4,29,15.91,3.7,4.3,EMECv20191114,10027257,4.3,FALSE,FALSE,TRUE,TRUE,TRUE,7/8/87
13.379,43.094,2005,4,12,0,31,51.61,3.74,4.3,EMECv20191114,10044946,4.3,TRUE,TRUE,TRUE,TRUE,FALSE,4/12/05
14.02,41.413,1992,3,16,5,45,35.02,3.78,4.3,EMECv20191114,10029922,4.3,TRUE,TRUE,TRUE,TRUE,FALSE,3/16/92
12.888,43.03,1997,9,9,16,54,47.5,3.78,4.3,EMECv20191114,10035483,4.3,FALSE,FALSE,FALSE,FALSE,FALSE,9/9/97
13.42,43.095,1897,10,28,10,40,0,4.16,4.3,SERA_histv1.1,10005512,nan,TRUE,TRUE,TRUE,TRUE,TRUE,1897-10-28
12.741,42.888,1929,5,7,17,6,0,4.16,4.3,EMECv20191114,10010182,nan,TRUE,TRUE,TRUE,TRUE,TRUE,5/7/29
12.702,42.549,1970,5,25,12,56,0,4.35,4.3,EMECv20191114,10018738,nan,FALSE,FALSE,FALSE,FALSE,FALSE,5/25/70
12.844,42.585,1948,12,17,21,18,2,4.4,4.3,EMECv20191114,10012694,nan,FALSE,FALSE,TRUE,TRUE,TRUE,12/17/48
13.312,43.06,1760,1,12,0,0,0,4.43,4.3,SERA_histv1.1,10002111,nan,TRUE,TRUE,TRUE,TRUE,TRUE,1760-01-12
10.602,44.73,1967,4,3,16,36,18,4.44,4.3,EMECv20191114,10016952,nan,TRUE,TRUE,TRUE,TRUE,TRUE,4/3/67
14.63,46.15,1898,9,7,0,45,0,4.51,4.3,SERA_histv1.1,10005600,4.3,TRUE,TRUE,TRUE,TRUE,TRUE,1898-09-07
12.848,42.511,1949,1,4,20,55,0,4.65,4.3,EMECv20191114,10012703,nan,FALSE,FALSE,TRUE,TRUE,TRUE,1/4/49
15.476,40.729,1980,12,3,23,54,22,4.83,4.3,EMECv20191114,10023458,nan,FALSE,FALSE,FALSE,FALSE,FALSE,12/3/80
11.165,44.905,2012,5,20,2,6,26.47,4.95,4.3,EMECv20191114,10057838,4.3,FALSE,FALSE,FALSE,FALSE,FALSE,5/20/12
13.233,46.256,1976,9,11,16,35,2.44,5.6,4.3,EMECv20191114,10021355,4.3,FALSE,FALSE,TRUE,FALSE,FALSE,9/11/76
10.598,43.912,1914,10,27,9,22,0,5.63,4.3,EMECv20191114,10007855,nan,TRUE,TRUE,TRUE,TRUE,TRUE,10/27/14
15.067,46.15,1908,5,21,16,15,0,3.62,4.2,EMECv20191114,10006779,4.2,FALSE,TRUE,TRUE,TRUE,TRUE,5/21/08
11.1305,44.8608,2012,5,29,7,49,27.57,3.78,4.2,EMECv20191114,10057933,4.2,FALSE,FALSE,FALSE,FALSE,FALSE,5/29/12
14.5,46.08,1897,11,12,18,56,0,3.87,4.2,SERA_histv1.1,10005523,4.2,TRUE,TRUE,TRUE,TRUE,TRUE,1897-11-12
13.207,46.294,1976,9,15,19,31,11.23,4.07,4.2,EMECv20191114,10021365,4.2,FALSE,FALSE,FALSE,FALSE,FALSE,9/15/76
12.883,43.035,1997,9,7,23,28,5.79,4.19,4.2,EMECv20191114,10035481,4.2,FALSE,FALSE,TRUE,TRUE,TRUE,9/7/97
10.686,44.146,1922,8,2,21,13,0,4.32,4.2,EMECv20191114,10009049,nan,FALSE,FALSE,TRUE,TRUE,FALSE,8/2/22
14.47,46.08,1897,1,22,22,2,0,4.51,4.2,SERA_histv1.1,10005423,4.2,TRUE,TRUE,TRUE,TRUE,TRUE,1897-01-22
12.727,42.733,1957,7,19,9,4,7,4.58,4.2,EMECv20191114,10014442,nan,TRUE,TRUE,TRUE,TRUE,TRUE,7/19/57
11.762,44.041,1913,7,21,22,35,0,4.79,4.2,EMECv20191114,10007667,nan,TRUE,TRUE,TRUE,TRUE,TRUE,7/21/13
14.9,46.1,1870,3,2,2,0,0,5.14,4.2,SERA_histv1.1,10004180,4.2,TRUE,TRUE,TRUE,TRUE,TRUE,1870-03-02
17.833,42.838,1990,12,18,20,26,39.2,3.53,4.1,EMECv20191114,10029149,4.1,FALSE,TRUE,TRUE,TRUE,FALSE,12/18/90
15.117,46.117,1939,5,28,15,25,0,3.6,4.1,EMECv20191114,10011532,4.1,FALSE,FALSE,TRUE,TRUE,TRUE,5/28/39
15.217,45.583,1939,9,18,13,17,0,3.6,4.1,EMECv20191114,10011571,4.1,TRUE,TRUE,TRUE,TRUE,TRUE,9/18/39
16.858,39.117,2002,4,6,6,38,19.27,3.66,4.1,EMECv20191114,10040807,4.1,FALSE,FALSE,TRUE,TRUE,TRUE,4/6/02
16.959,43.062,1992,1,27,22,16,46.3,3.72,4.1,EMECv20191114,10029846,4.1,FALSE,FALSE,TRUE,TRUE,FALSE,1/27/92
12.209,43.67,1989,7,9,3,54,37.25,4.09,4.1,EMECv20191114,10028322,4.1,TRUE,TRUE,TRUE,TRUE,TRUE,7/9/89
13.546,42.084,1742,5,1,0,0,0,4.14,4.1,SERA_histv1.1,10001881,nan,TRUE,TRUE,TRUE,TRUE,TRUE,1742-05-01
15.485,38.178,1919,3,18,14,17,0,4.16,4.1,EMECv20191114,10008569,nan,TRUE,TRUE,TRUE,TRUE,TRUE,3/18/19
10.966,44.869,2012,5,29,8,40,57.44,4.27,4.1,EMECv20191114,10057942,4.1,FALSE,FALSE,FALSE,FALSE,FALSE,5/29/12
12.872,42.956,1997,10,14,23,23,29.73,4.4,4.1,EMECv20191114,10035629,4.1,FALSE,FALSE,FALSE,FALSE,FALSE,10/14/97
12.858,43.434,1742,6,10,1,0,0,4.43,4.1,SERA_histv1.1,10001882,nan,TRUE,TRUE,TRUE,TRUE,TRUE,1742-06-10
15.773,40.336,1971,11,29,18,49,35.37,4.5,4.1,EMECv20191114,10019423,4.1,TRUE,TRUE,TRUE,TRUE,TRUE,11/29/71
15.953,38.484,1889,10,5,13,52,0,4.52,4.1,SERA_histv1.1,10004976,nan,TRUE,TRUE,TRUE,TRUE,TRUE,1889-10-05
16.456,38.94,1821,9,13,0,0,0,4.65,4.1,SERA_histv1.1,10002970,nan,TRUE,TRUE,TRUE,TRUE,TRUE,1821-09-13
15.555,38.185,1780,4,9,0,0,0,4.88,4.1,SERA_histv1.1,10002399,nan,TRUE,TRUE,TRUE,TRUE,TRUE,1780-04-09
10.481,44.75,1857,2,1,0,0,0,5.1,4.1,SERA_histv1.1,10003774,nan,TRUE,TRUE,TRUE,TRUE,TRUE,1857-02-01
12.239,43.457,1558,2,8,18,15,0,5.11,4.1,SERA_histv1.1,10000728,nan,TRUE,TRUE,TRUE,TRUE,TRUE,1558-02-08
12.855,43.052,1631,2,25,0,0,0,5.11,4.1,SERA_histv1.1,10001070,nan,TRUE,TRUE,TRUE,TRUE,TRUE,1631-02-25
9.067,47.033,1685,9,9,0,0,0,3.5,4,SERA_histv1.1,10001397,nan,TRUE,TRUE,TRUE,TRUE,TRUE,1685-09-09
8.683,46.85,1779,5,27,17,30,0,3.5,4,SERA_histv1.1,10002378,nan,TRUE,TRUE,TRUE,TRUE,TRUE,1779-05-27
7.017,46.35,1899,9,26,2,0,0,3.5,4,SERA_histv1.1,10005684,nan,TRUE,TRUE,TRUE,TRUE,TRUE,1899-09-26
9.033,46.95,1913,10,6,22,50,0,3.5,4,EMECv20191114,10007686,nan,TRUE,TRUE,TRUE,TRUE,TRUE,10/6/13
7.433,46.267,1915,6,16,3,27,17,3.5,4,EMECv20191114,10007958,nan,TRUE,TRUE,TRUE,TRUE,TRUE,6/16/15
7.5,46.3,1915,10,24,7,55,0,3.5,4,EMECv20191114,10008078,nan,FALSE,TRUE,FALSE,FALSE,FALSE,10/24/15
8.233,46.883,1917,6,13,19,3,0,3.5,4,EMECv20191114,10008336,nan,FALSE,FALSE,TRUE,TRUE,TRUE,6/13/17
7.7,46.317,1920,3,29,11,0,0,3.5,4,EMECv20191114,10008715,nan,FALSE,FALSE,TRUE,TRUE,TRUE,3/29/20
7.5,46.117,1922,6,9,23,10,0,3.5,4,EMECv20191114,10009025,nan,TRUE,TRUE,TRUE,TRUE,TRUE,6/9/22
8.15,46.417,1923,5,16,10,6,0,3.5,4,EMECv20191114,10009165,nan,TRUE,TRUE,TRUE,TRUE,TRUE,5/16/23
7.767,46.367,1924,5,15,8,10,0,3.5,4,EMECv20191114,10009330,nan,FALSE,FALSE,TRUE,TRUE,TRUE,5/15/24
7.117,46.467,1924,6,8,6,37,0,3.5,4,EMECv20191114,10009337,nan,TRUE,TRUE,TRUE,TRUE,TRUE,6/8/24
7.417,46.217,1929,12,21,2,12,0,3.5,4,EMECv20191114,10010263,nan,FALSE,FALSE,FALSE,FALSE,FALSE,12/21/29
8.267,46.817,1942,8,27,11,11,20,3.5,4,EMECv20191114,10011970,nan,FALSE,FALSE,TRUE,TRUE,TRUE,8/27/42
7.417,46.5,1948,10,6,9,32,0,3.5,4,EMECv20191114,10012671,nan,FALSE,TRUE,TRUE,TRUE,TRUE,10/6/48
7.133,46.15,1948,11,18,5,10,0,3.5,4,EMECv20191114,10012689,nan,TRUE,TRUE,TRUE,TRUE,TRUE,11/18/48
7.533,46.417,1951,1,14,12,47,0,3.5,4,EMECv20191114,10012998,nan,TRUE,FALSE,TRUE,TRUE,TRUE,1/14/51
7.3,46.317,1953,2,18,8,7,0,3.5,4,EMECv20191114,10013329,nan,FALSE,TRUE,TRUE,TRUE,TRUE,2/18/53
7.3,46.267,1954,6,26,6,56,0,3.5,4,EMECv20191114,10013733,nan,FALSE,FALSE,TRUE,TRUE,TRUE,6/26/54
7.283,46.35,1955,8,30,9,21,0,3.5,4,EMECv20191114,10014020,nan,TRUE,TRUE,TRUE,TRUE,TRUE,8/30/55
8.233,46.767,1970,7,16,10,55,20,3.5,4,EMECv20191114,10018833,nan,TRUE,TRUE,TRUE,TRUE,TRUE,7/16/70
14.81,41.688,2003,11,21,14,28,56.55,3.51,4,EMECv20191114,10042873,4,FALSE,TRUE,TRUE,TRUE,FALSE,11/21/03
18.57,42.27,1979,8,9,23,20,16.9,3.53,4,EMECv20191114,10022765,4,FALSE,FALSE,TRUE,FALSE,FALSE,8/9/79
19.194,41.939,1979,7,2,11,50,16.4,3.55,4,EMECv20191114,10022714,4,FALSE,FALSE,FALSE,FALSE,FALSE,7/2/79
17.9426,43.1572,1998,6,13,23,13,29.6,3.55,4,EMECv20191114,10036469,4,FALSE,TRUE,TRUE,TRUE,FALSE,6/13/98
20.241,41.123,2001,7,19,0,54,22.2,3.55,4,EMECv20191114,10040002,4,FALSE,TRUE,TRUE,TRUE,FALSE,7/19/01
20.755,40.972,2003,11,22,13,55,12.9,3.55,4,EMECv20191114,10042875,4,FALSE,FALSE,TRUE,TRUE,FALSE,11/22/03
20.5105,41.0459,2009,5,21,13,26,6.4,3.55,4,EMECv20191114,10053421,4,FALSE,FALSE,FALSE,FALSE,FALSE,5/21/09
20.081,40.137,2011,6,10,3,30,14.7,3.55,4,EMECv20191114,10056135,4,TRUE,TRUE,TRUE,FALSE,FALSE,6/10/11
14.8,46.3,1917,4,17,13,25,0,3.59,4,EMECv20191114,10008310,4,FALSE,TRUE,TRUE,FALSE,FALSE,4/17/17
15.217,45.567,1920,5,23,6,15,0,3.59,4,EMECv20191114,10008744,4,FALSE,FALSE,FALSE,FALSE,FALSE,5/23/20
6.4,44.2,1935,9,29,6,30,0,3.6,4,EMECv20191114,10011103,nan,FALSE,TRUE,TRUE,TRUE,TRUE,9/29/35
7.067,46.433,1966,6,9,14,17,12,3.6,4,EMECv20191114,10016628,nan,TRUE,TRUE,TRUE,TRUE,TRUE,6/9/66
5.57,43.44,1984,2,19,21,14,37.6,3.6,4,EMECv20191114,10025570,nan,TRUE,TRUE,TRUE,TRUE,TRUE,2/19/84
6.917,46.378,1881,11,14,0,0,0,3.61,4,SERA_histv1.1,10004601,nan,TRUE,TRUE,TRUE,TRUE,TRUE,1881-11-14
6.483,44.639,1884,11,24,4,30,0,3.61,4,SERA_histv1.1,10004722,nan,TRUE,TRUE,TRUE,TRUE,TRUE,1884-11-24
19.24,42.22,2009,12,10,11,20,53.8,3.62,4,EMECv20191114,10054264,4,FALSE,TRUE,TRUE,FALSE,FALSE,12/10/09
20.67,40.25,2003,2,1,12,4,54.2,3.65,4,EMECv20191114,10041681,4,FALSE,TRUE,TRUE,FALSE,FALSE,2/1/03
20.3951,41.2413,2008,10,29,3,13,19.4,3.65,4,EMECv20191114,10052676,4,FALSE,FALSE,FALSE,FALSE,FALSE,10/29/08
20.2278,41.4997,2014,12,30,23,10,56.07,3.65,4,EMECv20191114,10061432,4,TRUE,TRUE,TRUE,TRUE,FALSE,12/30/14
19.8,40.41,2013,1,29,1,10,44.42,3.66,4,EMECv20191114,10058775,4,FALSE,TRUE,TRUE,FALSE,FALSE,1/29/13
17.8,43.1,1906,6,6,7,48,24,3.69,4,EMECv20191114,10006517,4,FALSE,TRUE,TRUE,TRUE,FALSE,6/6/06
6.461,43.4,1899,7,29,0,6,0,3.7,4,SERA_histv1.1,10005672,nan,TRUE,TRUE,TRUE,TRUE,TRUE,1899-07-29
6.233,44.1,1915,2,16,3,15,0,3.7,4,EMECv20191114,10007919,nan,TRUE,TRUE,TRUE,TRUE,TRUE,2/16/15
6.367,44.45,1949,3,22,18,45,0,3.7,4,EMECv20191114,10012738,nan,FALSE,FALSE,TRUE,TRUE,TRUE,3/22/49
11.0905,44.8688,2012,5,25,13,14,5.02,3.7,4,EMECv20191114,10057900,4,FALSE,FALSE,FALSE,FALSE,FALSE,5/25/12
8.772,46.871,1994,8,28,6,4,45.3,3.71,4,EMECv20191114,10031430,4,TRUE,TRUE,TRUE,TRUE,TRUE,8/28/94
14.66,45.16,1939,2,7,1,0,0,3.72,4,EMECv20191114,10011501,nan,FALSE,FALSE,TRUE,TRUE,TRUE,2/7/39
17.21,43.08,1960,1,7,16,51,29.5,3.72,4,EMECv20191114,10014990,4,TRUE,TRUE,TRUE,TRUE,TRUE,1/7/60
10.97,47.31,1951,6,7,4,7,0,3.73,4,EMECv20191114,10013058,4,TRUE,TRUE,TRUE,TRUE,TRUE,6/7/51
11.39,47.27,1965,7,9,0,20,0,3.73,4,EMECv20191114,10016317,4,TRUE,TRUE,TRUE,TRUE,TRUE,7/9/65
8.999,44.781,1845,1,20,5,15,0,3.74,4,SERA_histv1.1,10003403,nan,TRUE,TRUE,TRUE,TRUE,TRUE,1845-01-20
17.4982,43.1783,2008,11,27,3,52,27.9,3.74,4,EMECv20191114,10052797,4,TRUE,TRUE,TRUE,TRUE,FALSE,11/27/08
5.683,43.733,1812,4,28,21,35,0,3.76,4,SERA_histv1.1,10002840,nan,TRUE,TRUE,TRUE,TRUE,TRUE,1812-04-28
5.683,43.733,1852,12,25,0,0,0,3.76,4,SERA_histv1.1,10003580,nan,TRUE,TRUE,TRUE,TRUE,TRUE,1852-12-25
12.568,42.256,2001,3,23,0,50,16.08,3.77,4,EMECv20191114,10039631,4,FALSE,TRUE,TRUE,TRUE,FALSE,3/23/01
6.459,43.842,1855,12,12,21,50,0,3.78,4,SERA_histv1.1,10003727,nan,TRUE,TRUE,TRUE,TRUE,TRUE,1855-12-12
6.967,46.317,1584,3,12,0,0,0,3.79,4,SERA_histv1.1,10000847,nan,TRUE,TRUE,TRUE,TRUE,TRUE,1584-03-12
8.999,46.921,1701,9,10,0,0,0,3.79,4,SERA_histv1.1,10001549,nan,TRUE,TRUE,TRUE,TRUE,TRUE,1701-09-10
8.999,46.921,1702,10,2,0,0,0,3.79,4,SERA_histv1.1,10001563,nan,TRUE,TRUE,TRUE,TRUE,TRUE,1702-10-02
6.083,45.717,1724,7,15,18,30,0,3.79,4,SERA_histv1.1,10001719,nan,TRUE,TRUE,TRUE,TRUE,TRUE,1724-07-15
9.172,46.94,1773,11,14,0,0,0,3.79,4,SERA_histv1.1,10002286,nan,TRUE,TRUE,TRUE,TRUE,TRUE,1773-11-14
6.517,43.85,1824,5,23,13,0,0,3.79,4,SERA_histv1.1,10003017,nan,TRUE,TRUE,TRUE,TRUE,TRUE,1824-05-23
7.881,46.292,1855,7,27,12,0,0,3.79,4,SERA_histv1.1,10003655,nan,TRUE,TRUE,TRUE,TRUE,TRUE,1855-07-27
7.881,46.292,1855,8,8,14,15,0,3.79,4,SERA_histv1.1,10003657,nan,TRUE,TRUE,TRUE,TRUE,TRUE,1855-08-08
7.881,46.292,1855,8,13,23,0,0,3.79,4,SERA_histv1.1,10003669,nan,TRUE,TRUE,TRUE,TRUE,TRUE,1855-08-13
7.852,46.237,1855,9,20,0,0,0,3.79,4,SERA_histv1.1,10003686,nan,TRUE,TRUE,TRUE,TRUE,TRUE,1855-09-20
7.85,46.27,1855,11,2,4,0,0,3.79,4,SERA_histv1.1,10003701,nan,TRUE,TRUE,TRUE,TRUE,TRUE,1855-11-02
7.852,46.237,1855,11,16,0,0,0,3.79,4,SERA_histv1.1,10003707,nan,TRUE,TRUE,TRUE,TRUE,TRUE,1855-11-16
7.852,46.237,1855,12,30,19,0,0,3.79,4,SERA_histv1.1,10003733,nan,TRUE,TRUE,TRUE,TRUE,TRUE,1855-12-30
7.799,46.285,1856,2,11,6,30,0,3.79,4,SERA_histv1.1,10003742,nan,TRUE,TRUE,TRUE,TRUE,TRUE,1856-02-11
7.799,46.285,1856,12,23,0,0,0,3.79,4,SERA_histv1.1,10003766,nan,TRUE,TRUE,TRUE,TRUE,TRUE,1856-12-23
7.799,46.285,1857,1,13,15,0,0,3.79,4,SERA_histv1.1,10003769,nan,TRUE,TRUE,TRUE,TRUE,TRUE,1857-01-13
7.799,46.285,1857,2,7,17,0,0,3.79,4,SERA_histv1.1,10003776,nan,TRUE,TRUE,TRUE,TRUE,TRUE,1857-02-07
7.799,46.285,1857,5,8,4,0,0,3.79,4,SERA_histv1.1,10003785,nan,TRUE,TRUE,TRUE,TRUE,TRUE,1857-05-08
9.946,47.041,1872,11,8,1,0,0,3.79,4,SERA_histv1.1,10004253,nan,TRUE,TRUE,TRUE,TRUE,TRUE,1872-11-08
6.233,44.1,1872,12,2,16,38,0,3.79,4,SERA_histv1.1,10004257,nan,TRUE,TRUE,TRUE,TRUE,TRUE,1872-12-02
5.4,43.633,1909,11,11,20,40,0,3.8,4,EMECv20191114,10007081,nan,FALSE,FALSE,TRUE,TRUE,TRUE,11/11/09
20.28,41.25,2013,6,8,19,3,28.3,3.81,4,EMECv20191114,10059166,4,TRUE,TRUE,TRUE,FALSE,FALSE,6/8/13
18.866,42.245,1979,9,15,8,58,43.5,3.83,4,EMECv20191114,10022829,4,FALSE,FALSE,TRUE,FALSE,FALSE,9/15/79
19.7736,40.1276,2006,8,10,22,46,7.3,3.83,4,EMECv20191114,10047428,4,FALSE,FALSE,FALSE,FALSE,FALSE,8/10/06
8.25,46.9,1604,11,11,0,0,0,3.9,4,SERA_histv1.1,10000944,nan,TRUE,TRUE,TRUE,TRUE,TRUE,1604-11-11
9.15,47,1674,2,23,0,0,0,3.9,4,SERA_histv1.1,10001346,nan,TRUE,TRUE,TRUE,TRUE,TRUE,1674-02-23
7.367,46.233,1802,12,20,0,0,0,3.9,4,SERA_histv1.1,10002685,nan,TRUE,TRUE,TRUE,TRUE,TRUE,1802-12-20
8,46.3,1837,1,30,0,0,0,3.9,4,SERA_histv1.1,10003253,nan,TRUE,TRUE,TRUE,TRUE,TRUE,1837-01-30
6.683,43.65,1922,4,5,16,28,0,3.9,4,EMECv20191114,10009000,nan,TRUE,TRUE,TRUE,TRUE,TRUE,4/5/22
5.883,43.967,1937,9,30,12,0,0,3.9,4,EMECv20191114,10011353,nan,TRUE,TRUE,TRUE,TRUE,TRUE,9/30/37
6.417,43.817,1951,11,30,6,8,0,3.9,4,EMECv20191114,10013118,nan,TRUE,TRUE,TRUE,TRUE,TRUE,11/30/51
7.4,46.4,1961,9,10,17,26,0,3.9,4,EMECv20191114,10015321,nan,TRUE,TRUE,TRUE,TRUE,TRUE,9/10/61
7.186,46.242,1754,9,19,0,0,0,3.91,4,SERA_histv1.1,10001990,nan,TRUE,TRUE,TRUE,TRUE,TRUE,1754-09-19
19.36,41.95,1979,9,21,12,2,41.7,3.91,4,EMECv20191114,10022840,4,FALSE,FALSE,TRUE,FALSE,FALSE,9/21/79
20.54,39.66,1995,12,16,17,17,3.65,3.91,4,EMECv20191114,10032961,4,FALSE,FALSE,TRUE,FALSE,FALSE,12/16/95
20.435,39.739,2003,5,29,20,16,17.01,3.91,4,EMECv20191114,10042200,4,FALSE,TRUE,TRUE,FALSE,FALSE,5/29/03
20.077,39.345,2007,8,14,9,35,34.27,3.91,4,EMECv20191114,10049624,4,FALSE,FALSE,FALSE,FALSE,FALSE,8/14/07
6.533,44.583,1912,2,9,20,17,0,4,4,EMECv20191114,10007460,nan,TRUE,TRUE,TRUE,TRUE,TRUE,2/9/12
6.683,44.317,1949,2,17,4,38,21,4,4,EMECv20191114,10012722,nan,TRUE,TRUE,TRUE,TRUE,TRUE,2/17/49
19.36,40.23,2007,3,3,14,56,25,4,4,EMECv20191114,10048261,4,FALSE,TRUE,TRUE,FALSE,FALSE,3/3/07
19.23,41.89,1979,4,22,6,32,11.6,4.01,4,EMECv20191114,10022540,4,FALSE,FALSE,FALSE,FALSE,FALSE,4/22/79
18.722,42.822,1979,5,25,2,50,19.3,4.02,4,EMECv20191114,10022614,4,TRUE,FALSE,TRUE,FALSE,FALSE,5/25/79
20.496,41.1653,2009,3,10,8,32,56.3,4.02,4,EMECv20191114,10053126,4,TRUE,FALSE,TRUE,FALSE,FALSE,3/10/09
5.678,43.705,1812,4,11,16,0,0,4.03,4,SERA_histv1.1,10002839,nan,TRUE,TRUE,TRUE,TRUE,TRUE,1812-04-11
5.683,43.733,1852,12,26,2,0,0,4.03,4,SERA_histv1.1,10003581,nan,TRUE,TRUE,TRUE,TRUE,TRUE,1852-12-26
7.991,46.316,1755,12,21,3,0,0,4.04,4,SERA_histv1.1,10002009,nan,TRUE,TRUE,TRUE,TRUE,TRUE,1755-12-21
5.95,44.2,1802,12,31,11,0,0,4.08,4,SERA_histv1.1,10002687,nan,TRUE,TRUE,TRUE,TRUE,TRUE,1802-12-31
6.233,44.1,1876,9,20,7,0,0,4.08,4,SERA_histv1.1,10004383,nan,TRUE,TRUE,TRUE,TRUE,TRUE,1876-09-20
14.63,46.13,1899,9,30,18,3,0,4.09,4,SERA_histv1.1,10005687,4,TRUE,TRUE,TRUE,TRUE,TRUE,1899-09-30
11.361,43.453,1914,5,15,13,6,0,4.16,4,EMECv20191114,10007774,nan,TRUE,TRUE,TRUE,TRUE,TRUE,5/15/14
11.332,43.318,1496,6,4,0,0,0,4.2,4,SERA_histv1.1,10000503,nan,TRUE,TRUE,TRUE,TRUE,TRUE,1496-06-04
11.679,43.076,1545,11,28,0,0,0,4.2,4,SERA_histv1.1,10000689,nan,TRUE,TRUE,TRUE,TRUE,TRUE,1545-11-28
15.235,38.806,1891,1,26,3,10,0,4.2,4,SERA_histv1.1,10005027,nan,TRUE,TRUE,TRUE,TRUE,TRUE,1891-01-26
15.235,38.806,1892,8,7,21,32,0,4.2,4,SERA_histv1.1,10005088,nan,TRUE,TRUE,TRUE,TRUE,TRUE,1892-08-07
6.54,44.14,1974,2,8,20,12,18,4.2,4,EMECv20191114,10020224,nan,TRUE,TRUE,TRUE,TRUE,TRUE,2/8/74
7.4,45.94,1996,3,31,6,8,0,4.2,4,EMECv20191114,10033474,4,TRUE,TRUE,TRUE,TRUE,TRUE,3/31/96
13.899,37.821,1996,12,14,0,18,42.79,4.27,4,EMECv20191114,10034593,4,TRUE,TRUE,TRUE,TRUE,TRUE,12/14/96
10.871,43.227,1925,3,21,7,33,40,4.29,4,EMECv20191114,10009445,nan,TRUE,TRUE,TRUE,TRUE,TRUE,3/21/25
14.5,46.18,1897,9,3,0,0,0,4.3,4,SERA_histv1.1,10005497,4,TRUE,TRUE,TRUE,TRUE,TRUE,1897-09-03
5.45,43.533,1756,7,3,2,20,0,4.31,4,SERA_histv1.1,10002062,nan,TRUE,TRUE,TRUE,TRUE,TRUE,1756-07-03
5.65,43.7,1858,12,17,0,0,0,4.31,4,SERA_histv1.1,10003854,nan,TRUE,TRUE,TRUE,TRUE,TRUE,1858-12-17
15.014,36.903,1903,2,10,8,4,0,4.32,4,EMECv20191114,10006027,nan,TRUE,TRUE,TRUE,TRUE,TRUE,2/10/03
7.78,46.18,1856,8,6,13,45,0,4.33,4,SERA_histv1.1,10003751,nan,TRUE,TRUE,TRUE,TRUE,TRUE,1856-08-06
12.818,43.096,1997,9,27,8,8,7.92,4.34,4,EMECv20191114,10035542,4,FALSE,FALSE,FALSE,FALSE,FALSE,9/27/97
5.433,44.139,1886,11,12,0,0,0,4.36,4,SERA_histv1.1,10004847,nan,TRUE,TRUE,TRUE,TRUE,TRUE,1886-11-12
7.832,46.132,1874,12,1,19,30,0,4.37,4,SERA_histv1.1,10004317,nan,TRUE,TRUE,TRUE,TRUE,TRUE,1874-12-01
18.83,42.21,1979,4,28,3,38,2.5,4.4,4,EMECv20191114,10022555,4,FALSE,FALSE,FALSE,FALSE,FALSE,4/28/79
10.02,47.15,1866,4,14,0,0,0,4.45,4,SERA_histv1.1,10004044,4,TRUE,TRUE,TRUE,TRUE,TRUE,1866-04-14
6.996,46.302,1881,11,25,17,25,0,4.47,4,SERA_histv1.1,10004604,nan,TRUE,TRUE,TRUE,TRUE,TRUE,1881-11-25
5.783,43.833,1708,8,20,14,50,0,4.49,4,SERA_histv1.1,10001614,nan,TRUE,TRUE,TRUE,TRUE,TRUE,1708-08-20
5.683,43.733,1812,3,26,3,0,0,4.49,4,SERA_histv1.1,10002838,nan,TRUE,TRUE,TRUE,TRUE,TRUE,1812-03-26
20.2,39.15,1968,4,25,4,27,29,4.5,4,EMECv20191114,10017554,4,FALSE,TRUE,TRUE,TRUE,FALSE,4/25/68
19.81,40.52,1969,7,9,17,27,54,4.5,4,EMECv20191114,10018151,4,FALSE,FALSE,TRUE,TRUE,FALSE,7/9/69
20.3148,39.4597,1979,11,8,10,7,47.95,4.5,4,EMECv20191114,10022897,4,FALSE,FALSE,TRUE,TRUE,FALSE,11/8/79
20.0102,41.0618,2007,6,18,14,22,9.19,4.5,4,EMECv20191114,10049178,4,FALSE,FALSE,TRUE,FALSE,FALSE,6/18/07
17.8,43.1,1906,3,1,9,26,0,4.54,4,EMECv20191114,10006480,4,TRUE,TRUE,TRUE,TRUE,FALSE,3/1/06
10,47.14,1965,6,29,0,43,43.3,4.59,4,EMECv20191114,10016303,4,TRUE,TRUE,TRUE,TRUE,TRUE,6/29/65
11.881,44.288,1703,9,16,17,0,0,4.65,4,SERA_histv1.1,10001575,nan,TRUE,TRUE,TRUE,TRUE,TRUE,1703-09-16
5.653,43.63,1678,9,2,0,0,0,4.66,4,SERA_histv1.1,10001368,nan,TRUE,TRUE,TRUE,TRUE,TRUE,1678-09-02
11.665,44.312,1929,4,11,0,56,0,4.72,4,EMECv20191114,10010162,nan,FALSE,TRUE,TRUE,TRUE,TRUE,4/11/29
7.44,46.6,1851,8,24,0,30,0,4.82,4,SERA_histv1.1,10003535,nan,TRUE,TRUE,TRUE,TRUE,TRUE,1851-08-24
16.611,40.667,1634,11,10,0,0,0,4.88,4,SERA_histv1.1,10001081,nan,TRUE,TRUE,TRUE,TRUE,TRUE,1634-11-10
10.309,43.551,1742,1,27,11,20,0,4.88,4,SERA_histv1.1,10001876,nan,TRUE,TRUE,TRUE,TRUE,TRUE,1742-01-27
20.7916,40.8799,1983,12,28,8,27,27.59,4.9,4,EMECv20191114,10025494,4,FALSE,TRUE,TRUE,TRUE,FALSE,12/28/83
5.85,43.883,1913,5,14,7,17,0,5,4,EMECv20191114,10007642,nan,TRUE,TRUE,TRUE,TRUE,TRUE,5/14/13
7.52,46.3,1946,5,30,0,35,0,5,4,EMECv20191114,10012382,nan,FALSE,FALSE,TRUE,TRUE,TRUE,5/30/46
8.02,46.37,1960,3,23,23,10,0,5,4,EMECv20191114,10015060,nan,TRUE,TRUE,TRUE,TRUE,TRUE,3/23/60
5.704,43.746,1812,3,20,0,1,0,5.01,4,SERA_histv1.1,10002836,nan,TRUE,TRUE,TRUE,TRUE,TRUE,1812-03-20
5.783,43.833,1509,12,13,0,0,0,5.05,4,SERA_histv1.1,10000550,nan,TRUE,TRUE,TRUE,TRUE,TRUE,1509-12-13
7.873,46.772,1729,1,13,21,0,0,5.18,4,SERA_histv1.1,10001757,nan,TRUE,TRUE,TRUE,TRUE,TRUE,1729-01-13
6.067,44.273,1866,5,19,9,12,0,5.21,4,SERA_histv1.1,10004048,nan,TRUE,TRUE,TRUE,TRUE,TRUE,1866-05-19
6.459,43.842,1855,12,12,20,40,0,5.22,4,SERA_histv1.1,10003726,nan,TRUE,TRUE,TRUE,TRUE,TRUE,1855-12-12
13.628,43.578,1917,11,5,22,47,0,5.22,4,EMECv20191114,10008390,nan,TRUE,TRUE,TRUE,TRUE,FALSE,11/5/17
7.42,46.3,1946,5,30,3,41,0,5.5,4,EMECv20191114,10012383,nan,FALSE,FALSE,TRUE,TRUE,TRUE,5/30/46
7.955,46.319,1755,12,9,13,45,0,5.73,4,SERA_histv1.1,10002007,nan,TRUE,TRUE,TRUE,TRUE,TRUE,1755-12-09
20.019,40.296,1701,4,5,0,0,0,6.55,4,SERA_histv1.1,10001537,nan,TRUE,TRUE,TRUE,TRUE,TRUE,1701-04-05
15.05,45.6,1904,11,1,10,10,0,3.58,3.9,EMECv20191114,10006280,3.9,FALSE,TRUE,TRUE,TRUE,TRUE,11/1/04
15.646,40.577,1957,10,19,6,14,0,3.7,3.9,EMECv20191114,10014487,nan,TRUE,TRUE,TRUE,TRUE,TRUE,10/19/57
12.1,43.589,2001,11,26,12,34,12.43,4.1,3.9,EMECv20191114,10040434,3.9,FALSE,FALSE,FALSE,FALSE,FALSE,11/26/01
12.853,43.068,1978,12,5,4,45,0,4.22,3.9,EMECv20191114,10022313,nan,TRUE,TRUE,TRUE,TRUE,TRUE,12/5/78
16.879,39.683,2002,4,17,6,42,54.66,4.84,3.9,EMECv20191114,10040834,3.9,TRUE,TRUE,TRUE,TRUE,TRUE,4/17/02
15.555,38.185,1785,3,17,3,33,0,4.88,3.9,SERA_histv1.1,10002493,nan,TRUE,TRUE,TRUE,TRUE,TRUE,1785-03-17
12.846,43.027,1997,10,6,23,24,53.29,5.47,3.9,EMECv20191114,10035587,3.9,FALSE,FALSE,FALSE,FALSE,FALSE,10/6/97
12.129,43.467,1917,4,26,9,35,59,5.99,3.9,EMECv20191114,10008315,nan,TRUE,TRUE,TRUE,TRUE,FALSE,4/26/17
10.844,44.519,1501,6,5,10,0,0,6.02,3.9,SERA_histv1.1,10000519,nan,TRUE,TRUE,TRUE,TRUE,TRUE,1501-06-05
12.892,43.031,1997,9,10,6,46,50.78,3.85,3.8,EMECv20191114,10035484,3.8,FALSE,FALSE,TRUE,TRUE,TRUE,9/10/97
12.912,42.957,1998,3,22,13,2,24.48,3.86,3.8,EMECv20191114,10036221,3.8,FALSE,FALSE,FALSE,FALSE,FALSE,3/22/98
11.087,44.8653,2012,5,25,12,45,1.61,3.89,3.8,EMECv20191114,10057899,3.8,FALSE,FALSE,FALSE,FALSE,FALSE,5/25/12
13.221,42.463,1994,6,2,16,41,23.61,3.99,3.8,EMECv20191114,10031273,3.8,FALSE,FALSE,FALSE,FALSE,FALSE,6/2/94
10.934,44.9,2012,5,30,6,0,33.43,4.05,3.8,EMECv20191114,10057959,3.8,FALSE,FALSE,FALSE,FALSE,FALSE,5/30/12
12.647,42.562,1909,2,6,8,5,0,4.16,3.8,EMECv20191114,10006905,nan,TRUE,TRUE,TRUE,TRUE,TRUE,2/6/09
9.567,44.388,1906,11,10,17,55,0,4.22,3.8,EMECv20191114,10006572,nan,TRUE,TRUE,TRUE,TRUE,TRUE,11/10/06
12.774,43.203,1921,4,5,17,40,0,4.23,3.8,EMECv20191114,10008867,nan,TRUE,TRUE,TRUE,TRUE,FALSE,4/5/21
12.848,42.971,1997,10,19,16,0,17.6,4.23,3.8,EMECv20191114,10035653,3.8,FALSE,FALSE,FALSE,FALSE,FALSE,10/19/97
12.755,43.193,1998,4,3,7,59,52.87,4.28,3.8,EMECv20191114,10036260,3.8,FALSE,FALSE,FALSE,FALSE,FALSE,4/3/98
13.5,42.1,1965,11,12,7,16,56,4.39,3.8,EMECv20191114,10016407,nan,TRUE,TRUE,TRUE,TRUE,TRUE,11/12/65
12.948,42.749,1703,6,29,18,0,0,4.43,3.8,SERA_histv1.1,10001573,nan,TRUE,TRUE,TRUE,TRUE,TRUE,1703-06-29
12.737,42.736,1767,9,2,0,0,0,4.43,3.8,SERA_histv1.1,10002195,nan,TRUE,TRUE,TRUE,TRUE,TRUE,1767-09-02
13.2,42.7,1951,8,2,12,50,56,4.44,3.8,EMECv20191114,10013071,nan,FALSE,FALSE,TRUE,TRUE,TRUE,8/2/51
13.951,42.423,1842,1,23,0,0,0,4.47,3.8,SERA_histv1.1,10003351,nan,TRUE,TRUE,TRUE,TRUE,TRUE,1842-01-23
12.548,42.855,1918,4,14,1,56,0,4.48,3.8,EMECv20191114,10008457,nan,TRUE,TRUE,TRUE,TRUE,FALSE,4/14/18
13.19,43.087,1980,5,24,20,16,4,4.48,3.8,EMECv20191114,10023122,nan,FALSE,FALSE,TRUE,TRUE,TRUE,5/24/80
13.054,42.746,1971,4,2,1,43,54,4.5,3.8,EMECv20191114,10019131,nan,TRUE,TRUE,TRUE,TRUE,TRUE,4/2/71
11.253,44.063,2008,3,1,7,43,13.08,4.72,3.8,EMECv20191114,10050907,3.8,TRUE,TRUE,TRUE,TRUE,TRUE,3/1/08
11.385,43.999,1960,10,29,0,8,39,4.91,3.8,EMECv20191114,10015193,nan,TRUE,TRUE,TRUE,TRUE,TRUE,10/29/60
14.08,42.083,1841,6,10,0,0,0,4.96,3.8,SERA_histv1.1,10003332,nan,TRUE,TRUE,TRUE,TRUE,TRUE,1841-06-10
12.577,43.351,1786,1,15,0,0,0,5.11,3.8,SERA_histv1.1,10002510,nan,TRUE,TRUE,TRUE,TRUE,TRUE,1786-01-15
13.461,42.466,1951,8,8,19,56,0,5.25,3.8,EMECv20191114,10013075,nan,FALSE,FALSE,TRUE,TRUE,TRUE,8/8/51
10.834,44.334,1937,12,10,18,4,0,5.3,3.8,EMECv20191114,10011366,nan,TRUE,TRUE,TRUE,TRUE,TRUE,12/10/37
12.909,42.84,1838,2,14,7,30,0,5.44,3.8,SERA_histv1.1,10003273,nan,TRUE,TRUE,TRUE,TRUE,TRUE,1838-02-14
13.626,42.94,1943,10,3,8,28,29,5.67,3.8,EMECv20191114,10012122,nan,TRUE,TRUE,TRUE,TRUE,TRUE,10/3/43
13.244,43.09,1873,3,12,20,4,0,5.87,3.8,SERA_histv1.1,10004268,nan,TRUE,TRUE,TRUE,TRUE,TRUE,1873-03-12
11.992,43.862,1584,9,10,20,30,0,5.93,3.8,SERA_histv1.1,10000851,nan,TRUE,TRUE,TRUE,TRUE,TRUE,1584-09-10
11.2445,44.8848,2012,5,20,17,40,14.82,3.67,3.7,EMECv20191114,10057871,3.7,FALSE,FALSE,FALSE,FALSE,FALSE,5/20/12
7.823,45.829,1935,4,5,23,15,0,3.7,3.7,EMECv20191114,10011050,nan,TRUE,TRUE,TRUE,TRUE,TRUE,4/5/35
12.18,43.576,1990,5,8,22,33,15.91,3.77,3.7,EMECv20191114,10028804,3.7,TRUE,TRUE,TRUE,TRUE,TRUE,5/8/90
11.213,45.936,1994,10,24,23,22,47.7,4.15,3.7,EMECv20191114,10031530,3.7,TRUE,TRUE,TRUE,TRUE,TRUE,10/24/94
12.525,42.775,1916,9,7,15,13,0,4.4,3.7,EMECv20191114,10008206,nan,TRUE,TRUE,TRUE,FALSE,FALSE,9/7/16
13.789,41.808,1579,1,1,0,0,0,4.43,3.7,SERA_histv1.1,10000831,nan,TRUE,TRUE,TRUE,TRUE,TRUE,1579-01-01
11.343,44.494,1739,7,31,11,0,0,4.43,3.7,SERA_histv1.1,10001851,nan,TRUE,TRUE,TRUE,TRUE,TRUE,1739-07-31
11.253,44.879,2012,5,20,17,38,14.38,4.56,3.7,EMECv20191114,10057870,3.7,FALSE,FALSE,FALSE,FALSE,FALSE,5/20/12
12.531,42.715,1960,4,23,11,44,0,4.66,3.7,EMECv20191114,10015075,nan,TRUE,TRUE,TRUE,TRUE,TRUE,4/23/60
9.926,45.878,1882,2,27,6,30,0,4.83,3.7,SERA_histv1.1,10004620,nan,TRUE,TRUE,TRUE,TRUE,TRUE,1882-02-27
13.07,43.005,1832,12,4,19,0,0,5.34,3.7,SERA_histv1.1,10003177,nan,TRUE,TRUE,TRUE,TRUE,TRUE,1832-12-04
13.361,43.085,2004,2,20,1,34,24.11,3.51,3.6,EMECv20191114,10043134,3.6,TRUE,TRUE,TRUE,TRUE,FALSE,2/20/04
10.9412,44.8828,2012,6,3,20,19,30.85,3.57,3.6,EMECv20191114,10057984,3.6,FALSE,FALSE,FALSE,FALSE,FALSE,6/3/12
12.961,46.098,1595,7,14,1,30,0,3.74,3.6,SERA_histv1.1,10000899,nan,TRUE,TRUE,TRUE,TRUE,TRUE,1595-07-14
10.885,44.784,1912,9,12,21,15,0,3.76,3.6,EMECv20191114,10007569,nan,TRUE,TRUE,TRUE,TRUE,TRUE,9/12/12
15.829,40.637,1998,4,26,5,38,5.59,3.76,3.6,EMECv20191114,10036329,3.6,TRUE,TRUE,TRUE,TRUE,TRUE,4/26/98
12.811,42.966,1998,1,2,7,31,33.11,3.89,3.6,EMECv20191114,10036015,3.6,FALSE,FALSE,TRUE,FALSE,FALSE,1/2/98
12.76,43.212,1998,4,3,8,20,42.76,3.9,3.6,EMECv20191114,10036261,3.6,FALSE,FALSE,FALSE,FALSE,FALSE,4/3/98
13.822,41.489,1917,12,2,12,13,0,3.93,3.6,EMECv20191114,10008394,nan,TRUE,TRUE,TRUE,TRUE,FALSE,12/2/17
11.305,44.865,2012,5,21,16,37,31.36,4.12,3.6,EMECv20191114,10057876,3.6,FALSE,FALSE,FALSE,FALSE,FALSE,5/21/12
12.577,43.351,1693,10,12,0,0,0,4.14,3.6,SERA_histv1.1,10001475,nan,TRUE,TRUE,TRUE,TRUE,TRUE,1693-10-12
10.552,44.347,1892,5,17,3,8,0,4.31,3.6,SERA_histv1.1,10005077,nan,TRUE,TRUE,TRUE,TRUE,TRUE,1892-05-17
15.814,41.26,1931,12,3,9,32,0,4.59,3.6,EMECv20191114,10010621,nan,FALSE,FALSE,TRUE,TRUE,TRUE,12/3/31
11.312,43.708,1895,6,6,0,35,0,4.61,3.6,SERA_histv1.1,10005287,nan,TRUE,TRUE,TRUE,TRUE,TRUE,1895-06-06
11.842,44.06,1655,3,25,0,0,0,4.65,3.6,SERA_histv1.1,10001232,nan,TRUE,TRUE,TRUE,TRUE,TRUE,1655-03-25
10.505,43.843,1845,9,14,22,20,0,4.79,3.6,SERA_histv1.1,10003409,nan,TRUE,TRUE,TRUE,TRUE,TRUE,1845-09-14
12.737,42.736,1648,1,1,0,0,0,4.88,3.6,SERA_histv1.1,10001160,nan,TRUE,TRUE,TRUE,TRUE,TRUE,1648-01-01
12.929,42.742,1910,6,29,13,52,0,4.93,3.6,EMECv20191114,10007180,nan,TRUE,TRUE,TRUE,TRUE,TRUE,6/29/10
10.133,44.138,1767,1,21,7,45,0,5.29,3.6,SERA_histv1.1,10002182,nan,TRUE,TRUE,TRUE,TRUE,TRUE,1767-01-21
13.297,42.526,1619,7,7,22,0,0,5.34,3.6,SERA_histv1.1,10001010,nan,TRUE,TRUE,TRUE,TRUE,TRUE,1619-07-07
11.294,44.833,1639,4,6,0,0,0,5.34,3.6,SERA_histv1.1,10001106,nan,TRUE,TRUE,TRUE,TRUE,TRUE,1639-04-06
14.37,45.77,1926,1,1,18,4,3,5.6,3.6,EMECv20191114,10009564,nan,TRUE,TRUE,TRUE,TRUE,TRUE,1/1/26
15.406,40.862,1694,9,8,11,40,0,6.74,3.6,SERA_histv1.1,10001489,nan,TRUE,TRUE,TRUE,TRUE,TRUE,1694-09-08
14.217,46.317,1903,5,21,15,45,0,3.52,3.5,EMECv20191114,10006075,3.5,FALSE,FALSE,TRUE,TRUE,TRUE,5/21/03
14.217,46.033,1904,11,25,21,30,0,3.52,3.5,EMECv20191114,10006288,3.5,FALSE,FALSE,TRUE,TRUE,TRUE,11/25/04
15.217,45.567,1918,4,8,4,30,0,3.52,3.5,EMECv20191114,10008455,3.5,FALSE,TRUE,TRUE,FALSE,FALSE,4/8/18
18.351,42.952,1989,4,7,10,33,33.6,3.53,3.5,EMECv20191114,10028130,3.5,FALSE,TRUE,TRUE,TRUE,FALSE,4/7/89
14.933,41.704,2002,10,31,2,27,19.38,3.66,3.5,EMECv20191114,10041408,3.5,FALSE,FALSE,TRUE,TRUE,TRUE,10/31/02
17.732,42.935,1988,1,25,20,2,6.6,3.72,3.5,EMECv20191114,10027506,3.5,TRUE,TRUE,TRUE,TRUE,FALSE,1/25/88
15.23,45.833,1976,7,12,4,40,57,3.73,3.5,EMECv20191114,10021266,3.5,FALSE,FALSE,TRUE,TRUE,FALSE,7/12/76
17.75,42.946,1980,5,17,17,0,46.1,3.81,3.5,EMECv20191114,10023103,3.5,TRUE,TRUE,TRUE,TRUE,FALSE,5/17/80
10.99,44.846,2012,5,29,7,7,20.91,4.1,3.5,EMECv20191114,10057923,3.5,FALSE,FALSE,FALSE,FALSE,FALSE,5/29/12
12.91,43.91,1717,3,31,0,0,0,4.2,3.5,SERA_histv1.1,10001664,nan,TRUE,TRUE,TRUE,TRUE,TRUE,1717-03-31
13.212,46.307,1976,7,10,4,11,23.46,4.28,3.5,EMECv20191114,10021264,3.5,FALSE,FALSE,TRUE,FALSE,FALSE,7/10/76
10.883,44.594,1455,12,20,20,45,0,4.43,3.5,SERA_histv1.1,10000408,nan,TRUE,TRUE,TRUE,TRUE,TRUE,1455-12-20
14.02,46,1918,8,13,20,1,0,4.5,3.5,EMECv20191114,10008495,nan,TRUE,TRUE,TRUE,FALSE,FALSE,8/13/18
11.38,44.276,1878,6,4,14,40,0,4.53,3.5,SERA_histv1.1,10004442,nan,TRUE,TRUE,TRUE,TRUE,TRUE,1878-06-04
11.62,44.835,1425,8,10,0,0,0,4.65,3.5,SERA_histv1.1,10000354,nan,TRUE,TRUE,TRUE,TRUE,TRUE,1425-08-10
14.317,38.369,1980,6,1,2,32,51.71,4.78,3.5,EMECv20191114,10023130,3.5,FALSE,FALSE,TRUE,TRUE,TRUE,6/1/80
14.9,45,1873,4,19,15,15,0,5.14,3.5,SERA_histv1.1,10004270,nan,TRUE,TRUE,TRUE,TRUE,TRUE,1873-04-19
13.144,46.384,1920,5,5,14,41,0,5.27,3.5,EMECv20191114,10008731,nan,TRUE,TRUE,TRUE,TRUE,FALSE,5/5/20
11.343,44.494,1365,7,25,18,0,0,5.34,3.5,SERA_histv1.1,10000257,nan,TRUE,TRUE,TRUE,TRUE,TRUE,1365-07-25
10.915,43.933,1527,10,4,0,0,0,5.34,3.5,SERA_histv1.1,10000617,nan,TRUE,TRUE,TRUE,TRUE,TRUE,1527-10-04
14.66,46.176,1622,5,5,11,0,0,5.35,3.5,SERA_histv1.1,10001028,nan,TRUE,TRUE,TRUE,TRUE,TRUE,1622-05-05
12.891,43.022,1997,9,26,0,33,12.88,5.66,3.5,EMECv20191114,10035530,3.5,FALSE,FALSE,FALSE,FALSE,FALSE,9/26/97
12.898,46.496,2002,9,29,11,9,2.08,3.51,3.4,EMECv20191114,10041291,3.4,TRUE,TRUE,TRUE,TRUE,FALSE,9/29/02
10.9355,44.8957,2012,6,1,23,7,15.19,3.57,3.4,EMECv20191114,10057973,3.4,FALSE,FALSE,FALSE,FALSE,FALSE,6/1/12
10.361,45.552,1906,8,2,3,48,0,3.76,3.4,EMECv20191114,10006540,nan,TRUE,TRUE,TRUE,TRUE,TRUE,8/2/06
14.4,46.02,1898,7,28,19,21,0,3.87,3.4,SERA_histv1.1,10005594,3.4,TRUE,TRUE,TRUE,TRUE,TRUE,1898-07-28
10.872,44.783,1928,7,25,1,25,0,3.93,3.4,EMECv20191114,10010047,nan,FALSE,FALSE,TRUE,TRUE,TRUE,7/25/28
12.789,43.104,1997,10,11,3,20,57.19,3.96,3.4,EMECv20191114,10035603,3.4,FALSE,FALSE,FALSE,FALSE,FALSE,10/11/97
12.35,46.123,1892,1,11,1,56,0,4.09,3.4,SERA_histv1.1,10005066,nan,TRUE,TRUE,TRUE,TRUE,TRUE,1892-01-11
7.97,45.552,1807,12,19,1,30,0,4.11,3.4,SERA_histv1.1,10002779,nan,TRUE,TRUE,TRUE,TRUE,TRUE,1807-12-19
16.047,40.272,1995,5,29,20,44,23.74,4.18,3.4,EMECv20191114,10032140,3.4,TRUE,TRUE,TRUE,TRUE,TRUE,5/29/95
12.218,46.139,1859,9,29,8,30,0,4.2,3.4,SERA_histv1.1,10003877,nan,TRUE,TRUE,TRUE,TRUE,TRUE,1859-09-29
10.53,43.932,1982,9,1,15,33,18,4.21,3.4,EMECv20191114,10024549,nan,TRUE,TRUE,TRUE,TRUE,TRUE,9/1/82
12.99,42.842,1997,11,30,11,24,42.43,4.34,3.4,EMECv20191114,10035904,3.4,FALSE,FALSE,TRUE,FALSE,FALSE,11/30/97
9.626,44.659,1975,11,13,19,55,14,4.36,3.4,EMECv20191114,10020938,nan,FALSE,FALSE,TRUE,TRUE,TRUE,11/13/75
14.189,37.651,1994,5,6,19,9,49.28,4.36,3.4,EMECv20191114,10031187,3.4,TRUE,TRUE,TRUE,TRUE,FALSE,5/6/94
13.196,42.812,1930,4,7,17,17,18,4.5,3.4,EMECv20191114,10010307,nan,TRUE,TRUE,TRUE,TRUE,FALSE,4/7/30
13.319,42.076,1904,2,25,0,29,13,4.56,3.4,EMECv20191114,10006163,nan,FALSE,FALSE,FALSE,FALSE,FALSE,2/25/04
11.891,44.124,1978,12,5,15,39,4,4.61,3.4,EMECv20191114,10022314,nan,TRUE,TRUE,TRUE,TRUE,TRUE,12/5/78
13.038,42.397,1963,2,2,19,34,0,4.64,3.4,EMECv20191114,10015630,nan,FALSE,TRUE,TRUE,TRUE,TRUE,2/2/63
10.124,44.238,1767,1,21,9,0,0,4.68,3.4,SERA_histv1.1,10002183,nan,TRUE,TRUE,TRUE,TRUE,TRUE,1767-01-21
11.44,44.813,2012,5,20,13,18,1.77,5.16,3.4,EMECv20191114,10057866,3.4,FALSE,FALSE,FALSE,FALSE,FALSE,5/20/12
12.706,46.233,1776,7,10,0,0,0,5.81,3.4,SERA_histv1.1,10002328,nan,TRUE,TRUE,TRUE,TRUE,TRUE,1776-07-10
15.283,45.617,1916,6,29,21,50,0,3.5,3.3,EMECv20191114,10008166,3.3,FALSE,TRUE,TRUE,TRUE,TRUE,6/29/16
13.733,46.5,1916,10,11,12,0,0,3.5,3.3,EMECv20191114,10008219,3.3,TRUE,TRUE,TRUE,TRUE,TRUE,10/11/16
15.283,45.6,1920,6,25,5,10,0,3.5,3.3,EMECv20191114,10008755,3.3,FALSE,FALSE,TRUE,TRUE,FALSE,6/25/20
15.033,45.617,1931,4,22,20,30,0,3.5,3.3,EMECv20191114,10010521,3.3,FALSE,FALSE,TRUE,TRUE,TRUE,4/22/31
15.05,45.6,1933,3,3,0,25,0,3.5,3.3,EMECv20191114,10010812,3.3,FALSE,TRUE,TRUE,TRUE,FALSE,3/3/33
8.717,46.183,1958,7,30,12,51,10,3.5,3.3,EMECv20191114,10014689,nan,TRUE,TRUE,TRUE,TRUE,TRUE,7/30/58
9.718,45.797,2010,5,11,2,13,42.38,3.57,3.3,EMECv20191114,10054818,3.3,TRUE,TRUE,TRUE,TRUE,TRUE,5/11/10
10.968,46.65,1980,1,25,0,27,0,4,3.3,EMECv20191114,10022977,nan,TRUE,TRUE,TRUE,TRUE,TRUE,1/25/80
15.001,45.41,1870,3,1,21,0,0,4.3,3.3,SERA_histv1.1,10004179,nan,TRUE,TRUE,TRUE,TRUE,TRUE,1870-03-01
14.57,46.1,1906,6,16,11,17,23,4.6,3.3,EMECv20191114,10006522,nan,FALSE,TRUE,TRUE,TRUE,TRUE,6/16/06
13.75,46.5,1944,2,11,6,32,35,4.71,3.3,EMECv20191114,10012170,3.3,TRUE,TRUE,TRUE,TRUE,TRUE,2/11/44
9.768,46.157,1851,2,5,9,50,0,4.79,3.3,SERA_histv1.1,10003518,nan,TRUE,TRUE,TRUE,TRUE,TRUE,1851-02-05
17.989,42.989,1982,10,5,22,14,41.3,3.53,3.2,EMECv20191114,10024584,3.2,TRUE,TRUE,TRUE,TRUE,FALSE,10/5/82
13.193,38.709,1974,2,4,23,15,0,3.7,3.2,EMECv20191114,10020214,nan,TRUE,TRUE,TRUE,TRUE,TRUE,2/4/74
13.6,45.93,1897,3,12,4,50,0,3.87,3.2,SERA_histv1.1,10005448,3.2,TRUE,TRUE,TRUE,TRUE,TRUE,1897-03-12
14.63,46.15,1897,4,9,3,0,0,3.87,3.2,SERA_histv1.1,10005458,3.2,TRUE,TRUE,TRUE,TRUE,TRUE,1897-04-09
14.52,46.08,1899,3,22,4,0,0,3.87,3.2,SERA_histv1.1,10005643,3.2,TRUE,TRUE,TRUE,TRUE,TRUE,1899-03-22
15.25,45.5,1899,12,19,21,17,0,3.87,3.2,SERA_histv1.1,10005700,3.2,TRUE,TRUE,TRUE,TRUE,TRUE,1899-12-19
12.865,43.01,1997,10,7,4,25,55.59,3.96,3.2,EMECv20191114,10035589,3.2,FALSE,FALSE,FALSE,FALSE,FALSE,10/7/97
12.998,42.873,1997,10,14,19,34,18.55,4.02,3.2,EMECv20191114,10035628,3.2,FALSE,FALSE,FALSE,FALSE,FALSE,10/14/97
13.331,41.959,1994,8,5,22,1,23.47,4.15,3.2,EMECv20191114,10031349,3.2,FALSE,FALSE,TRUE,TRUE,TRUE,8/5/94
12.992,46.512,1795,1,1,2,15,0,4.2,3.2,SERA_histv1.1,10002615,nan,TRUE,TRUE,TRUE,TRUE,TRUE,1795-01-01
12.785,43.185,1998,6,2,23,11,23,4.25,3.2,EMECv20191114,10036414,3.2,FALSE,FALSE,TRUE,FALSE,FALSE,6/2/98
13.463,43.103,1923,7,12,20,49,0,4.28,3.2,EMECv20191114,10009188,nan,TRUE,TRUE,TRUE,TRUE,FALSE,7/12/23
12.501,43.139,1982,10,17,4,50,11,4.36,3.2,EMECv20191114,10024602,nan,FALSE,FALSE,TRUE,TRUE,TRUE,10/17/82
12.6,43.129,1982,10,17,4,54,33,4.42,3.2,EMECv20191114,10024603,nan,FALSE,FALSE,TRUE,TRUE,TRUE,10/17/82
10.344,43.933,1481,2,6,21,15,0,4.43,3.2,SERA_histv1.1,10000465,nan,TRUE,TRUE,TRUE,TRUE,TRUE,1481-02-06
12.09,44.174,1828,10,8,22,30,0,4.52,3.2,SERA_histv1.1,10003078,nan,TRUE,TRUE,TRUE,TRUE,TRUE,1828-10-08
10.088,44.186,1955,12,13,17,4,0,4.53,3.2,EMECv20191114,10014065,nan,TRUE,TRUE,TRUE,TRUE,TRUE,12/13/55
11.297,43.698,1959,3,24,10,24,0,4.85,3.2,EMECv20191114,10014831,nan,TRUE,TRUE,TRUE,TRUE,TRUE,3/24/59
15.229,44.112,1399,10,21,15,0,0,4.93,3.2,SERA_histv1.1,10000313,nan,TRUE,TRUE,TRUE,TRUE,TRUE,1399-10-21
11.865,44.324,1509,4,19,0,0,0,5.02,3.2,SERA_histv1.1,10000546,nan,TRUE,TRUE,TRUE,TRUE,TRUE,1509-04-19
13.871,42.986,1882,8,16,0,0,0,5.11,3.2,SERA_histv1.1,10004638,nan,TRUE,TRUE,TRUE,TRUE,TRUE,1882-08-16
12.127,43.469,1352,12,25,0,0,0,6.34,3.2,SERA_histv1.1,10000231,nan,TRUE,TRUE,TRUE,TRUE,TRUE,1352-12-25
12.923,43.027,1997,10,23,8,58,43.96,3.86,3.1,EMECv20191114,10035664,3.1,FALSE,FALSE,FALSE,FALSE,FALSE,10/23/97
11.597,44.101,1892,12,29,20,11,0,3.97,3.1,SERA_histv1.1,10005115,nan,TRUE,TRUE,TRUE,TRUE,TRUE,1892-12-29
12.779,43.186,1998,6,1,13,57,10.41,4.02,3.1,EMECv20191114,10036409,3.1,FALSE,FALSE,TRUE,FALSE,FALSE,6/1/98
13.197,43.159,1962,10,5,23,0,43,4.35,3.1,EMECv20191114,10015584,nan,FALSE,TRUE,TRUE,TRUE,TRUE,10/5/62
15.832,37.317,1999,10,14,13,23,51.48,4.36,3.1,EMECv20191114,10037941,3.1,TRUE,TRUE,TRUE,TRUE,TRUE,10/14/99
14.5,46.05,1866,2,2,1,27,0,4.51,3.1,SERA_histv1.1,10004030,3.1,TRUE,TRUE,TRUE,TRUE,TRUE,1866-02-02
12.508,44.061,1911,3,26,13,51,0,5.04,3.1,EMECv20191114,10007304,nan,FALSE,FALSE,TRUE,TRUE,TRUE,3/26/11
13.138,43.737,1924,1,2,8,55,13,5.48,3.1,EMECv20191114,10009274,nan,TRUE,TRUE,TRUE,TRUE,FALSE,1/2/24
10.167,46.783,1861,12,30,7,0,0,3.5,3,SERA_histv1.1,10003925,nan,TRUE,TRUE,TRUE,TRUE,TRUE,1861-12-30
10.45,46.883,1882,1,8,4,30,0,3.5,3,SERA_histv1.1,10004611,nan,TRUE,TRUE,TRUE,TRUE,TRUE,1882-01-08
10.117,46.733,1893,5,21,17,25,0,3.5,3,SERA_histv1.1,10005150,nan,TRUE,TRUE,TRUE,TRUE,TRUE,1893-05-21
7.633,46.15,1895,8,21,8,15,0,3.5,3,SERA_histv1.1,10005302,nan,TRUE,TRUE,TRUE,TRUE,TRUE,1895-08-21
7.05,46.25,1918,12,31,4,25,0,3.5,3,EMECv20191114,10008540,nan,FALSE,FALSE,TRUE,TRUE,TRUE,12/31/18
9.95,46.433,1919,9,14,22,45,0,3.5,3,EMECv20191114,10008617,nan,FALSE,FALSE,TRUE,TRUE,TRUE,9/14/19
9.083,47,1922,11,8,22,24,0,3.5,3,EMECv20191114,10009089,nan,TRUE,TRUE,TRUE,TRUE,TRUE,11/8/22
7.083,46.083,1939,8,23,10,47,0,3.5,3,EMECv20191114,10011567,nan,TRUE,TRUE,TRUE,TRUE,TRUE,8/23/39
8.267,46.817,1942,8,28,11,28,58,3.5,3,EMECv20191114,10011971,nan,TRUE,TRUE,TRUE,TRUE,TRUE,8/28/42
8.15,46.84,1949,11,13,17,21,0,3.5,3,EMECv20191114,10012822,nan,TRUE,TRUE,TRUE,TRUE,TRUE,11/13/49
7.417,46.283,1950,9,15,4,12,0,3.5,3,EMECv20191114,10012947,nan,TRUE,TRUE,TRUE,TRUE,TRUE,9/15/50
7.267,46.3,1950,11,9,14,32,0,3.5,3,EMECv20191114,10012971,nan,TRUE,TRUE,TRUE,TRUE,TRUE,11/9/50
7.4,46.483,1950,11,19,7,3,0,3.5,3,EMECv20191114,10012973,3,FALSE,FALSE,TRUE,TRUE,TRUE,11/19/50
7.317,46.233,1952,5,9,8,14,0,3.5,3,EMECv20191114,10013193,nan,FALSE,FALSE,TRUE,TRUE,TRUE,5/9/52
7.4,46.3,1954,5,30,11,31,0,3.5,3,EMECv20191114,10013716,nan,FALSE,FALSE,TRUE,TRUE,TRUE,5/30/54
7.283,46.367,1955,7,3,18,41,0,3.5,3,EMECv20191114,10013991,nan,FALSE,FALSE,TRUE,TRUE,TRUE,7/3/55
9.75,46.75,1958,8,29,5,39,31,3.5,3,EMECv20191114,10014706,nan,TRUE,TRUE,TRUE,TRUE,TRUE,8/29/58
8.85,46.85,1959,6,6,1,22,34,3.5,3,EMECv20191114,10014874,nan,TRUE,TRUE,TRUE,TRUE,TRUE,6/6/59
9.783,46.6,1959,7,3,4,58,34,3.5,3,EMECv20191114,10014901,nan,TRUE,TRUE,TRUE,TRUE,TRUE,7/3/59
7.433,46.233,1961,6,2,1,54,0,3.5,3,EMECv20191114,10015279,nan,TRUE,TRUE,TRUE,TRUE,TRUE,6/2/61
7.4,46.283,1965,11,11,11,52,28,3.5,3,EMECv20191114,10016406,nan,FALSE,FALSE,TRUE,TRUE,TRUE,11/11/65
19.64,40.69,2012,9,9,10,23,25.6,3.51,3,EMECv20191114,10058310,3,TRUE,FALSE,TRUE,FALSE,FALSE,9/9/12
19.86,40.7,2013,2,5,9,5,26.58,3.51,3,EMECv20191114,10058798,3,FALSE,TRUE,TRUE,FALSE,FALSE,2/5/13
19.02,42.01,1979,4,19,7,7,5.4,3.53,3,EMECv20191114,10022521,3,FALSE,FALSE,FALSE,FALSE,FALSE,4/19/79
17.6,43,1905,1,5,15,10,0,3.54,3,EMECv20191114,10006301,3,TRUE,TRUE,TRUE,TRUE,TRUE,1/5/05
18.74,42.63,1978,7,30,0,0,22,3.55,3,EMECv20191114,10022189,3,FALSE,TRUE,TRUE,TRUE,FALSE,7/30/78
19.215,41.859,1979,4,18,11,11,59,3.55,3,EMECv20191114,10022512,3,FALSE,FALSE,FALSE,FALSE,FALSE,4/18/79
18.855,42.227,1979,6,5,13,1,1.1,3.55,3,EMECv20191114,10022649,3,FALSE,FALSE,FALSE,FALSE,FALSE,6/5/79
20.48,39.54,1995,6,8,0,49,5.35,3.55,3,EMECv20191114,10032185,3,FALSE,FALSE,TRUE,FALSE,FALSE,6/8/95
20.18,39.274,2007,6,29,21,41,34.22,3.55,3,EMECv20191114,10049256,3,FALSE,FALSE,FALSE,FALSE,FALSE,6/29/07
20.3,39.299,2007,6,30,1,37,57.89,3.55,3,EMECv20191114,10049265,3,FALSE,FALSE,FALSE,FALSE,FALSE,6/30/07
20.116,39.307,2007,6,30,22,17,52.04,3.55,3,EMECv20191114,10049280,3,FALSE,FALSE,FALSE,FALSE,FALSE,6/30/07
19.72,40.25,2008,7,14,7,16,38.4,3.55,3,EMECv20191114,10052115,3,FALSE,FALSE,TRUE,FALSE,FALSE,7/14/08
14.41,47.15,1905,2,2,22,55,0,3.59,3,EMECv20191114,10006313,3,TRUE,TRUE,TRUE,TRUE,TRUE,2/2/05
19.3,42,1982,10,29,8,17,37.9,3.62,3,EMECv20191114,10024620,nan,TRUE,TRUE,TRUE,TRUE,FALSE,10/29/82
20.623,39.877,2003,12,6,21,15,8.7,3.64,3,EMECv20191114,10042905,3,FALSE,FALSE,TRUE,TRUE,FALSE,12/6/03
20.605,40.021,2007,6,19,0,50,59.82,3.64,3,EMECv20191114,10049184,3,FALSE,FALSE,FALSE,FALSE,FALSE,6/19/07
20.126,39.27,2007,6,29,19,22,24.7,3.64,3,EMECv20191114,10049248,3,FALSE,FALSE,FALSE,FALSE,FALSE,6/29/07
20.241,39.292,2007,6,29,22,54,52.8,3.64,3,EMECv20191114,10049261,3,FALSE,FALSE,FALSE,FALSE,FALSE,6/29/07
20.305,39.274,2007,6,30,6,49,2.75,3.64,3,EMECv20191114,10049269,3,FALSE,FALSE,FALSE,FALSE,FALSE,6/30/07
18.0952,43.0828,2007,1,1,4,37,26.3,3.65,3,EMECv20191114,10047956,3,TRUE,TRUE,TRUE,TRUE,FALSE,1/1/07
20.2676,41.0209,2008,2,14,11,35,35.8,3.65,3,EMECv20191114,10050717,3,TRUE,TRUE,TRUE,FALSE,FALSE,2/14/08
15.2277,43.8051,2008,3,15,4,28,44.7,3.65,3,EMECv20191114,10051020,3,TRUE,TRUE,TRUE,TRUE,FALSE,3/15/08
20.1603,41.1494,2008,9,19,13,14,48.9,3.65,3,EMECv20191114,10052466,3,FALSE,TRUE,TRUE,FALSE,FALSE,9/19/08
20.435,41.432,2009,9,7,16,27,50.3,3.65,3,EMECv20191114,10053868,3,FALSE,FALSE,FALSE,FALSE,FALSE,9/7/09
19.694,40.101,2010,2,5,18,57,15,3.65,3,EMECv20191114,10054489,3,FALSE,TRUE,TRUE,FALSE,FALSE,2/5/10
20.75,40.86,2013,1,23,20,30,52.25,3.66,3,EMECv20191114,10058762,3,FALSE,FALSE,TRUE,FALSE,FALSE,1/23/13
19.45,41.25,2014,4,27,21,0,50.51,3.66,3,EMECv20191114,10060561,3,FALSE,TRUE,TRUE,FALSE,FALSE,4/27/14
19.55,41.41,2014,5,24,13,56,0.49,3.66,3,EMECv20191114,10060660,3,FALSE,FALSE,TRUE,FALSE,FALSE,5/24/14
8.908,46.905,2003,5,6,21,59,43.4,3.67,3,EMECv20191114,10041999,3,TRUE,TRUE,TRUE,TRUE,TRUE,5/6/03
9.326,44.69,2005,4,13,18,46,7.69,3.68,3,EMECv20191114,10044950,3,FALSE,FALSE,TRUE,TRUE,TRUE,4/13/05
10.36,46.712,1983,8,31,0,18,27.8,3.7,3,EMECv20191114,10025267,3,FALSE,FALSE,TRUE,TRUE,TRUE,8/31/83
15.333,45.667,1914,3,24,9,18,53,3.72,3,EMECv20191114,10007756,3,TRUE,TRUE,TRUE,TRUE,TRUE,3/24/14
18.79,42.2,1979,4,30,17,0,5.4,3.72,3,EMECv20191114,10022560,3,FALSE,FALSE,FALSE,FALSE,FALSE,4/30/79
20.49,39.62,1995,5,25,23,34,46.49,3.73,3,EMECv20191114,10032123,3,FALSE,FALSE,TRUE,FALSE,FALSE,5/25/95
20.697,39.991,2007,5,8,11,10,42.27,3.73,3,EMECv20191114,10048936,3,TRUE,TRUE,TRUE,FALSE,FALSE,5/8/07
20.411,39.335,2007,5,14,1,6,37.58,3.73,3,EMECv20191114,10048971,3,FALSE,TRUE,TRUE,FALSE,FALSE,5/14/07
20.139,39.295,2007,6,29,21,0,3.04,3.73,3,EMECv20191114,10049253,3,FALSE,FALSE,FALSE,FALSE,FALSE,6/29/07
20.05,39.325,2007,7,9,18,12,36.88,3.73,3,EMECv20191114,10049353,3,FALSE,FALSE,FALSE,FALSE,FALSE,7/9/07
20.205,39.247,2007,8,21,21,28,46.27,3.73,3,EMECv20191114,10049689,3,FALSE,FALSE,FALSE,FALSE,FALSE,8/21/07
17.834,43.028,1997,1,23,5,57,0,3.74,3,EMECv20191114,10034736,3,FALSE,FALSE,TRUE,FALSE,FALSE,1/23/97
17.6492,42.9127,1998,11,28,21,5,4,3.74,3,EMECv20191114,10036883,3,TRUE,TRUE,TRUE,TRUE,FALSE,11/28/98
19.755,40.418,2009,8,17,23,52,11,3.74,3,EMECv20191114,10053790,3,TRUE,TRUE,TRUE,FALSE,FALSE,8/17/09
9.528,46.855,1573,6,5,0,0,0,3.79,3,SERA_histv1.1,10000791,nan,TRUE,TRUE,TRUE,TRUE,TRUE,1573-06-05
8.999,46.921,1701,12,12,19,0,0,3.79,3,SERA_histv1.1,10001552,nan,TRUE,TRUE,TRUE,TRUE,TRUE,1701-12-12
7.373,46.554,1762,6,15,0,0,0,3.79,3,SERA_histv1.1,10002132,nan,TRUE,TRUE,TRUE,TRUE,TRUE,1762-06-15
9.528,46.855,1810,1,14,0,0,0,3.79,3,SERA_histv1.1,10002802,nan,TRUE,TRUE,TRUE,TRUE,TRUE,1810-01-14
9.651,46.583,1813,4,13,0,0,0,3.79,3,SERA_histv1.1,10002854,nan,TRUE,TRUE,TRUE,TRUE,TRUE,1813-04-13
9.89,46.552,1853,4,15,4,30,0,3.79,3,SERA_histv1.1,10003594,nan,TRUE,TRUE,TRUE,TRUE,TRUE,1853-04-15
7.881,46.292,1855,8,13,11,45,0,3.79,3,SERA_histv1.1,10003667,nan,TRUE,TRUE,TRUE,TRUE,TRUE,1855-08-13
7.844,46.271,1855,9,12,0,0,0,3.79,3,SERA_histv1.1,10003682,nan,TRUE,TRUE,TRUE,TRUE,TRUE,1855-09-12
7.852,46.237,1855,11,30,0,0,0,3.79,3,SERA_histv1.1,10003719,nan,TRUE,TRUE,TRUE,TRUE,TRUE,1855-11-30
7.799,46.285,1856,1,12,5,0,0,3.79,3,SERA_histv1.1,10003736,nan,TRUE,TRUE,TRUE,TRUE,TRUE,1856-01-12
20.406,39.394,2004,8,7,3,51,46.66,3.82,3,EMECv20191114,10043901,3,FALSE,FALSE,TRUE,FALSE,FALSE,8/7/04
19.586,39.742,2006,6,28,0,58,56.98,3.82,3,EMECv20191114,10047216,3,FALSE,TRUE,TRUE,FALSE,FALSE,6/28/06
20.26,39.264,2007,6,29,21,40,1.73,3.82,3,EMECv20191114,10049255,3,FALSE,FALSE,FALSE,FALSE,FALSE,6/29/07
20.201,39.283,2007,6,29,21,51,35.8,3.82,3,EMECv20191114,10049257,3,FALSE,FALSE,FALSE,FALSE,FALSE,6/29/07
20.204,39.34,2007,6,29,22,56,24.44,3.82,3,EMECv20191114,10049262,3,FALSE,FALSE,FALSE,FALSE,FALSE,6/29/07
20.25,39.266,2007,6,30,9,8,57.68,3.82,3,EMECv20191114,10049272,3,FALSE,FALSE,FALSE,FALSE,FALSE,6/30/07
20.116,39.311,2007,6,30,10,10,18.8,3.82,3,EMECv20191114,10049273,3,FALSE,FALSE,FALSE,FALSE,FALSE,6/30/07
19.342,41.946,1979,11,6,8,5,27.3,3.83,3,EMECv20191114,10022889,3,FALSE,FALSE,TRUE,FALSE,FALSE,11/6/79
7.826,46.211,1855,8,29,20,0,0,3.86,3,SERA_histv1.1,10003678,nan,TRUE,TRUE,TRUE,TRUE,TRUE,1855-08-29
13.6,46.42,1887,12,9,0,30,0,3.87,3,SERA_histv1.1,10004903,3,TRUE,TRUE,TRUE,TRUE,TRUE,1887-12-09
15.4,44.6,1905,10,15,8,30,0,3.88,3,EMECv20191114,10006414,3,TRUE,TRUE,TRUE,TRUE,TRUE,10/15/05
9.55,47.017,1623,7,29,0,0,0,3.9,3,SERA_histv1.1,10001032,nan,TRUE,TRUE,TRUE,TRUE,TRUE,1623-07-29
7.767,46,1844,4,1,0,0,0,3.9,3,SERA_histv1.1,10003396,nan,TRUE,TRUE,TRUE,TRUE,TRUE,1844-04-01
10.1,46.7,1863,11,18,0,0,0,3.9,3,SERA_histv1.1,10003985,nan,TRUE,TRUE,TRUE,TRUE,TRUE,1863-11-18
6.883,46.45,1903,11,3,10,29,0,3.9,3,EMECv20191114,10006132,nan,FALSE,TRUE,TRUE,TRUE,TRUE,11/3/03
10.317,46.65,1964,4,6,2,37,56,3.9,3,EMECv20191114,10015902,3,TRUE,TRUE,TRUE,TRUE,TRUE,4/6/64
16.64,43.19,1940,7,19,20,9,38,3.91,3,EMECv20191114,10011668,3,FALSE,FALSE,TRUE,TRUE,TRUE,7/19/40
20.113,39.314,2007,6,29,19,44,56.63,3.91,3,EMECv20191114,10049250,3,FALSE,FALSE,FALSE,FALSE,FALSE,6/29/07
20.219,39.28,2007,6,30,1,9,15.69,3.91,3,EMECv20191114,10049264,3,FALSE,FALSE,FALSE,FALSE,FALSE,6/30/07
20.236,39.276,2007,6,30,11,21,12.32,3.91,3,EMECv20191114,10049275,3,FALSE,FALSE,FALSE,FALSE,FALSE,6/30/07
19.037,40.133,2010,11,29,11,17,32.8,3.93,3,EMECv20191114,10055490,3,FALSE,FALSE,TRUE,FALSE,FALSE,11/29/10
6.25,45.667,1924,8,14,2,18,0,4,3,EMECv20191114,10009352,nan,TRUE,TRUE,TRUE,TRUE,TRUE,8/14/24
20.324,40.731,1996,4,20,4,48,5.68,4,3,EMECv20191114,10033565,3,TRUE,TRUE,TRUE,FALSE,FALSE,4/20/96
20.168,39.305,2007,6,30,9,1,46.43,4,3,EMECv20191114,10049271,3,FALSE,FALSE,FALSE,FALSE,FALSE,6/30/07
16.66,43.14,1940,7,19,10,12,15,4.01,3,EMECv20191114,10011667,3,TRUE,TRUE,TRUE,TRUE,TRUE,7/19/40
17.139,43.202,1962,1,13,0,55,10.2,4.01,3,EMECv20191114,10015387,3,FALSE,FALSE,FALSE,FALSE,FALSE,1/13/62
17.4103,42.8649,2009,5,1,21,39,35.3,4.02,3,EMECv20191114,10053344,3,TRUE,TRUE,TRUE,TRUE,FALSE,5/1/09
20.152,39.25,2007,6,29,21,5,44.89,4.09,3,EMECv20191114,10049254,3,FALSE,FALSE,FALSE,FALSE,FALSE,6/29/07
20.238,39.268,2007,6,30,7,34,55.17,4.09,3,EMECv20191114,10049270,3,FALSE,FALSE,FALSE,FALSE,FALSE,6/30/07
14.958,38.468,1915,6,12,21,11,0,4.16,3,EMECv20191114,10007954,nan,TRUE,TRUE,TRUE,TRUE,TRUE,6/12/15
15.6,43.9,1923,1,30,3,37,0,4.18,3,EMECv20191114,10009123,nan,TRUE,TRUE,TRUE,TRUE,TRUE,1/30/23
20.618,39.813,2004,2,12,21,50,10.44,4.18,3,EMECv20191114,10043113,3,FALSE,FALSE,TRUE,TRUE,FALSE,2/12/04
20.19,39.248,2007,6,29,20,56,26.19,4.18,3,EMECv20191114,10049252,3,FALSE,FALSE,FALSE,FALSE,FALSE,6/29/07
20.231,39.255,2007,6,29,19,24,22.28,4.27,3,EMECv20191114,10049249,3,FALSE,FALSE,FALSE,FALSE,FALSE,6/29/07
7.88,46.25,1857,11,4,7,15,0,4.3,3,SERA_histv1.1,10003799,nan,TRUE,TRUE,TRUE,TRUE,TRUE,1857-11-04
9.1,47,1900,8,6,23,0,0,4.3,3,EMECv20191114,10005758,nan,TRUE,TRUE,TRUE,TRUE,TRUE,8/6/00
7.467,46.033,1961,1,17,1,51,57,4.3,3,EMECv20191114,10015220,nan,TRUE,TRUE,TRUE,TRUE,TRUE,1/17/61
19.06,42.05,1979,4,18,19,51,13.1,4.3,3,EMECv20191114,10022515,3,FALSE,FALSE,FALSE,FALSE,FALSE,4/18/79
14.691,37.266,1878,10,4,0,46,0,4.32,3,SERA_histv1.1,10004453,nan,TRUE,TRUE,TRUE,TRUE,TRUE,1878-10-04
19.873,38.632,2007,3,9,3,45,23.73,4.36,3,EMECv20191114,10048294,3,FALSE,TRUE,TRUE,FALSE,FALSE,3/9/07
20.241,39.263,2007,6,29,18,43,27.78,4.36,3,EMECv20191114,10049246,3,FALSE,FALSE,FALSE,FALSE,FALSE,6/29/07
14.807,36.904,1980,1,23,21,0,0,4.39,3,EMECv20191114,10022974,nan,TRUE,TRUE,TRUE,TRUE,TRUE,1/23/80
19.69,40.7,2014,3,3,10,13,7.21,4.4,3,EMECv20191114,10060378,3,FALSE,TRUE,TRUE,FALSE,FALSE,3/3/14
11.257,43.773,1551,9,26,16,30,0,4.43,3,SERA_histv1.1,10000709,nan,TRUE,TRUE,TRUE,TRUE,TRUE,1551-09-26
14.778,37.189,1892,1,22,23,47,0,4.43,3,SERA_histv1.1,10005068,nan,TRUE,TRUE,TRUE,TRUE,TRUE,1892-01-22
20.0009,41.0945,1984,3,30,10,15,21.75,4.5,3,EMECv20191114,10025638,3,TRUE,TRUE,TRUE,TRUE,FALSE,3/30/84
19.6045,40.1598,2006,9,2,23,27,17.65,4.5,3,EMECv20191114,10047527,3,FALSE,FALSE,FALSE,FALSE,FALSE,9/2/06
11.5,47.3,1914,8,31,13,26,0,4.59,3,EMECv20191114,10007809,3,TRUE,TRUE,TRUE,TRUE,TRUE,8/31/14
11.4,47.3,1955,5,22,4,57,0,4.6,3,EMECv20191114,10013965,3,TRUE,TRUE,TRUE,TRUE,TRUE,5/22/55
19.6272,40.8556,1978,12,8,19,2,8.65,4.6,3,EMECv20191114,10022317,3,FALSE,FALSE,TRUE,TRUE,FALSE,12/8/78
14.964,38.344,1892,3,7,11,58,0,4.62,3,SERA_histv1.1,10005072,nan,TRUE,TRUE,TRUE,TRUE,TRUE,1892-03-07
20.204,39.284,2007,6,29,22,41,43.4,4.64,3,EMECv20191114,10049260,3,FALSE,FALSE,FALSE,FALSE,FALSE,6/29/07
13.465,43.688,1972,6,14,18,55,52.54,4.68,3,EMECv20191114,10019619,3,TRUE,TRUE,TRUE,TRUE,TRUE,6/14/72
20.782,40.2139,1974,9,18,9,7,2.34,4.7,3,EMECv20191114,10020458,3,FALSE,FALSE,TRUE,TRUE,FALSE,9/18/74
20.3457,39.4986,2003,5,29,11,38,8.26,4.7,3,EMECv20191114,10042198,3,FALSE,FALSE,TRUE,FALSE,FALSE,5/29/03
15.229,44.112,1407,6,25,0,0,0,4.72,3,SERA_histv1.1,10000331,nan,TRUE,TRUE,TRUE,TRUE,TRUE,1407-06-25
10.304,46.55,1999,12,29,20,42,34.8,4.78,3,EMECv20191114,10038253,nan,TRUE,TRUE,TRUE,TRUE,TRUE,12/29/99
10.11,46.703,1827,4,2,0,20,0,4.81,3,SERA_histv1.1,10003054,nan,TRUE,TRUE,TRUE,TRUE,TRUE,1827-04-02
20.5,39.95,1970,10,30,23,51,47,4.9,3,EMECv20191114,10018963,3,FALSE,FALSE,TRUE,TRUE,FALSE,10/30/70
12.728,42.796,1804,7,28,23,0,0,4.92,3,SERA_histv1.1,10002701,nan,TRUE,TRUE,TRUE,TRUE,TRUE,1804-07-28
16.5,43,1886,6,27,1,5,0,4.93,3,SERA_histv1.1,10004826,nan,TRUE,TRUE,TRUE,TRUE,TRUE,1886-06-27
10.183,44.8,1940,5,1,9,36,5,5.06,3,EMECv20191114,10011638,nan,TRUE,TRUE,TRUE,TRUE,TRUE,5/1/40
20.7,40.7,1896,6,2,17,54,0,5.71,3,SERA_histv1.1,10005361,nan,TRUE,TRUE,TRUE,TRUE,TRUE,1896-06-02
19.845,40.736,1851,12,29,10,30,0,5.75,3,SERA_histv1.1,10003543,nan,TRUE,TRUE,TRUE,TRUE,TRUE,1851-12-29
12.299,43.527,1389,10,18,0,0,0,6.02,3,SERA_histv1.1,10000294,nan,TRUE,TRUE,TRUE,TRUE,TRUE,1389-10-18
12.975,46.372,1928,3,27,8,32,0,6.02,3,EMECv20191114,10009964,nan,TRUE,TRUE,TRUE,TRUE,TRUE,3/27/28
19.956,40.703,1713,1,1,0,0,0,6.33,3,SERA_histv1.1,10001644,nan,TRUE,TRUE,TRUE,TRUE,TRUE,1713-01-01
12.744,43.266,2000,8,11,4,33,48.84,3.58,2.9,EMECv20191114,10038937,2.9,FALSE,FALSE,TRUE,TRUE,FALSE,8/11/00
13.767,46.15,1902,2,11,15,15,0,3.73,2.9,EMECv20191114,10005912,2.9,TRUE,TRUE,TRUE,TRUE,TRUE,2/11/02
14.3,46,1907,1,19,20,30,0,3.73,2.9,EMECv20191114,10006596,2.9,TRUE,TRUE,TRUE,TRUE,TRUE,1/19/07
15.1,45.767,1909,12,30,4,5,0,3.73,2.9,EMECv20191114,10007097,2.9,TRUE,TRUE,TRUE,TRUE,TRUE,12/30/09
15.233,45.55,1910,2,2,5,3,0,3.73,2.9,EMECv20191114,10007114,2.9,FALSE,TRUE,TRUE,TRUE,TRUE,2/2/10
14.092,37.993,1991,1,7,11,42,55.44,3.79,2.9,EMECv20191114,10029175,2.9,TRUE,TRUE,TRUE,TRUE,TRUE,1/7/91
14.333,45.983,1941,1,17,20,30,0,4.05,2.9,EMECv20191114,10011760,2.9,TRUE,TRUE,TRUE,TRUE,TRUE,1/17/41
14.25,46.1,1949,8,19,8,15,0,4.05,2.9,EMECv20191114,10012790,2.9,FALSE,FALSE,TRUE,TRUE,TRUE,8/19/49
14.25,46.1,1949,8,19,11,0,0,4.05,2.9,EMECv20191114,10012791,2.9,FALSE,TRUE,FALSE,FALSE,FALSE,8/19/49
12.436,43.442,1693,2,22,8,30,0,4.2,2.9,SERA_histv1.1,10001464,nan,TRUE,TRUE,TRUE,TRUE,TRUE,1693-02-22
13.117,46.407,1911,2,8,2,54,0,4.26,2.9,EMECv20191114,10007265,nan,TRUE,TRUE,TRUE,TRUE,TRUE,2/8/11
12.147,43.391,1891,12,8,0,0,0,4.33,2.9,SERA_histv1.1,10005059,nan,TRUE,TRUE,TRUE,TRUE,TRUE,1891-12-08
13.072,46.501,1953,7,25,1,34,0,4.4,2.9,EMECv20191114,10013432,nan,TRUE,TRUE,TRUE,TRUE,TRUE,7/25/53
13.056,42.362,1998,8,15,5,18,8.89,4.42,2.9,EMECv20191114,10036604,2.9,TRUE,TRUE,TRUE,FALSE,FALSE,8/15/98
10.296,44.696,1818,12,9,18,55,0,5.27,2.9,SERA_histv1.1,10002939,nan,TRUE,TRUE,TRUE,TRUE,TRUE,1818-12-09
13.119,46.241,1976,5,6,20,0,0,6.45,2.9,EMECv20191114,10021167,nan,TRUE,TRUE,TRUE,TRUE,TRUE,5/6/76
13.53,42.014,1915,1,13,6,52,43,7.08,2.9,EMECv20191114,10007890,nan,TRUE,TRUE,TRUE,TRUE,TRUE,1/13/15
13.686,46.326,1998,11,24,13,49,32.1,3.53,2.8,EMECv20191114,10036876,2.8,FALSE,TRUE,TRUE,TRUE,TRUE,11/24/98
17.03,43.088,1962,1,21,19,43,5.8,3.81,2.8,EMECv20191114,10015403,2.8,FALSE,FALSE,FALSE,FALSE,FALSE,1/21/62
12.86,42.402,1903,5,26,21,7,0,3.93,2.8,EMECv20191114,10006078,nan,TRUE,TRUE,TRUE,TRUE,TRUE,5/26/03
12.909,42.939,1997,10,16,4,52,55.7,4.05,2.8,EMECv20191114,10035642,2.8,FALSE,FALSE,FALSE,FALSE,FALSE,10/16/97
14.67,46.337,1840,8,30,5,0,0,4.14,2.8,SERA_histv1.1,10003313,nan,TRUE,TRUE,TRUE,TRUE,TRUE,1840-08-30
12.903,42.925,1997,10,4,6,49,59.51,4.38,2.8,EMECv20191114,10035577,2.8,FALSE,FALSE,FALSE,FALSE,FALSE,10/4/97
15.47,45.59,1865,12,24,4,35,0,4.51,2.8,SERA_histv1.1,10004023,nan,TRUE,TRUE,TRUE,TRUE,TRUE,1865-12-24
11.0242,44.881,2012,6,19,21,48,28.67,3.57,2.7,EMECv20191114,10058071,2.7,FALSE,FALSE,FALSE,FALSE,FALSE,6/19/12
15.91,38.463,1785,4,13,7,0,0,3.74,2.7,SERA_histv1.1,10002494,nan,TRUE,TRUE,TRUE,TRUE,TRUE,1785-04-13
7.267,43.7,1799,3,5,4,0,0,3.89,2.7,SERA_histv1.1,10002654,nan,TRUE,TRUE,TRUE,TRUE,TRUE,1799-03-05
14.079,38.719,2000,11,7,9,23,19.8,4.06,2.7,EMECv20191114,10039173,2.7,TRUE,TRUE,TRUE,TRUE,TRUE,11/7/00
12.66,43.013,1936,4,5,18,10,0,4.16,2.7,EMECv20191114,10011181,nan,TRUE,TRUE,TRUE,TRUE,TRUE,4/5/36
11.62,44.835,1594,10,3,0,0,0,4.2,2.7,SERA_histv1.1,10000895,nan,TRUE,TRUE,TRUE,TRUE,TRUE,1594-10-03
8.652,44.111,1971,9,25,10,34,2.4,4.33,2.7,EMECv20191114,10019367,2.7,TRUE,TRUE,TRUE,TRUE,TRUE,9/25/71
9.659,44.857,1910,1,23,1,50,0,4.39,2.7,EMECv20191114,10007107,nan,TRUE,TRUE,TRUE,TRUE,TRUE,1/23/10
8.337,43.819,1903,4,4,1,41,0,4.45,2.7,EMECv20191114,10006060,nan,TRUE,TRUE,TRUE,TRUE,TRUE,4/4/03
16.879,39.682,1988,4,13,21,28,27.56,4.86,2.7,EMECv20191114,10027605,2.7,TRUE,TRUE,TRUE,TRUE,TRUE,4/13/88
11.387,44.445,1929,4,10,5,44,0,5.05,2.7,EMECv20191114,10010161,nan,FALSE,FALSE,TRUE,TRUE,TRUE,4/10/29
13.902,43.198,1987,7,3,10,21,57.64,5.06,2.7,EMECv20191114,10027247,2.7,TRUE,TRUE,TRUE,TRUE,TRUE,7/3/87
11.564,43.457,1558,4,13,9,0,0,5.94,2.7,SERA_histv1.1,10000729,nan,TRUE,TRUE,TRUE,TRUE,TRUE,1558-04-13
8.12,43.34,1963,7,19,5,46,1.5,5.95,2.7,EMECv20191114,10015730,nan,TRUE,TRUE,TRUE,TRUE,TRUE,7/19/63
12.793,43.246,2001,4,16,8,51,53.56,3.57,2.6,EMECv20191114,10039717,2.6,TRUE,TRUE,TRUE,TRUE,FALSE,4/16/01
13.57,45.92,1897,1,14,14,45,0,3.87,2.6,SERA_histv1.1,10005415,2.6,TRUE,TRUE,TRUE,TRUE,TRUE,1897-01-14
15.05,45.717,1909,4,7,6,30,0,4.05,2.6,EMECv20191114,10006953,2.6,FALSE,FALSE,TRUE,TRUE,TRUE,4/7/09
15.217,45.567,1920,5,22,18,30,0,4.05,2.6,EMECv20191114,10008743,2.6,FALSE,FALSE,TRUE,TRUE,FALSE,5/22/20
9.392,44.548,1910,9,6,3,20,0,4.13,2.6,EMECv20191114,10007216,nan,TRUE,TRUE,TRUE,TRUE,TRUE,9/6/10
14.5,46.1,1895,1,11,22,20,0,4.93,2.6,SERA_histv1.1,10005242,nan,TRUE,TRUE,TRUE,TRUE,TRUE,1895-01-11
12.917,44.167,1916,8,15,14,18,0,4.93,2.6,EMECv20191114,10008187,nan,FALSE,FALSE,FALSE,FALSE,FALSE,8/15/16
13.039,46.506,1956,11,5,19,45,0,5.04,2.6,EMECv20191114,10014276,nan,TRUE,TRUE,TRUE,TRUE,TRUE,11/5/56
20.091,41.119,1380,1,1,0,0,0,6.07,2.6,SERA_histv1.1,10000280,nan,TRUE,TRUE,TRUE,TRUE,TRUE,1380-01-01
13.73,38.456,2002,10,3,7,40,28.89,3.66,2.5,EMECv20191114,10041303,2.5,FALSE,FALSE,FALSE,FALSE,FALSE,10/3/02
15.25,45.6,1909,3,11,2,30,0,3.73,2.5,EMECv20191114,10006940,2.5,FALSE,TRUE,TRUE,TRUE,TRUE,3/11/09
12.866,43.046,1997,9,27,4,57,15.6,3.9,2.5,EMECv20191114,10035540,2.5,FALSE,FALSE,FALSE,FALSE,FALSE,9/27/97
13.026,42.798,1930,10,7,9,18,29,3.93,2.5,EMECv20191114,10010405,nan,TRUE,TRUE,TRUE,TRUE,FALSE,10/7/30
12.904,43.02,1997,12,7,6,34,24.35,3.94,2.5,EMECv20191114,10035940,2.5,FALSE,FALSE,TRUE,FALSE,FALSE,12/7/97
15.083,45.75,1915,11,23,22,0,0,4.05,2.5,EMECv20191114,10008094,2.5,FALSE,TRUE,TRUE,TRUE,TRUE,11/23/15
15.133,45.933,1946,12,26,20,15,0,4.05,2.5,EMECv20191114,10012430,2.5,TRUE,TRUE,TRUE,TRUE,TRUE,12/26/46
15.25,45.65,1949,3,15,5,38,12,4.05,2.5,EMECv20191114,10012736,2.5,TRUE,TRUE,TRUE,TRUE,TRUE,3/15/49
11.1,44.857,2012,5,29,10,3,25.76,4.1,2.5,EMECv20191114,10057949,2.5,FALSE,FALSE,FALSE,FALSE,FALSE,5/29/12
13.399,42.351,1462,3,27,2,0,0,4.2,2.5,SERA_histv1.1,10000423,nan,TRUE,TRUE,TRUE,TRUE,TRUE,1462-03-27
13.227,46.273,1976,9,11,16,48,55.57,4.37,2.5,EMECv20191114,10021356,2.5,FALSE,FALSE,FALSE,FALSE,FALSE,9/11/76
13.621,43.366,1874,2,3,6,0,0,4.43,2.5,SERA_histv1.1,10004299,nan,TRUE,TRUE,TRUE,TRUE,TRUE,1874-02-03
13.139,43.132,1898,11,27,1,0,0,4.43,2.5,SERA_histv1.1,10005619,nan,TRUE,TRUE,TRUE,TRUE,TRUE,1898-11-27
12.637,42.655,1895,5,20,15,32,0,4.52,2.5,SERA_histv1.1,10005284,nan,TRUE,TRUE,TRUE,TRUE,TRUE,1895-05-20
15.217,45.767,1934,12,19,6,14,5,5.03,2.5,EMECv20191114,10011009,2.5,TRUE,TRUE,TRUE,TRUE,FALSE,12/19/34
18.413,42.066,1998,7,27,7,49,58.1,3.53,2.4,EMECv20191114,10036571,2.4,TRUE,TRUE,TRUE,TRUE,FALSE,7/27/98
15.16,45.567,1921,3,10,10,40,0,3.73,2.4,EMECv20191114,10008855,2.4,FALSE,FALSE,TRUE,TRUE,FALSE,3/10/21
12.438,46.049,1875,10,24,20,13,0,3.74,2.4,SERA_histv1.1,10004346,nan,TRUE,TRUE,TRUE,TRUE,TRUE,1875-10-24
15.13,45.73,1899,3,20,18,40,0,3.87,2.4,SERA_histv1.1,10005641,2.4,TRUE,TRUE,TRUE,TRUE,TRUE,1899-03-20
12.251,46.142,1925,7,4,17,48,0,3.87,2.4,EMECv20191114,10009497,nan,TRUE,TRUE,TRUE,TRUE,TRUE,7/4/25
15.217,45.783,1906,2,21,17,0,0,4.05,2.4,EMECv20191114,10006477,2.4,TRUE,FALSE,TRUE,TRUE,TRUE,2/21/06
10.882,45.917,1942,6,20,14,42,0,4.16,2.4,EMECv20191114,10011945,nan,TRUE,TRUE,TRUE,TRUE,TRUE,6/20/42
12.453,46.099,1895,2,27,15,38,0,4.35,2.4,SERA_histv1.1,10005253,nan,TRUE,TRUE,TRUE,TRUE,TRUE,1895-02-27
11.8,46.017,1940,1,3,19,15,0,4.4,2.4,EMECv20191114,10011600,nan,TRUE,TRUE,TRUE,TRUE,TRUE,1/3/40
15.2,45.75,1915,8,25,7,30,0,4.5,2.4,EMECv20191114,10008045,nan,TRUE,TRUE,TRUE,TRUE,TRUE,8/25/15
14.82,46.07,1939,5,6,4,10,11,4.6,2.4,EMECv20191114,10011519,nan,TRUE,TRUE,TRUE,TRUE,TRUE,5/6/39
11.367,45.01,2011,7,17,18,30,27.31,4.79,2.4,EMECv20191114,10056273,2.4,TRUE,TRUE,TRUE,TRUE,FALSE,7/17/11
12.218,46.139,1549,9,10,2,0,0,4.88,2.4,SERA_histv1.1,10000704,nan,TRUE,TRUE,TRUE,TRUE,TRUE,1549-09-10
12.717,46.049,1938,7,7,7,48,0,4.97,2.4,EMECv20191114,10011442,nan,TRUE,TRUE,TRUE,TRUE,TRUE,7/7/38
10.785,45.749,1876,4,29,10,49,0,5.03,2.4,SERA_histv1.1,10004359,nan,TRUE,TRUE,TRUE,TRUE,TRUE,1876-04-29
10.644,45.28,1693,7,6,9,15,0,5.24,2.4,SERA_histv1.1,10001472,nan,TRUE,TRUE,TRUE,TRUE,TRUE,1693-07-06
17.888,42.792,1993,3,17,15,23,5.3,3.53,2.3,EMECv20191114,10030417,2.3,FALSE,TRUE,TRUE,TRUE,FALSE,3/17/93
17.733,42.985,1984,5,19,10,52,16.1,3.91,2.3,EMECv20191114,10025744,2.3,FALSE,FALSE,FALSE,FALSE,FALSE,5/19/84
10.944,43.291,1993,8,6,7,51,47.61,4.03,2.3,EMECv20191114,10030688,2.3,TRUE,TRUE,TRUE,TRUE,TRUE,8/6/93
13.82,41.671,1984,5,8,3,46,38.65,4.33,2.3,EMECv20191114,10025707,2.3,FALSE,FALSE,TRUE,TRUE,FALSE,5/8/84
12.884,43.043,1997,10,16,12,0,31.35,4.33,2.3,EMECv20191114,10035643,2.3,FALSE,FALSE,FALSE,FALSE,FALSE,10/16/97
12.806,43.921,1962,1,23,17,31,0,4.35,2.3,EMECv20191114,10015406,nan,TRUE,TRUE,TRUE,TRUE,TRUE,1/23/62
12.177,42.388,1699,5,9,0,0,0,4.43,2.3,SERA_histv1.1,10001524,nan,TRUE,TRUE,TRUE,TRUE,TRUE,1699-05-09
12.197,44.418,1780,5,25,0,0,0,4.43,2.3,SERA_histv1.1,10002401,nan,TRUE,TRUE,TRUE,TRUE,TRUE,1780-05-25
13.431,46.093,1872,5,14,17,45,0,4.43,2.3,SERA_histv1.1,10004243,nan,TRUE,TRUE,TRUE,TRUE,TRUE,1872-05-14
13.012,42.812,1979,9,19,21,52,50.5,4.46,2.3,EMECv20191114,10022833,2.3,FALSE,FALSE,TRUE,TRUE,TRUE,9/19/79
10.952,43.564,1901,9,22,21,42,12,4.68,2.3,EMECv20191114,10005871,nan,TRUE,TRUE,TRUE,TRUE,TRUE,9/22/01
14.6,46.133,1907,5,10,4,25,0,4.71,2.3,EMECv20191114,10006650,2.3,TRUE,TRUE,TRUE,TRUE,TRUE,5/10/07
11.651,43.077,1798,9,8,16,45,0,4.88,2.3,SERA_histv1.1,10002649,nan,TRUE,TRUE,TRUE,TRUE,TRUE,1798-09-08
11.683,42.865,1815,1,11,23,30,0,4.88,2.3,SERA_histv1.1,10002880,nan,TRUE,TRUE,TRUE,TRUE,TRUE,1815-01-11
13.429,38.076,1940,1,15,13,19,24,5.29,2.3,EMECv20191114,10011607,nan,TRUE,TRUE,TRUE,TRUE,TRUE,1/15/40
16.946,38.865,2011,3,25,16,18,11.88,3.57,2.2,EMECv20191114,10055809,2.2,FALSE,FALSE,FALSE,FALSE,FALSE,3/25/11
15.566,40.601,1993,8,16,6,40,40.69,3.67,2.2,EMECv20191114,10030727,2.2,TRUE,TRUE,TRUE,TRUE,TRUE,8/16/93
12.106,45.841,2011,9,13,18,35,22.95,3.67,2.2,EMECv20191114,10056503,2.2,TRUE,TRUE,TRUE,TRUE,FALSE,9/13/11
12.992,46.512,1782,4,11,20,0,0,3.74,2.2,SERA_histv1.1,10002438,nan,TRUE,TRUE,TRUE,TRUE,TRUE,1782-04-11
12.242,42.887,1985,9,9,4,45,24.37,3.81,2.2,EMECv20191114,10026339,2.2,TRUE,TRUE,TRUE,TRUE,FALSE,9/9/85
13.65,46.217,1915,1,29,22,0,0,4.05,2.2,EMECv20191114,10007909,2.2,TRUE,TRUE,TRUE,TRUE,TRUE,1/29/15
14.166,45.867,1949,6,9,6,27,0,4.05,2.2,EMECv20191114,10012761,2.2,TRUE,TRUE,TRUE,TRUE,TRUE,6/9/49
14.283,45.5,1957,9,1,17,53,24,4.05,2.2,EMECv20191114,10014465,2.2,TRUE,TRUE,TRUE,TRUE,TRUE,9/1/57
12.652,42.98,1960,2,6,12,0,30,4.18,2.2,EMECv20191114,10015020,nan,FALSE,TRUE,TRUE,TRUE,TRUE,2/6/60
12.793,43.184,1998,6,5,21,53,12.34,4.19,2.2,EMECv20191114,10036451,2.2,FALSE,FALSE,TRUE,FALSE,FALSE,6/5/98
17.664,42.943,1985,9,22,14,29,51.4,4.2,2.2,EMECv20191114,10026352,2.2,TRUE,TRUE,TRUE,TRUE,FALSE,9/22/85
12.918,42.932,1997,10,15,11,51,46.33,4.36,2.2,EMECv20191114,10035634,2.2,FALSE,FALSE,FALSE,FALSE,FALSE,10/15/97
10.732,45.622,1975,1,11,15,54,0,4.42,2.2,EMECv20191114,10020586,nan,TRUE,TRUE,TRUE,TRUE,TRUE,1/11/75
11.942,44.669,1895,7,30,10,47,0,4.46,2.2,SERA_histv1.1,10005296,nan,TRUE,TRUE,TRUE,TRUE,TRUE,1895-07-30
16.903,39.282,1822,7,14,0,0,0,4.65,2.2,SERA_histv1.1,10002983,nan,TRUE,TRUE,TRUE,TRUE,TRUE,1822-07-14
13.052,46.048,1879,6,22,4,15,0,4.77,2.2,SERA_histv1.1,10004475,nan,TRUE,TRUE,TRUE,TRUE,TRUE,1879-06-22
12.487,43.564,1725,4,17,13,0,0,4.84,2.2,SERA_histv1.1,10001726,nan,TRUE,TRUE,TRUE,TRUE,TRUE,1725-04-17
9.589,45.76,1961,11,23,1,12,5,4.86,2.2,EMECv20191114,10015344,nan,TRUE,TRUE,TRUE,TRUE,TRUE,11/23/61
8.803,44.688,1680,4,30,11,0,0,5.11,2.2,SERA_histv1.1,10001373,nan,TRUE,TRUE,TRUE,TRUE,TRUE,1680-04-30
12.046,44.146,1428,7,3,5,0,0,5.47,2.2,SERA_histv1.1,10000373,nan,TRUE,TRUE,TRUE,TRUE,TRUE,1428-07-03
12.239,43.457,1752,8,1,0,0,0,3.74,2.1,SERA_histv1.1,10001971,nan,TRUE,TRUE,TRUE,TRUE,TRUE,1752-08-01
14.9,45.63,1898,11,8,10,39,0,3.87,2.1,SERA_histv1.1,10005610,2.1,TRUE,TRUE,TRUE,TRUE,TRUE,1898-11-08
12.858,43.014,1997,10,15,18,49,54.95,3.9,2.1,EMECv20191114,10035635,2.1,FALSE,FALSE,FALSE,FALSE,FALSE,10/15/97
10.606,44.745,1895,5,12,20,29,0,4.05,2.1,SERA_histv1.1,10005277,nan,TRUE,TRUE,TRUE,TRUE,TRUE,1895-05-12
12.941,42.921,1997,10,16,2,23,37.91,4.34,2.1,EMECv20191114,10035640,2.1,FALSE,FALSE,FALSE,FALSE,FALSE,10/16/97
10.69,43.903,1630,5,1,0,0,0,4.43,2.1,SERA_histv1.1,10001064,nan,TRUE,TRUE,TRUE,TRUE,TRUE,1630-05-01
11.62,44.835,1234,3,20,0,0,0,5.11,2.1,SERA_histv1.1,10000113,nan,TRUE,TRUE,TRUE,TRUE,TRUE,1234-03-20
7.05,46.25,1919,1,3,6,5,0,3.5,2,EMECv20191114,10008547,nan,FALSE,FALSE,FALSE,FALSE,FALSE,1/3/19
5.71,44.95,1979,11,22,7,24,6.9,3.5,2,EMECv20191114,10022920,nan,TRUE,TRUE,TRUE,TRUE,TRUE,11/22/79
7.892,43.834,1890,9,16,1,48,0,3.51,2,SERA_histv1.1,10005012,nan,TRUE,TRUE,TRUE,TRUE,TRUE,1890-09-16
19.63,40.71,2012,11,30,9,39,56.04,3.51,2,EMECv20191114,10058590,2,FALSE,FALSE,TRUE,FALSE,FALSE,11/30/12
20.59,40.57,2014,3,9,13,19,45.98,3.51,2,EMECv20191114,10060406,2,TRUE,TRUE,TRUE,FALSE,FALSE,3/9/14
7.34,46.69,1974,1,19,2,49,50.7,3.53,2,EMECv20191114,10020197,2,FALSE,FALSE,TRUE,TRUE,TRUE,1/19/74
18.671,42.228,1998,7,24,16,50,14.7,3.53,2,EMECv20191114,10036567,nan,FALSE,TRUE,TRUE,TRUE,FALSE,7/24/98
14.335,41.537,1998,8,15,9,39,17.86,3.54,2,EMECv20191114,10036605,2,TRUE,TRUE,TRUE,TRUE,FALSE,8/15/98
18.6094,42.5963,1976,10,28,21,43,19.5,3.55,2,EMECv20191114,10021412,2,TRUE,TRUE,TRUE,TRUE,TRUE,10/28/76
19.145,41.847,1979,4,16,13,54,0,3.55,2,EMECv20191114,10022500,2,FALSE,FALSE,FALSE,FALSE,FALSE,4/16/79
19.358,41.858,1979,4,20,17,24,48.9,3.55,2,EMECv20191114,10022527,2,FALSE,FALSE,FALSE,FALSE,FALSE,4/20/79
18.696,42.357,1979,5,26,15,55,3.7,3.55,2,EMECv20191114,10022619,2,FALSE,FALSE,FALSE,FALSE,FALSE,5/26/79
20.235,39.651,1996,9,17,9,29,1.1,3.55,2,EMECv20191114,10034115,2,FALSE,TRUE,TRUE,FALSE,FALSE,9/17/96
20.2757,39.7763,2000,1,4,17,2,10.8,3.55,2,EMECv20191114,10038268,2,FALSE,FALSE,TRUE,FALSE,FALSE,1/4/00
19.767,40.3266,2000,10,1,13,15,29.4,3.55,2,EMECv20191114,10039084,2,FALSE,FALSE,TRUE,TRUE,FALSE,10/1/00
20.5786,40.9448,2002,2,17,20,12,16.6,3.55,2,EMECv20191114,10040682,2,FALSE,TRUE,TRUE,FALSE,FALSE,2/17/02
20.2366,41.3271,2002,5,5,6,15,24.5,3.55,2,EMECv20191114,10040892,2,TRUE,TRUE,TRUE,FALSE,FALSE,5/5/02
20.2619,41.1354,2002,9,3,22,19,8.9,3.55,2,EMECv20191114,10041194,2,FALSE,FALSE,TRUE,FALSE,FALSE,9/3/02
19.8539,40.6779,2002,11,28,2,25,42.8,3.55,2,EMECv20191114,10041523,2,TRUE,TRUE,TRUE,FALSE,FALSE,11/28/02
20.246,39.7955,2003,4,13,6,23,18,3.55,2,EMECv20191114,10041893,2,TRUE,FALSE,TRUE,FALSE,FALSE,4/13/03
20.6579,40.4362,2003,6,27,20,16,16.6,3.55,2,EMECv20191114,10042344,2,TRUE,TRUE,TRUE,FALSE,FALSE,6/27/03
19.8791,40.8964,2003,10,29,4,48,31.3,3.55,2,EMECv20191114,10042808,2,TRUE,TRUE,TRUE,TRUE,FALSE,10/29/03
19.9951,40.9054,2003,12,5,6,0,53.8,3.55,2,EMECv20191114,10042900,2,FALSE,TRUE,TRUE,TRUE,FALSE,12/5/03
20.2698,41.2525,2003,12,5,14,16,29.3,3.55,2,EMECv20191114,10042901,2,FALSE,TRUE,TRUE,TRUE,FALSE,12/5/03
20.6731,40.627,2003,12,9,3,27,19.7,3.55,2,EMECv20191114,10042915,2,FALSE,TRUE,TRUE,TRUE,FALSE,12/9/03
20.6937,40.6805,2003,12,9,4,59,30.2,3.55,2,EMECv20191114,10042916,2,FALSE,FALSE,TRUE,TRUE,FALSE,12/9/03
19.7171,40.1342,2003,12,20,23,13,50.9,3.55,2,EMECv20191114,10042949,2,FALSE,FALSE,TRUE,TRUE,FALSE,12/20/03
20.2852,40.9617,2004,4,19,3,18,56.3,3.55,2,EMECv20191114,10043378,2,TRUE,TRUE,TRUE,TRUE,FALSE,4/19/04
20.3495,40.9938,2004,4,20,0,39,32.7,3.55,2,EMECv20191114,10043384,2,FALSE,FALSE,TRUE,TRUE,FALSE,4/20/04
20.2026,41.176,2004,5,2,20,31,43.1,3.55,2,EMECv20191114,10043438,2,FALSE,FALSE,TRUE,TRUE,FALSE,5/2/04
19.8427,40.2563,2004,5,21,3,34,5.4,3.55,2,EMECv20191114,10043491,2,FALSE,FALSE,TRUE,FALSE,FALSE,5/21/04
20.0813,41.5418,2004,9,26,9,28,2.4,3.55,2,EMECv20191114,10044126,2,FALSE,FALSE,TRUE,FALSE,FALSE,9/26/04
20.603,40.2766,2004,12,17,22,28,6.5,3.55,2,EMECv20191114,10044423,2,FALSE,FALSE,TRUE,FALSE,FALSE,12/17/04
20.1025,40.5083,2005,4,21,10,57,0,3.55,2,EMECv20191114,10044975,2,FALSE,TRUE,TRUE,FALSE,FALSE,4/21/05
19.7356,40.7109,2005,5,5,21,13,41.6,3.55,2,EMECv20191114,10045030,2,FALSE,FALSE,TRUE,FALSE,FALSE,5/5/05
19.646,40.5448,2005,6,11,1,31,31.6,3.55,2,EMECv20191114,10045345,2,FALSE,FALSE,TRUE,FALSE,FALSE,6/11/05
20.1047,39.7339,2006,7,27,2,7,9.1,3.55,2,EMECv20191114,10047334,2,FALSE,TRUE,TRUE,FALSE,FALSE,7/27/06
19.7688,40.1412,2006,8,6,8,11,33.7,3.55,2,EMECv20191114,10047377,2,FALSE,FALSE,TRUE,FALSE,FALSE,8/6/06
19.8934,40.1262,2006,8,9,0,30,43.2,3.55,2,EMECv20191114,10047410,2,FALSE,FALSE,FALSE,FALSE,FALSE,8/9/06
19.727,40.1632,2006,8,12,11,31,42.3,3.55,2,EMECv20191114,10047435,2,FALSE,FALSE,FALSE,FALSE,FALSE,8/12/06
19.7541,40.1102,2006,8,13,17,44,46.8,3.55,2,EMECv20191114,10047440,2,FALSE,FALSE,FALSE,FALSE,FALSE,8/13/06
19.715,40.1755,2006,9,13,4,41,3.4,3.55,2,EMECv20191114,10047563,2,FALSE,FALSE,FALSE,FALSE,FALSE,9/13/06
20.7333,40.4834,2006,10,18,23,25,54.9,3.55,2,EMECv20191114,10047677,2,TRUE,TRUE,TRUE,FALSE,FALSE,10/18/06
20.3112,40.3089,2006,12,18,19,42,28.5,3.55,2,EMECv20191114,10047908,2,FALSE,TRUE,TRUE,FALSE,FALSE,12/18/06
15.1332,45.0131,2007,3,11,22,9,54.2,3.55,2,EMECv20191114,10048305,2,FALSE,FALSE,TRUE,TRUE,FALSE,3/11/07
20.552,40.983,2007,5,30,1,51,42.5,3.55,2,EMECv20191114,10049068,2,FALSE,FALSE,TRUE,FALSE,FALSE,5/30/07
20.136,39.249,2007,7,17,7,59,25.47,3.55,2,EMECv20191114,10049400,2,FALSE,FALSE,FALSE,FALSE,FALSE,7/17/07
15.5676,43.693,2007,12,20,17,57,3.9,3.55,2,EMECv20191114,10050411,2,FALSE,TRUE,TRUE,TRUE,FALSE,12/20/07
19.804,40.346,2009,8,12,13,37,10.2,3.55,2,EMECv20191114,10053777,2,FALSE,FALSE,TRUE,FALSE,FALSE,8/12/09
19.975,40.325,2009,12,20,22,27,43.9,3.55,2,EMECv20191114,10054296,2,FALSE,TRUE,TRUE,FALSE,FALSE,12/20/09
19.975,40.063,2011,5,28,4,53,22.9,3.55,2,EMECv20191114,10056072,2,TRUE,TRUE,TRUE,FALSE,FALSE,5/28/11
19.896,40.629,2011,12,30,8,47,40.5,3.55,2,EMECv20191114,10057310,2,TRUE,TRUE,TRUE,FALSE,FALSE,12/30/11
18,43.1,1905,8,28,15,49,35,3.57,2,EMECv20191114,10006401,2,FALSE,TRUE,TRUE,TRUE,FALSE,8/28/05
7.695,43.844,1861,3,4,23,0,0,3.61,2,SERA_histv1.1,10003904,nan,TRUE,TRUE,TRUE,TRUE,TRUE,1861-03-04
7.856,46.255,1856,1,5,2,45,0,3.64,2,SERA_histv1.1,10003735,nan,TRUE,TRUE,TRUE,TRUE,TRUE,1856-01-05
20.5,40.051,1996,11,22,21,5,44.39,3.64,2,EMECv20191114,10034539,2,FALSE,FALSE,TRUE,FALSE,FALSE,11/22/96
20.414,39.636,2004,10,26,1,11,9.84,3.64,2,EMECv20191114,10044224,2,FALSE,FALSE,TRUE,FALSE,FALSE,10/26/04
20.2597,41.0458,2000,4,7,11,11,57.2,3.65,2,EMECv20191114,10038493,2,FALSE,FALSE,TRUE,TRUE,FALSE,4/7/00
19.8171,41.803,2000,9,1,15,21,10.1,3.65,2,EMECv20191114,10039013,2,TRUE,TRUE,TRUE,TRUE,FALSE,9/1/00
19.9077,41.1313,2002,7,27,15,25,20.4,3.65,2,EMECv20191114,10041102,2,FALSE,FALSE,TRUE,FALSE,FALSE,7/27/02
19.7597,40.0892,2002,9,3,23,10,13,3.65,2,EMECv20191114,10041195,2,FALSE,TRUE,TRUE,FALSE,FALSE,9/3/02
19.7532,40.0589,2003,1,6,5,31,48.6,3.65,2,EMECv20191114,10041622,2,FALSE,FALSE,TRUE,FALSE,FALSE,1/6/03
20.014,40.459,2003,1,14,8,24,25.6,3.65,2,EMECv20191114,10041632,2,FALSE,TRUE,TRUE,FALSE,FALSE,1/14/03
20.2862,41.1457,2003,2,17,1,16,24.4,3.65,2,EMECv20191114,10041733,2,FALSE,TRUE,TRUE,FALSE,FALSE,2/17/03
20.2056,41.1923,2003,3,21,16,20,40.4,3.65,2,EMECv20191114,10041801,2,FALSE,FALSE,TRUE,FALSE,FALSE,3/21/03
19.8139,40.1088,2003,3,26,20,46,54.5,3.65,2,EMECv20191114,10041812,2,FALSE,FALSE,TRUE,FALSE,FALSE,3/26/03
19.5207,40.3971,2003,5,5,17,49,57,3.65,2,EMECv20191114,10041997,2,FALSE,TRUE,TRUE,FALSE,FALSE,5/5/03
20.235,41.1833,2004,5,25,0,22,29.9,3.65,2,EMECv20191114,10043513,2,TRUE,FALSE,TRUE,FALSE,FALSE,5/25/04
20.5408,41.0233,2004,6,21,7,43,36,3.65,2,EMECv20191114,10043628,2,FALSE,TRUE,TRUE,FALSE,FALSE,6/21/04
20.7388,40.7432,2004,8,29,17,48,0,3.65,2,EMECv20191114,10043993,2,FALSE,FALSE,TRUE,FALSE,FALSE,8/29/04
15.0279,44.8745,2004,11,27,1,54,5.8,3.65,2,EMECv20191114,10044330,2,TRUE,TRUE,TRUE,TRUE,TRUE,11/27/04
20.6271,40.2811,2004,12,14,21,35,29.8,3.65,2,EMECv20191114,10044408,2,FALSE,FALSE,TRUE,FALSE,FALSE,12/14/04
19.04,39.74,2004,12,22,7,45,19.2,3.65,2,EMECv20191114,10044442,2,TRUE,TRUE,TRUE,FALSE,FALSE,12/22/04
20.044,40.1997,2005,2,8,3,56,33.2,3.65,2,EMECv20191114,10044695,2,FALSE,TRUE,TRUE,FALSE,FALSE,2/8/05
19.4434,40.5174,2005,6,11,2,2,27.6,3.65,2,EMECv20191114,10045346,2,FALSE,FALSE,TRUE,FALSE,FALSE,6/11/05
19.5775,40.1336,2005,11,4,2,23,50.8,3.65,2,EMECv20191114,10046131,2,FALSE,TRUE,TRUE,FALSE,FALSE,11/4/05
16.8765,42.8582,2006,2,8,11,42,43.6,3.65,2,EMECv20191114,10046523,2,TRUE,TRUE,TRUE,TRUE,FALSE,2/8/06
19.9242,40.2436,2006,7,2,15,50,7.5,3.65,2,EMECv20191114,10047238,2,FALSE,FALSE,TRUE,FALSE,FALSE,7/2/06
19.4501,40.2418,2006,8,6,7,56,37.6,3.65,2,EMECv20191114,10047376,2,FALSE,FALSE,TRUE,FALSE,FALSE,8/6/06
19.6474,40.1237,2006,8,6,21,38,42.6,3.65,2,EMECv20191114,10047384,2,FALSE,FALSE,TRUE,FALSE,FALSE,8/6/06
19.3903,40.2244,2006,8,12,19,49,54.1,3.65,2,EMECv20191114,10047436,2,FALSE,FALSE,FALSE,FALSE,FALSE,8/12/06
19.493,40.0434,2006,9,30,7,49,51,3.65,2,EMECv20191114,10047607,2,FALSE,FALSE,TRUE,FALSE,FALSE,9/30/06
20.2437,40.0717,2007,6,26,12,52,32.1,3.65,2,EMECv20191114,10049230,2,FALSE,TRUE,FALSE,FALSE,FALSE,6/26/07
20.1381,41.5208,2007,6,29,17,38,16.1,3.65,2,EMECv20191114,10049244,2,FALSE,TRUE,TRUE,FALSE,FALSE,6/29/07
20.1865,39.9528,2007,7,29,3,33,50,3.65,2,EMECv20191114,10049488,2,FALSE,TRUE,TRUE,FALSE,FALSE,7/29/07
19.7728,40.2135,2007,11,14,12,41,41.1,3.65,2,EMECv20191114,10050182,2,FALSE,FALSE,TRUE,FALSE,FALSE,11/14/07
20.3872,41.2884,2008,10,28,12,23,28.3,3.65,2,EMECv20191114,10052671,2,FALSE,FALSE,TRUE,FALSE,FALSE,10/28/08
20.4,41.426,2009,9,7,15,12,40.4,3.65,2,EMECv20191114,10053866,2,FALSE,FALSE,FALSE,FALSE,FALSE,9/7/09
19.391,41.813,2011,3,5,14,0,51.4,3.65,2,EMECv20191114,10055766,2,TRUE,FALSE,TRUE,FALSE,FALSE,3/5/11
17.6,43.1,1908,5,21,6,12,49,3.66,2,EMECv20191114,10006778,2,FALSE,TRUE,TRUE,TRUE,FALSE,5/21/08
18,43.1,1910,8,2,7,15,25,3.66,2,EMECv20191114,10007200,2,TRUE,TRUE,TRUE,TRUE,FALSE,8/2/10
18,43.1,1927,5,1,4,0,0,3.66,2,EMECv20191114,10009799,2,FALSE,FALSE,TRUE,TRUE,FALSE,5/1/27
18,43.1,1937,1,22,4,17,0,3.66,2,EMECv20191114,10011305,2,TRUE,TRUE,TRUE,TRUE,TRUE,1/22/37
18.07,42.88,1939,5,22,12,50,0,3.66,2,EMECv20191114,10011531,2,TRUE,TRUE,TRUE,TRUE,TRUE,5/22/39
18,42.85,1940,6,9,11,20,0,3.66,2,EMECv20191114,10011652,2,TRUE,TRUE,TRUE,TRUE,TRUE,6/9/40
20.12,41.66,2012,12,21,16,10,5.1,3.66,2,EMECv20191114,10058652,2,FALSE,FALSE,TRUE,FALSE,FALSE,12/21/12
19.9,40.12,2014,4,20,0,37,36.16,3.66,2,EMECv20191114,10060540,2,FALSE,TRUE,TRUE,FALSE,FALSE,4/20/14
6.867,44.783,1921,5,3,8,23,17,3.7,2,EMECv20191114,10008882,nan,TRUE,TRUE,TRUE,TRUE,TRUE,5/3/21
7.148,45.139,1943,5,22,19,3,0,3.7,2,EMECv20191114,10012067,nan,TRUE,TRUE,TRUE,TRUE,TRUE,5/22/43
7.65,43.792,1752,2,16,4,45,0,3.71,2,SERA_histv1.1,10001964,nan,TRUE,TRUE,TRUE,TRUE,TRUE,1752-02-16
15.7,43.6,1924,2,26,17,8,50,3.72,2,EMECv20191114,10009301,nan,FALSE,FALSE,TRUE,TRUE,TRUE,2/26/24
20.108,39.294,2007,8,15,1,18,52.55,3.73,2,EMECv20191114,10049632,2,FALSE,FALSE,FALSE,FALSE,FALSE,8/15/07
19.899,40.2788,2000,1,25,7,18,56.6,3.74,2,EMECv20191114,10038311,2,FALSE,FALSE,TRUE,FALSE,FALSE,1/25/00
20.0968,41.0672,2002,5,30,20,29,55.7,3.74,2,EMECv20191114,10040951,2,FALSE,TRUE,TRUE,FALSE,FALSE,5/30/02
20.0342,41.1566,2002,7,25,2,32,16.4,3.74,2,EMECv20191114,10041099,2,FALSE,FALSE,TRUE,FALSE,FALSE,7/25/02
19.8811,40.3465,2003,3,27,2,16,47.1,3.74,2,EMECv20191114,10041813,2,FALSE,TRUE,TRUE,FALSE,FALSE,3/27/03
20.1574,41.1516,2003,4,10,3,36,11.6,3.74,2,EMECv20191114,10041881,2,FALSE,FALSE,TRUE,FALSE,FALSE,4/10/03
19.6193,40.2728,2003,12,1,19,8,46,3.74,2,EMECv20191114,10042894,2,TRUE,TRUE,TRUE,TRUE,FALSE,12/1/03
20.2704,41.1285,2004,5,2,20,3,37,3.74,2,EMECv20191114,10043437,2,FALSE,TRUE,TRUE,TRUE,FALSE,5/2/04
19.6945,40.0582,2004,12,8,7,17,10.6,3.74,2,EMECv20191114,10044377,2,FALSE,FALSE,TRUE,FALSE,FALSE,12/8/04
19.7267,40.0884,2005,1,1,21,22,40.2,3.74,2,EMECv20191114,10044485,2,FALSE,FALSE,TRUE,FALSE,FALSE,1/1/05
20.274,41.09,2005,1,2,1,24,57.7,3.74,2,EMECv20191114,10044486,2,TRUE,TRUE,TRUE,FALSE,FALSE,1/2/05
19.9408,39.9812,2005,3,29,12,34,14.5,3.74,2,EMECv20191114,10044905,2,FALSE,FALSE,TRUE,FALSE,FALSE,3/29/05
19.8885,41.3718,2005,7,7,13,30,59.2,3.74,2,EMECv20191114,10045477,2,TRUE,TRUE,TRUE,FALSE,FALSE,7/7/05
19.9499,40.4756,2005,9,26,6,54,52.2,3.74,2,EMECv20191114,10045775,2,FALSE,TRUE,TRUE,FALSE,FALSE,9/26/05
19.9421,40.007,2006,7,18,9,30,54.9,3.74,2,EMECv20191114,10047298,2,FALSE,FALSE,TRUE,FALSE,FALSE,7/18/06
19.7249,40.1727,2006,8,8,8,26,2.7,3.74,2,EMECv20191114,10047398,2,FALSE,FALSE,FALSE,FALSE,FALSE,8/8/06
19.7984,40.1554,2006,8,8,9,38,49.1,3.74,2,EMECv20191114,10047399,2,FALSE,FALSE,FALSE,FALSE,FALSE,8/8/06
19.6632,40.1155,2006,8,9,8,13,24.1,3.74,2,EMECv20191114,10047413,2,FALSE,FALSE,FALSE,FALSE,FALSE,8/9/06
19.5953,40.1158,2006,8,9,13,1,5.8,3.74,2,EMECv20191114,10047417,2,FALSE,FALSE,FALSE,FALSE,FALSE,8/9/06
19.4815,40.2647,2006,8,9,23,27,53.7,3.74,2,EMECv20191114,10047421,2,FALSE,FALSE,FALSE,FALSE,FALSE,8/9/06
17.652,43.0634,2006,10,8,2,16,22.9,3.74,2,EMECv20191114,10047636,2,TRUE,TRUE,TRUE,TRUE,FALSE,10/8/06
19.84,40.12,2006,10,17,23,14,53.5,3.74,2,EMECv20191114,10047673,2,FALSE,FALSE,TRUE,FALSE,FALSE,10/17/06
20.0026,40.5422,2006,12,16,0,18,4.3,3.74,2,EMECv20191114,10047901,2,FALSE,FALSE,TRUE,FALSE,FALSE,12/16/06
19.9708,40.0144,2007,2,27,10,56,50,3.74,2,EMECv20191114,10048233,2,FALSE,FALSE,TRUE,FALSE,FALSE,2/27/07
19.3303,40.5299,2007,5,1,15,3,5.6,3.74,2,EMECv20191114,10048879,2,FALSE,TRUE,TRUE,FALSE,FALSE,5/1/07
19.7381,40.0179,2007,5,20,1,5,7,3.74,2,EMECv20191114,10049003,2,FALSE,FALSE,TRUE,FALSE,FALSE,5/20/07
16.3007,42.8033,2008,5,5,18,13,51.8,3.74,2,EMECv20191114,10051316,2,TRUE,TRUE,TRUE,TRUE,FALSE,5/5/08
20.3675,41.2189,2008,10,28,15,19,45.4,3.74,2,EMECv20191114,10052672,2,FALSE,FALSE,TRUE,FALSE,FALSE,10/28/08
20.3194,41.2304,2008,10,29,18,4,21.3,3.74,2,EMECv20191114,10052678,2,FALSE,FALSE,FALSE,FALSE,FALSE,10/29/08
20.3197,41.341,2008,12,20,5,24,48.6,3.74,2,EMECv20191114,10052857,2,FALSE,FALSE,TRUE,FALSE,FALSE,12/20/08
20.303,41.029,2010,10,1,7,58,27.6,3.74,2,EMECv20191114,10055304,2,FALSE,TRUE,TRUE,FALSE,FALSE,10/1/10
17.9,43.1,1907,8,4,13,9,3,3.76,2,EMECv20191114,10006684,2,FALSE,FALSE,TRUE,TRUE,FALSE,8/4/07
6.967,46.317,1756,2,1,4,0,0,3.79,2,SERA_histv1.1,10002027,nan,TRUE,TRUE,TRUE,TRUE,TRUE,1756-02-01
6.35,45.283,1839,2,27,0,0,0,3.79,2,SERA_histv1.1,10003291,nan,TRUE,TRUE,TRUE,TRUE,TRUE,1839-02-27
7.818,46.203,1855,8,29,21,0,0,3.79,2,SERA_histv1.1,10003679,nan,TRUE,TRUE,TRUE,TRUE,TRUE,1855-08-29
7.358,46.232,1855,12,26,1,0,0,3.79,2,SERA_histv1.1,10003732,nan,TRUE,TRUE,TRUE,TRUE,TRUE,1855-12-26
7.785,43.793,1957,3,8,4,13,2,3.81,2,EMECv20191114,10014331,nan,TRUE,TRUE,TRUE,TRUE,TRUE,3/8/57
6.47,45.41,2010,6,30,11,53,44.97,3.81,2,EMECv20191114,10055011,2,TRUE,TRUE,TRUE,TRUE,TRUE,6/30/10
19.344,41.937,1979,5,2,13,45,39.9,3.83,2,EMECv20191114,10022565,2,FALSE,FALSE,FALSE,FALSE,FALSE,5/2/79
19.8533,40.063,2003,4,15,17,49,37.7,3.83,2,EMECv20191114,10041901,2,FALSE,TRUE,TRUE,FALSE,FALSE,4/15/03
19.9259,39.905,2004,2,8,12,21,0,3.83,2,EMECv20191114,10043100,2,FALSE,FALSE,TRUE,TRUE,FALSE,2/8/04
15.0485,45.617,2005,3,6,21,46,19.1,3.83,2,EMECv20191114,10044776,2,FALSE,TRUE,TRUE,TRUE,TRUE,3/6/05
19.7148,40.0437,2005,10,6,14,31,42.9,3.83,2,EMECv20191114,10045804,2,FALSE,FALSE,TRUE,FALSE,FALSE,10/6/05
20.1814,40.2941,2006,5,7,18,56,28.5,3.83,2,EMECv20191114,10047001,2,FALSE,FALSE,TRUE,FALSE,FALSE,5/7/06
19.64,40.2181,2006,6,10,12,31,33.2,3.83,2,EMECv20191114,10047134,2,FALSE,FALSE,TRUE,FALSE,FALSE,6/10/06
19.6898,40.0906,2006,8,7,0,2,25.2,3.83,2,EMECv20191114,10047386,2,FALSE,FALSE,TRUE,FALSE,FALSE,8/7/06
19.6882,40.0998,2006,8,9,23,12,52.1,3.83,2,EMECv20191114,10047420,2,FALSE,FALSE,FALSE,FALSE,FALSE,8/9/06
19.6823,40.1295,2006,8,15,0,15,48.9,3.83,2,EMECv20191114,10047452,2,FALSE,FALSE,FALSE,FALSE,FALSE,8/15/06
19.8989,40.0505,2006,8,17,13,31,13.3,3.83,2,EMECv20191114,10047462,2,FALSE,FALSE,FALSE,FALSE,FALSE,8/17/06
19.6132,40.0715,2006,8,21,10,55,54.3,3.83,2,EMECv20191114,10047479,2,FALSE,FALSE,FALSE,FALSE,FALSE,8/21/06
19.5935,40.0331,2006,9,13,1,39,48.8,3.83,2,EMECv20191114,10047562,2,FALSE,TRUE,FALSE,FALSE,FALSE,9/13/06
19.7038,40.1075,2006,10,7,12,40,15.8,3.83,2,EMECv20191114,10047635,2,FALSE,FALSE,TRUE,FALSE,FALSE,10/7/06
20.1538,41.1223,2007,6,19,2,41,0,3.83,2,EMECv20191114,10049185,2,FALSE,FALSE,TRUE,FALSE,FALSE,6/19/07
20.6037,40.2074,2007,8,1,0,5,7.5,3.83,2,EMECv20191114,10049517,2,FALSE,TRUE,TRUE,FALSE,FALSE,8/1/07
20.1358,39.9247,2007,11,14,18,48,56.7,3.83,2,EMECv20191114,10050185,2,FALSE,TRUE,TRUE,FALSE,FALSE,11/14/07
20.252,41.18,2012,1,16,17,35,53.4,3.83,2,EMECv20191114,10057350,2,FALSE,FALSE,TRUE,FALSE,FALSE,1/16/12
7.465,44.26,1885,7,1,7,15,0,3.87,2,SERA_histv1.1,10004781,nan,TRUE,TRUE,TRUE,TRUE,TRUE,1885-07-01
7.276,44.576,1887,10,1,3,5,0,3.87,2,SERA_histv1.1,10004890,nan,TRUE,TRUE,TRUE,TRUE,TRUE,1887-10-01
8.066,43.898,1912,1,14,3,11,0,3.89,2,EMECv20191114,10007440,nan,TRUE,TRUE,TRUE,TRUE,TRUE,1/14/12
10.296,43.561,1984,5,1,22,14,22.56,3.89,2,EMECv20191114,10025694,nan,FALSE,FALSE,TRUE,TRUE,TRUE,5/1/84
19.8,40.413,1996,5,27,11,40,12.91,3.91,2,EMECv20191114,10033683,2,TRUE,TRUE,TRUE,FALSE,FALSE,5/27/96
20.167,41.277,1997,7,20,9,32,21.09,3.91,2,EMECv20191114,10035332,2,FALSE,FALSE,TRUE,TRUE,FALSE,7/20/97
20.228,39.276,2007,8,18,13,47,22.87,3.91,2,EMECv20191114,10049668,2,FALSE,FALSE,FALSE,FALSE,FALSE,8/18/07
11.043,43.467,1916,8,2,7,30,0,3.93,2,EMECv20191114,10008180,nan,TRUE,TRUE,TRUE,TRUE,TRUE,8/2/16
19.9736,41.0251,2000,3,17,11,47,20.6,3.93,2,EMECv20191114,10038435,2,TRUE,TRUE,TRUE,TRUE,FALSE,3/17/00
20.3359,40.8756,2003,2,9,22,13,57.8,3.93,2,EMECv20191114,10041723,2,TRUE,TRUE,TRUE,FALSE,FALSE,2/9/03
20.1129,41.3383,2003,12,5,4,47,33.2,3.93,2,EMECv20191114,10042899,2,FALSE,FALSE,TRUE,TRUE,FALSE,12/5/03
19.6528,40.2373,2004,2,27,6,46,35,3.93,2,EMECv20191114,10043194,2,FALSE,FALSE,TRUE,TRUE,FALSE,2/27/04
19.9398,40.2826,2005,6,7,9,9,14,3.93,2,EMECv20191114,10045322,2,FALSE,TRUE,TRUE,FALSE,FALSE,6/7/05
17.728,43.0356,2005,11,14,1,29,11.3,3.93,2,EMECv20191114,10046199,2,FALSE,FALSE,TRUE,TRUE,FALSE,11/14/05
20.045,40.4857,2006,3,1,20,22,15.1,3.93,2,EMECv20191114,10046637,2,FALSE,TRUE,TRUE,FALSE,FALSE,3/1/06
19.8264,40.1585,2006,8,9,12,23,39.2,3.93,2,EMECv20191114,10047416,2,FALSE,FALSE,FALSE,FALSE,FALSE,8/9/06
19.8289,39.9916,2006,9,29,12,47,22.2,3.93,2,EMECv20191114,10047606,2,FALSE,TRUE,TRUE,FALSE,FALSE,9/29/06
5.775,45.167,1782,8,15,0,0,0,3.96,2,SERA_histv1.1,10002439,nan,TRUE,TRUE,TRUE,TRUE,TRUE,1782-08-15
18.746,42.196,1979,4,15,17,17,15,4.02,2,EMECv20191114,10022485,2,FALSE,FALSE,FALSE,FALSE,FALSE,4/15/79
19.915,41.1327,2002,7,24,10,26,20.5,4.02,2,EMECv20191114,10041096,2,TRUE,TRUE,TRUE,FALSE,FALSE,7/24/02
20.1626,41.3144,2003,3,21,15,55,35.1,4.02,2,EMECv20191114,10041800,2,FALSE,TRUE,TRUE,FALSE,FALSE,3/21/03
17.8883,42.8666,2005,11,10,16,55,13.4,4.02,2,EMECv20191114,10046178,2,FALSE,FALSE,TRUE,TRUE,FALSE,11/10/05
19.8414,40.088,2006,6,9,11,11,49.4,4.02,2,EMECv20191114,10047126,2,FALSE,FALSE,TRUE,FALSE,FALSE,6/9/06
19.662,40.1636,2006,8,10,8,15,19.8,4.02,2,EMECv20191114,10047424,2,FALSE,FALSE,FALSE,FALSE,FALSE,8/10/06
19.6742,40.2097,2006,8,18,10,23,5.1,4.02,2,EMECv20191114,10047472,2,FALSE,FALSE,FALSE,FALSE,FALSE,8/18/06
19.6209,40.059,2006,9,1,8,14,37.6,4.02,2,EMECv20191114,10047519,2,FALSE,FALSE,FALSE,FALSE,FALSE,9/1/06
19.8135,40.3338,2006,12,18,11,8,46.5,4.02,2,EMECv20191114,10047906,2,TRUE,TRUE,TRUE,FALSE,FALSE,12/18/06
15.2859,45.4637,2007,5,26,6,3,28.2,4.02,2,EMECv20191114,10049043,2,FALSE,TRUE,TRUE,TRUE,FALSE,5/26/07
7.163,44.888,1808,4,15,15,30,0,4.04,2,SERA_histv1.1,10002786,nan,TRUE,TRUE,TRUE,TRUE,TRUE,1808-04-15
7.47,44.302,1892,11,27,1,40,0,4.06,2,SERA_histv1.1,10005110,nan,TRUE,TRUE,TRUE,TRUE,TRUE,1892-11-27
20.101,41.217,1997,7,20,5,46,48.8,4.09,2,EMECv20191114,10035329,2,FALSE,FALSE,TRUE,TRUE,FALSE,7/20/97
20.168,39.366,2005,3,23,23,12,35.42,4.09,2,EMECv20191114,10044876,2,FALSE,FALSE,TRUE,FALSE,FALSE,3/23/05
19.69,40.67,2013,12,4,16,43,33.51,4.1,2,EMECv20191114,10059796,2,FALSE,FALSE,TRUE,FALSE,FALSE,12/4/13
7.774,43.819,1831,11,25,1,45,0,4.11,2,SERA_histv1.1,10003157,nan,TRUE,TRUE,TRUE,TRUE,TRUE,1831-11-25
7.093,44.458,1887,3,3,2,0,0,4.11,2,SERA_histv1.1,10004862,nan,TRUE,TRUE,TRUE,TRUE,TRUE,1887-03-03
19.9305,40.2254,2006,6,14,14,12,40.6,4.11,2,EMECv20191114,10047161,2,FALSE,FALSE,TRUE,FALSE,FALSE,6/14/06
19.6843,40.0995,2006,8,18,10,16,15.3,4.11,2,EMECv20191114,10047471,2,FALSE,FALSE,FALSE,FALSE,FALSE,8/18/06
19.7568,41.5184,2007,9,10,2,59,20.8,4.11,2,EMECv20191114,10049796,2,FALSE,FALSE,TRUE,FALSE,FALSE,9/10/07
20.1277,39.7288,2007,9,12,19,20,19.3,4.11,2,EMECv20191114,10049810,2,FALSE,FALSE,TRUE,FALSE,FALSE,9/12/07
20.3239,41.2262,2008,11,8,22,36,3.8,4.11,2,EMECv20191114,10052732,2,FALSE,FALSE,TRUE,FALSE,FALSE,11/8/08
20.052,39.949,2009,9,18,5,47,56.6,4.11,2,EMECv20191114,10053930,2,FALSE,FALSE,TRUE,FALSE,FALSE,9/18/09
20.199,41.176,2010,5,30,11,40,13.7,4.11,2,EMECv20191114,10054902,2,FALSE,TRUE,TRUE,FALSE,FALSE,5/30/10
8.059,43.903,1895,12,25,4,47,0,4.13,2,SERA_histv1.1,10005326,nan,TRUE,TRUE,TRUE,TRUE,TRUE,1895-12-25
7.073,45.036,1902,11,21,9,10,0,4.16,2,EMECv20191114,10006001,nan,TRUE,TRUE,TRUE,TRUE,TRUE,11/21/02
12.133,42.612,1759,6,14,0,0,0,4.2,2,SERA_histv1.1,10002101,nan,TRUE,TRUE,TRUE,TRUE,TRUE,1759-06-14
12.965,40.892,1781,4,13,8,30,0,4.2,2,SERA_histv1.1,10002421,nan,TRUE,TRUE,TRUE,TRUE,TRUE,1781-04-13
11.332,43.318,1787,10,21,12,30,0,4.2,2,SERA_histv1.1,10002540,nan,TRUE,TRUE,TRUE,TRUE,TRUE,1787-10-21
15.647,38.108,1840,4,24,2,30,0,4.2,2,SERA_histv1.1,10003310,nan,TRUE,TRUE,TRUE,TRUE,TRUE,1840-04-24
20.38,39.45,2007,6,21,10,8,32.6,4.2,2,EMECv20191114,10049201,2,FALSE,FALSE,TRUE,FALSE,FALSE,6/21/07
18.57,42.53,2011,9,25,13,17,10,4.23,2,EMECv20191114,10056544,2,TRUE,TRUE,TRUE,TRUE,FALSE,9/25/11
7.174,44.881,1909,10,5,1,10,0,4.25,2,EMECv20191114,10007060,nan,TRUE,TRUE,TRUE,TRUE,TRUE,10/5/09
11.115,43.474,1897,5,22,2,5,0,4.28,2,SERA_histv1.1,10005467,nan,TRUE,TRUE,TRUE,TRUE,TRUE,1897-05-22
7.101,45.178,1901,3,29,7,5,0,4.28,2,EMECv20191114,10005818,nan,TRUE,TRUE,TRUE,TRUE,TRUE,3/29/01
7.822,43.845,1885,1,24,21,0,0,4.29,2,SERA_histv1.1,10004741,nan,TRUE,TRUE,TRUE,TRUE,TRUE,1885-01-24
6.77,44.88,1991,2,11,15,43,43.1,4.3,2,EMECv20191114,10029211,nan,TRUE,TRUE,TRUE,TRUE,TRUE,2/11/91
20.4,41.1,2005,11,1,19,53,34.8,4.39,2,EMECv20191114,10046118,2,FALSE,FALSE,TRUE,FALSE,FALSE,11/1/05
19.6866,40.0443,2006,8,9,22,36,49.7,4.39,2,EMECv20191114,10047418,2,FALSE,FALSE,FALSE,FALSE,FALSE,8/9/06
17.633,42.819,1997,4,26,7,30,18.3,4.4,2,EMECv20191114,10035013,nan,FALSE,FALSE,TRUE,FALSE,FALSE,4/26/97
7.9,43.787,1906,8,11,9,58,0,4.41,2,EMECv20191114,10006542,nan,TRUE,TRUE,TRUE,TRUE,TRUE,8/11/06
10.934,42.645,1980,9,8,19,41,13.36,4.44,2,EMECv20191114,10023266,2,TRUE,TRUE,TRUE,TRUE,TRUE,9/8/80
7.63,42.03,2012,3,4,3,47,39,4.45,2,EMECv20191114,10057544,2,TRUE,TRUE,TRUE,TRUE,TRUE,3/4/12
6.66,44.54,2012,2,26,22,37,55,4.48,2,EMECv20191114,10057526,2,TRUE,TRUE,TRUE,TRUE,TRUE,2/26/12
19.7552,40.0084,2003,7,4,9,7,42.7,4.49,2,EMECv20191114,10042367,2,FALSE,TRUE,TRUE,FALSE,FALSE,7/4/03
20.1023,39.662,1993,8,6,1,25,39.92,4.5,2,EMECv20191114,10030686,2,FALSE,TRUE,TRUE,TRUE,FALSE,8/6/93
20.08,40.95,2014,5,19,1,16,58.07,4.55,2,EMECv20191114,10060622,2,FALSE,FALSE,TRUE,FALSE,FALSE,5/19/14
19.6,40.3,1930,12,6,10,14,0,4.57,2,EMECv20191114,10010434,2,FALSE,FALSE,TRUE,TRUE,TRUE,12/6/30
15.28,38.71,1967,8,15,7,6,30.3,4.57,2,EMECv20191114,10017168,2,TRUE,TRUE,TRUE,TRUE,TRUE,8/15/67
12.57,47.53,1921,10,24,2,6,0,4.59,2,EMECv20191114,10008960,2,TRUE,TRUE,TRUE,TRUE,TRUE,10/24/21
17.14,43.275,1962,1,11,5,50,4.2,4.6,2,EMECv20191114,10015376,2,FALSE,FALSE,FALSE,FALSE,FALSE,1/11/62
19.6848,40.0701,1986,6,16,10,26,44.31,4.6,2,EMECv20191114,10026748,2,TRUE,TRUE,TRUE,TRUE,FALSE,6/16/86
19.33,42.06,1979,6,20,20,49,30,4.67,2,EMECv20191114,10022687,2,FALSE,FALSE,FALSE,FALSE,FALSE,6/20/79
15.294,43.7508,2007,7,18,10,54,12.1,4.67,2,EMECv20191114,10049419,2,TRUE,TRUE,TRUE,TRUE,FALSE,7/18/07
19.3955,41.8656,1981,3,26,17,39,45.16,4.7,2,EMECv20191114,10023734,2,FALSE,FALSE,TRUE,TRUE,FALSE,3/26/81
7.942,43.933,1807,9,5,1,30,0,4.82,2,SERA_histv1.1,10002776,nan,TRUE,TRUE,TRUE,TRUE,TRUE,1807-09-05
7.932,43.865,1819,1,8,22,30,0,4.82,2,SERA_histv1.1,10002941,nan,TRUE,TRUE,TRUE,TRUE,TRUE,1819-01-08
11.631,42.852,1926,1,8,9,14,0,4.9,2,EMECv20191114,10009572,nan,TRUE,TRUE,TRUE,TRUE,TRUE,1/8/26
6.633,44.583,1935,3,19,7,27,17,5,2,EMECv20191114,10011044,nan,TRUE,TRUE,TRUE,TRUE,TRUE,3/19/35
11.2,43.133,1909,8,25,0,30,3,5.09,2,EMECv20191114,10007038,nan,FALSE,FALSE,TRUE,TRUE,TRUE,8/25/09
7.897,46.229,1880,7,4,8,20,0,5.13,2,SERA_histv1.1,10004527,nan,TRUE,TRUE,TRUE,TRUE,TRUE,1880-07-04
15.5,43.5,1868,10,10,2,40,0,5.14,2,SERA_histv1.1,10004113,nan,TRUE,TRUE,TRUE,TRUE,TRUE,1868-10-10
7.181,44.941,1753,3,9,13,15,0,5.17,2,SERA_histv1.1,10001974,nan,TRUE,TRUE,TRUE,TRUE,TRUE,1753-03-09
6.163,45.884,1877,10,8,5,12,0,5.29,2,SERA_histv1.1,10004414,nan,TRUE,TRUE,TRUE,TRUE,TRUE,1877-10-08
20.7,41.1,1911,2,21,13,46,0,5.33,2,EMECv20191114,10007274,2,FALSE,FALSE,TRUE,TRUE,TRUE,2/21/11
13.431,46.093,1403,9,6,0,0,0,5.56,2,SERA_histv1.1,10000325,nan,TRUE,TRUE,TRUE,TRUE,TRUE,1403-09-06
14.756,37.204,1818,3,1,2,45,0,5.56,2,SERA_histv1.1,10002930,nan,TRUE,TRUE,TRUE,TRUE,TRUE,1818-03-01
15.567,43.95,1418,3,7,0,0,0,5.68,2,SERA_histv1.1,10000344,nan,TRUE,TRUE,TRUE,TRUE,TRUE,1418-03-07
13.18,46.49,1928,3,26,14,40,32.58,5.71,2,EMECv20191114,10009963,2,FALSE,FALSE,TRUE,TRUE,TRUE,3/26/28
20,40.7,1851,12,29,13,0,0,5.89,2,SERA_histv1.1,10003544,nan,TRUE,TRUE,TRUE,TRUE,TRUE,1851-12-29
19.49,40.474,1601,4,26,0,0,0,6.26,2,SERA_histv1.1,10000927,nan,TRUE,TRUE,TRUE,TRUE,TRUE,1601-04-26
14.944,37.215,1542,12,10,15,15,0,6.7,2,SERA_histv1.1,10000677,nan,TRUE,TRUE,TRUE,TRUE,TRUE,1542-12-10
20.424,39.45,2007,10,19,14,59,29.9,3.73,1.9,EMECv20191114,10050024,1.9,FALSE,FALSE,FALSE,FALSE,FALSE,10/19/07
12.51,43.272,1984,4,30,21,4,55.3,4.36,1.9,EMECv20191114,10025692,1.9,FALSE,FALSE,TRUE,TRUE,TRUE,4/30/84
11.821,44.657,1898,1,16,13,10,0,4.63,1.9,SERA_histv1.1,10005551,nan,TRUE,TRUE,TRUE,TRUE,TRUE,1898-01-16
12.756,43.185,1998,4,3,7,26,36.97,5.1,1.9,EMECv20191114,10036259,1.9,FALSE,FALSE,TRUE,FALSE,FALSE,4/3/98
20.4,39.485,1823,6,19,0,0,0,6.13,1.9,SERA_histv1.1,10002999,nan,TRUE,TRUE,TRUE,TRUE,TRUE,1823-06-19
19.13,39.601,2008,12,10,18,44,35,3.64,1.8,EMECv20191114,10052831,1.8,TRUE,TRUE,TRUE,TRUE,FALSE,12/10/08
15.849,41.42,2007,7,10,11,58,27.79,3.67,1.8,EMECv20191114,10049358,1.8,TRUE,TRUE,TRUE,TRUE,FALSE,7/10/07
15.167,45.967,1901,10,26,20,30,0,4.05,1.8,EMECv20191114,10005880,1.8,TRUE,FALSE,TRUE,TRUE,TRUE,10/26/01
14.167,46.367,1915,2,23,22,35,0,4.05,1.8,EMECv20191114,10007922,1.8,FALSE,TRUE,TRUE,TRUE,TRUE,2/23/15
15.303,40.846,1981,1,16,4,36,51.04,4.1,1.8,EMECv20191114,10023543,1.8,FALSE,FALSE,TRUE,FALSE,FALSE,1/16/81
13.88,43.191,1987,7,3,17,38,2.66,4.34,1.8,EMECv20191114,10027250,1.8,FALSE,FALSE,FALSE,FALSE,FALSE,7/3/87
15.049,41.146,1964,2,18,6,58,28,4.44,1.8,EMECv20191114,10015847,nan,FALSE,FALSE,TRUE,TRUE,TRUE,2/18/64
15.337,41.143,1899,8,16,0,5,0,4.59,1.8,SERA_histv1.1,10005677,nan,TRUE,TRUE,TRUE,TRUE,TRUE,1899-08-16
19.888,39.033,2008,2,6,15,46,10.5,4.64,1.8,EMECv20191114,10050683,1.8,FALSE,FALSE,TRUE,FALSE,FALSE,2/6/08
15.728,41.706,1904,4,8,8,22,0,4.75,1.8,EMECv20191114,10006196,nan,TRUE,TRUE,TRUE,TRUE,TRUE,4/8/04
13.983,41.405,1765,5,12,0,0,0,4.88,1.8,SERA_histv1.1,10002158,nan,TRUE,TRUE,TRUE,TRUE,TRUE,1765-05-12
15.503,42.12,1892,6,6,0,0,0,4.92,1.8,SERA_histv1.1,10005080,nan,TRUE,TRUE,TRUE,TRUE,TRUE,1892-06-06
16.427,40.534,1885,12,24,10,50,0,5.08,1.8,SERA_histv1.1,10004800,nan,TRUE,TRUE,TRUE,TRUE,TRUE,1885-12-24
15.318,41.068,1930,7,23,0,8,0,6.67,1.8,EMECv20191114,10010366,nan,TRUE,TRUE,TRUE,TRUE,TRUE,7/23/30
20.385,39.479,2011,1,19,19,12,22.2,3.82,1.7,EMECv20191114,10055634,1.7,FALSE,FALSE,FALSE,FALSE,FALSE,1/19/11
18.202,42.684,1983,8,26,14,39,10.6,3.53,1.6,EMECv20191114,10025261,1.6,TRUE,TRUE,TRUE,TRUE,FALSE,8/26/83
20.284,39.296,2007,10,8,4,50,20.7,3.55,1.6,EMECv20191114,10049963,1.6,FALSE,FALSE,TRUE,FALSE,FALSE,10/8/07
8.86,44.856,1902,4,11,1,28,44,3.7,1.6,EMECv20191114,10005931,nan,TRUE,TRUE,TRUE,TRUE,TRUE,4/11/02
14.25,45.83,1899,4,30,21,50,0,3.87,1.6,SERA_histv1.1,10005651,1.6,TRUE,TRUE,TRUE,TRUE,TRUE,1899-04-30
11.741,42.739,1973,12,30,2,45,0,4.13,1.6,EMECv20191114,10020174,nan,TRUE,TRUE,TRUE,TRUE,TRUE,12/30/73
12.69,46.322,1981,12,5,5,47,40.3,4.19,1.6,EMECv20191114,10024138,1.6,TRUE,TRUE,TRUE,TRUE,TRUE,12/5/81
11.172,43.542,1890,5,4,12,9,0,4.2,1.6,SERA_histv1.1,10004998,nan,TRUE,TRUE,TRUE,TRUE,TRUE,1890-05-04
13.964,42.257,1901,10,15,13,55,53,4.22,1.6,EMECv20191114,10005877,nan,TRUE,TRUE,TRUE,TRUE,TRUE,10/15/01
12.998,42.848,1997,12,31,16,2,15.11,4.3,1.6,EMECv20191114,10036007,1.6,FALSE,FALSE,TRUE,FALSE,FALSE,12/31/97
10.309,43.551,1771,1,8,3,30,0,4.43,1.6,SERA_histv1.1,10002240,nan,TRUE,TRUE,TRUE,TRUE,TRUE,1771-01-08
12.711,46.187,1955,7,23,3,54,32,4.49,1.6,EMECv20191114,10014009,nan,TRUE,TRUE,TRUE,TRUE,TRUE,7/23/55
12.859,43.036,1997,10,7,5,9,56.87,4.49,1.6,EMECv20191114,10035590,1.6,FALSE,FALSE,FALSE,FALSE,FALSE,10/7/97
13.106,44.015,1972,11,30,11,25,27.45,4.52,1.6,EMECv20191114,10019792,1.6,TRUE,TRUE,TRUE,TRUE,TRUE,11/30/72
11.691,42.831,2000,4,1,18,8,3.68,4.52,1.6,EMECv20191114,10038472,1.6,TRUE,TRUE,TRUE,TRUE,TRUE,4/1/00
12.627,42.341,1968,1,4,10,23,0,4.53,1.6,EMECv20191114,10017341,nan,FALSE,TRUE,TRUE,TRUE,TRUE,1/4/68
12.593,46.1,1892,6,23,23,20,0,4.61,1.6,SERA_histv1.1,10005082,nan,TRUE,TRUE,TRUE,TRUE,TRUE,1892-06-23
13.453,43.3,1809,8,25,12,13,0,4.65,1.6,SERA_histv1.1,10002798,nan,TRUE,TRUE,TRUE,TRUE,TRUE,1809-08-25
11.034,45.577,1826,6,24,12,15,0,4.7,1.6,SERA_histv1.1,10003043,nan,TRUE,TRUE,TRUE,TRUE,TRUE,1826-06-24
15.235,38.806,1909,1,3,4,20,0,4.86,1.6,EMECv20191114,10006887,nan,FALSE,TRUE,TRUE,TRUE,TRUE,1/3/09
12.498,42.726,1960,7,12,14,8,0,4.93,1.6,EMECv20191114,10015136,nan,TRUE,TRUE,TRUE,TRUE,TRUE,7/12/60
11.999,43.003,1861,5,9,1,53,0,5,1.6,SERA_histv1.1,10003909,nan,TRUE,TRUE,TRUE,TRUE,TRUE,1861-05-09
14.575,45.205,1838,8,10,19,30,0,5.19,1.6,SERA_histv1.1,10003282,nan,TRUE,TRUE,TRUE,TRUE,TRUE,1838-08-10
20.452,39.775,2011,10,20,17,24,8.7,3.64,1.5,EMECv20191114,10056649,1.5,FALSE,TRUE,TRUE,FALSE,FALSE,10/20/11
10.339,45.716,2006,10,20,0,11,58.13,3.78,1.5,EMECv20191114,10047683,1.5,TRUE,TRUE,TRUE,TRUE,TRUE,10/20/06
8.295,46.202,1891,12,20,16,36,0,3.93,1.5,SERA_histv1.1,10005060,nan,TRUE,TRUE,TRUE,TRUE,TRUE,1891-12-20
12.269,44.141,1993,11,9,13,46,24.39,3.93,1.5,EMECv20191114,10030891,1.5,FALSE,FALSE,TRUE,TRUE,FALSE,11/9/93
15.835,40.649,1990,5,5,19,59,57.78,4.08,1.5,EMECv20191114,10028795,1.5,FALSE,FALSE,FALSE,FALSE,FALSE,5/5/90
11.62,44.835,1678,7,15,0,0,0,4.2,1.5,SERA_histv1.1,10001367,nan,TRUE,TRUE,TRUE,TRUE,TRUE,1678-07-15
14.208,42.311,1992,7,16,5,38,53.83,4.22,1.5,EMECv20191114,10030107,1.5,TRUE,TRUE,TRUE,TRUE,FALSE,7/16/92
13.012,42.87,1997,10,16,17,31,44.42,4.26,1.5,EMECv20191114,10035644,1.5,FALSE,FALSE,FALSE,FALSE,FALSE,10/16/97
13.814,41.491,1761,4,5,14,0,0,4.53,1.5,SERA_histv1.1,10002121,nan,TRUE,TRUE,TRUE,TRUE,TRUE,1761-04-05
13,42.7,1965,5,31,11,15,35,4.57,1.5,EMECv20191114,10016280,nan,TRUE,TRUE,TRUE,TRUE,TRUE,5/31/65
11.62,44.835,1409,8,17,0,35,0,4.65,1.5,SERA_histv1.1,10000333,nan,TRUE,TRUE,TRUE,TRUE,TRUE,1409-08-17
12.988,42.846,1997,11,9,19,7,33.27,4.87,1.5,EMECv20191114,10035713,1.5,FALSE,FALSE,TRUE,FALSE,FALSE,11/9/97
11.882,43.464,1005,1,1,0,0,0,4.88,1.5,SERA_histv1.1,10000002,nan,TRUE,TRUE,TRUE,TRUE,TRUE,1005-01-01
12.054,43.541,1520,1,9,17,30,0,4.88,1.5,SERA_histv1.1,10000595,nan,TRUE,TRUE,TRUE,TRUE,TRUE,1520-01-09
12.844,42.521,1885,6,17,22,34,0,4.89,1.5,SERA_histv1.1,10004775,nan,TRUE,TRUE,TRUE,TRUE,TRUE,1885-06-17
13.454,42.967,1972,11,26,16,3,0,5.48,1.5,EMECv20191114,10019789,nan,TRUE,TRUE,TRUE,TRUE,TRUE,11/26/72
15.117,45.933,1912,7,3,19,25,0,4.05,1.4,EMECv20191114,10007543,1.4,FALSE,FALSE,TRUE,TRUE,TRUE,7/3/12
14.066,41.88,1907,12,22,5,59,0,4.16,1.4,EMECv20191114,10006728,nan,FALSE,TRUE,TRUE,TRUE,TRUE,12/22/07
13.059,42.817,1997,10,25,3,8,6.08,4.27,1.4,EMECv20191114,10035672,1.4,FALSE,FALSE,FALSE,FALSE,FALSE,10/25/97
12.526,42.763,1997,5,12,13,50,14.63,4.72,1.4,EMECv20191114,10035070,1.4,TRUE,TRUE,TRUE,TRUE,TRUE,5/12/97
13.805,41.497,1899,1,5,2,45,0,4.25,1.3,SERA_histv1.1,10005626,nan,TRUE,TRUE,TRUE,TRUE,TRUE,1899-01-05
14.825,38.566,1963,6,13,8,37,40,4.67,1.3,EMECv20191114,10015712,nan,TRUE,TRUE,TRUE,TRUE,TRUE,6/13/63
12.917,44.167,1916,8,15,13,59,0,5.35,1.3,EMECv20191114,10008186,nan,FALSE,FALSE,FALSE,FALSE,FALSE,8/15/16
10.678,44.798,1996,10,15,9,55,59.95,5.38,1.3,EMECv20191114,10034378,1.3,TRUE,TRUE,TRUE,TRUE,TRUE,10/15/96
20.323,39.266,2007,12,27,2,29,26,4,1.2,EMECv20191114,10050434,1.2,FALSE,FALSE,TRUE,FALSE,FALSE,12/27/07
15.231,43.132,2004,12,17,1,41,58.45,4.23,1.2,EMECv20191114,10044420,1.2,FALSE,FALSE,TRUE,TRUE,FALSE,12/17/04
20.349,39.186,2012,11,12,0,34,14.6,3.55,1.1,EMECv20191114,10058514,1.1,FALSE,FALSE,TRUE,FALSE,FALSE,11/12/12
20.174,39.275,2007,10,2,8,18,47.8,3.73,1.1,EMECv20191114,10049926,1.1,FALSE,FALSE,TRUE,FALSE,FALSE,10/2/07
12.302,45.938,1789,8,4,0,0,0,3.97,1.1,SERA_histv1.1,10002567,nan,TRUE,TRUE,TRUE,TRUE,TRUE,1789-08-04
9.359,45.827,1887,5,20,4,12,0,4.01,1.1,SERA_histv1.1,10004872,nan,TRUE,TRUE,TRUE,TRUE,TRUE,1887-05-20
7.315,45.106,1955,5,7,2,29,46,4.16,1.1,EMECv20191114,10013952,nan,TRUE,TRUE,TRUE,TRUE,TRUE,5/7/55
11.875,45.407,1606,12,12,0,0,0,4.2,1.1,SERA_histv1.1,10000953,nan,TRUE,TRUE,TRUE,TRUE,TRUE,1606-12-12
11.11,45.167,1841,10,15,22,0,0,4.25,1.1,SERA_histv1.1,10003343,nan,TRUE,TRUE,TRUE,TRUE,TRUE,1841-10-15
20.096,39.452,2008,2,23,23,7,36.5,4.55,1.1,EMECv20191114,10050822,1.1,FALSE,FALSE,TRUE,FALSE,FALSE,2/23/08
12.537,46.352,1986,8,29,14,57,1.3,4.73,1.1,EMECv20191114,10026842,1.1,TRUE,TRUE,TRUE,TRUE,TRUE,8/29/86
7.319,45.013,1980,1,5,14,32,26,4.82,1.1,EMECv20191114,10022958,nan,TRUE,TRUE,TRUE,TRUE,TRUE,1/5/80
12.074,45.943,1895,6,10,1,47,0,4.89,1.1,SERA_histv1.1,10005288,nan,TRUE,TRUE,TRUE,TRUE,TRUE,1895-06-10
8.617,46.95,1915,6,24,21,0,24,3.5,1,EMECv20191114,10007967,nan,FALSE,FALSE,TRUE,TRUE,TRUE,6/24/15
8.23,46.88,1917,7,2,9,57,0,3.5,1,EMECv20191114,10008345,nan,FALSE,FALSE,TRUE,TRUE,TRUE,7/2/17
7.367,46.55,1933,9,17,4,8,0,3.5,1,EMECv20191114,10010886,nan,FALSE,TRUE,TRUE,TRUE,TRUE,9/17/33
7.5,46.3,1949,2,17,22,5,0,3.5,1,EMECv20191114,10012725,nan,TRUE,TRUE,TRUE,TRUE,TRUE,2/17/49
7.467,46.35,1951,1,5,10,5,0,3.5,1,EMECv20191114,10012992,nan,FALSE,TRUE,TRUE,TRUE,TRUE,1/5/51
7.45,46.317,1951,6,1,4,18,0,3.5,1,EMECv20191114,10013055,nan,TRUE,TRUE,TRUE,TRUE,TRUE,6/1/51
7.467,46.35,1953,1,19,4,18,0,3.5,1,EMECv20191114,10013312,nan,TRUE,TRUE,TRUE,TRUE,TRUE,1/19/53
7.4,46.4,1954,7,15,8,58,29,3.5,1,EMECv20191114,10013743,nan,FALSE,FALSE,TRUE,TRUE,TRUE,7/15/54
7.417,46.367,1955,6,16,19,15,0,3.5,1,EMECv20191114,10013983,nan,FALSE,TRUE,TRUE,TRUE,TRUE,6/16/55
7.5,46.4,1968,3,7,0,21,45,3.5,1,EMECv20191114,10017469,1,TRUE,TRUE,TRUE,TRUE,TRUE,3/7/68
19.202,42.137,1979,5,5,5,54,4.9,3.55,1,EMECv20191114,10022570,1,FALSE,FALSE,FALSE,FALSE,FALSE,5/5/79
18.705,42.113,1979,6,4,3,24,11.8,3.55,1,EMECv20191114,10022647,1,FALSE,FALSE,FALSE,FALSE,FALSE,6/4/79
19.93,39.48,1995,4,16,19,44,41,3.55,1,EMECv20191114,10031895,1,FALSE,TRUE,TRUE,TRUE,FALSE,4/16/95
20.56,39.69,1995,9,17,23,8,38.65,3.55,1,EMECv20191114,10032469,1,FALSE,FALSE,TRUE,FALSE,FALSE,9/17/95
20.676,40.036,1996,8,6,6,19,8.05,3.55,1,EMECv20191114,10033963,1,FALSE,FALSE,TRUE,FALSE,FALSE,8/6/96
17.752,42.919,1996,12,3,9,50,19,3.55,1,EMECv20191114,10034571,1,FALSE,FALSE,TRUE,FALSE,FALSE,12/3/96
19.7836,40.1762,2006,9,30,11,18,49.8,3.55,1,EMECv20191114,10047608,1,FALSE,FALSE,TRUE,FALSE,FALSE,9/30/06
20.265,39.255,2007,8,7,21,34,22.01,3.55,1,EMECv20191114,10049563,1,FALSE,FALSE,TRUE,FALSE,FALSE,8/7/07
20.11,39.338,2007,8,14,20,21,47.7,3.55,1,EMECv20191114,10049630,1,FALSE,FALSE,FALSE,FALSE,FALSE,8/14/07
20.229,39.273,2007,8,15,5,41,59.76,3.55,1,EMECv20191114,10049635,1,FALSE,FALSE,FALSE,FALSE,FALSE,8/15/07
19.813,40.087,2009,8,19,5,12,59.9,3.55,1,EMECv20191114,10053797,1,FALSE,TRUE,TRUE,FALSE,FALSE,8/19/09
18.76,42.23,1979,5,24,22,28,13.5,3.62,1,EMECv20191114,10022610,1,FALSE,FALSE,FALSE,FALSE,FALSE,5/24/79
20.61,40.03,1995,9,10,12,53,8.47,3.64,1,EMECv20191114,10032452,1,FALSE,TRUE,TRUE,FALSE,FALSE,9/10/95
20.542,40.054,1996,9,8,11,20,1.65,3.64,1,EMECv20191114,10034081,1,FALSE,FALSE,TRUE,FALSE,FALSE,9/8/96
20.41,39.674,2004,10,26,20,39,18.28,3.64,1,EMECv20191114,10044231,1,FALSE,FALSE,FALSE,FALSE,FALSE,10/26/04
20.307,39.419,2007,6,22,17,27,1.72,3.64,1,EMECv20191114,10049205,1,FALSE,FALSE,TRUE,FALSE,FALSE,6/22/07
20.225,39.275,2007,8,13,0,18,38.14,3.64,1,EMECv20191114,10049609,1,FALSE,FALSE,FALSE,FALSE,FALSE,8/13/07
19.7346,40.0694,2002,11,5,10,21,54.1,3.65,1,EMECv20191114,10041452,1,FALSE,FALSE,TRUE,FALSE,FALSE,11/5/02
19.9815,41.2655,2005,9,15,15,55,6.2,3.65,1,EMECv20191114,10045751,1,FALSE,FALSE,TRUE,FALSE,FALSE,9/15/05
19.6385,40.1659,2006,8,6,11,28,39.1,3.65,1,EMECv20191114,10047378,1,FALSE,FALSE,TRUE,FALSE,FALSE,8/6/06
20.5759,40.3724,2007,6,27,1,23,59.4,3.65,1,EMECv20191114,10049234,1,FALSE,FALSE,FALSE,FALSE,FALSE,6/27/07
15.4556,45.6156,2007,12,18,3,26,36.1,3.65,1,EMECv20191114,10050393,1,TRUE,TRUE,TRUE,TRUE,FALSE,12/18/07
20.03,41.44,2009,4,26,16,5,5.3,3.65,1,EMECv20191114,10053318,1,TRUE,TRUE,TRUE,FALSE,FALSE,4/26/09
19.52,41.84,2009,4,29,4,24,14.4,3.65,1,EMECv20191114,10053332,1,TRUE,TRUE,TRUE,FALSE,FALSE,4/29/09
20.034,40.134,2010,12,17,7,21,23.9,3.65,1,EMECv20191114,10055540,1,FALSE,FALSE,TRUE,FALSE,FALSE,12/17/10
20.22,39.28,2007,7,5,7,27,32.5,3.7,1,EMECv20191114,10049317,1,FALSE,FALSE,FALSE,FALSE,FALSE,7/5/07
19.16,42.18,2009,12,10,11,24,25.5,3.7,1,EMECv20191114,10054265,1,FALSE,FALSE,TRUE,FALSE,FALSE,12/10/09
19.96,39.53,1995,3,2,0,7,39.3,3.73,1,EMECv20191114,10031795,1,TRUE,TRUE,TRUE,TRUE,FALSE,3/2/95
20.709,40.071,1996,9,1,7,41,46.55,3.73,1,EMECv20191114,10034047,1,FALSE,FALSE,TRUE,FALSE,FALSE,9/1/96
19.7154,40.1178,2006,8,10,1,57,38.6,3.74,1,EMECv20191114,10047422,1,FALSE,FALSE,FALSE,FALSE,FALSE,8/10/06
7.635,46.318,1573,8,1,0,0,0,3.79,1,SERA_histv1.1,10000792,nan,TRUE,TRUE,TRUE,TRUE,TRUE,1573-08-01
8.999,46.921,1701,12,30,0,0,0,3.79,1,SERA_histv1.1,10001555,nan,TRUE,TRUE,TRUE,TRUE,TRUE,1701-12-30
7.373,46.554,1762,10,3,20,15,0,3.79,1,SERA_histv1.1,10002135,nan,TRUE,TRUE,TRUE,TRUE,TRUE,1762-10-03
7.881,46.292,1855,8,14,11,0,0,3.79,1,SERA_histv1.1,10003671,nan,TRUE,TRUE,TRUE,TRUE,TRUE,1855-08-14
7.852,46.237,1855,9,5,22,30,0,3.79,1,SERA_histv1.1,10003681,nan,TRUE,TRUE,TRUE,TRUE,TRUE,1855-09-05
20.38,39.44,2007,6,21,9,59,39.9,3.8,1,EMECv20191114,10049200,1,FALSE,FALSE,FALSE,FALSE,FALSE,6/21/07
20.588,40.041,1995,11,10,13,47,6.88,3.82,1,EMECv20191114,10032675,1,FALSE,TRUE,TRUE,FALSE,FALSE,11/10/95
20.672,40.027,1996,7,28,1,12,5.18,3.82,1,EMECv20191114,10033931,1,FALSE,FALSE,TRUE,FALSE,FALSE,7/28/96
20.089,39.259,2003,2,25,16,7,22.43,3.82,1,EMECv20191114,10041754,1,FALSE,FALSE,TRUE,FALSE,FALSE,2/25/03
20.297,39.092,2005,9,12,22,21,39.36,3.82,1,EMECv20191114,10045737,1,FALSE,FALSE,TRUE,FALSE,FALSE,9/12/05
20.287,39.289,2007,6,30,18,5,58.66,3.82,1,EMECv20191114,10049278,1,FALSE,FALSE,FALSE,FALSE,FALSE,6/30/07
20.212,39.256,2007,8,13,6,49,5.98,3.82,1,EMECv20191114,10049610,1,FALSE,FALSE,FALSE,FALSE,FALSE,8/13/07
14.118,44.026,2013,7,11,4,32,41.1,3.87,1,EMECv20191114,10059333,1,TRUE,TRUE,TRUE,TRUE,FALSE,7/11/13
7.88,46.233,1857,11,14,3,30,0,3.9,1,SERA_histv1.1,10003800,nan,TRUE,TRUE,TRUE,TRUE,TRUE,1857-11-14
7.833,46.683,1881,6,14,1,30,0,3.9,1,SERA_histv1.1,10004586,nan,TRUE,TRUE,TRUE,TRUE,TRUE,1881-06-14
7.8,46.167,1882,12,14,13,45,0,3.9,1,SERA_histv1.1,10004649,nan,TRUE,TRUE,TRUE,TRUE,TRUE,1882-12-14
7.5,46.3,1920,3,29,9,59,0,3.9,1,EMECv20191114,10008714,nan,TRUE,TRUE,TRUE,TRUE,TRUE,3/29/20
19.975,40.686,1996,9,1,9,51,2.5,3.91,1,EMECv20191114,10034048,1,TRUE,TRUE,TRUE,FALSE,FALSE,9/1/96
20.529,40.041,1996,9,6,13,47,32.46,3.91,1,EMECv20191114,10034075,1,FALSE,FALSE,TRUE,FALSE,FALSE,9/6/96
19.514,41.583,1997,2,27,2,28,55.6,3.91,1,EMECv20191114,10034848,1,FALSE,FALSE,TRUE,TRUE,FALSE,2/27/97
20.286,41.203,2010,3,6,19,29,37.8,3.93,1,EMECv20191114,10054577,1,FALSE,FALSE,TRUE,FALSE,FALSE,3/6/10
11.416,47.283,1895,2,4,21,0,0,3.95,1,SERA_histv1.1,10005250,nan,TRUE,TRUE,TRUE,TRUE,TRUE,1895-02-04
12.878,42.98,1997,10,7,19,56,7.98,3.96,1,EMECv20191114,10035593,1,FALSE,FALSE,FALSE,FALSE,FALSE,10/7/97
20.08,41.346,1996,12,10,20,14,56.41,4,1,EMECv20191114,10034584,1,TRUE,TRUE,TRUE,TRUE,FALSE,12/10/96
19.229,41.606,1997,2,26,13,43,59.87,4,1,EMECv20191114,10034846,1,TRUE,TRUE,TRUE,TRUE,FALSE,2/26/97
16.973,38.869,2011,3,25,18,31,31.5,4.1,1,EMECv20191114,10055810,1,TRUE,TRUE,TRUE,TRUE,FALSE,3/25/11
10.167,45.773,1993,12,9,18,16,50.88,4.11,1,EMECv20191114,10030923,1,TRUE,TRUE,TRUE,TRUE,TRUE,12/9/93
13.812,41.918,1889,8,26,5,31,0,4.12,1,SERA_histv1.1,10004974,nan,TRUE,TRUE,TRUE,TRUE,TRUE,1889-08-26
14.333,37.989,1983,5,13,1,35,1,4.16,1,EMECv20191114,10025105,nan,TRUE,TRUE,TRUE,TRUE,TRUE,5/13/83
18.7,42.4,1901,10,7,21,4,0,4.18,1,EMECv20191114,10005875,1,TRUE,TRUE,TRUE,TRUE,TRUE,10/7/01
10.628,44.724,1481,2,7,22,45,0,4.2,1,SERA_histv1.1,10000467,nan,TRUE,TRUE,TRUE,TRUE,TRUE,1481-02-07
12.742,42.807,1496,6,1,0,0,0,4.2,1,SERA_histv1.1,10000504,nan,TRUE,TRUE,TRUE,TRUE,TRUE,1496-06-01
10.821,44.03,1779,12,31,16,0,0,4.2,1,SERA_histv1.1,10002392,nan,TRUE,TRUE,TRUE,TRUE,TRUE,1779-12-31
20.202,39.273,2004,7,12,11,26,28.36,4.27,1,EMECv20191114,10043743,1,FALSE,FALSE,TRUE,FALSE,FALSE,7/12/04
20.225,39.235,2007,7,18,3,45,52.67,4.27,1,EMECv20191114,10049415,1,FALSE,FALSE,FALSE,FALSE,FALSE,7/18/07
6.167,45.892,1881,7,22,2,0,0,4.31,1,SERA_histv1.1,10004591,nan,TRUE,TRUE,TRUE,TRUE,TRUE,1881-07-22
12.918,42.924,1997,10,15,22,53,10.54,4.36,1,EMECv20191114,10035637,1,FALSE,FALSE,FALSE,FALSE,FALSE,10/15/97
9.994,45.745,1979,11,17,20,53,0,4.37,1,EMECv20191114,10022910,nan,TRUE,TRUE,TRUE,TRUE,TRUE,11/17/79
20.7239,40.7658,1976,7,15,19,41,28.21,4.5,1,EMECv20191114,10021278,1,TRUE,TRUE,TRUE,TRUE,FALSE,7/15/76
19.3051,41.8886,1979,8,17,5,30,38.81,4.5,1,EMECv20191114,10022774,1,FALSE,FALSE,TRUE,FALSE,FALSE,8/17/79
19.5628,41.0328,1979,11,24,9,48,42.37,4.5,1,EMECv20191114,10022922,1,FALSE,FALSE,TRUE,FALSE,FALSE,11/24/79
19.7938,40.1313,1984,1,13,23,36,54.66,4.5,1,EMECv20191114,10025519,1,FALSE,FALSE,TRUE,TRUE,FALSE,1/13/84
7.844,46.28,1855,10,28,1,30,0,4.57,1,SERA_histv1.1,10003698,nan,TRUE,TRUE,TRUE,TRUE,TRUE,1855-10-28
10.384,44.028,1951,8,12,21,19,0,4.59,1,EMECv20191114,10013077,nan,TRUE,TRUE,TRUE,TRUE,TRUE,8/12/51
19.647,40.1245,2006,9,2,9,10,48.8,4.6,1,EMECv20191114,10047522,1,FALSE,FALSE,FALSE,FALSE,FALSE,9/2/06
20.8238,40.6894,1981,3,22,5,44,5.84,4.7,1,EMECv20191114,10023725,1,TRUE,TRUE,TRUE,TRUE,FALSE,3/22/81
19.7332,40.1088,1988,3,16,20,2,5.38,4.7,1,EMECv20191114,10027574,1,FALSE,FALSE,TRUE,TRUE,FALSE,3/16/88
10.097,40.955,2000,4,26,13,37,46.78,4.77,1,EMECv20191114,10038547,1,TRUE,TRUE,TRUE,TRUE,TRUE,4/26/00
19.6111,41.9395,1984,5,8,19,27,6.53,4.8,1,EMECv20191114,10025710,1,TRUE,TRUE,TRUE,TRUE,FALSE,5/8/84
15.801,40.378,1980,5,14,1,41,0,4.83,1,EMECv20191114,10023096,nan,FALSE,TRUE,TRUE,TRUE,TRUE,5/14/80
19.784,40.142,2012,5,5,15,55,5.92,4.84,1,EMECv20191114,10057778,1,TRUE,TRUE,TRUE,FALSE,FALSE,5/5/12
20.7,40.7,1931,2,5,2,0,0,4.97,1,EMECv20191114,10010467,1,FALSE,FALSE,TRUE,TRUE,FALSE,2/5/31
12.914,42.948,1998,3,21,16,45,9.21,5,1,EMECv20191114,10036217,1,FALSE,FALSE,TRUE,FALSE,FALSE,3/21/98
7.96,46.3,1924,4,15,12,49,0,5.2,1,EMECv20191114,10009321,nan,TRUE,TRUE,TRUE,TRUE,TRUE,4/15/24
20.7,40.7,1912,4,1,10,40,0,5.26,1,EMECv20191114,10007492,nan,FALSE,FALSE,TRUE,TRUE,TRUE,4/1/12
11.67,44.614,1796,10,22,4,0,0,5.49,1,SERA_histv1.1,10002633,nan,TRUE,TRUE,TRUE,TRUE,TRUE,1796-10-22
12.062,44.133,1870,10,30,18,34,0,5.61,1,SERA_histv1.1,10004198,nan,TRUE,TRUE,TRUE,TRUE,TRUE,1870-10-30
20.26,39.92,1967,2,9,14,8,18.2,5.8,1,EMECv20191114,10016877,1,TRUE,TRUE,TRUE,TRUE,FALSE,2/9/67
19.783,40.127,1895,5,13,0,0,0,6.15,1,SERA_histv1.1,10005279,nan,TRUE,TRUE,TRUE,TRUE,TRUE,1895-05-13
19.989,40.124,1858,10,10,0,0,0,6.36,1,SERA_histv1.1,10003838,nan,TRUE,TRUE,TRUE,TRUE,TRUE,1858-10-10
20.36,39.667,2008,5,14,19,0,12.3,3.55,0.9,EMECv20191114,10051419,0.9,FALSE,FALSE,TRUE,FALSE,FALSE,5/14/08
12.172,43.627,1997,10,2,19,38,2.29,4.42,0.9,EMECv20191114,10035570,0.9,TRUE,TRUE,TRUE,FALSE,FALSE,10/2/97
13.385,43.689,1930,10,30,7,13,0,5.83,0.9,EMECv20191114,10010415,nan,TRUE,TRUE,TRUE,TRUE,TRUE,10/30/30
19.75,39.891,2008,2,2,19,42,32.5,3.64,0.8,EMECv20191114,10050665,0.8,FALSE,TRUE,TRUE,FALSE,FALSE,2/2/08
12.966,42.875,1997,10,17,14,23,45.34,4.24,0.8,EMECv20191114,10035645,0.8,FALSE,FALSE,FALSE,FALSE,FALSE,10/17/97
15.805,41.104,1998,4,7,21,36,55.3,4.31,0.8,EMECv20191114,10036273,0.8,TRUE,TRUE,TRUE,TRUE,TRUE,4/7/98
15.551,41.674,1919,10,21,0,24,0,5.03,0.8,EMECv20191114,10008637,nan,TRUE,TRUE,TRUE,TRUE,TRUE,10/21/19
12.568,44.059,1472,1,1,0,0,0,5.11,0.8,SERA_histv1.1,10000450,nan,TRUE,TRUE,TRUE,TRUE,TRUE,1472-01-01
18.253,43.044,1979,4,15,15,24,27.3,3.53,0.7,EMECv20191114,10022483,0.7,TRUE,TRUE,TRUE,FALSE,FALSE,4/15/79
20.424,39.644,2011,3,31,23,59,31,3.55,0.7,EMECv20191114,10055830,0.7,FALSE,TRUE,TRUE,FALSE,FALSE,3/31/11
14.065,41.889,1907,7,10,3,0,0,3.93,0.7,EMECv20191114,10006668,nan,TRUE,TRUE,TRUE,TRUE,TRUE,7/10/07
12.939,42.861,1997,10,13,13,9,21.06,4.36,0.7,EMECv20191114,10035617,0.7,FALSE,FALSE,FALSE,FALSE,FALSE,10/13/97
10.338,44.764,1937,9,17,12,19,5,4.77,0.7,EMECv20191114,10011351,nan,TRUE,TRUE,TRUE,TRUE,TRUE,9/17/37
16.722,39.26,1991,4,24,13,22,16.11,4.04,0.6,EMECv20191114,10029301,0.6,TRUE,TRUE,TRUE,TRUE,TRUE,4/24/91
9.941,44.153,1996,7,11,19,9,26.37,4.06,0.6,EMECv20191114,10033828,0.6,TRUE,TRUE,TRUE,TRUE,TRUE,7/11/96
13.668,42.065,1919,4,20,6,32,0,4.11,0.6,EMECv20191114,10008576,nan,TRUE,TRUE,TRUE,TRUE,FALSE,4/20/19
12.978,42.859,1989,11,19,3,40,22.54,4.13,0.6,EMECv20191114,10028546,0.6,TRUE,TRUE,TRUE,TRUE,TRUE,11/19/89
12.655,42.53,1915,11,11,3,41,0,4.53,0.6,EMECv20191114,10008088,nan,TRUE,TRUE,TRUE,FALSE,FALSE,11/11/15
13.748,41.621,1920,6,21,7,22,0,4.62,0.6,EMECv20191114,10008754,nan,TRUE,TRUE,TRUE,TRUE,FALSE,6/21/20
11.527,44.112,1931,12,15,3,23,0,4.62,0.6,EMECv20191114,10010627,nan,FALSE,FALSE,TRUE,TRUE,FALSE,12/15/31
13.193,38.709,1924,11,12,6,46,0,4.63,0.6,EMECv20191114,10009394,nan,TRUE,TRUE,TRUE,TRUE,TRUE,11/12/24
9.116,44.831,1945,12,15,5,27,0,4.72,0.6,EMECv20191114,10012347,nan,FALSE,TRUE,TRUE,TRUE,TRUE,12/15/45
15.555,38.185,1255,11,17,10,0,0,4.88,0.6,SERA_histv1.1,10000127,nan,TRUE,TRUE,TRUE,TRUE,TRUE,1255-11-17
14.4,37.75,1906,6,4,23,20,0,5.15,0.6,EMECv20191114,10006516,nan,FALSE,FALSE,TRUE,TRUE,TRUE,6/4/06
13.457,42.547,1950,9,5,4,8,0,5.69,0.6,EMECv20191114,10012942,nan,TRUE,TRUE,TRUE,TRUE,TRUE,9/5/50
10.815,43.186,1990,6,24,5,52,30.89,3.56,0.5,EMECv20191114,10028892,0.5,TRUE,TRUE,TRUE,TRUE,TRUE,6/24/90
11.559,43.216,1854,12,4,1,0,0,3.74,0.5,SERA_histv1.1,10003627,nan,TRUE,TRUE,TRUE,TRUE,TRUE,1854-12-04
11.842,42.703,1936,6,15,14,45,0,3.84,0.5,EMECv20191114,10011226,nan,TRUE,TRUE,TRUE,TRUE,TRUE,6/15/36
12.915,42.954,1998,3,21,17,57,52.03,4.02,0.5,EMECv20191114,10036218,0.5,FALSE,FALSE,FALSE,FALSE,FALSE,3/21/98
11.769,42.896,1958,5,30,6,26,0,4.05,0.5,EMECv20191114,10014655,nan,FALSE,TRUE,TRUE,TRUE,TRUE,5/30/58
12.908,42.949,1997,11,27,7,2,35.13,4.1,0.5,EMECv20191114,10035877,0.5,FALSE,FALSE,TRUE,FALSE,FALSE,11/27/97
10.109,44.42,1893,10,20,20,15,0,4.11,0.5,SERA_histv1.1,10005169,nan,TRUE,TRUE,TRUE,TRUE,TRUE,1893-10-20
10.309,43.551,1894,12,12,11,15,0,4.2,0.5,SERA_histv1.1,10005236,nan,TRUE,TRUE,TRUE,TRUE,TRUE,1894-12-12
10.677,44.803,1996,10,15,12,18,24.22,4.38,0.5,EMECv20191114,10034380,0.5,FALSE,FALSE,FALSE,FALSE,FALSE,10/15/96
10.402,43.718,1168,1,10,0,0,0,4.43,0.5,SERA_histv1.1,10000078,nan,TRUE,TRUE,TRUE,TRUE,TRUE,1168-01-10
10.402,43.718,1322,1,1,0,0,0,4.43,0.5,SERA_histv1.1,10000194,nan,TRUE,TRUE,TRUE,TRUE,TRUE,1322-01-01
13.922,41.844,1980,6,16,14,45,0,4.44,0.5,EMECv20191114,10023152,nan,FALSE,FALSE,TRUE,TRUE,TRUE,6/16/80
11.769,42.896,1509,12,24,21,0,0,4.65,0.5,SERA_histv1.1,10000551,nan,TRUE,TRUE,TRUE,TRUE,TRUE,1509-12-24
11.162,43.419,1804,12,17,0,0,0,4.86,0.5,SERA_histv1.1,10002736,nan,TRUE,TRUE,TRUE,TRUE,TRUE,1804-12-17
11.829,44.059,1917,12,2,17,39,0,5.09,0.5,EMECv20191114,10008395,nan,TRUE,TRUE,TRUE,TRUE,FALSE,12/2/17
11.008,43.207,1724,12,11,20,0,0,5.11,0.5,SERA_histv1.1,10001724,nan,TRUE,TRUE,TRUE,TRUE,TRUE,1724-12-11
10.283,44.25,1920,9,7,8,10,0,5.18,0.5,EMECv20191114,10008775,nan,FALSE,FALSE,FALSE,FALSE,FALSE,9/7/20
15.466,40.791,1991,6,20,11,32,18.38,3.71,0.4,EMECv20191114,10029566,0.4,FALSE,FALSE,TRUE,TRUE,FALSE,6/20/91
14.873,41.753,2002,11,4,9,28,21.3,3.86,0.4,EMECv20191114,10041450,0.4,FALSE,FALSE,FALSE,FALSE,FALSE,11/4/02
19.995,39.003,2008,2,4,22,7,58.6,4,0.4,EMECv20191114,10050675,0.4,FALSE,FALSE,TRUE,FALSE,FALSE,2/4/08
12.921,42.92,1997,10,12,11,12,29.9,4.29,0.4,EMECv20191114,10035609,0.4,FALSE,FALSE,FALSE,FALSE,FALSE,10/12/97
11.529,44.424,1929,5,1,21,13,0,4.57,0.4,EMECv20191114,10010180,nan,FALSE,FALSE,FALSE,FALSE,FALSE,5/1/29
13.585,42.308,1762,10,6,0,0,0,5.5,0.4,SERA_histv1.1,10002136,nan,TRUE,TRUE,TRUE,TRUE,TRUE,1762-10-06
13.015,42.832,1815,9,3,23,0,0,5.55,0.4,SERA_histv1.1,10002886,nan,TRUE,TRUE,TRUE,TRUE,TRUE,1815-09-03
14.953,41.23,1962,8,21,18,19,0,6.15,0.4,EMECv20191114,10015548,nan,TRUE,TRUE,TRUE,TRUE,TRUE,8/21/62
18.123,42.742,1984,1,10,12,12,58.7,3.53,0.3,EMECv20191114,10025512,0.3,TRUE,TRUE,TRUE,TRUE,FALSE,1/10/84
9.918,45.058,1383,7,24,20,0,0,3.97,0.3,SERA_histv1.1,10000283,nan,TRUE,TRUE,TRUE,TRUE,TRUE,1383-07-24
12.995,43.211,1960,2,24,1,51,0,4.32,0.3,EMECv20191114,10015039,nan,TRUE,TRUE,TRUE,TRUE,TRUE,2/24/60
12.899,42.888,1997,10,12,21,52,35.23,4.34,0.3,EMECv20191114,10035613,0.3,FALSE,FALSE,FALSE,FALSE,FALSE,10/12/97
12.547,42.613,1753,5,26,0,0,0,4.78,0.3,SERA_histv1.1,10001979,nan,TRUE,TRUE,TRUE,TRUE,TRUE,1753-05-26
17.975,42.848,1986,7,31,12,26,11.5,3.53,0.2,EMECv20191114,10026808,0.2,TRUE,TRUE,TRUE,TRUE,FALSE,7/31/86
20.234,39.289,2007,11,5,4,43,27.8,3.73,0.2,EMECv20191114,10050122,0.2,FALSE,FALSE,TRUE,FALSE,FALSE,11/5/07
20.269,39.521,2008,5,25,0,58,58.9,3.82,0.2,EMECv20191114,10051469,0.2,FALSE,FALSE,TRUE,FALSE,FALSE,5/25/08
8.669,44.714,1891,5,28,6,15,0,4.13,0.2,SERA_histv1.1,10005039,nan,TRUE,TRUE,TRUE,TRUE,TRUE,1891-05-28
12.261,44.161,1915,1,13,19,30,0,4.38,0.2,EMECv20191114,10007893,nan,TRUE,TRUE,TRUE,TRUE,TRUE,1/13/15
12.974,42.863,1997,11,8,15,31,53.71,4.61,0.2,EMECv20191114,10035710,0.2,FALSE,FALSE,TRUE,FALSE,FALSE,11/8/97
11.62,44.835,1743,5,29,0,0,0,4.88,0.2,SERA_histv1.1,10001891,nan,TRUE,TRUE,TRUE,TRUE,TRUE,1743-05-29
15.359,43.189,2004,11,25,6,21,15.44,5.25,0.2,EMECv20191114,10044323,0.2,TRUE,TRUE,TRUE,TRUE,TRUE,11/25/04
8.583,46.583,1638,3,1,0,0,0,3.5,0.1,SERA_histv1.1,10001097,nan,TRUE,TRUE,TRUE,TRUE,TRUE,1638-03-01
9.917,46.483,1927,8,25,14,5,0,3.5,0.1,EMECv20191114,10009881,nan,FALSE,FALSE,TRUE,TRUE,TRUE,8/25/27
10.1,46.77,1939,9,26,2,42,0,3.5,0.1,EMECv20191114,10011575,nan,TRUE,TRUE,TRUE,TRUE,TRUE,9/26/39
8.483,46.45,1947,2,15,13,37,0,3.5,0.1,EMECv20191114,10012445,nan,TRUE,TRUE,TRUE,TRUE,TRUE,2/15/47
11.927,42.804,1994,2,9,21,49,12.5,3.55,0.1,EMECv20191114,10031040,0.1,TRUE,TRUE,TRUE,TRUE,FALSE,2/9/94
20.373,39.703,2011,9,12,12,27,29.4,3.55,0.1,EMECv20191114,10056497,0.1,TRUE,TRUE,TRUE,FALSE,FALSE,9/12/11
20.349,39.459,2014,6,8,10,29,12.6,3.55,0.1,EMECv20191114,10060748,0.1,FALSE,TRUE,TRUE,FALSE,FALSE,6/8/14
14.822,41.172,1990,4,22,16,47,7.38,3.63,0.1,EMECv20191114,10028772,0.1,FALSE,FALSE,TRUE,TRUE,FALSE,4/22/90
20.191,39.309,2007,10,8,5,11,33.6,3.64,0.1,EMECv20191114,10049964,0.1,FALSE,FALSE,TRUE,FALSE,FALSE,10/8/07
20.404,39.715,2011,8,8,0,17,28.8,3.64,0.1,EMECv20191114,10056358,0.1,FALSE,TRUE,TRUE,FALSE,FALSE,8/8/11
13.442,43.035,1996,1,22,23,14,0.09,3.66,0.1,EMECv20191114,10033092,0.1,FALSE,FALSE,TRUE,TRUE,TRUE,1/22/96
13.22,43.158,1905,11,30,22,0,0,3.7,0.1,EMECv20191114,10006440,nan,TRUE,TRUE,TRUE,TRUE,TRUE,11/30/05
17.128,39.081,1933,2,4,1,4,0,3.7,0.1,EMECv20191114,10010795,nan,TRUE,TRUE,TRUE,TRUE,TRUE,2/4/33
12.899,42.874,1949,3,28,21,34,20,3.7,0.1,EMECv20191114,10012742,nan,FALSE,FALSE,TRUE,TRUE,TRUE,3/28/49
10.503,46.744,1984,6,8,2,43,32.42,3.7,0.1,EMECv20191114,10025760,0.1,TRUE,TRUE,TRUE,TRUE,TRUE,6/8/84
20.449,39.407,2013,4,7,4,38,34.6,3.73,0.1,EMECv20191114,10058982,0.1,FALSE,TRUE,TRUE,FALSE,FALSE,4/7/13
11.332,43.318,1795,2,14,19,15,0,3.74,0.1,SERA_histv1.1,10002617,nan,TRUE,TRUE,TRUE,TRUE,TRUE,1795-02-14
15.95,38.706,1855,9,20,7,30,0,3.74,0.1,SERA_histv1.1,10003685,nan,TRUE,TRUE,TRUE,TRUE,TRUE,1855-09-20
8.525,44.724,1881,8,3,14,42,0,3.74,0.1,SERA_histv1.1,10004592,nan,TRUE,TRUE,TRUE,TRUE,TRUE,1881-08-03
13.989,41.371,1992,3,15,23,44,31.09,3.78,0.1,EMECv20191114,10029921,0.1,FALSE,FALSE,TRUE,TRUE,FALSE,3/15/92
9.826,46.86,1812,2,19,3,0,0,3.79,0.1,SERA_histv1.1,10002834,nan,TRUE,TRUE,TRUE,TRUE,TRUE,1812-02-19
14.94,41.724,2002,11,5,23,10,40.98,3.86,0.1,EMECv20191114,10041453,0.1,FALSE,FALSE,FALSE,FALSE,FALSE,11/5/02
10.994,45.439,1512,12,12,20,40,0,3.87,0.1,SERA_histv1.1,10000571,nan,TRUE,TRUE,TRUE,TRUE,TRUE,1512-12-12
14.576,41.366,1984,9,24,5,39,53.46,3.88,0.1,EMECv20191114,10025914,0.1,FALSE,TRUE,TRUE,FALSE,FALSE,9/24/84
9.683,46.683,1862,10,13,20,0,0,3.9,0.1,SERA_histv1.1,10003946,nan,TRUE,TRUE,TRUE,TRUE,TRUE,1862-10-13
9.167,46.75,1963,12,20,23,21,45,3.9,0.1,EMECv20191114,10015811,nan,TRUE,TRUE,TRUE,TRUE,TRUE,12/20/63
14.065,41.889,1908,6,5,2,58,0,3.93,0.1,EMECv20191114,10006789,nan,TRUE,TRUE,TRUE,TRUE,TRUE,6/5/08
15.339,40.899,1981,1,16,6,31,24.79,3.95,0.1,EMECv20191114,10023544,0.1,FALSE,FALSE,TRUE,FALSE,FALSE,1/16/81
13.585,43.103,1996,1,22,18,37,44.36,3.96,0.1,EMECv20191114,10033091,0.1,FALSE,FALSE,TRUE,TRUE,TRUE,1/22/96
12.296,43.659,1898,11,22,23,10,0,3.97,0.1,SERA_histv1.1,10005615,nan,TRUE,TRUE,TRUE,TRUE,TRUE,1898-11-22
10.278,43.408,1984,5,21,14,7,44.67,3.97,0.1,EMECv20191114,10025745,0.1,FALSE,FALSE,TRUE,TRUE,TRUE,5/21/84
12.205,44.194,1993,11,5,2,1,3.79,3.99,0.1,EMECv20191114,10030879,0.1,TRUE,TRUE,TRUE,TRUE,FALSE,11/5/93
16.057,41.695,1983,9,30,11,30,39.91,4.02,0.1,EMECv20191114,10025308,0.1,TRUE,TRUE,TRUE,TRUE,FALSE,9/30/83
12.928,42.894,1997,10,12,18,12,4.64,4.02,0.1,EMECv20191114,10035611,0.1,FALSE,FALSE,FALSE,FALSE,FALSE,10/12/97
15.728,40.465,1990,8,26,13,41,24.38,4.03,0.1,EMECv20191114,10028973,0.1,FALSE,FALSE,TRUE,TRUE,FALSE,8/26/90
12.904,42.929,1997,10,4,6,4,29.45,4.03,0.1,EMECv20191114,10035576,0.1,FALSE,FALSE,FALSE,FALSE,FALSE,10/4/97
15.886,40.646,1990,5,5,8,3,48.19,4.04,0.1,EMECv20191114,10028794,0.1,FALSE,FALSE,FALSE,FALSE,FALSE,5/5/90
12.961,42.818,1899,4,21,0,57,0,4.05,0.1,SERA_histv1.1,10005649,nan,TRUE,TRUE,TRUE,TRUE,TRUE,1899-04-21
14.218,41.535,1986,1,18,8,32,44.29,4.06,0.1,EMECv20191114,10026502,0.1,TRUE,TRUE,TRUE,TRUE,FALSE,1/18/86
12.892,43.095,1997,9,27,2,17,24.57,4.07,0.1,EMECv20191114,10035539,0.1,FALSE,FALSE,FALSE,FALSE,FALSE,9/27/97
13.251,42.618,1992,10,24,18,44,48.6,4.08,0.1,EMECv20191114,10030215,0.1,FALSE,TRUE,TRUE,TRUE,FALSE,10/24/92
15.719,40.087,1984,1,5,12,39,39,4.09,0.1,EMECv20191114,10025505,nan,TRUE,TRUE,TRUE,TRUE,FALSE,1/5/84
13.7,42.945,1985,5,1,16,57,35,4.09,0.1,EMECv20191114,10026173,0.1,TRUE,TRUE,TRUE,TRUE,TRUE,5/1/85
9.893,46.812,1878,4,14,18,45,0,4.1,0.1,SERA_histv1.1,10004438,nan,TRUE,TRUE,TRUE,TRUE,TRUE,1878-04-14
8.074,45.464,1908,5,24,8,37,0,4.1,0.1,EMECv20191114,10006780,nan,TRUE,TRUE,TRUE,TRUE,TRUE,5/24/08
12.422,43.126,1984,4,29,5,49,38.6,4.1,0.1,EMECv20191114,10025688,0.1,FALSE,FALSE,TRUE,TRUE,TRUE,4/29/84
10.691,44.815,1996,10,15,10,19,44.1,4.1,0.1,EMECv20191114,10034379,0.1,FALSE,FALSE,FALSE,FALSE,FALSE,10/15/96
11.924,44.203,2000,5,2,8,48,50.89,4.1,0.1,EMECv20191114,10038559,0.1,FALSE,FALSE,TRUE,TRUE,FALSE,5/2/00
10.93,46.002,1987,7,10,8,9,27.25,4.11,0.1,EMECv20191114,10027260,0.1,FALSE,TRUE,TRUE,TRUE,TRUE,7/10/87
15.505,42.024,1988,8,24,23,5,57,4.11,0.1,EMECv20191114,10027768,0.1,TRUE,TRUE,TRUE,TRUE,FALSE,8/24/88
14.208,42.39,1992,2,18,3,30,9.82,4.11,0.1,EMECv20191114,10029876,0.1,TRUE,TRUE,TRUE,TRUE,FALSE,2/18/92
11.011,44.432,1992,4,17,11,59,7.29,4.11,0.1,EMECv20191114,10029984,0.1,TRUE,TRUE,TRUE,TRUE,TRUE,4/17/92
13.86,43.244,1987,9,22,4,24,54.82,4.13,0.1,EMECv20191114,10027348,0.1,FALSE,FALSE,TRUE,TRUE,TRUE,9/22/87
16.804,40.415,1991,4,18,19,24,3.06,4.13,0.1,EMECv20191114,10029288,0.1,TRUE,TRUE,TRUE,TRUE,FALSE,4/18/91
15.347,40.749,1981,1,17,3,3,59.93,4.15,0.1,EMECv20191114,10023545,0.1,FALSE,FALSE,TRUE,FALSE,FALSE,1/17/81
12.578,42.833,1900,8,11,19,0,0,4.16,0.1,EMECv20191114,10005762,nan,FALSE,TRUE,TRUE,TRUE,TRUE,8/11/00
8.88,44.734,1906,7,14,18,35,0,4.16,0.1,EMECv20191114,10006534,nan,TRUE,TRUE,TRUE,TRUE,TRUE,7/14/06
13.772,41.584,1909,7,29,3,0,0,4.16,0.1,EMECv20191114,10007020,nan,TRUE,TRUE,TRUE,TRUE,TRUE,7/29/09
13.147,43.789,1937,11,26,21,58,30,4.16,0.1,EMECv20191114,10011363,nan,TRUE,TRUE,TRUE,TRUE,TRUE,11/26/37
12.616,43.07,1940,7,2,1,30,0,4.16,0.1,EMECv20191114,10011660,nan,TRUE,TRUE,TRUE,TRUE,TRUE,7/2/40
10.7,44.826,1996,10,16,0,24,29.1,4.16,0.1,EMECv20191114,10034386,0.1,FALSE,FALSE,FALSE,FALSE,FALSE,10/16/96
10.355,44.373,1965,11,9,15,35,0,4.17,0.1,EMECv20191114,10016405,nan,TRUE,TRUE,TRUE,TRUE,TRUE,11/9/65
20.216,39.277,2007,11,17,22,56,45.8,4.18,0.1,EMECv20191114,10050204,0.1,FALSE,FALSE,TRUE,FALSE,FALSE,11/17/07
19.406,39.306,2014,11,10,20,48,16.9,4.18,0.1,EMECv20191114,10061248,0.1,TRUE,TRUE,TRUE,TRUE,FALSE,11/10/14
10.915,43.933,1759,3,18,0,0,0,4.2,0.1,SERA_histv1.1,10002095,nan,TRUE,TRUE,TRUE,TRUE,TRUE,1759-03-18
12.745,42.816,1891,7,14,5,58,0,4.2,0.1,SERA_histv1.1,10005045,nan,TRUE,TRUE,TRUE,TRUE,TRUE,1891-07-14
13.677,43.268,1895,10,25,12,10,0,4.2,0.1,SERA_histv1.1,10005311,nan,TRUE,TRUE,TRUE,TRUE,TRUE,1895-10-25
13.445,43.061,1996,1,1,12,21,41.54,4.2,0.1,EMECv20191114,10033026,0.1,TRUE,TRUE,TRUE,TRUE,TRUE,1/1/96
13.226,42.476,1994,6,2,17,38,13.82,4.21,0.1,EMECv20191114,10031274,0.1,TRUE,TRUE,TRUE,TRUE,TRUE,6/2/94
12.879,43.877,1901,9,25,23,40,0,4.23,0.1,EMECv20191114,10005873,nan,TRUE,TRUE,TRUE,TRUE,TRUE,9/25/01
12.013,43.733,1957,4,30,6,5,8,4.23,0.1,EMECv20191114,10014378,nan,FALSE,FALSE,TRUE,TRUE,TRUE,4/30/57
14.076,41.541,1984,6,19,1,27,21,4.23,0.1,EMECv20191114,10025777,nan,FALSE,FALSE,TRUE,FALSE,FALSE,6/19/84
9.327,44.895,1913,3,27,2,25,44,4.24,0.1,EMECv20191114,10007630,nan,TRUE,TRUE,TRUE,TRUE,TRUE,3/27/13
7.381,45.089,1969,10,9,3,31,36,4.25,0.1,EMECv20191114,10018239,nan,TRUE,TRUE,TRUE,TRUE,TRUE,10/9/69
11.853,43.781,1991,1,14,7,38,36.65,4.26,0.1,EMECv20191114,10029182,0.1,TRUE,TRUE,TRUE,TRUE,TRUE,1/14/91
16.073,39.163,1991,12,15,5,52,19.85,4.26,0.1,EMECv20191114,10029801,0.1,TRUE,TRUE,TRUE,TRUE,FALSE,12/15/91
10.655,43.636,1897,7,27,9,2,0,4.3,0.1,SERA_histv1.1,10005487,nan,TRUE,TRUE,TRUE,TRUE,TRUE,1897-07-27
12.597,43.183,1982,10,18,2,45,10,4.31,0.1,EMECv20191114,10024606,nan,FALSE,FALSE,TRUE,TRUE,TRUE,10/18/82
15.576,42.077,1989,10,5,11,9,16.72,4.31,0.1,EMECv20191114,10028459,0.1,FALSE,FALSE,TRUE,TRUE,FALSE,10/5/89
12.917,43.013,1997,9,26,14,54,26.98,4.31,0.1,EMECv20191114,10035538,0.1,FALSE,FALSE,FALSE,FALSE,FALSE,9/26/97
12.573,42.588,1978,7,30,5,19,23,4.32,0.1,EMECv20191114,10022190,nan,TRUE,TRUE,TRUE,TRUE,TRUE,7/30/78
10.433,43.47,1914,1,15,3,27,20,4.33,0.1,EMECv20191114,10007719,nan,TRUE,TRUE,TRUE,TRUE,TRUE,1/15/14
16.32,38.78,1912,11,7,14,12,0,4.37,0.1,EMECv20191114,10007585,nan,TRUE,TRUE,TRUE,TRUE,TRUE,11/7/12
13.685,41.692,1917,6,16,20,36,0,4.39,0.1,EMECv20191114,10008340,nan,FALSE,FALSE,TRUE,TRUE,FALSE,6/16/17
16.05,38.6,1918,12,3,10,42,0,4.4,0.1,EMECv20191114,10008534,nan,TRUE,TRUE,TRUE,TRUE,TRUE,12/3/18
14.858,40.41,1983,9,29,1,23,38.81,4.4,0.1,EMECv20191114,10025305,0.1,FALSE,TRUE,TRUE,TRUE,FALSE,9/29/83
12.822,43.004,1998,2,7,0,59,44.54,4.41,0.1,EMECv20191114,10036097,0.1,FALSE,FALSE,TRUE,FALSE,FALSE,2/7/98
13.229,43.194,1458,5,1,0,0,0,4.43,0.1,SERA_histv1.1,10000418,nan,TRUE,TRUE,TRUE,TRUE,TRUE,1458-05-01
11.332,43.318,1603,1,25,0,0,0,4.43,0.1,SERA_histv1.1,10000938,nan,TRUE,TRUE,TRUE,TRUE,TRUE,1603-01-25
9.322,44.317,1637,11,20,0,0,0,4.43,0.1,SERA_histv1.1,10001094,nan,TRUE,TRUE,TRUE,TRUE,TRUE,1637-11-20
15.555,38.185,1649,1,1,0,0,0,4.43,0.1,SERA_histv1.1,10001166,nan,TRUE,TRUE,TRUE,TRUE,TRUE,1649-01-01
16.338,39.019,1697,2,1,20,0,0,4.43,0.1,SERA_histv1.1,10001502,nan,TRUE,TRUE,TRUE,TRUE,TRUE,1697-02-01
11.09,43.67,1697,6,18,0,0,0,4.43,0.1,SERA_histv1.1,10001504,nan,TRUE,TRUE,TRUE,TRUE,TRUE,1697-06-18
12.785,43.23,1747,1,26,0,0,0,4.43,0.1,SERA_histv1.1,10001911,nan,TRUE,TRUE,TRUE,TRUE,TRUE,1747-01-26
11.62,44.835,1787,7,16,10,0,0,4.43,0.1,SERA_histv1.1,10002534,nan,TRUE,TRUE,TRUE,TRUE,TRUE,1787-07-16
13.814,41.491,1806,7,21,9,0,0,4.43,0.1,SERA_histv1.1,10002754,nan,TRUE,TRUE,TRUE,TRUE,TRUE,1806-07-21
15.733,38.596,1892,7,4,20,30,0,4.43,0.1,SERA_histv1.1,10005084,nan,TRUE,TRUE,TRUE,TRUE,TRUE,1892-07-04
15.649,42.14,1990,2,1,6,24,14.15,4.43,0.1,EMECv20191114,10028665,0.1,FALSE,TRUE,TRUE,TRUE,FALSE,2/1/90
13.435,43.049,1930,8,4,15,2,23,4.44,0.1,EMECv20191114,10010371,nan,FALSE,TRUE,TRUE,TRUE,FALSE,8/4/30
13.715,41.511,1967,10,2,20,13,3,4.45,0.1,EMECv20191114,10017224,nan,FALSE,TRUE,TRUE,TRUE,TRUE,10/2/67
17.101,39.523,1993,8,10,1,14,11.45,4.45,0.1,EMECv20191114,10030702,0.1,TRUE,TRUE,TRUE,TRUE,TRUE,8/10/93
12.188,42.689,1971,3,2,18,52,12,4.46,0.1,EMECv20191114,10019107,nan,FALSE,TRUE,TRUE,TRUE,TRUE,3/2/71
15.245,40.741,1983,7,27,19,4,32.4,4.49,0.1,EMECv20191114,10025211,0.1,TRUE,TRUE,TRUE,TRUE,FALSE,7/27/83
11.901,44.002,1970,2,9,7,39,0,4.5,0.1,EMECv20191114,10018362,nan,TRUE,TRUE,TRUE,TRUE,TRUE,2/9/70
13.353,42.297,1985,5,20,10,0,28.35,4.51,0.1,EMECv20191114,10026191,0.1,TRUE,TRUE,TRUE,TRUE,FALSE,5/20/85
15.904,41.52,1953,7,19,18,46,0,4.55,0.1,EMECv20191114,10013429,nan,TRUE,TRUE,TRUE,TRUE,TRUE,7/19/53
10.724,44.838,1988,3,15,12,3,16.17,4.57,0.1,EMECv20191114,10027573,0.1,TRUE,TRUE,TRUE,TRUE,TRUE,3/15/88
11.817,43.95,1956,5,29,16,21,0,4.59,0.1,EMECv20191114,10014173,nan,FALSE,FALSE,TRUE,TRUE,TRUE,5/29/56
15.681,42.118,1989,10,6,17,38,25.75,4.61,0.1,EMECv20191114,10028461,0.1,TRUE,TRUE,TRUE,TRUE,FALSE,10/6/89
10.283,44.317,1920,9,7,18,42,43,4.62,0.1,EMECv20191114,10008777,nan,FALSE,FALSE,FALSE,FALSE,FALSE,9/7/20
13.8,41.483,1745,10,18,0,0,0,4.63,0.1,SERA_histv1.1,10001903,nan,TRUE,TRUE,TRUE,TRUE,TRUE,1745-10-18
10.879,43.267,1946,4,29,0,6,0,4.63,0.1,EMECv20191114,10012375,nan,TRUE,TRUE,TRUE,TRUE,TRUE,4/29/46
10.668,45.726,1987,5,24,10,23,24.76,4.63,0.1,EMECv20191114,10027207,0.1,TRUE,TRUE,TRUE,TRUE,TRUE,5/24/87
15.721,41.584,1956,9,22,3,19,39,4.64,0.1,EMECv20191114,10014255,nan,FALSE,FALSE,TRUE,TRUE,TRUE,9/22/56
12.692,46.514,1960,1,6,15,18,0,4.64,0.1,EMECv20191114,10014989,nan,FALSE,TRUE,TRUE,TRUE,TRUE,1/6/60
10.691,44.812,1987,4,24,2,30,27.04,4.64,0.1,EMECv20191114,10027174,0.1,FALSE,FALSE,TRUE,TRUE,TRUE,4/24/87
12.726,42.916,1690,1,26,0,0,0,4.65,0.1,SERA_histv1.1,10001434,nan,TRUE,TRUE,TRUE,TRUE,TRUE,1690-01-26
11.176,44.168,1962,5,11,1,5,31,4.69,0.1,EMECv20191114,10015491,nan,TRUE,TRUE,TRUE,TRUE,TRUE,5/11/62
10.694,44.81,1987,5,2,20,43,53.32,4.71,0.1,EMECv20191114,10027188,0.1,TRUE,TRUE,TRUE,TRUE,TRUE,5/2/87
14.097,43.048,1907,1,23,0,25,0,4.75,0.1,EMECv20191114,10006601,nan,TRUE,TRUE,TRUE,TRUE,TRUE,1/23/07
10.666,45.974,1931,4,14,22,13,0,4.77,0.1,EMECv20191114,10010512,nan,TRUE,TRUE,TRUE,TRUE,TRUE,4/14/31
11.074,46.697,2001,7,17,15,6,15.27,4.78,0.1,EMECv20191114,10039995,0.1,TRUE,TRUE,TRUE,TRUE,TRUE,7/17/01
11.073,45.318,1907,4,25,4,52,0,4.79,0.1,EMECv20191114,10006646,nan,TRUE,TRUE,TRUE,TRUE,TRUE,4/25/07
15.316,40.761,1980,11,30,7,42,0.35,4.81,0.1,EMECv20191114,10023450,nan,FALSE,FALSE,FALSE,FALSE,FALSE,11/30/80
15.88,40.658,1990,5,5,7,38,11.02,4.81,0.1,EMECv20191114,10028793,0.1,FALSE,FALSE,TRUE,TRUE,FALSE,5/5/90
15.386,38.181,1898,8,12,0,0,0,4.84,0.1,SERA_histv1.1,10005596,nan,TRUE,TRUE,TRUE,TRUE,TRUE,1898-08-12
12.917,44.167,1916,8,15,17,44,0,4.85,0.1,EMECv20191114,10008190,nan,FALSE,FALSE,FALSE,FALSE,FALSE,8/15/16
12.621,43.294,1984,5,11,13,38,31.43,4.86,0.1,EMECv20191114,10025717,0.1,FALSE,FALSE,TRUE,TRUE,TRUE,5/11/84
12.078,44.067,1194,1,1,0,0,0,4.88,0.1,SERA_histv1.1,10000091,nan,TRUE,TRUE,TRUE,TRUE,TRUE,1194-01-01
11.62,44.835,1410,5,9,22,30,0,4.88,0.1,SERA_histv1.1,10000336,nan,TRUE,TRUE,TRUE,TRUE,TRUE,1410-05-09
13.718,43.162,1540,4,8,0,0,0,4.88,0.1,SERA_histv1.1,10000663,nan,TRUE,TRUE,TRUE,TRUE,TRUE,1540-04-08
12.497,43.065,1590,6,13,10,30,0,4.88,0.1,SERA_histv1.1,10000864,nan,TRUE,TRUE,TRUE,TRUE,TRUE,1590-06-13
10.952,44.245,1644,5,9,0,0,0,4.88,0.1,SERA_histv1.1,10001138,nan,TRUE,TRUE,TRUE,TRUE,TRUE,1644-05-09
13.399,42.351,1646,6,19,3,0,0,4.88,0.1,SERA_histv1.1,10001153,nan,TRUE,TRUE,TRUE,TRUE,TRUE,1646-06-19
11.585,43.167,1679,3,24,11,30,0,4.88,0.1,SERA_histv1.1,10001370,nan,TRUE,TRUE,TRUE,TRUE,TRUE,1679-03-24
12.347,46.609,1930,5,14,0,1,0,4.89,0.1,EMECv20191114,10010336,nan,TRUE,TRUE,TRUE,TRUE,TRUE,5/14/30
16.18,41.882,1925,8,25,5,10,0,4.92,0.1,EMECv20191114,10009525,nan,TRUE,TRUE,TRUE,TRUE,TRUE,8/25/25
10.037,44.218,1878,9,10,13,31,0,4.98,0.1,SERA_histv1.1,10004450,nan,TRUE,TRUE,TRUE,TRUE,TRUE,1878-09-10
12.132,43.571,1919,10,25,13,51,0,5.03,0.1,EMECv20191114,10008640,nan,FALSE,FALSE,TRUE,TRUE,FALSE,10/25/19
15.865,41.721,1955,2,9,10,6,0,5.05,0.1,EMECv20191114,10013905,nan,FALSE,TRUE,TRUE,TRUE,TRUE,2/9/55
15.821,40.689,1991,5,26,12,25,59.42,5.08,0.1,EMECv20191114,10029513,0.1,FALSE,TRUE,TRUE,TRUE,FALSE,5/26/91
13.397,42.292,1916,4,22,4,33,0,5.09,0.1,EMECv20191114,10008145,nan,FALSE,FALSE,TRUE,FALSE,FALSE,4/22/16
10.821,43.965,1904,11,17,5,2,0,5.1,0.1,EMECv20191114,10006286,nan,FALSE,TRUE,TRUE,TRUE,TRUE,11/17/04
11.332,43.318,1320,12,16,0,0,0,5.11,0.1,SERA_histv1.1,10000189,nan,TRUE,TRUE,TRUE,TRUE,TRUE,1320-12-16
13.867,41.54,1367,1,1,0,0,0,5.11,0.1,SERA_histv1.1,10000262,nan,TRUE,TRUE,TRUE,TRUE,TRUE,1367-01-01
15.8,40.764,1954,8,6,19,21,12,5.18,0.1,EMECv20191114,10013766,nan,TRUE,TRUE,TRUE,TRUE,TRUE,8/6/54
15.637,41.627,1841,2,21,0,0,0,5.19,0.1,SERA_histv1.1,10003325,nan,TRUE,TRUE,TRUE,TRUE,TRUE,1841-02-21
12.92,42.906,1997,10,12,11,8,36.57,5.19,0.1,EMECv20191114,10035608,0.1,FALSE,FALSE,FALSE,FALSE,FALSE,10/12/97
11.14,43.66,1812,9,11,12,0,0,5.22,0.1,SERA_histv1.1,10002847,nan,TRUE,TRUE,TRUE,TRUE,TRUE,1812-09-11
15.9,41.808,1951,1,16,1,11,0,5.22,0.1,EMECv20191114,10012999,nan,TRUE,TRUE,TRUE,TRUE,TRUE,1/16/51
15.439,40.89,1981,1,16,0,37,45.43,5.22,0.1,EMECv20191114,10023542,0.1,FALSE,FALSE,TRUE,FALSE,FALSE,1/16/81
14.924,41.108,1794,6,12,22,30,0,5.25,0.1,SERA_histv1.1,10002610,nan,TRUE,TRUE,TRUE,TRUE,TRUE,1794-06-12
12.074,44.117,1911,2,19,7,18,30,5.26,0.1,EMECv20191114,10007271,nan,TRUE,TRUE,TRUE,TRUE,TRUE,2/19/11
18.655,42.44,1608,9,15,11,30,0,5.35,0.1,SERA_histv1.1,10000962,nan,TRUE,TRUE,TRUE,TRUE,TRUE,1608-09-15
15.8,41.6,1948,8,21,8,44,47,5.4,0.1,EMECv20191114,10012653,nan,FALSE,FALSE,TRUE,TRUE,TRUE,8/21/48
16.221,39.564,1887,12,3,3,45,0,5.54,0.1,SERA_histv1.1,10004901,nan,TRUE,TRUE,TRUE,TRUE,TRUE,1887-12-03
12.861,42.95,1791,10,11,13,5,0,5.55,0.1,SERA_histv1.1,10002583,nan,TRUE,TRUE,TRUE,TRUE,TRUE,1791-10-11
13.57,43.565,1269,9,1,0,0,0,5.56,0.1,SERA_histv1.1,10000133,nan,TRUE,TRUE,TRUE,TRUE,TRUE,1269-09-01
10.915,43.933,1293,3,1,0,0,0,5.56,0.1,SERA_histv1.1,10000159,nan,TRUE,TRUE,TRUE,TRUE,TRUE,1293-03-01
12.576,43.941,1672,4,14,15,45,0,5.59,0.1,SERA_histv1.1,10001332,nan,TRUE,TRUE,TRUE,TRUE,TRUE,1672-04-14
12.868,46.433,1700,7,28,0,0,0,5.67,0.1,SERA_histv1.1,10001529,nan,TRUE,TRUE,TRUE,TRUE,TRUE,1700-07-28
19.5,40.5,1866,3,13,18,0,0,5.89,0.1,SERA_histv1.1,10004043,nan,TRUE,TRUE,TRUE,TRUE,TRUE,1866-03-13
15.328,41.758,1627,8,7,16,40,0,6.02,0.1,SERA_histv1.1,10001055,nan,TRUE,TRUE,TRUE,TRUE,TRUE,1627-08-07
16.268,38.636,1791,10,13,1,20,0,6.11,0.1,SERA_histv1.1,10002584,nan,TRUE,TRUE,TRUE,TRUE,TRUE,1791-10-13
19.5,41.1,1895,8,6,2,0,0,6.24,0.1,SERA_histv1.1,10005297,nan,TRUE,TRUE,TRUE,TRUE,TRUE,1895-08-06
19.92,39.624,1674,1,16,0,0,0,6.31,0.1,SERA_histv1.1,10001343,nan,TRUE,TRUE,TRUE,TRUE,TRUE,1674-01-16
19.446,41.314,1870,9,28,0,0,0,6.49,0.1,SERA_histv1.1,10004196,nan,TRUE,TRUE,TRUE,TRUE,TRUE,1870-09-28
15.369,43.805,2013,10,25,23,8,7.9,3.53,0,EMECv20191114,10059705,0,TRUE,TRUE,TRUE,TRUE,FALSE,10/25/13
14.922,45.366,2014,2,19,20,44,15,3.53,0,EMECv20191114,10060333,0,FALSE,TRUE,TRUE,TRUE,TRUE,2/19/14
17.532,38.864,1974,4,21,4,0,4.14,3.55,0,EMECv20191114,10020303,nan,TRUE,TRUE,TRUE,TRUE,TRUE,4/21/74
20.664,40.029,1996,8,4,10,8,49.04,3.55,0,EMECv20191114,10033958,0,FALSE,FALSE,TRUE,FALSE,FALSE,8/4/96
20.064,39.295,2007,7,2,19,24,36.62,3.55,0,EMECv20191114,10049293,0,FALSE,FALSE,FALSE,FALSE,FALSE,7/2/07
20.18,39.305,2007,7,3,1,16,9.99,3.55,0,EMECv20191114,10049295,0,FALSE,FALSE,FALSE,FALSE,FALSE,7/3/07
20.174,39.283,2007,7,3,17,39,42.06,3.55,0,EMECv20191114,10049304,0,FALSE,FALSE,FALSE,FALSE,FALSE,7/3/07
20.154,39.315,2007,7,9,2,2,30.62,3.55,0,EMECv20191114,10049340,0,FALSE,FALSE,FALSE,FALSE,FALSE,7/9/07
20.123,39.319,2007,7,9,5,56,11.21,3.55,0,EMECv20191114,10049341,0,FALSE,FALSE,FALSE,FALSE,FALSE,7/9/07
20.136,39.335,2007,7,17,2,24,10.77,3.55,0,EMECv20191114,10049398,0,FALSE,FALSE,FALSE,FALSE,FALSE,7/17/07
20.206,39.309,2007,7,24,19,51,0.42,3.55,0,EMECv20191114,10049468,0,FALSE,FALSE,FALSE,FALSE,FALSE,7/24/07
20.107,39.265,2007,8,8,22,45,54.1,3.55,0,EMECv20191114,10049572,0,FALSE,FALSE,TRUE,FALSE,FALSE,8/8/07
20.195,39.282,2007,8,10,8,9,20.45,3.55,0,EMECv20191114,10049582,0,FALSE,FALSE,FALSE,FALSE,FALSE,8/10/07
20.041,39.308,2007,8,11,7,58,22.01,3.55,0,EMECv20191114,10049591,0,FALSE,FALSE,TRUE,FALSE,FALSE,8/11/07
20.145,39.278,2007,8,11,14,37,34.38,3.55,0,EMECv20191114,10049597,0,FALSE,FALSE,FALSE,FALSE,FALSE,8/11/07
19.993,39.357,2007,8,12,13,0,7.04,3.55,0,EMECv20191114,10049605,0,FALSE,FALSE,FALSE,FALSE,FALSE,8/12/07
20.088,39.274,2007,8,13,12,33,58.16,3.55,0,EMECv20191114,10049613,0,FALSE,FALSE,FALSE,FALSE,FALSE,8/13/07
20.163,39.276,2007,8,20,5,52,5.92,3.55,0,EMECv20191114,10049682,0,FALSE,FALSE,FALSE,FALSE,FALSE,8/20/07
20.278,39.295,2007,8,23,1,30,55.46,3.55,0,EMECv20191114,10049696,0,FALSE,FALSE,FALSE,FALSE,FALSE,8/23/07
20.087,39.318,2007,10,5,22,0,18.6,3.55,0,EMECv20191114,10049948,0,FALSE,FALSE,TRUE,FALSE,FALSE,10/5/07
20.12,39.83,2009,6,18,14,1,36.6,3.55,0,EMECv20191114,10053540,0,TRUE,TRUE,TRUE,FALSE,FALSE,6/18/09
19.502,41.101,2009,8,8,20,50,22.6,3.55,0,EMECv20191114,10053768,0,FALSE,FALSE,FALSE,FALSE,FALSE,8/8/09
20.295,41.026,2009,8,12,20,25,34.2,3.55,0,EMECv20191114,10053779,0,FALSE,TRUE,TRUE,FALSE,FALSE,8/12/09
20.215,40.09,2009,12,3,14,5,51.7,3.55,0,EMECv20191114,10054214,0,FALSE,FALSE,TRUE,FALSE,FALSE,12/3/09
19.964,40.374,2009,12,6,22,2,4.3,3.55,0,EMECv20191114,10054229,0,FALSE,FALSE,TRUE,FALSE,FALSE,12/6/09
19.796,40.165,2010,2,3,11,9,28.1,3.55,0,EMECv20191114,10054483,0,FALSE,FALSE,TRUE,FALSE,FALSE,2/3/10
19.81,40.069,2010,2,5,4,6,7.5,3.55,0,EMECv20191114,10054488,0,FALSE,FALSE,TRUE,FALSE,FALSE,2/5/10
20.464,39.725,2010,11,11,6,38,46.2,3.55,0,EMECv20191114,10055445,0,FALSE,FALSE,TRUE,FALSE,FALSE,11/11/10
15.07,46.39,2011,6,9,18,48,50,3.55,0,EMECv20191114,10056134,0,FALSE,TRUE,TRUE,TRUE,TRUE,6/9/11
20.459,39.791,2011,8,22,8,29,18.8,3.55,0,EMECv20191114,10056404,0,FALSE,FALSE,TRUE,FALSE,FALSE,8/22/11
20.343,39.675,2012,4,11,6,21,34.8,3.55,0,EMECv20191114,10057669,0,FALSE,FALSE,FALSE,FALSE,FALSE,4/11/12
20.436,39.551,2014,6,29,0,13,42.6,3.55,0,EMECv20191114,10060807,0,FALSE,FALSE,TRUE,FALSE,FALSE,6/29/14
15.214,44.324,2012,7,20,20,51,33.2,3.62,0,EMECv20191114,10058164,0,TRUE,TRUE,TRUE,TRUE,TRUE,7/20/12
17.34,42.854,2013,3,9,6,58,8.1,3.62,0,EMECv20191114,10058886,0,TRUE,TRUE,TRUE,TRUE,FALSE,3/9/13
18.854,42.283,2013,3,28,16,13,40.8,3.62,0,EMECv20191114,10058946,0,FALSE,TRUE,TRUE,TRUE,FALSE,3/28/13
20.647,40.008,1996,11,14,3,16,26.47,3.64,0,EMECv20191114,10034508,0,FALSE,FALSE,FALSE,FALSE,FALSE,11/14/96
19.715,39.019,1996,11,22,6,11,41.7,3.64,0,EMECv20191114,10034536,0,TRUE,TRUE,TRUE,TRUE,FALSE,11/22/96
20.295,39.666,1997,3,30,15,36,7.4,3.64,0,EMECv20191114,10034954,0,FALSE,TRUE,TRUE,FALSE,FALSE,3/30/97
20.067,39.334,2007,7,3,12,6,1.07,3.64,0,EMECv20191114,10049300,0,FALSE,FALSE,FALSE,FALSE,FALSE,7/3/07
20.09,39.254,2007,7,7,23,23,48.38,3.64,0,EMECv20191114,10049328,0,FALSE,FALSE,FALSE,FALSE,FALSE,7/7/07
20.065,39.325,2007,7,8,3,15,42.81,3.64,0,EMECv20191114,10049331,0,FALSE,FALSE,FALSE,FALSE,FALSE,7/8/07
20.187,39.297,2007,7,10,1,39,50.16,3.64,0,EMECv20191114,10049356,0,FALSE,FALSE,FALSE,FALSE,FALSE,7/10/07
20.028,39.333,2007,7,10,18,39,9.82,3.64,0,EMECv20191114,10049360,0,FALSE,FALSE,FALSE,FALSE,FALSE,7/10/07
20.124,39.293,2007,7,11,8,9,17.08,3.64,0,EMECv20191114,10049365,0,FALSE,FALSE,FALSE,FALSE,FALSE,7/11/07
20.092,39.304,2007,7,12,4,16,37.89,3.64,0,EMECv20191114,10049372,0,FALSE,FALSE,FALSE,FALSE,FALSE,7/12/07
20.079,39.342,2007,7,12,17,41,25.64,3.64,0,EMECv20191114,10049376,0,FALSE,FALSE,FALSE,FALSE,FALSE,7/12/07
20.15,39.324,2007,7,14,10,33,36.88,3.64,0,EMECv20191114,10049384,0,FALSE,FALSE,FALSE,FALSE,FALSE,7/14/07
20.195,39.281,2007,7,17,5,59,49.93,3.64,0,EMECv20191114,10049399,0,FALSE,FALSE,FALSE,FALSE,FALSE,7/17/07
20.09,39.323,2007,7,19,6,55,33.27,3.64,0,EMECv20191114,10049429,0,FALSE,FALSE,FALSE,FALSE,FALSE,7/19/07
20.167,39.308,2007,7,23,10,27,33.31,3.64,0,EMECv20191114,10049458,0,FALSE,FALSE,FALSE,FALSE,FALSE,7/23/07
20.172,39.28,2007,7,25,0,22,7.15,3.64,0,EMECv20191114,10049469,0,FALSE,FALSE,FALSE,FALSE,FALSE,7/25/07
20.063,39.268,2007,7,27,2,43,59.59,3.64,0,EMECv20191114,10049481,0,FALSE,FALSE,FALSE,FALSE,FALSE,7/27/07
20.158,39.265,2007,8,8,19,18,0.94,3.64,0,EMECv20191114,10049568,0,FALSE,FALSE,TRUE,FALSE,FALSE,8/8/07
20.115,39.268,2007,8,13,12,5,40.62,3.64,0,EMECv20191114,10049612,0,FALSE,FALSE,FALSE,FALSE,FALSE,8/13/07
20.151,39.285,2007,8,15,7,50,56.56,3.64,0,EMECv20191114,10049638,0,FALSE,FALSE,FALSE,FALSE,FALSE,8/15/07
20.226,39.282,2007,8,20,11,52,17.24,3.64,0,EMECv20191114,10049684,0,FALSE,FALSE,FALSE,FALSE,FALSE,8/20/07
20.2,39.293,2007,8,26,15,29,20.15,3.64,0,EMECv20191114,10049720,0,FALSE,FALSE,FALSE,FALSE,FALSE,8/26/07
19.976,39.323,2007,9,11,18,46,40.15,3.64,0,EMECv20191114,10049806,0,FALSE,FALSE,TRUE,FALSE,FALSE,9/11/07
20.07,39.307,2007,10,1,1,55,16.8,3.64,0,EMECv20191114,10049914,0,FALSE,FALSE,TRUE,FALSE,FALSE,10/1/07
20.167,39.307,2007,10,11,7,18,12.9,3.64,0,EMECv20191114,10049986,0,FALSE,FALSE,FALSE,FALSE,FALSE,10/11/07
20.227,38.937,2011,1,17,11,2,3.2,3.64,0,EMECv20191114,10055622,0,FALSE,TRUE,TRUE,FALSE,FALSE,1/17/11
20.435,39.722,2011,6,26,21,27,28.8,3.64,0,EMECv20191114,10056199,0,FALSE,TRUE,TRUE,FALSE,FALSE,6/26/11
20.755,40.167,2011,12,20,13,30,19.7,3.64,0,EMECv20191114,10057276,0,FALSE,TRUE,TRUE,FALSE,FALSE,12/20/11
20.262,41.184,2009,7,28,1,41,37.7,3.65,0,EMECv20191114,10053734,0,FALSE,FALSE,TRUE,FALSE,FALSE,7/28/09
19.54,41.111,2009,8,8,18,50,11.7,3.65,0,EMECv20191114,10053766,0,FALSE,FALSE,TRUE,FALSE,FALSE,8/8/09
20.238,41.2,2010,4,22,1,14,41.3,3.65,0,EMECv20191114,10054760,0,FALSE,FALSE,TRUE,FALSE,FALSE,4/22/10
20.426,40.19,2011,11,10,2,43,42.2,3.65,0,EMECv20191114,10057057,0,TRUE,TRUE,TRUE,FALSE,FALSE,11/10/11
20.232,40.278,2011,12,21,7,23,0.1,3.65,0,EMECv20191114,10057279,0,FALSE,TRUE,TRUE,FALSE,FALSE,12/21/11
17.67,43.1,2010,7,14,4,29,25.7,3.7,0,EMECv20191114,10055048,0,TRUE,TRUE,TRUE,TRUE,FALSE,7/14/10
16.144,43.254,2014,1,10,12,32,47.7,3.7,0,EMECv20191114,10059882,0,TRUE,TRUE,TRUE,TRUE,FALSE,1/10/14
20.65,40.02,1995,12,6,17,55,9.88,3.73,0,EMECv20191114,10032897,0,FALSE,FALSE,TRUE,FALSE,FALSE,12/6/95
20.697,40.004,1996,9,1,21,15,27.36,3.73,0,EMECv20191114,10034050,0,FALSE,FALSE,TRUE,FALSE,FALSE,9/1/96
20.652,40.018,1996,11,14,14,14,56.12,3.73,0,EMECv20191114,10034509,0,FALSE,FALSE,TRUE,FALSE,FALSE,11/14/96
20.208,39.323,2007,7,2,11,15,18.89,3.73,0,EMECv20191114,10049291,0,FALSE,FALSE,FALSE,FALSE,FALSE,7/2/07
20.162,39.304,2007,7,8,23,9,37.84,3.73,0,EMECv20191114,10049337,0,FALSE,FALSE,FALSE,FALSE,FALSE,7/8/07
20.218,39.308,2007,7,20,15,31,15.48,3.73,0,EMECv20191114,10049436,0,FALSE,FALSE,FALSE,FALSE,FALSE,7/20/07
20.254,39.316,2007,7,22,5,19,6.92,3.73,0,EMECv20191114,10049441,0,FALSE,FALSE,FALSE,FALSE,FALSE,7/22/07
20.121,39.294,2007,8,12,11,29,6.5,3.73,0,EMECv20191114,10049602,0,FALSE,FALSE,FALSE,FALSE,FALSE,8/12/07
20.25,39.304,2007,8,14,3,17,52.7,3.73,0,EMECv20191114,10049620,0,FALSE,FALSE,FALSE,FALSE,FALSE,8/14/07
20.216,39.316,2007,8,15,17,55,18.47,3.73,0,EMECv20191114,10049642,0,FALSE,FALSE,FALSE,FALSE,FALSE,8/15/07
20.173,39.31,2007,8,21,10,25,22.81,3.73,0,EMECv20191114,10049687,0,FALSE,FALSE,FALSE,FALSE,FALSE,8/21/07
20.185,39.305,2007,10,10,8,55,39.7,3.73,0,EMECv20191114,10049979,0,FALSE,FALSE,TRUE,FALSE,FALSE,10/10/07
20.44,39.708,2009,2,22,23,12,33.4,3.73,0,EMECv20191114,10053088,0,FALSE,TRUE,TRUE,FALSE,FALSE,2/22/09
20.404,39.356,2010,4,26,22,17,36.9,3.73,0,EMECv20191114,10054778,0,FALSE,FALSE,TRUE,FALSE,FALSE,4/26/10
20.445,39.692,2013,8,9,12,48,10.7,3.73,0,EMECv20191114,10059447,0,FALSE,TRUE,TRUE,FALSE,FALSE,8/9/13
20.552,39.642,2013,12,12,10,21,44.6,3.73,0,EMECv20191114,10059815,0,FALSE,TRUE,TRUE,TRUE,FALSE,12/12/13
19.29,40.641,2009,4,11,8,51,57.1,3.74,0,EMECv20191114,10053270,0,FALSE,TRUE,TRUE,FALSE,FALSE,4/11/09
15.07,46.39,2011,6,17,5,40,24.3,3.74,0,EMECv20191114,10056161,0,FALSE,FALSE,TRUE,TRUE,TRUE,6/17/11
15.07,46.39,2011,6,17,5,43,38.8,3.74,0,EMECv20191114,10056162,0,TRUE,TRUE,FALSE,FALSE,FALSE,6/17/11
20.267,39.27,2007,7,1,1,42,33.49,3.82,0,EMECv20191114,10049281,0,FALSE,FALSE,FALSE,FALSE,FALSE,7/1/07
20.156,39.29,2007,8,10,22,23,29.12,3.82,0,EMECv20191114,10049588,0,FALSE,FALSE,FALSE,FALSE,FALSE,8/10/07
20.06,39.326,2007,8,14,4,30,13.1,3.82,0,EMECv20191114,10049621,0,FALSE,FALSE,FALSE,FALSE,FALSE,8/14/07
20.252,39.27,2007,8,20,10,10,26.02,3.82,0,EMECv20191114,10049683,0,FALSE,FALSE,FALSE,FALSE,FALSE,8/20/07
20.114,39.288,2007,10,5,16,9,31,3.82,0,EMECv20191114,10049945,0,FALSE,FALSE,TRUE,FALSE,FALSE,10/5/07
20.22,39.241,2008,1,5,21,6,26,3.82,0,EMECv20191114,10050484,0,FALSE,FALSE,TRUE,FALSE,FALSE,1/5/08
20.23,39.027,2008,3,20,2,24,31.6,3.82,0,EMECv20191114,10051062,0,FALSE,TRUE,TRUE,FALSE,FALSE,3/20/08
20.167,39.28,2010,9,14,9,54,33.6,3.82,0,EMECv20191114,10055261,0,FALSE,TRUE,TRUE,FALSE,FALSE,9/14/10
20.635,39.933,1999,1,12,7,26,12.69,3.91,0,EMECv20191114,10036977,0,TRUE,TRUE,TRUE,FALSE,FALSE,1/12/99
20.132,39.353,2007,7,6,16,18,21.62,3.91,0,EMECv20191114,10049321,0,FALSE,FALSE,FALSE,FALSE,FALSE,7/6/07
20.169,39.3,2007,7,10,0,27,37.68,3.91,0,EMECv20191114,10049355,0,FALSE,FALSE,FALSE,FALSE,FALSE,7/10/07
20.12,39.31,2007,7,12,1,14,11.03,3.91,0,EMECv20191114,10049371,0,FALSE,FALSE,FALSE,FALSE,FALSE,7/12/07
20.28,39.298,2007,7,14,1,35,22.05,3.91,0,EMECv20191114,10049381,0,FALSE,FALSE,FALSE,FALSE,FALSE,7/14/07
20.26,39.268,2007,7,19,10,40,41.53,3.91,0,EMECv20191114,10049431,0,FALSE,FALSE,FALSE,FALSE,FALSE,7/19/07
20.259,39.293,2007,7,25,4,13,18.94,3.91,0,EMECv20191114,10049470,0,FALSE,FALSE,FALSE,FALSE,FALSE,7/25/07
20.035,39.31,2007,8,12,11,39,1.64,3.91,0,EMECv20191114,10049603,0,FALSE,FALSE,FALSE,FALSE,FALSE,8/12/07
20.08,39.3,2007,8,16,19,39,32.44,3.91,0,EMECv20191114,10049650,0,FALSE,FALSE,FALSE,FALSE,FALSE,8/16/07
20.577,40.023,2009,10,9,15,47,19.4,3.91,0,EMECv20191114,10054042,0,TRUE,TRUE,TRUE,FALSE,FALSE,10/9/09
20.446,39.692,2010,10,6,6,58,10,3.91,0,EMECv20191114,10055323,0,FALSE,FALSE,TRUE,FALSE,FALSE,10/6/10
20.385,39.465,2011,1,19,18,59,33.3,3.91,0,EMECv20191114,10055633,0,FALSE,FALSE,TRUE,FALSE,FALSE,1/19/11
20.347,39.666,2012,4,11,6,18,52.6,3.91,0,EMECv20191114,10057668,0,FALSE,FALSE,TRUE,FALSE,FALSE,4/11/12
19.182,41.806,2011,12,24,8,21,56.1,3.93,0,EMECv20191114,10057288,0,FALSE,FALSE,TRUE,TRUE,FALSE,12/24/11
19.96,40.68,1995,10,24,13,12,25.91,4,0,EMECv20191114,10032634,0,TRUE,TRUE,TRUE,TRUE,FALSE,10/24/95
19.827,40.109,1997,10,15,4,11,55.96,4,0,EMECv20191114,10035631,0,FALSE,TRUE,TRUE,TRUE,FALSE,10/15/97
20.146,39.304,2007,7,23,3,48,40.77,4,0,EMECv20191114,10049456,0,FALSE,FALSE,FALSE,FALSE,FALSE,7/23/07
20.101,39.265,2007,8,19,12,53,20.19,4,0,EMECv20191114,10049679,0,FALSE,FALSE,FALSE,FALSE,FALSE,8/19/07
20.2,39.286,2007,11,25,21,46,32.8,4,0,EMECv20191114,10050243,0,FALSE,FALSE,TRUE,FALSE,FALSE,11/25/07
19.84,39.829,2013,1,31,8,4,10.9,4,0,EMECv20191114,10058784,0,TRUE,TRUE,TRUE,FALSE,FALSE,1/31/13
20.637,41.058,2009,5,13,5,8,38.6,4.02,0,EMECv20191114,10053387,0,FALSE,TRUE,TRUE,FALSE,FALSE,5/13/09
19.519,40.653,2009,7,1,4,18,58,4.02,0,EMECv20191114,10053611,0,FALSE,TRUE,TRUE,FALSE,FALSE,7/1/09
19.67,40.22,2008,3,5,4,8,21,4.06,0,EMECv20191114,10050947,0,TRUE,TRUE,TRUE,FALSE,FALSE,3/5/08
20.04,41.364,1997,7,20,8,28,46.95,4.09,0,EMECv20191114,10035330,0,FALSE,FALSE,TRUE,TRUE,FALSE,7/20/97
19.839,40.702,1997,10,11,19,50,6.54,4.09,0,EMECv20191114,10035606,0,FALSE,TRUE,TRUE,TRUE,FALSE,10/11/97
20.209,39.249,2007,7,2,22,6,37.27,4.09,0,EMECv20191114,10049294,0,FALSE,FALSE,FALSE,FALSE,FALSE,7/2/07
20.192,39.255,2007,7,8,23,48,33.42,4.09,0,EMECv20191114,10049338,0,FALSE,FALSE,FALSE,FALSE,FALSE,7/8/07
20.156,39.275,2007,7,11,16,35,45.78,4.09,0,EMECv20191114,10049368,0,FALSE,FALSE,FALSE,FALSE,FALSE,7/11/07
20.15,39.305,2007,7,13,6,17,11.83,4.09,0,EMECv20191114,10049379,0,FALSE,FALSE,FALSE,FALSE,FALSE,7/13/07
20.278,39.243,2007,9,17,15,24,1.06,4.09,0,EMECv20191114,10049844,0,FALSE,FALSE,TRUE,FALSE,FALSE,9/17/07
20.108,39.3,2007,10,8,5,21,35.4,4.09,0,EMECv20191114,10049965,0,FALSE,FALSE,TRUE,FALSE,FALSE,10/8/07
20.222,39.305,2007,7,3,16,11,32.07,4.18,0,EMECv20191114,10049302,0,FALSE,FALSE,FALSE,FALSE,FALSE,7/3/07
20.181,39.241,2007,7,4,23,0,14.26,4.18,0,EMECv20191114,10049313,0,FALSE,FALSE,FALSE,FALSE,FALSE,7/4/07
20.232,39.275,2007,7,5,6,44,33.7,4.18,0,EMECv20191114,10049316,0,FALSE,FALSE,FALSE,FALSE,FALSE,7/5/07
20.24,39.312,2007,7,13,7,57,17.73,4.18,0,EMECv20191114,10049380,0,FALSE,FALSE,FALSE,FALSE,FALSE,7/13/07
19.7,39.92,2005,2,12,12,13,45,4.21,0,EMECv20191114,10044710,0,FALSE,FALSE,TRUE,FALSE,FALSE,2/12/05
19.478,40.474,2011,2,14,9,17,40.4,4.21,0,EMECv20191114,10055708,0,TRUE,TRUE,TRUE,FALSE,FALSE,2/14/11
20.287,39.254,2007,7,3,17,23,1.45,4.27,0,EMECv20191114,10049303,0,FALSE,FALSE,FALSE,FALSE,FALSE,7/3/07
20.158,39.28,2007,7,14,2,30,46.68,4.36,0,EMECv20191114,10049382,0,FALSE,FALSE,FALSE,FALSE,FALSE,7/14/07
20.203,39.268,2007,8,9,7,7,24.6,4.36,0,EMECv20191114,10049575,0,FALSE,FALSE,TRUE,FALSE,FALSE,8/9/07
20.256,39.382,2009,2,20,21,28,54.8,4.36,0,EMECv20191114,10053083,0,FALSE,FALSE,TRUE,FALSE,FALSE,2/20/09
19.9,39.8,1937,3,26,6,0,0,4.5,0,EMECv20191114,10011322,0,FALSE,FALSE,TRUE,TRUE,TRUE,3/26/37
19.5,42,1948,8,28,2,39,0,4.5,0,EMECv20191114,10012658,0,FALSE,FALSE,TRUE,TRUE,TRUE,8/28/48
20.2,39.8,1951,8,22,14,14,48,4.5,0,EMECv20191114,10013087,0,TRUE,TRUE,TRUE,TRUE,TRUE,8/22/51
20.1,40.1,1952,1,13,4,7,0,4.5,0,EMECv20191114,10013137,0,TRUE,TRUE,TRUE,TRUE,TRUE,1/13/52
20.5,40,1955,7,6,10,7,55,4.5,0,EMECv20191114,10013996,0,FALSE,FALSE,TRUE,TRUE,FALSE,7/6/55
19.8,40.5,1957,9,6,20,22,10,4.5,0,EMECv20191114,10014467,0,TRUE,TRUE,TRUE,TRUE,FALSE,9/6/57
19.8,39.6,1959,2,20,7,13,1,4.5,0,EMECv20191114,10014811,0,TRUE,TRUE,TRUE,TRUE,FALSE,2/20/59
20.25,39.75,1960,9,28,22,23,30,4.5,0,EMECv20191114,10015180,0,TRUE,TRUE,TRUE,TRUE,FALSE,9/28/60
19.6,40.4,1963,1,24,3,58,56,4.5,0,EMECv20191114,10015623,0,FALSE,FALSE,TRUE,TRUE,FALSE,1/24/63
19.9,40.4,1963,2,14,12,48,2,4.5,0,EMECv20191114,10015637,0,FALSE,FALSE,TRUE,TRUE,FALSE,2/14/63
20.1,41.7,1963,5,15,11,15,40,4.5,0,EMECv20191114,10015699,0,TRUE,TRUE,TRUE,TRUE,FALSE,5/15/63
19.5,40.06,1968,11,27,1,18,46.2,4.5,0,EMECv20191114,10017798,0,FALSE,TRUE,TRUE,TRUE,FALSE,11/27/68
19.1,40.2,1969,1,20,10,20,49,4.5,0,EMECv20191114,10017852,0,TRUE,TRUE,TRUE,TRUE,FALSE,1/20/69
19.8,41.4,1970,3,19,6,19,40,4.5,0,EMECv20191114,10018418,0,FALSE,TRUE,TRUE,TRUE,FALSE,3/19/70
19.63,41.34,1970,8,17,4,22,14.3,4.5,0,EMECv20191114,10018864,0,FALSE,FALSE,TRUE,TRUE,FALSE,8/17/70
19.8224,39.8094,1972,3,7,5,20,53.16,4.5,0,EMECv20191114,10019511,0,TRUE,TRUE,TRUE,TRUE,FALSE,3/7/72
19.7049,40.0544,1972,9,19,19,50,14.87,4.5,0,EMECv20191114,10019720,0,FALSE,FALSE,TRUE,TRUE,FALSE,9/19/72
20.1283,38.7662,1972,11,17,9,5,19.01,4.5,0,EMECv20191114,10019775,0,FALSE,TRUE,TRUE,TRUE,FALSE,11/17/72
19.7404,40.0129,1974,8,9,22,28,59.67,4.5,0,EMECv20191114,10020415,0,TRUE,TRUE,TRUE,TRUE,FALSE,8/9/74
20.1349,38.7459,1975,1,26,6,24,42.69,4.5,0,EMECv20191114,10020607,0,TRUE,TRUE,TRUE,TRUE,FALSE,1/26/75
20.1246,38.7363,1978,5,31,4,4,7.1,4.5,0,EMECv20191114,10022113,0,TRUE,TRUE,TRUE,TRUE,FALSE,5/31/78
20.4007,39.3535,1980,7,12,12,14,32.77,4.5,0,EMECv20191114,10023202,0,FALSE,FALSE,TRUE,TRUE,FALSE,7/12/80
20.485,39.485,2010,11,29,5,53,52.4,4.5,0,EMECv20191114,10055489,0,FALSE,FALSE,TRUE,FALSE,FALSE,11/29/10
20.255,39.267,2007,12,1,23,48,35.5,4.55,0,EMECv20191114,10050269,0,FALSE,FALSE,TRUE,FALSE,FALSE,12/1/07
19.3,41.1,1951,8,27,19,27,14,4.6,0,EMECv20191114,10013091,0,TRUE,TRUE,TRUE,TRUE,TRUE,8/27/51
20,39.5,1952,7,16,1,59,42,4.6,0,EMECv20191114,10013225,0,TRUE,TRUE,TRUE,TRUE,TRUE,7/16/52
20,41,1953,2,11,14,37,12,4.6,0,EMECv20191114,10013325,0,FALSE,TRUE,TRUE,TRUE,TRUE,2/11/53
20.3,40.3,1954,5,8,22,5,45,4.6,0,EMECv20191114,10013697,0,FALSE,FALSE,TRUE,TRUE,FALSE,5/8/54
19.8,39.8,1955,10,2,17,57,54,4.6,0,EMECv20191114,10014034,0,TRUE,TRUE,TRUE,TRUE,FALSE,10/2/55
20,40,1957,2,23,22,13,28,4.6,0,EMECv20191114,10014329,0,TRUE,TRUE,TRUE,TRUE,FALSE,2/23/57
19.7,39.8,1957,11,14,14,16,37,4.6,0,EMECv20191114,10014510,0,FALSE,TRUE,TRUE,TRUE,FALSE,11/14/57
20.3,39.4,1958,2,4,9,52,36,4.6,0,EMECv20191114,10014583,0,FALSE,TRUE,TRUE,TRUE,FALSE,2/4/58
19.9,40.2,1959,3,8,11,17,11,4.6,0,EMECv20191114,10014819,0,FALSE,FALSE,TRUE,TRUE,FALSE,3/8/59
20.25,39.25,1959,5,12,21,40,15,4.6,0,EMECv20191114,10014859,0,TRUE,TRUE,TRUE,TRUE,FALSE,5/12/59
20.3,39.3,1959,7,14,20,25,9,4.6,0,EMECv20191114,10014904,0,FALSE,FALSE,TRUE,TRUE,FALSE,7/14/59
19.8,40.8,1962,4,6,18,48,2,4.6,0,EMECv20191114,10015444,0,FALSE,FALSE,TRUE,TRUE,FALSE,4/6/62
19.8,40.8,1962,4,7,21,35,32,4.6,0,EMECv20191114,10015445,0,FALSE,FALSE,TRUE,TRUE,FALSE,4/7/62
20.2,39.9,1965,3,14,6,4,49.3,4.6,0,EMECv20191114,10016210,0,TRUE,TRUE,TRUE,TRUE,FALSE,3/14/65
19.1,39.7,1965,10,19,22,3,46.3,4.6,0,EMECv20191114,10016390,0,TRUE,TRUE,TRUE,TRUE,FALSE,10/19/65
20.26,41.49,1968,4,8,8,28,40.7,4.6,0,EMECv20191114,10017529,0,FALSE,FALSE,TRUE,FALSE,FALSE,4/8/68
19.9,41.1,1968,4,8,10,10,24,4.6,0,EMECv20191114,10017531,0,FALSE,TRUE,TRUE,FALSE,FALSE,4/8/68
19.8,41,1970,11,10,16,29,45.7,4.6,0,EMECv20191114,10018983,0,FALSE,FALSE,TRUE,TRUE,FALSE,11/10/70
20.193,39.436,1972,11,25,13,16,21.06,4.6,0,EMECv20191114,10019786,0,FALSE,FALSE,TRUE,TRUE,FALSE,11/25/72
14.761,36.858,1693,2,23,0,0,0,4.65,0,SERA_histv1.1,10001465,nan,TRUE,TRUE,TRUE,TRUE,TRUE,1693-02-23
19.3,39.8,1923,6,15,19,33,0,4.7,0,EMECv20191114,10009177,0,TRUE,TRUE,TRUE,TRUE,TRUE,6/15/23
20.6,39.9,1953,4,8,11,50,7,4.7,0,EMECv20191114,10013375,0,TRUE,TRUE,TRUE,TRUE,TRUE,4/8/53
20.7,40,1955,5,21,20,55,0,4.7,0,EMECv20191114,10013964,0,TRUE,TRUE,TRUE,TRUE,FALSE,5/21/55
20.25,39.75,1957,11,18,15,3,18,4.7,0,EMECv20191114,10014513,0,TRUE,TRUE,TRUE,TRUE,FALSE,11/18/57
19.5,41.3,1958,4,4,4,4,20,4.7,0,EMECv20191114,10014620,0,FALSE,FALSE,FALSE,FALSE,FALSE,4/4/58
20.1,41.1,1958,5,1,21,15,30,4.7,0,EMECv20191114,10014629,0,FALSE,TRUE,TRUE,TRUE,FALSE,5/1/58
19.4,41,1958,6,10,8,28,51,4.7,0,EMECv20191114,10014665,0,FALSE,FALSE,TRUE,TRUE,FALSE,6/10/58
20.6,40.6,1960,7,9,22,42,50,4.7,0,EMECv20191114,10015134,0,FALSE,FALSE,TRUE,TRUE,FALSE,7/9/60
20.4,41.21,1967,12,22,7,21,57.8,4.7,0,EMECv20191114,10017326,0,FALSE,FALSE,TRUE,FALSE,FALSE,12/22/67
20.3,41.37,1968,1,12,15,5,25.9,4.7,0,EMECv20191114,10017349,0,FALSE,FALSE,TRUE,FALSE,FALSE,1/12/68
19.6,40.38,1969,2,22,0,35,14.9,4.7,0,EMECv20191114,10017874,0,FALSE,FALSE,TRUE,TRUE,FALSE,2/22/69
19.71,40.51,1969,5,15,4,49,5.6,4.7,0,EMECv20191114,10018072,0,FALSE,FALSE,TRUE,TRUE,FALSE,5/15/69
19.8,41.2,1969,11,14,13,49,39.3,4.7,0,EMECv20191114,10018280,0,TRUE,TRUE,TRUE,TRUE,FALSE,11/14/69
19.77,41.44,1970,8,17,2,42,32.1,4.7,0,EMECv20191114,10018862,0,FALSE,FALSE,TRUE,TRUE,FALSE,8/17/70
19.88,39.9711,1977,10,3,16,26,46.17,4.7,0,EMECv20191114,10021832,0,TRUE,TRUE,TRUE,TRUE,FALSE,10/3/77
20.8,40.3,1916,2,20,3,15,40,4.8,0,EMECv20191114,10008125,0,TRUE,TRUE,TRUE,TRUE,FALSE,2/20/16
19.5,41.3,1923,10,9,23,48,30,4.8,0,EMECv20191114,10009230,0,FALSE,FALSE,TRUE,TRUE,FALSE,10/9/23
19.5,41.3,1958,4,4,9,18,50,4.8,0,EMECv20191114,10014621,0,FALSE,FALSE,TRUE,TRUE,FALSE,4/4/58
19.75,40.5,1959,2,28,16,24,51,4.8,0,EMECv20191114,10014816,0,TRUE,TRUE,TRUE,TRUE,FALSE,2/28/59
19.75,41,1959,10,7,9,34,55,4.8,0,EMECv20191114,10014947,0,FALSE,FALSE,TRUE,TRUE,FALSE,10/7/59
19.5,40,1959,10,10,16,11,1,4.8,0,EMECv20191114,10014948,0,TRUE,TRUE,TRUE,TRUE,FALSE,10/10/59
20.2,38.9,1963,10,8,5,40,28,4.8,0,EMECv20191114,10015779,0,TRUE,FALSE,TRUE,TRUE,FALSE,10/8/63
20.27,41.37,1967,12,1,18,30,57.1,4.8,0,EMECv20191114,10017297,0,FALSE,FALSE,FALSE,FALSE,FALSE,12/1/67
20.45,39.72,1969,10,29,15,26,55.1,4.8,0,EMECv20191114,10018264,0,FALSE,FALSE,TRUE,TRUE,FALSE,10/29/69
19.9,40.03,1970,2,16,15,48,31.2,4.8,0,EMECv20191114,10018366,0,FALSE,TRUE,TRUE,TRUE,FALSE,2/16/70
19.9,41.18,1970,8,23,11,37,49.6,4.8,0,EMECv20191114,10018871,0,FALSE,FALSE,TRUE,TRUE,FALSE,8/23/70
20.0472,40.0784,1982,3,11,6,13,50.49,4.8,0,EMECv20191114,10024282,0,TRUE,TRUE,TRUE,FALSE,FALSE,3/11/82
20.16,39.31,2007,6,29,22,21,13.8,4.87,0,EMECv20191114,10049259,0,FALSE,FALSE,FALSE,FALSE,FALSE,6/29/07
20.7,41,1911,3,9,2,0,0,4.9,0,EMECv20191114,10007291,0,FALSE,FALSE,TRUE,TRUE,TRUE,3/9/11
20,39.5,1912,6,8,7,33,1,4.9,0,EMECv20191114,10007537,0,TRUE,TRUE,TRUE,TRUE,FALSE,6/8/12
20,40,1917,6,29,8,45,20,4.9,0,EMECv20191114,10008344,0,FALSE,FALSE,TRUE,FALSE,FALSE,6/29/17
20,40,1917,10,6,4,1,0,4.9,0,EMECv20191114,10008380,0,FALSE,FALSE,FALSE,FALSE,FALSE,10/6/17
20,40,1919,1,2,21,16,32,4.9,0,EMECv20191114,10008544,0,FALSE,FALSE,TRUE,TRUE,FALSE,1/2/19
20.7,40.1,1919,12,22,23,56,10,4.9,0,EMECv20191114,10008681,0,FALSE,FALSE,TRUE,TRUE,FALSE,12/22/19
19.7,38,1920,10,13,23,12,26,4.9,0,EMECv20191114,10008791,0,TRUE,TRUE,TRUE,TRUE,FALSE,10/13/20
20.3,39.6,1920,10,26,0,3,2,4.9,0,EMECv20191114,10008799,0,FALSE,FALSE,TRUE,TRUE,FALSE,10/26/20
20.3,39.7,1932,8,3,11,42,39,4.9,0,EMECv20191114,10010712,0,TRUE,TRUE,TRUE,TRUE,FALSE,8/3/32
19.8,39.6,1945,4,19,0,30,7,4.9,0,EMECv20191114,10012284,0,TRUE,TRUE,TRUE,TRUE,TRUE,4/19/45
19.3,37.8,1962,7,7,12,47,6,4.9,0,EMECv20191114,10015520,0,TRUE,FALSE,FALSE,FALSE,FALSE,7/7/62
20.3,41.21,1967,12,1,8,38,34.8,4.9,0,EMECv20191114,10017292,0,FALSE,FALSE,FALSE,FALSE,FALSE,12/1/67
20,39.3,1968,3,7,17,49,27,4.9,0,EMECv20191114,10017476,0,TRUE,FALSE,TRUE,TRUE,FALSE,3/7/68
20.0403,39.4489,1972,9,17,23,48,6.8,4.9,0,EMECv20191114,10019716,0,FALSE,TRUE,TRUE,TRUE,FALSE,9/17/72
20,39,1915,8,30,14,52,48,5,0,EMECv20191114,10008046,0,FALSE,FALSE,TRUE,FALSE,FALSE,8/30/15
20,40,1917,10,6,4,48,8,5,0,EMECv20191114,10008381,0,FALSE,FALSE,TRUE,FALSE,FALSE,10/6/17
20.5,40,1919,6,3,7,24,28,5,0,EMECv20191114,10008585,0,FALSE,FALSE,TRUE,TRUE,FALSE,6/3/19
20.1,41.5,1929,11,14,15,34,48,5,0,EMECv20191114,10010250,0,TRUE,TRUE,TRUE,TRUE,TRUE,11/14/29
20,39,1938,1,30,17,34,11,5,0,EMECv20191114,10011384,0,FALSE,TRUE,TRUE,TRUE,TRUE,1/30/38
19.5,42,1948,8,29,23,52,0,5,0,EMECv20191114,10012660,0,FALSE,FALSE,TRUE,TRUE,TRUE,8/29/48
20,40,1917,6,25,13,8,24,5.07,0,EMECv20191114,10008343,nan,FALSE,FALSE,TRUE,FALSE,FALSE,6/25/17
20,39,1915,11,5,22,3,30,5.1,0,EMECv20191114,10008084,0,FALSE,FALSE,TRUE,FALSE,FALSE,11/5/15
20,40,1918,4,27,10,53,0,5.1,0,EMECv20191114,10008465,0,FALSE,TRUE,TRUE,TRUE,FALSE,4/27/18
20,39.6,1918,11,20,7,33,0,5.1,0,EMECv20191114,10008528,0,FALSE,FALSE,TRUE,TRUE,FALSE,11/20/18
20.3,39.6,1920,10,29,4,36,1,5.1,0,EMECv20191114,10008801,0,FALSE,FALSE,TRUE,TRUE,FALSE,10/29/20
20,41.1,1923,12,27,16,30,0,5.1,0,EMECv20191114,10009271,0,FALSE,FALSE,TRUE,TRUE,FALSE,12/27/23
19.8,39.6,1937,3,6,0,54,30,5.1,0,EMECv20191114,10011317,0,TRUE,TRUE,TRUE,TRUE,TRUE,3/6/37
17.7,42.8,1843,9,14,16,57,0,5.14,0,SERA_histv1.1,10003375,nan,TRUE,TRUE,TRUE,TRUE,TRUE,1843-09-14
20.8,40.9,1911,2,18,22,59,30,5.2,0,EMECv20191114,10007270,0,FALSE,FALSE,FALSE,FALSE,FALSE,2/18/11
20,39,1915,11,7,21,38,0,5.2,0,EMECv20191114,10008086,0,FALSE,FALSE,TRUE,FALSE,FALSE,11/7/15
20,40.2,1920,11,28,8,5,0,5.2,0,EMECv20191114,10008815,0,FALSE,FALSE,TRUE,TRUE,FALSE,11/28/20
20.2,39.5,1935,9,3,17,35,24,5.2,0,EMECv20191114,10011097,0,FALSE,TRUE,TRUE,TRUE,TRUE,9/3/35
20.7,41,1911,2,20,3,45,0,5.26,0,EMECv20191114,10007272,nan,FALSE,FALSE,TRUE,TRUE,TRUE,2/20/11
20.1,41.1,1906,3,1,17,45,0,5.3,0,EMECv20191114,10006481,0,FALSE,FALSE,TRUE,TRUE,FALSE,3/1/06
19.3,38,1906,5,16,5,6,18,5.3,0,EMECv20191114,10006509,0,TRUE,TRUE,TRUE,TRUE,TRUE,5/16/06
20.6,40.9,1912,2,26,20,34,0,5.3,0,EMECv20191114,10007471,0,FALSE,FALSE,TRUE,TRUE,TRUE,2/26/12
20,40,1917,10,18,4,24,0,5.3,0,EMECv20191114,10008387,0,FALSE,FALSE,TRUE,FALSE,FALSE,10/18/17
19.5,41,1923,9,27,22,57,30,5.3,0,EMECv20191114,10009224,0,TRUE,TRUE,TRUE,TRUE,FALSE,9/27/23
20,38.4,1906,12,15,19,21,0,5.4,0,EMECv20191114,10006584,0,TRUE,TRUE,TRUE,TRUE,TRUE,12/15/06
20.5,39.7,1918,7,4,11,25,54,5.4,0,EMECv20191114,10008483,0,TRUE,TRUE,TRUE,FALSE,FALSE,7/4/18
20.5,39.7,1918,7,5,15,41,27,5.4,0,EMECv20191114,10008484,0,FALSE,FALSE,TRUE,FALSE,FALSE,7/5/18
20,40,1919,1,5,15,25,30,5.5,0,EMECv20191114,10008550,0,TRUE,TRUE,TRUE,TRUE,FALSE,1/5/19
20,40,1919,8,22,23,35,47,5.5,0,EMECv20191114,10008600,0,FALSE,FALSE,TRUE,TRUE,FALSE,8/22/19
19.5,40,1924,5,12,14,30,50,5.5,0,EMECv20191114,10009328,0,TRUE,TRUE,TRUE,TRUE,FALSE,5/12/24
20,40,1926,10,23,1,58,40,5.5,0,EMECv20191114,10009712,0,FALSE,FALSE,TRUE,TRUE,FALSE,10/23/26
20.4,39.8,1917,4,26,13,14,18,5.6,0,EMECv20191114,10008316,0,TRUE,TRUE,TRUE,FALSE,FALSE,4/26/17
19.201,41.923,1444,8,25,0,0,0,5.78,0,SERA_histv1.1,10000391,nan,TRUE,TRUE,TRUE,TRUE,TRUE,1444-08-25
19.92,39.624,1871,4,9,0,0,0,5.78,0,SERA_histv1.1,10004214,nan,TRUE,TRUE,TRUE,TRUE,TRUE,1871-04-09
20.3,39.6,1920,10,21,18,57,48,5.8,0,EMECv20191114,10008796,0,TRUE,TRUE,TRUE,TRUE,FALSE,10/21/20
20.1,41.1,1864,8,21,4,15,0,5.89,0,SERA_histv1.1,10003999,nan,TRUE,TRUE,TRUE,TRUE,TRUE,1864-08-21
19.5,41.3,1896,2,10,0,56,0,5.89,0,SERA_histv1.1,10005337,nan,TRUE,TRUE,TRUE,TRUE,TRUE,1896-02-10
20.7,40.9,1896,2,11,20,36,0,5.89,0,SERA_histv1.1,10005341,nan,TRUE,TRUE,TRUE,TRUE,TRUE,1896-02-11
20.1,40.1,1896,3,18,3,13,0,5.89,0,SERA_histv1.1,10005346,nan,TRUE,TRUE,TRUE,TRUE,TRUE,1896-03-18
20.7,40.9,1898,2,11,18,0,0,5.89,0,SERA_histv1.1,10005559,nan,TRUE,TRUE,TRUE,TRUE,TRUE,1898-02-11
20.365,39.65,1854,7,30,1,30,0,6.04,0,SERA_histv1.1,10003622,nan,TRUE,TRUE,TRUE,TRUE,TRUE,1854-07-30
20.2,39.2,1915,8,19,6,42,16,6.1,0,EMECv20191114,10008043,0,TRUE,TRUE,TRUE,FALSE,FALSE,8/19/15
20.1,40.2,1858,9,20,0,0,0,6.2,0,SERA_histv1.1,10003835,nan,TRUE,TRUE,TRUE,TRUE,TRUE,1858-09-20
19.7,41.5,1617,1,1,0,0,0,6.24,0,SERA_histv1.1,10001002,nan,TRUE,TRUE,TRUE,TRUE,TRUE,1617-01-01
19.879,40.515,1865,10,10,0,0,0,6.27,0,SERA_histv1.1,10004020,nan,TRUE,TRUE,TRUE,TRUE,TRUE,1865-10-10
20.7,40.3,1919,12,22,23,41,6,6.3,0,EMECv20191114,10008679,0,TRUE,TRUE,TRUE,TRUE,FALSE,12/22/19
19.92,39.624,1732,11,1,0,0,0,6.56,0,SERA_histv1.1,10001790,nan,TRUE,TRUE,TRUE,TRUE,TRUE,1732-11-01
19.92,39.624,1278,2,25,0,0,0,6.6,0,SERA_histv1.1,10000142,nan,TRUE,TRUE,TRUE,TRUE,TRUE,1278-02-25
20,40.7,1851,10,17,0,0,0,6.6,0,SERA_histv1.1,10003539,nan,TRUE,TRUE,TRUE,TRUE,TRUE,1851-10-17
19.49,40.474,1866,1,2,10,0,0,6.6,0,SERA_histv1.1,10004025,nan,TRUE,TRUE,TRUE,TRUE,TRUE,1866-01-02
19.853,40.127,1893,6,14,0,0,0,6.62,0,SERA_histv1.1,10005154,nan,TRUE,TRUE,TRUE,TRUE,TRUE,1893-06-14
19.446,41.314,1270,3,1,0,0,0,6.74,0,SERA_histv1.1,10000135,nan,TRUE,TRUE,TRUE,TRUE,TRUE,1270-03-01
19.483,40.473,1851,10,12,6,0,0,6.82,0,SERA_histv1.1,10003537,nan,TRUE,TRUE,TRUE,TRUE,TRUE,1851-10-12
15.013,37.14,1693,1,11,13,30,0,7.34,0,SERA_histv1.1,10001463,nan,TRUE,TRUE,TRUE,TRUE,TRUE,1693-01-11
14.1364,38.7417,2020,10,24,20,48,17,4.5697,34.94,globalcat24,us6000ccr1,,,,,,,10/24/2020
16.0444,39.0506,2020,3,17,0,52,56,4.4765,34.52,globalcat24,us60008gwk,,,,,,,03/17/2020
14.4067,36.9548,2020,12,22,20,27,23,4.7315,23.02,globalcat24,us6000d1yt,,,,,,,12/22/2020
19.3395,41.569,2020,1,1,2,53,41,4.4079,16.06,globalcat24,us70006t1w,,,,,,,01/01/2020
19.5833,41.5314,2020,8,22,10,25,41,4.4888,15.76,globalcat24,us6000bizv,,,,,,,08/22/2020
16.0114,38.12,2020,12,19,10,57,42,4.4079,15.4,globalcat24,us7000csey,,,,,,,12/19/2020
19.5193,41.5363,2020,10,7,23,44,57,4.4888,13.39,globalcat24,us6000c6kv,,,,,,,10/07/2020
19.8769,40.0874,2020,12,19,0,53,12,4.4079,11.55,globalcat24,us7000csar,,,,,,,12/19/2020
13.5798,46.2964,2020,7,17,2,50,57,4.327,11.1,globalcat24,us7000aq3d,,,,,,,07/17/2020
11.0546,45.1886,2020,12,29,14,36,56,4.8124,10,globalcat24,us6000d40l,,,,,,,12/29/2020
9.2044,45.3687,2020,12,17,15,59,19,4.4079,10,globalcat24,us7000cru1,,,,,,,12/17/2020
19.5428,41.497,2020,12,6,7,19,42,4.7315,10,globalcat24,us7000cnkw,,,,,,,12/06/2020
15.4606,44.3087,2020,11,1,13,15,41,4.8124,10,globalcat24,us7000c8yb,,,,,,,11/01/2020
19.4599,41.5072,2020,10,9,14,36,33,4.7315,10,globalcat24,us6000c72t,,,,,,,10/09/2020
19.5704,41.4658,2020,10,7,22,13,5,4.8124,10,globalcat24,us6000c6kg,,,,,,,10/07/2020
19.7837,40.9809,2020,9,24,19,21,39,4.8124,10,globalcat24,us6000c0rq,,,,,,,09/24/2020
19.7553,40.9687,2020,9,23,23,25,9,4.6506,10,globalcat24,us6000c0c1,,,,,,,09/23/2020
19.7462,41.7331,2020,9,12,16,46,5,4.5697,10,globalcat24,us7000bmgw,,,,,,,09/12/2020
20.3328,39.6763,2020,8,29,0,18,28,4.8933,10,globalcat24,us7000ben2,,,,,,,08/29/2020
19.7445,40.9533,2020,7,26,14,16,1,4.7315,10,globalcat24,us6000b4e8,,,,,,,07/26/2020
12.6148,46.3195,2020,7,13,12,6,54,4.5697,10,globalcat24,us7000amqk,,,,,,,07/13/2020
19.7512,39.8497,2020,6,23,14,33,0,4.6506,10,globalcat24,us6000ah8p,,,,,,,06/23/2020
17.7981,42.9914,2020,4,24,11,37,43,4.4888,10,globalcat24,us60009bbx,,,,,,,04/24/2020
15.4046,41.8347,2020,4,18,2,57,26,4.6506,10,globalcat24,us70008z3f,,,,,,,04/18/2020
9.4064,44.7,2020,4,16,9,42,53,4.7315,10,globalcat24,us70008xgd,,,,,,,04/16/2020
17.1821,39.1059,2020,4,3,14,18,54,4.5697,10,globalcat24,us70008mpu,,,,,,,04/03/2020
17.1935,39.0816,2020,4,3,3,52,3,4.4888,10,globalcat24,us70008mad,,,,,,,04/03/2020
16.1751,39.3625,2020,2,24,16,3,0,4.9742,10,globalcat24,us70007vtm,,,,,,,02/24/2020
19.4321,41.4433,2020,1,31,21,5,32,4.6506,10,globalcat24,us60007lq0,,,,,,,01/31/2020
19.5362,41.4656,2020,1,28,20,15,8,5.2169,10,globalcat24,us60007ifh,,,,,,,01/28/2020
19.6894,41.3783,2020,1,27,1,40,21,4.6506,10,globalcat24,us60007guj,,,,,,,01/27/2020
16.6951,39.0954,2020,1,16,23,37,11,4.5697,10,globalcat24,us700071de,,,,,,,01/16/2020
19.4308,41.4818,2020,7,23,17,23,47,4.4079,9.77,globalcat24,us6000b2sv,,,,,,,07/23/2020
19.5601,41.5133,2020,4,13,16,43,55,4.4079,5.33,globalcat24,us70008vjq,,,,,,,04/13/2020
9.1408,47.0146,2020,10,25,19,35,44,4.404,5,globalcat24,us6000cd1u,,,,,,,10/25/2020
19.5919,41.5268,2020,6,8,15,21,51,4.8933,3.74,globalcat24,us6000a7vx,,,,,,,06/08/2020
16.4541,38.9469,2019,10,7,6,11,34,4.7315,35,globalcat24,us70005rig,,,,,,,10/07/2019
19.8521,40.1292,2019,9,5,17,47,39,4.6506,32.53,globalcat24,us70005cfk,,,,,,,09/05/2019
20.4402,40.0479,2019,5,25,22,35,26,4.4888,27.54,globalcat24,us60003s77,,,,,,,05/25/2019
19.582,41.349,2019,9,21,14,4,25,5.7274,20,globalcat24,616493610,,,,,,,09/21/2019
19.599,41.33,2019,9,21,14,15,53,5.21944,20,globalcat24,616493352,,,,,,,09/21/2019
19.591,41.43,2019,11,26,2,54,12,6.45448,18.4,globalcat24,616919407,,,,,,,11/26/2019
19.6255,41.3893,2019,12,19,16,3,12,4.6506,17.21,globalcat24,us70006nis,,,,,,,12/19/2019
20.785,40.456,2019,6,1,4,26,20,5.28916,16.8,globalcat24,615805036,,,,,,,06/01/2019
19.624,41.478,2019,11,26,3,3,0,5.18956,16.7,globalcat24,616919409,,,,,,,11/26/2019
13.5206,41.9218,2019,1,1,18,37,47,4.5697,16.11,globalcat24,us2000izp2,,,,,,,01/01/2019
19.6415,40.9923,2019,12,17,18,53,45,4.6506,15.88,globalcat24,us60006srv,,,,,,,12/17/2019
20.826,40.53,2019,6,1,4,33,7,5.01028,15,globalcat24,617422144,,,,,,,06/01/2019
20.802,40.52,2019,6,1,7,0,28,5.07004,15,globalcat24,615805044,,,,,,,06/01/2019
19.53,41.56,2019,11,26,6,8,22,5.578,15,globalcat24,616919431,,,,,,,11/26/2019
19.445,41.518,2019,11,27,14,45,24,5.41864,15,globalcat24,616927779,,,,,,,11/27/2019
19.553,41.452,2019,11,26,2,59,23,5.28916,14.1,globalcat24,616919417,,,,,,,11/26/2019
20.81,40.52,2019,11,1,5,25,45.8,4.856,13.7,globalcat24,cmt154012,,,,,,,11/01/2019
19.7274,40.19,2019,1,4,19,27,38,4.9742,12.61,globalcat24,us2000j0ch,,,,,,,01/04/2019
20.71,40.47,2019,6,1,4,51,59.5,4.73,10,globalcat24,cmt153021,,,,,,,06/01/2019
20.72,40.47,2019,6,1,18,50,14.5,4.724,10,globalcat24,cmt153026,,,,,,,06/01/2019
20.8,40.4,2019,6,29,13,1,16.6,4.79,10,globalcat24,cmt153221,,,,,,,06/29/2019
13.6,41.86,2019,11,7,17,35,21.8,4.796,10,globalcat24,cmt154053,,,,,,,11/07/2019
19.42,41.54,2019,11,28,10,52,41.9,4.874,10,globalcat24,cmt154205,,,,,,,11/28/2019
11.32,43.99,2019,12,9,3,37,5.4,4.851,10,globalcat24,cmt154262,,,,,,,12/09/2019
19.5216,41.5898,2019,11,26,13,5,0,4.7765,10,globalcat24,us70006d69,,,,,,,11/26/2019
20.7484,40.5335,2019,7,31,14,21,21,4.679,10,globalcat24,us60004xyi,,,,,,,07/31/2019
12.3066,44.4098,2019,1,14,23,3,56,4.3865,10,globalcat24,us2000j3y5,,,,,,,01/14/2019
15.4713,39.7061,2019,10,25,4,31,39,4.7665,10,globalcat24,us600062t3,,,,,,,10/25/2019
19.3439,41.5453,2019,12,17,4,14,32,4.6506,10,globalcat24,us60006siz,,,,,,,12/17/2019
19.5394,41.3151,2019,12,15,1,18,36,4.5697,10,globalcat24,us60006rmb,,,,,,,12/15/2019
19.6274,41.5518,2019,12,9,15,10,58,4.7315,10,globalcat24,us60006t8a,,,,,,,12/09/2019
19.457,41.6566,2019,12,9,15,4,57,4.4079,10,globalcat24,us60006t8b,,,,,,,12/09/2019
19.4367,41.6417,2019,12,9,14,58,59,4.6506,10,globalcat24,us60006p83,,,,,,,12/09/2019
19.412,41.6193,2019,12,9,14,53,6,4.5697,10,globalcat24,us60006p80,,,,,,,12/09/2019
19.4541,41.6665,2019,12,9,5,29,15,4.7315,10,globalcat24,us60006p4f,,,,,,,12/09/2019
19.487,41.5511,2019,12,7,23,14,27,4.4079,10,globalcat24,us60006nrf,,,,,,,12/07/2019
19.5893,41.4141,2019,12,2,23,23,0,4.7315,10,globalcat24,us70006fed,,,,,,,12/02/2019
19.6405,41.4485,2019,12,2,8,26,24,4.7315,10,globalcat24,us70006f7r,,,,,,,12/02/2019
19.3174,41.3555,2019,12,1,11,42,42,4.7315,10,globalcat24,us70006ezw,,,,,,,12/01/2019
19.3701,41.4679,2019,12,1,7,18,29,4.6506,10,globalcat24,us70006eyl,,,,,,,12/01/2019
19.4282,41.5186,2019,12,1,6,4,19,4.4888,10,globalcat24,us70006ey5,,,,,,,12/01/2019
19.484,41.5073,2019,11,30,20,53,51,4.6506,10,globalcat24,us70006euy,,,,,,,11/30/2019
19.5765,41.5134,2019,11,29,8,2,40,4.5697,10,globalcat24,us70006ecm,,,,,,,11/29/2019
19.5782,41.3662,2019,11,28,23,0,43,4.8124,10,globalcat24,us70006e9s,,,,,,,11/28/2019
19.5778,41.3428,2019,11,28,20,33,23,4.6506,10,globalcat24,us70006e95,,,,,,,11/28/2019
19.5073,41.444,2019,11,28,14,22,38,4.7315,10,globalcat24,us70006e6k,,,,,,,11/28/2019
19.4442,41.5146,2019,11,28,10,25,5,4.7315,10,globalcat24,us70006e55,,,,,,,11/28/2019
19.4796,41.4675,2019,11,28,0,50,9,4.6506,10,globalcat24,us70006e0k,,,,,,,11/28/2019
19.4448,41.4151,2019,11,27,23,2,48,4.4888,10,globalcat24,us70006dyv,,,,,,,11/27/2019
19.4591,41.4707,2019,11,27,22,51,24,4.6506,10,globalcat24,us70006dyg,,,,,,,11/27/2019
19.4488,41.4444,2019,11,27,22,50,14,4.6506,10,globalcat24,us70006dyf,,,,,,,11/27/2019
19.4065,41.5666,2019,11,27,22,19,0,4.5697,10,globalcat24,us70006dxm,,,,,,,11/27/2019
19.4387,41.5391,2019,11,27,20,27,6,4.7315,10,globalcat24,us60006pd8,,,,,,,11/27/2019
19.4976,41.5603,2019,11,27,17,11,3,4.5697,10,globalcat24,us70006dtl,,,,,,,11/27/2019
19.4858,41.5686,2019,11,27,11,3,35,4.4079,10,globalcat24,us70006dpv,,,,,,,11/27/2019
19.4124,41.5454,2019,11,27,3,52,39,4.4888,10,globalcat24,us70006dkc,,,,,,,11/27/2019
19.4807,41.5401,2019,11,26,17,19,13,4.8933,10,globalcat24,us70006daj,,,,,,,11/26/2019
19.4941,41.4987,2019,11,26,17,9,55,4.6506,10,globalcat24,us60006pbg,,,,,,,11/26/2019
19.5672,41.4916,2019,11,26,17,6,2,4.6506,10,globalcat24,us70006da4,,,,,,,11/26/2019
19.4601,41.6103,2019,11,26,15,11,56,4.4888,10,globalcat24,us70006d70,,,,,,,11/26/2019
19.6389,41.6772,2019,11,26,14,11,53,4.6506,10,globalcat24,us60006pba,,,,,,,11/26/2019
19.4529,41.4843,2019,11,26,12,14,13,4.6506,10,globalcat24,us70006d5t,,,,,,,11/26/2019
19.4769,41.4798,2019,11,26,7,36,13,4.5697,10,globalcat24,us70006d40,,,,,,,11/26/2019
19.4664,41.5293,2019,11,26,7,27,2,5.0551,10,globalcat24,us70006d3q,,,,,,,11/26/2019
19.4363,41.5269,2019,11,26,7,12,31,4.7315,10,globalcat24,us70006d3k,,,,,,,11/26/2019
19.4531,41.5036,2019,11,26,5,56,21,4.7315,10,globalcat24,us70006d2s,,,,,,,11/26/2019
19.4397,41.4845,2019,11,26,4,58,13,4.4079,10,globalcat24,us60006pae,,,,,,,11/26/2019
19.4246,41.4979,2019,11,26,4,47,0,4.4079,10,globalcat24,us60006pbs,,,,,,,11/26/2019
19.6094,41.4122,2019,11,26,4,21,58,4.6506,10,globalcat24,us60006pau,,,,,,,11/26/2019
19.4436,41.5424,2019,11,26,3,57,52,4.4888,10,globalcat24,us70006d1p,,,,,,,11/26/2019
19.656,41.4692,2019,11,26,3,49,15,4.327,10,globalcat24,us60006pap,,,,,,,11/26/2019
19.6224,41.5689,2019,11,26,3,25,23,4.4888,10,globalcat24,us60006pac,,,,,,,11/26/2019
19.4649,41.2361,2019,11,26,2,19,16,4.5697,10,globalcat24,us60006paf,,,,,,,11/26/2019
19.5019,41.3518,2019,11,26,1,47,55,4.8124,10,globalcat24,us70006czu,,,,,,,11/26/2019
19.5424,41.4457,2019,11,25,20,57,17,4.4888,10,globalcat24,us70006fku,,,,,,,11/25/2019
17.651,42.6656,2019,11,8,1,26,5,4.6506,10,globalcat24,us600068y7,,,,,,,11/08/2019
17.0871,39.2739,2019,10,15,11,54,53,4.7315,10,globalcat24,us70005ub2,,,,,,,10/15/2019
19.5096,41.2969,2019,9,25,1,24,3,4.6506,10,globalcat24,us70005kyf,,,,,,,09/25/2019
19.6702,41.4902,2019,9,22,20,8,41,4.5697,10,globalcat24,us60005m0j,,,,,,,09/22/2019
19.5253,41.3107,2019,9,22,0,28,10,4.6506,10,globalcat24,us60005lvu,,,,,,,09/22/2019
19.5331,41.3235,2019,9,21,22,7,30,4.9742,10,globalcat24,us60005lut,,,,,,,09/21/2019
19.518,41.3266,2019,9,21,16,10,36,4.6506,10,globalcat24,us60005ls8,,,,,,,09/21/2019
9.8945,44.5526,2019,8,13,11,17,18,4.8124,10,globalcat24,us600054gs,,,,,,,08/13/2019
17.9155,38.7695,2019,7,26,4,7,55,4.5697,10,globalcat24,us60004vqh,,,,,,,07/26/2019
20.8253,40.529,2019,6,28,14,36,37,4.6506,10,globalcat24,us700046jt,,,,,,,06/28/2019
20.7132,40.6984,2019,6,1,18,37,41,4.4888,10,globalcat24,us70003u6t,,,,,,,06/01/2019
20.7581,40.4053,2019,6,1,18,30,11,4.5697,10,globalcat24,us70003u6q,,,,,,,06/01/2019
20.7293,40.5923,2019,6,1,15,19,25,4.5697,10,globalcat24,us70003u5h,,,,,,,06/01/2019
20.5962,40.6546,2019,6,1,4,32,48,4.5697,10,globalcat24,us70003wtl,,,,,,,06/01/2019
19.5233,41.5486,2019,4,23,8,58,14,4.7315,10,globalcat24,us70003akn,,,,,,,04/23/2019
16.1676,38.54,2019,5,26,23,31,57,4.4079,6.51,globalcat24,us60003sk5,,,,,,,05/26/2019
13.0983,42.808,2019,9,1,0,2,39,4.4765,6.33,globalcat24,us70005aqt,,,,,,,09/01/2019
19.9557,39.2221,2018,4,8,14,37,33,4.5697,37.18,globalcat24,us2000dwg0,,,,,,,04/08/2018
10.6829,44.8565,2018,8,21,0,33,46,4.4079,19.85,globalcat24,us1000gea2,,,,,,,08/21/2018
12.7106,44.1941,2018,11,18,12,48,44,4.404,16.95,globalcat24,us1000htjj,,,,,,,11/18/2018
14.879,41.798,2018,8,16,18,19,6,5.33896,15.4,globalcat24,612533098,,,,,,,08/16/2018
19.584,41.437,2018,7,4,9,1,8,5.23936,15,globalcat24,612246201,,,,,,,07/04/2018
20.107,41.559,2018,8,11,15,38,34,5.14972,15,globalcat24,612512659,,,,,,,08/11/2018
20.4235,39.7259,2018,9,9,5,25,14,4.404,14.46,globalcat24,us2000hbd8,,,,,,,09/09/2018
19.4481,40.2615,2018,4,10,13,17,7,4.4079,13.75,globalcat24,us2000dxsn,,,,,,,04/10/2018
15.18,37.669,2018,12,26,2,19,17,5.0302,13,globalcat24,614461492,,,,,,,12/26/2018
17.6339,40.8246,2018,3,23,23,31,55,4.4079,11.85,globalcat24,us1000d8ej,,,,,,,03/23/2018
19.5133,41.4766,2018,7,5,0,48,57,4.4888,11.67,globalcat24,us2000fx6g,,,,,,,07/05/2018
13.4484,42.4263,2018,3,31,1,18,45,4.4079,10.98,globalcat24,us1000dbrv,,,,,,,03/31/2018
13.04,43.07,2018,4,10,3,11,31.9,4.868,10,globalcat24,cmt150174,,,,,,,04/10/2018
14.8,41.88,2018,8,14,21,48,32.1,4.735,10,globalcat24,cmt151024,,,,,,,08/14/2018
15.06,37.54,2018,10,6,0,34,20.6,4.622,10,globalcat24,cmt151388,,,,,,,10/06/2018
14.8129,41.9053,2018,4,25,9,48,42,4.6215,10,globalcat24,us1000drwf,,,,,,,04/25/2018
13.0039,43.0547,2018,4,4,2,19,46,4.4765,10,globalcat24,us1000ddzh,,,,,,,04/04/2018
15.0754,37.7026,2018,12,24,16,50,11,4.5697,10,globalcat24,us2000ix6a,,,,,,,12/24/2018
20.0111,40.4488,2018,12,1,4,54,17,4.7315,10,globalcat24,us1000hz83,,,,,,,12/01/2018
19.2987,41.9723,2018,11,13,13,47,50,4.9742,10,globalcat24,us1000hr9x,,,,,,,11/13/2018
20.2665,39.9218,2018,11,1,0,39,15,4.4079,10,globalcat24,us2000i50u,,,,,,,11/01/2018
15.7312,38.4457,2018,9,28,5,24,30,4.6506,10,globalcat24,us1000h3li,,,,,,,09/28/2018
19.5735,41.0374,2018,7,17,13,5,6,4.8124,10,globalcat24,us2000g6z6,,,,,,,07/17/2018
19.5149,41.4267,2018,7,4,11,24,20,4.6506,10,globalcat24,us2000fws9,,,,,,,07/04/2018
19.4906,41.4659,2018,7,4,9,8,58,4.5697,10,globalcat24,us2000fwp1,,,,,,,07/04/2018
19.6405,40.3231,2018,6,13,1,50,58,4.6506,10,globalcat24,us1000epi3,,,,,,,06/13/2018
19.6817,40.3092,2018,5,14,10,56,45,4.6506,10,globalcat24,us1000e4mp,,,,,,,05/14/2018
11.8314,44.0586,2018,5,3,18,46,5,4.5697,10,globalcat24,us1000dxeq,,,,,,,05/03/2018
11.0366,43.2334,2018,5,1,5,16,59,4.4079,10,globalcat24,us1000dv6w,,,,,,,05/01/2018
13.0201,43.0224,2018,4,4,18,41,29,4.327,10,globalcat24,us1000de9s,,,,,,,04/04/2018
12.0041,43.9889,2018,3,5,21,50,36,4.6506,10,globalcat24,us2000dcjz,,,,,,,03/05/2018
19.6839,41.7352,2018,2,26,15,4,18,4.5697,10,globalcat24,us2000d865,,,,,,,02/26/2018
20.6193,40.4115,2018,2,17,5,33,1,4.5697,10,globalcat24,us2000d3r4,,,,,,,02/17/2018
20.6075,39.7813,2018,1,28,23,17,38,4.327,10,globalcat24,us2000cqrw,,,,,,,01/28/2018
9.938,47.1697,2018,1,17,19,7,19,4.327,10,globalcat24,us2000ckf6,,,,,,,01/17/2018
13.1132,46.2792,2018,8,11,3,30,39,4.4888,8.25,globalcat24,us1000g6rp,,,,,,,08/11/2018
19.4763,41.461,2018,7,5,22,49,0,4.4079,7.52,globalcat24,us2000fxwb,,,,,,,07/05/2018
19.78,40.32,2018,5,19,18,14,40.3,4.659,7.5,globalcat24,cmt150434,,,,,,,05/19/2018
18.6128,42.5234,2018,11,26,14,17,37,4.4888,7.34,globalcat24,us1000hwn9,,,,,,,11/26/2018
14.7804,41.8374,2018,8,16,20,22,34,4.7315,3.24,globalcat24,us1000gav6,,,,,,,08/16/2018
19.8855,41.4599,2017,6,23,14,15,16,4.4079,25.92,globalcat24,us20009p9q,,,,,,,06/23/2017
10.0786,44.7543,2017,11,19,12,37,45,4.694,18.45,globalcat24,us2000brf1,,,,,,,11/19/2017
15.8349,41.9674,2017,4,23,4,25,35,4.4079,16.45,globalcat24,us10008jxf,,,,,,,04/23/2017
19.9598,40.0912,2017,9,18,16,47,12,4.5697,15.74,globalcat24,us2000aq1c,,,,,,,09/18/2017
13.235,42.568,2017,1,18,9,25,42,5.39872,15,globalcat24,611831613,,,,,,,01/18/2017
13.251,42.511,2017,1,18,10,25,25,5.6776,14.9,globalcat24,610099386,,,,,,,01/18/2017
13.221,42.567,2017,1,18,10,14,12,5.74732,14.5,globalcat24,611831611,,,,,,,01/18/2017
19.6669,40.6531,2017,2,5,0,13,33,4.327,12.12,globalcat24,us20008hqf,,,,,,,02/05/2017
8.816,46.9108,2017,3,6,20,12,8,4.4765,10,globalcat24,us100087cw,,,,,,,03/06/2017
12.9281,43.0359,2017,2,3,4,10,6,4.6215,10,globalcat24,us20008haf,,,,,,,02/03/2017
13.0465,42.9973,2017,2,3,3,47,56,4.4765,10,globalcat24,us20008hab,,,,,,,02/03/2017
13.1941,42.6614,2017,1,18,19,32,33,4.549,10,globalcat24,us10007u02,,,,,,,01/18/2017
13.2915,42.5921,2017,1,18,15,16,10,4.6215,10,globalcat24,us10007tyz,,,,,,,01/18/2017
13.2089,42.759,2017,1,18,11,7,39,4.4765,10,globalcat24,us10007tww,,,,,,,01/18/2017
13.1416,42.7258,2017,11,2,18,4,16,4.327,10,globalcat24,us2000bfsp,,,,,,,11/02/2017
14.6055,45.203,2017,8,8,9,35,7,4.327,10,globalcat24,us2000a5vt,,,,,,,08/08/2017
13.2247,42.682,2017,6,30,0,25,19,4.4079,10,globalcat24,us100095dw,,,,,,,06/30/2017
13.2834,42.4976,2017,6,9,12,15,44,4.4888,10,globalcat24,us20009li5,,,,,,,06/09/2017
20.1873,41.5653,2017,5,24,10,30,58,4.7315,10,globalcat24,us10008ut6,,,,,,,05/24/2017
13.2939,42.5947,2017,3,20,5,2,41,4.4079,10,globalcat24,us20008t96,,,,,,,03/20/2017
14.9782,38.511,2017,2,27,6,20,17,4.5697,10,globalcat24,us20008mmi,,,,,,,02/27/2017
13.1276,42.7079,2017,1,21,9,35,57,4.4079,10,globalcat24,us10007ulq,,,,,,,01/21/2017
13.2117,42.6587,2017,1,18,12,1,41,4.4079,10,globalcat24,us10007tx8,,,,,,,01/18/2017
13.2266,42.5493,2017,1,18,10,39,24,4.5697,10,globalcat24,us10007tx9,,,,,,,01/18/2017
13.2034,42.6241,2017,1,18,10,24,16,4.5697,10,globalcat24,us10007twk,,,,,,,01/18/2017
13.2341,42.5275,2017,1,18,10,16,37,4.8124,10,globalcat24,us10007tx5,,,,,,,01/18/2017
13.3175,42.583,2017,1,18,10,15,33,4.8933,10,globalcat24,us10007tx3,,,,,,,01/18/2017
12.7351,42.7941,2017,1,2,3,36,14,4.5697,10,globalcat24,us10007p63,,,,,,,01/02/2017
13.273,42.504,2017,1,18,13,33,37,5.30908,9.4,globalcat24,610448609,,,,,,,01/18/2017
13.2589,42.5143,2017,2,20,3,13,30,4.404,7.15,globalcat24,us20008kup,,,,,,,02/20/2017
13.3183,42.6433,2017,7,22,2,13,8,4.549,6.67,globalcat24,us20009zjr,,,,,,,07/22/2017
13.2814,42.6702,2017,7,1,19,17,26,4.5697,5.1,globalcat24,us100095ri,,,,,,,07/01/2017
19.8572,40.8327,2017,1,27,17,7,56,4.7665,5,globalcat24,us10007vrf,,,,,,,01/27/2017
13.1097,42.9185,2017,4,27,21,19,43,4.4765,4,globalcat24,us10008ley,,,,,,,04/27/2017
13.0086,42.9438,2017,4,27,21,16,59,4.549,4,globalcat24,us10008lew,,,,,,,04/27/2017
13.3079,42.6825,2017,12,3,23,34,11,4.549,3.29,globalcat24,us1000bkp1,,,,,,,12/03/2017
13.9394,40.7832,2017,8,21,18,57,51,4.4888,2.65,globalcat24,us2000aaae,,,,,,,08/21/2017
7.0043,46.5239,2017,7,1,8,10,33,4.4765,1.59,globalcat24,us100095q7,,,,,,,07/01/2017
17.0005,37.5845,2016,7,5,5,54,38,4.7315,36.01,globalcat24,us10005zzx,,,,,,,07/05/2016
18.5153,42.9131,2016,1,8,13,7,42,4.8124,26.73,globalcat24,us10004cci,,,,,,,01/08/2016
20.6004,39.7794,2016,10,16,1,32,6,4.9742,20.34,globalcat24,us20007eg6,,,,,,,10/16/2016
18.4742,42.8375,2016,11,9,15,58,44,4.6506,19.93,globalcat24,us100076hy,,,,,,,11/09/2016
15.79,36.81,2016,5,25,22,10,28,4.4079,19,globalcat24,us20005xya,,,,,,,05/25/2016
19.1307,42.4892,2016,10,2,19,41,19,4.4888,16.01,globalcat24,us10006ujn,,,,,,,10/02/2016
11.96,42.71,2016,5,30,20,24,20,4.694,15,globalcat24,us20005z8x,,,,,,,05/30/2016
19.7499,39.829,2016,11,28,5,22,9,4.6506,14.9,globalcat24,us10007cvp,,,,,,,11/28/2016
18.5116,42.5151,2016,12,23,23,39,25,4.5697,13.94,globalcat24,us10007mdy,,,,,,,12/23/2016
19.7003,40.2356,2016,5,20,19,49,44,4.5697,13.9,globalcat24,us10005j0h,,,,,,,05/20/2016
13.15,42.89,2016,11,7,18,56,16,4.5697,13,globalcat24,us10007644,,,,,,,11/07/2016
19.7289,39.9843,2016,10,29,20,15,28,4.7315,11.86,globalcat24,us100072zr,,,,,,,10/29/2016
13.2488,42.6665,2016,8,28,13,7,34,4.5697,11.65,globalcat24,us20006ut2,,,,,,,08/28/2016
13.29,42.6,2016,8,26,4,28,25.9,4.963,11,globalcat24,cmt146559,,,,,,,08/26/2016
13.1,42.81,2016,10,29,16,24,33,4.549,11,globalcat24,us100072z3,,,,,,,10/29/2016
7.21,44.94,2016,7,30,20,21,38,4.4888,11,globalcat24,us100068v0,,,,,,,07/30/2016
13.3022,42.6352,2016,8,24,2,5,55,4.4079,10.72,globalcat24,us10006g7m,,,,,,,08/24/2016
9.9234,44.0943,2016,6,23,14,37,56,4.4888,10.14,globalcat24,us2000668w,,,,,,,06/23/2016
13.119,42.776,2016,8,24,2,33,29,5.59792,10,globalcat24,611568211,,,,,,,08/24/2016
13.092,42.865,2016,10,26,17,10,37,5.54812,10,globalcat24,611830883,,,,,,,10/26/2016
13.099,42.892,2016,10,26,19,18,8,6.09592,10,globalcat24,612638074,,,,,,,10/26/2016
13.106,42.832,2016,10,30,6,40,19,6.61384,10,globalcat24,609624987,,,,,,,10/30/2016
13.17,42.67,2016,8,25,12,36,7.2,4.751,10,globalcat24,cmt146556,,,,,,,08/25/2016
13.16,43,2016,11,1,7,56,39.6,4.985,10,globalcat24,cmt146985,,,,,,,11/01/2016
13.01,43.04,2016,11,3,0,35,2.6,4.897,10,globalcat24,cmt146993,,,,,,,11/03/2016
13.21,42.72,2016,11,12,14,43,33,4.4765,10,globalcat24,us1000774f,,,,,,,11/12/2016
13.15,42.79,2016,10,30,18,21,9,4.404,10,globalcat24,us10007342,,,,,,,10/30/2016
13.0967,42.9578,2016,10,27,3,50,24,4.404,10,globalcat24,us1000729w,,,,,,,10/27/2016
13.214,42.7611,2016,8,25,3,17,16,4.694,10,globalcat24,us20006trj,,,,,,,08/25/2016
13.2082,42.7279,2016,8,24,17,46,11,4.6215,10,globalcat24,us10006gmi,,,,,,,08/24/2016
13.0834,42.8989,2016,8,24,11,50,31,4.839,10,globalcat24,us10006gee,,,,,,,08/24/2016
19.9958,40.0157,2016,12,17,10,39,36,4.5697,10,globalcat24,us200081v4,,,,,,,12/17/2016
10.5902,44.3361,2016,12,9,7,21,50,4.4888,10,globalcat24,us20007zet,,,,,,,12/09/2016
13.15,42.94,2016,11,14,19,49,52,4.4079,10,globalcat24,us100077u2,,,,,,,11/14/2016
13.1055,42.8522,2016,11,14,1,33,44,4.4888,10,globalcat24,us100077it,,,,,,,11/14/2016
13.1105,42.7937,2016,10,31,6,17,21,4.327,10,globalcat24,us10007377,,,,,,,10/31/2016
13.0057,42.7611,2016,10,31,3,27,41,4.5697,10,globalcat24,us1000736c,,,,,,,10/31/2016
13.122,42.802,2016,10,30,13,34,55,4.8124,10,globalcat24,us10007335,,,,,,,10/30/2016
12.999,42.839,2016,10,30,12,7,2,4.8933,10,globalcat24,us1000732t,,,,,,,10/30/2016
13.1153,43.1228,2016,10,30,11,21,11,4.8124,10,globalcat24,us1000732k,,,,,,,10/30/2016
12.9588,42.7652,2016,10,30,8,36,0,4.8124,10,globalcat24,us1000731w,,,,,,,10/30/2016
13.1168,42.8556,2016,10,30,7,34,48,4.4079,10,globalcat24,us1000731q,,,,,,,10/30/2016
13.1757,42.7282,2016,10,30,7,13,6,4.5697,10,globalcat24,us1000731p,,,,,,,10/30/2016
13.2009,42.6874,2016,10,30,7,7,55,4.7315,10,globalcat24,us10007433,,,,,,,10/30/2016
13.1083,42.921,2016,10,30,7,5,59,4.5697,10,globalcat24,us10007434,,,,,,,10/30/2016
13.06,42.83,2016,10,30,7,4,59,4.327,10,globalcat24,us1000743w,,,,,,,10/30/2016
13.1695,42.7365,2016,10,30,7,1,33,4.4888,10,globalcat24,us1000743g,,,,,,,10/30/2016
13.1929,42.6342,2016,10,30,7,0,38,4.327,10,globalcat24,us1000744n,,,,,,,10/30/2016
13.07,42.89,2016,10,26,19,43,43,4.4079,10,globalcat24,us10007267,,,,,,,10/26/2016
11.0631,43.5947,2016,10,25,16,53,0,4.4888,10,globalcat24,us20007gn0,,,,,,,10/25/2016
20.602,39.7758,2016,10,20,14,20,48,4.5697,10,globalcat24,us20007fm2,,,,,,,10/20/2016
20.5847,39.7345,2016,10,19,21,23,56,4.7315,10,globalcat24,us20007fgr,,,,,,,10/19/2016
13.0769,42.737,2016,10,16,9,32,37,4.5697,10,globalcat24,us20007ej6,,,,,,,10/16/2016
13.28,42.68,2016,9,11,18,39,2,4.327,10,globalcat24,us10006nvh,,,,,,,09/11/2016
13.1462,42.7989,2016,8,24,14,2,22,4.5697,10,globalcat24,us10006gf2,,,,,,,08/24/2016
13.1986,42.6404,2016,8,24,1,56,1,4.8124,10,globalcat24,us10006g7j,,,,,,,08/24/2016
19.3327,41.295,2016,3,27,13,9,28,4.6506,10,globalcat24,us20005cq2,,,,,,,03/27/2016
17.4307,43.0612,2016,2,14,14,51,29,4.6506,10,globalcat24,us20005051,,,,,,,02/14/2016
14.8791,37.023,2016,2,8,15,35,43,4.7315,10,globalcat24,us20004yqw,,,,,,,02/08/2016
13.139,42.796,2016,11,12,22,32,23,4.6506,9.8,globalcat24,us1000775z,,,,,,,11/12/2016
13.2478,42.6397,2016,8,25,4,51,41,4.4888,9.54,globalcat24,us20006trw,,,,,,,08/25/2016
13.1,42.84,2016,10,27,17,22,23,4.549,9,globalcat24,us100072fm,,,,,,,10/27/2016
13.15,42.84,2016,10,27,3,19,27,4.404,9,globalcat24,us1000729p,,,,,,,10/27/2016
13.21,42.87,2016,9,3,10,18,51,4.694,9,globalcat24,us10006jxi,,,,,,,09/03/2016
13.08,42.87,2016,10,26,21,24,51,4.4079,9,globalcat24,us1000726r,,,,,,,10/26/2016
13.12,42.86,2016,10,4,12,41,35,4.4079,9,globalcat24,us10006uy3,,,,,,,10/04/2016
12.9874,42.8236,2016,11,1,19,3,21,4.6506,8.62,globalcat24,us100073jb,,,,,,,11/01/2016
13.195,42.689,2016,8,24,1,36,33,6.2254,8.5,globalcat24,611462212,,,,,,,08/24/2016
13.115,42.996,2016,10,27,0,21,29,4.4888,8.2,globalcat24,us10007281,,,,,,,10/27/2016
13.11,42.9,2016,12,11,12,54,52,4.549,8,globalcat24,us20007zyp,,,,,,,12/11/2016
13.19,42.73,2016,11,5,21,29,11,4.327,8,globalcat24,us100074df,,,,,,,11/05/2016
13.07,42.88,2016,11,2,19,37,49,4.5697,8,globalcat24,us100073t3,,,,,,,11/02/2016
13.1447,42.7856,2016,8,24,2,1,8,4.4888,7.78,globalcat24,us10006g7l,,,,,,,08/24/2016
13.1054,42.721,2016,10,8,18,11,10,4.404,7.39,globalcat24,us20007cth,,,,,,,10/08/2016
13.1812,42.7596,2016,8,24,2,51,27,4.4079,7.15,globalcat24,us10006g82,,,,,,,08/24/2016
13.1056,42.8104,2016,8,24,2,59,36,4.4765,6.87,globalcat24,us10006g84,,,,,,,08/24/2016
13.1893,42.7166,2016,9,19,23,34,26,4.4079,6.87,globalcat24,us10006qxz,,,,,,,09/19/2016
13.1025,42.872,2016,10,26,21,42,2,4.9115,6.72,globalcat24,us1000726w,,,,,,,10/26/2016
13.2549,42.6522,2016,8,24,3,40,11,4.549,6.12,globalcat24,us10006g8a,,,,,,,08/24/2016
13.0139,42.8209,2016,10,30,11,58,18,4.7315,6.11,globalcat24,us1000732r,,,,,,,10/30/2016
7.5763,46.421,2016,10,24,14,44,11,4.6506,5.76,globalcat24,us20007gdv,,,,,,,10/24/2016
14.6515,41.5846,2016,1,16,18,55,11,4.694,5.4,globalcat24,us10004f2x,,,,,,,01/16/2016
13.1775,42.6589,2016,8,24,23,22,6,4.4765,5.14,globalcat24,us20006tqg,,,,,,,08/24/2016
13.1454,42.9105,2016,10,28,19,56,31,4.6506,4.7,globalcat24,us100072sq,,,,,,,10/28/2016
13.0956,42.831,2016,9,3,1,34,13,4.694,4.52,globalcat24,us10006juj,,,,,,,09/03/2016
13.2683,42.8608,2016,8,27,2,50,59,4.4765,4.46,globalcat24,us20006ufy,,,,,,,08/27/2016
13.247,42.5589,2016,11,29,16,14,3,4.694,4.39,globalcat24,us10007d4d,,,,,,,11/29/2016
13.1667,42.6817,2016,8,24,2,19,44,4.327,4.07,globalcat24,us10006g7u,,,,,,,08/24/2016
13.102,42.8814,2016,8,28,16,42,2,4.5697,3.55,globalcat24,us20006uu0,,,,,,,08/28/2016
20.3598,41.3159,2016,8,31,22,20,53,4.6506,3.47,globalcat24,us10006j5y,,,,,,,08/31/2016
14.2741,38.582,2016,12,3,4,8,35,4.7315,3,globalcat24,us10007eip,,,,,,,12/03/2016
13.1756,42.6243,2016,8,24,2,7,31,4.4888,2.84,globalcat24,us20006v9n,,,,,,,08/24/2016
13.2213,42.8627,2016,8,31,18,12,52,4.4079,2.83,globalcat24,us10006j30,,,,,,,08/31/2016
13.0553,42.8397,2016,10,27,8,21,45,4.6215,2.76,globalcat24,us100072aj,,,,,,,10/27/2016
13.0745,42.7959,2016,8,24,4,6,51,4.7665,2.61,globalcat24,us10006g8k,,,,,,,08/24/2016
13.1733,42.7975,2016,8,28,15,55,35,4.549,2.46,globalcat24,us20006utk,,,,,,,08/28/2016
16.8,37.19,2015,5,11,8,26,30,4.8124,40,globalcat24,us20002ebs,,,,,,,05/11/2015
15.2201,42.647,2015,12,6,5,28,11,4.6506,26.33,globalcat24,us100044dz,,,,,,,12/06/2015
15.88,37.25,2015,11,7,22,36,4,4.327,22,globalcat24,us10003x2b,,,,,,,11/07/2015
11.9,44.228,2015,4,24,15,2,54,4.7315,20.9,globalcat24,us200028uy,,,,,,,04/24/2015
16.6001,39.142,2015,8,3,7,27,51,4.5697,19.16,globalcat24,us10002xfg,,,,,,,08/03/2015
20.19,41.33,2015,11,1,6,26,19.8,4.966,18,globalcat24,cmt144800,,,,,,,11/01/2015
15.1511,42.3918,2015,12,6,3,21,43,4.4079,17.86,globalcat24,us100044cx,,,,,,,12/06/2015
20.2265,41.3513,2015,11,1,6,27,5,4.8933,17.77,globalcat24,us2000415x,,,,,,,11/01/2015
13.535,41.979,2015,2,28,3,16,17,4.4888,17.3,globalcat24,usc000ttx5,,,,,,,02/28/2015
14.26,38.55,2015,8,8,22,46,24,4.4079,14,globalcat24,us100030ha,,,,,,,08/08/2015
14.3,42.92,2015,5,29,13,7,57,4.694,10,globalcat24,us20002kby,,,,,,,05/29/2015
18.6833,42.8782,2015,6,1,0,31,58,4.327,10,globalcat24,us20002kwm,,,,,,,06/01/2015
11.1357,44.1293,2015,1,23,6,51,20,4.7665,9.7,globalcat24,usc000tijd,,,,,,,01/23/2015
11.175,43.604,2015,3,4,0,0,4,4.404,9.2,globalcat24,usc000tust,,,,,,,03/04/2015
15.1042,42.5403,2015,12,6,3,22,49,4.7315,5.5,globalcat24,us20004fxl,,,,,,,12/06/2015
13.58,38.35,2015,12,20,9,46,3,4.8124,5,globalcat24,us100048ge,,,,,,,12/20/2015
11.2764,43.5572,2015,9,13,1,4,35,4.4888,4.11,globalcat24,us20003j3q,,,,,,,09/13/2015
20.2697,41.376,2015,10,31,9,20,32,4.5697,4.01,globalcat24,us20004124,,,,,,,10/31/2015
15.2049,42.3564,2015,12,6,16,24,38,4.839,3.99,globalcat24,us100044g7,,,,,,,12/06/2015
13.641,46.2498,2015,8,29,18,47,4,4.404,2.24,globalcat24,us1000360c,,,,,,,08/29/2015
17.93,42.767,2015,5,1,21,25,33,4.327,2,globalcat24,us20002arf,,,,,,,05/01/2015